date,split,index,gt_label,gt_overlap,gt_best_cand,gt_pages,recovered_pct,gt_exact_order,slide_from,slide_to,probe_choice,pred_label,is_correct,captured_pages,capture_fraction_pct,success_rate_ge36,conf1,conf2,conf3,conf1_percent,conf2_percent,conf3_percent,elapsed_sec
2026-09-27 12:49:09,train,0,SHOULDER,48,49,49,98.0%,0,-,-,1,-,False,49/49,100.0%,True,-,-,-,-,-,-,74.46
2026-09-27 12:50:30,train,1,SHOULDER,46,49,49,93.9%,0,-,-,5,-,False,49/49,100.0%,True,-,-,-,-,-,-,77.48
2026-09-27 12:51:37,train,2,SHOULDER,47,49,49,95.9%,0,-,-,1,-,False,49/49,100.0%,True,-,-,-,-,-,-,64.55
2026-09-27 12:52:54,train,3,SHOULDER,49,49,49,100.0%,49,-,-,0,-,False,49/49,100.0%,True,-,-,-,-,-,-,73.81
2026-09-27 12:54:10,train,4,SHOULDER,47,49,49,95.9%,0,-,-,2,-,False,49/49,100.0%,True,-,-,-,-,-,-,72.86
2026-09-27 12:55:19,train,5,SHOULDER,49,49,49,100.0%,49,-,-,2,-,False,49/49,100.0%,True,-,-,-,-,-,-,66.17
2026-09-27 12:56:28,train,6,SHOULDER,49,49,49,100.0%,49,-,-,0,-,False,49/49,100.0%,True,-,-,-,-,-,-,65.98
2026-09-27 12:57:36,train,7,SHOULDER,48,48,49,98.0%,0,-,-,8,-,False,49/49,100.0%,True,-,-,-,-,-,-,64.8
2026-09-27 12:58:43,train,8,SHOULDER,44,49,49,89.8%,0,-,-,3,-,False,49/49,100.0%,True,-,-,-,-,-,-,64.38
2026-09-27 12:59:52,train,9,SHOULDER,49,49,49,100.0%,49,-,-,0,-,False,49/49,100.0%,True,-,-,-,-,-,-,65.93
2026-09-27 13:01:00,train,10,SHOULDER,42,47,49,85.7%,0,-,-,1,-,False,49/49,100.0%,True,-,-,-,-,-,-,65.11
2026-09-27 13:02:06,train,11,SHOULDER,47,49,49,95.9%,0,-,-,4,-,False,49/49,100.0%,True,-,-,-,-,-,-,63.01
2026-09-27 13:03:15,train,12,SHOULDER,46,49,49,93.9%,0,-,-,4,-,False,49/49,100.0%,True,-,-,-,-,-,-,65.74
2026-09-27 13:04:51,train,13,SHOULDER,48,49,49,98.0%,0,-,-,2,-,False,40/49,81.6%,True,-,-,-,-,-,-,92.85
2026-09-27 13:04:55,train,14,ELBOW,-,-,49,-,-,-,-,,-,False,0/49,0.0%,False,-,-,-,-,-,-,1.15
2026-09-27 13:04:59,train,15,ELBOW,-,-,49,-,-,-,-,,-,False,0/49,0.0%,False,-,-,-,-,-,-,1.08
2026-09-27 13:05:03,train,16,ELBOW,-,-,49,-,-,-,-,,-,False,0/49,0.0%,False,-,-,-,-,-,-,1.09
2026-09-27 13:45:39,train,14,SHOULDER,42,48,49,85.7%,0,-,-,7,-,False,49/49,100.0%,True,-,-,-,-,-,-,95.68
2026-09-27 13:46:32,train,15,SHOULDER,34,34,49,69.4%,0,-,-,,-,False,49/49,100.0%,True,-,-,-,-,-,-,43.85
2026-09-27 13:48:13,train,16,SHOULDER,48,48,49,98.0%,0,-,-,0,-,False,49/49,100.0%,True,-,-,-,-,-,-,90.16
2026-09-27 13:49:53,train,17,SHOULDER,45,49,49,91.8%,0,-,-,6,-,False,49/49,100.0%,True,-,-,-,-,-,-,90.33
2026-09-27 13:51:34,train,18,SHOULDER,42,49,49,85.7%,0,-,-,0,-,False,49/49,100.0%,True,-,-,-,-,-,-,90.67
2026-09-28 08:40:16,train,19,SHOULDER,49,49,49,100.0%,49,-,-,,-,False,49/49,100.0%,True,-,-,-,-,-,-,76.98
2026-09-28 08:42:04,train,20,SHOULDER,46,49,49,93.9%,0,-,-,,-,False,49/49,100.0%,True,-,-,-,-,-,-,78.07
2026-09-28 08:43:46,train,21,SHOULDER,49,49,49,100.0%,49,-,-,,-,False,49/49,100.0%,True,-,-,-,-,-,-,72.05
2026-09-28 08:45:42,train,22,SHOULDER,48,49,49,98.0%,0,-,-,,-,False,49/49,100.0%,True,-,-,-,-,-,-,85.44
2026-09-28 08:47:24,train,23,SHOULDER,49,49,49,100.0%,49,-,-,,-,False,49/49,100.0%,True,-,-,-,-,-,-,71.89
2026-09-28 08:49:06,train,24,SHOULDER,48,48,49,98.0%,0,-,-,,-,False,49/49,100.0%,True,-,-,-,-,-,-,71.98
2026-09-28 08:50:47,train,25,SHOULDER,48,49,49,98.0%,0,-,-,,-,False,49/49,100.0%,True,-,-,-,-,-,-,71.91
2026-09-28 08:52:30,train,26,SHOULDER,14,48,49,28.6%,0,-,-,,-,False,49/49,100.0%,True,-,-,-,-,-,-,72.39
2026-09-28 08:54:12,train,27,SHOULDER,48,48,49,98.0%,0,-,-,,-,False,49/49,100.0%,True,-,-,-,-,-,-,71.86
2026-09-28 08:55:54,train,28,SHOULDER,49,49,49,100.0%,49,-,-,,-,False,49/49,100.0%,True,-,-,-,-,-,-,72.01
2026-09-28 08:57:36,train,29,SHOULDER,49,49,49,100.0%,49,-,-,,-,False,49/49,100.0%,True,-,-,-,-,-,-,72.38
2026-09-28 08:59:18,train,30,SHOULDER,24,48,49,49.0%,0,-,-,,-,False,49/49,100.0%,True,-,-,-,-,-,-,72.05
2026-09-28 09:01:00,train,31,SHOULDER,49,49,49,100.0%,49,-,-,,-,False,49/49,100.0%,True,-,-,-,-,-,-,71.81
2026-09-28 09:02:51,train,32,ELBOW,-,-,49,-,-,-,-,,-,False,0/49,0.0%,False,-,-,-,-,-,-,81.18
2026-09-28 09:04:42,train,33,ELBOW,-,-,49,-,-,-,-,,-,False,0/49,0.0%,False,-,-,-,-,-,-,81.18
2026-09-28 09:06:33,train,34,ELBOW,-,-,49,-,-,-,-,,-,False,0/49,0.0%,False,-,-,-,-,-,-,81.18
2026-09-28 09:33:10,train,32,SHOULDER,49,49,49,100.0%,49,-,-,,-,False,49/49,100.0%,True,-,-,-,-,-,-,85.76
2026-09-28 09:34:55,train,33,SHOULDER,12,49,49,24.5%,0,-,-,,-,False,49/49,100.0%,True,-,-,-,-,-,-,74.88
2026-09-28 09:36:37,train,34,SHOULDER,49,49,49,100.0%,49,-,-,,-,False,49/49,100.0%,True,-,-,-,-,-,-,71.84
2026-09-28 09:38:19,train,35,SHOULDER,9,46,49,18.4%,0,-,-,,-,False,49/49,100.0%,True,-,-,-,-,-,-,71.85
2026-09-28 09:40:11,train,36,SHOULDER,49,49,49,100.0%,49,-,-,,-,False,49/49,100.0%,True,-,-,-,-,-,-,81.95
2026-09-28 09:41:53,train,37,SHOULDER,49,49,49,100.0%,49,-,-,,-,False,49/49,100.0%,True,-,-,-,-,-,-,71.94
2026-09-28 09:43:34,train,38,SHOULDER,49,49,49,100.0%,49,-,-,,-,False,49/49,100.0%,True,-,-,-,-,-,-,71.9
2026-09-28 09:45:17,train,39,SHOULDER,10,48,49,20.4%,0,-,-,,-,False,49/49,100.0%,True,-,-,-,-,-,-,72.28
2026-09-28 09:46:59,train,40,SHOULDER,49,49,49,100.0%,49,-,-,,-,False,49/49,100.0%,True,-,-,-,-,-,-,72.04
2026-09-28 09:48:41,train,41,SHOULDER,48,48,49,98.0%,0,-,-,,-,False,49/49,100.0%,True,-,-,-,-,-,-,71.93
2026-09-28 09:50:23,train,42,SHOULDER,46,49,49,93.9%,0,-,-,,-,False,49/49,100.0%,True,-,-,-,-,-,-,72.2
2026-09-28 09:52:05,train,43,SHOULDER,47,49,49,95.9%,0,-,-,,-,False,49/49,100.0%,True,-,-,-,-,-,-,72.0
2026-09-28 09:53:47,train,44,SHOULDER,34,48,49,69.4%,0,-,-,,-,False,49/49,100.0%,True,-,-,-,-,-,-,71.93
2026-09-28 09:55:29,train,45,SHOULDER,49,49,49,100.0%,49,-,-,,-,False,49/49,100.0%,True,-,-,-,-,-,-,72.18
2026-09-28 09:57:11,train,46,SHOULDER,48,49,49,98.0%,0,-,-,,-,False,49/49,100.0%,True,-,-,-,-,-,-,72.23
2026-09-28 09:58:53,train,47,SHOULDER,48,49,49,98.0%,0,-,-,,-,False,49/49,100.0%,True,-,-,-,-,-,-,71.97
2026-09-28 10:00:44,train,48,SHOULDER,48,49,49,98.0%,0,-,-,,-,False,49/49,100.0%,True,-,-,-,-,-,-,81.0
2026-09-28 10:02:26,train,49,SHOULDER,48,48,49,98.0%,0,-,-,,-,False,49/49,100.0%,True,-,-,-,-,-,-,71.92
2026-09-28 10:04:08,train,50,SHOULDER,48,48,49,98.0%,0,-,-,,-,False,49/49,100.0%,True,-,-,-,-,-,-,72.24
2026-09-28 10:05:59,train,51,SHOULDER,49,49,49,100.0%,49,-,-,,-,False,49/49,100.0%,True,-,-,-,-,-,-,80.2
2026-09-28 10:41:11,train,52,SHOULDER,48,48,49,98.0%,0,-,-,,-,False,49/49,100.0%,True,-,-,-,-,-,-,90.49
2026-09-28 10:43:02,train,53,SHOULDER,46,49,49,93.9%,0,-,-,,-,False,49/49,100.0%,True,-,-,-,-,-,-,80.63
2026-09-28 10:44:51,train,54,SHOULDER,46,48,49,93.9%,0,-,-,,-,False,49/49,100.0%,True,-,-,-,-,-,-,79.1
2026-09-28 10:46:33,train,55,SHOULDER,45,49,49,91.8%,0,-,-,,-,False,49/49,100.0%,True,-,-,-,-,-,-,71.98
2026-09-28 12:59:04,train,56,SHOULDER,49,49,49,100.0%,49,-,-,,-,False,49/49,100.0%,True,-,-,-,-,-,-,97.8
2026-09-28 13:00:52,train,57,SHOULDER,49,49,49,100.0%,49,-,-,,-,False,49/49,100.0%,True,-,-,-,-,-,-,78.51
2026-09-28 13:02:34,train,58,SHOULDER,48,48,49,98.0%,48,-,-,,-,False,49/49,100.0%,True,-,-,-,-,-,-,71.82
2026-09-28 13:04:16,train,59,SHOULDER,49,49,49,100.0%,49,-,-,,-,False,49/49,100.0%,True,-,-,-,-,-,-,71.88
2026-09-28 13:06:10,train,60,SHOULDER,24,24,49,49.0%,0,-,-,,-,False,49/49,100.0%,True,-,-,-,-,-,-,84.03
2026-09-28 13:07:52,train,61,SHOULDER,35,48,49,71.4%,0,-,-,,-,False,49/49,100.0%,True,-,-,-,-,-,-,71.94
2026-09-28 13:09:51,train,62,SHOULDER,7,7,49,14.3%,0,-,-,,-,False,49/49,100.0%,True,-,-,-,-,-,-,88.76
2026-09-28 13:10:23,train,63,ELBOW,-,-,49,-,-,-,-,,-,False,0/49,0.0%,False,-,-,-,-,-,-,1.84
2026-09-28 13:10:54,train,64,ELBOW,-,-,49,-,-,-,-,,-,False,0/49,0.0%,False,-,-,-,-,-,-,1.15
2026-09-28 13:11:25,train,65,ELBOW,-,-,49,-,-,-,-,,-,False,0/49,0.0%,False,-,-,-,-,-,-,1.09
2026-09-28 13:35:55,train,63,SHOULDER,44,44,49,89.8%,0,-,-,,-,False,49/49,100.0%,True,-,-,-,-,-,-,91.12
2026-09-28 13:37:55,train,64,SHOULDER,23,23,49,46.9%,0,-,-,,-,False,49/49,100.0%,True,-,-,-,-,-,-,90.24
2026-09-28 13:39:50,train,65,SHOULDER,49,49,49,100.0%,49,-,-,,-,False,49/49,100.0%,True,-,-,-,-,-,-,85.06
2026-09-28 13:41:32,train,66,SHOULDER,49,49,49,100.0%,49,-,-,,-,False,49/49,100.0%,True,-,-,-,-,-,-,71.85
2026-09-28 13:43:16,train,67,SHOULDER,35,47,49,71.4%,0,-,-,,-,False,49/49,100.0%,True,-,-,-,-,-,-,74.49
2026-09-28 13:45:05,train,68,SHOULDER,24,24,49,49.0%,0,-,-,,-,False,49/49,100.0%,True,-,-,-,-,-,-,78.5
2026-09-28 13:46:47,train,69,SHOULDER,49,49,49,100.0%,49,-,-,,-,False,49/49,100.0%,True,-,-,-,-,-,-,71.9
2026-09-28 13:48:35,train,70,SHOULDER,8,17,49,16.3%,0,-,-,,-,False,49/49,100.0%,True,-,-,-,-,-,-,78.44
2026-09-28 13:50:17,train,71,SHOULDER,48,48,49,98.0%,0,-,-,,-,False,49/49,100.0%,True,-,-,-,-,-,-,71.88
2026-09-28 13:51:59,train,72,SHOULDER,49,49,49,100.0%,49,-,-,,-,False,49/49,100.0%,True,-,-,-,-,-,-,72.24
2026-09-28 13:54:00,train,73,SHOULDER,48,49,49,98.0%,0,-,-,,-,False,49/49,100.0%,True,-,-,-,-,-,-,90.6
2026-09-28 13:55:54,train,74,SHOULDER,49,49,49,100.0%,49,-,-,,-,False,49/49,100.0%,True,-,-,-,-,-,-,84.21
2026-09-28 13:57:36,train,75,SHOULDER,48,49,49,98.0%,0,-,-,,-,False,49/49,100.0%,True,-,-,-,-,-,-,72.01
2026-09-28 14:00:00,train,76,SHOULDER,49,49,49,100.0%,49,-,-,,-,False,49/49,100.0%,True,-,-,-,-,-,-,113.84
2026-09-28 14:02:23,train,77,SHOULDER,11,11,49,22.4%,0,-,-,,-,False,49/49,100.0%,True,-,-,-,-,-,-,113.05
2026-09-28 14:04:18,train,78,SHOULDER,13,13,49,26.5%,0,-,-,,-,False,49/49,100.0%,True,-,-,-,-,-,-,84.68
2026-09-28 14:05:59,train,79,SHOULDER,48,49,49,98.0%,0,-,-,,-,False,49/49,100.0%,True,-,-,-,-,-,-,71.75
2026-09-28 14:07:41,train,80,SHOULDER,49,49,49,100.0%,49,-,-,,-,False,49/49,100.0%,True,-,-,-,-,-,-,71.83
2026-09-28 14:09:45,train,81,SHOULDER,15,48,49,30.6%,0,-,-,,-,False,49/49,100.0%,True,-,-,-,-,-,-,93.43
2026-09-28 14:11:27,train,82,SHOULDER,49,49,49,100.0%,49,-,-,,-,False,49/49,100.0%,True,-,-,-,-,-,-,71.91
2026-09-28 14:13:09,train,83,SHOULDER,48,48,49,98.0%,1,-,-,,-,False,49/49,100.0%,True,-,-,-,-,-,-,72.06
2026-09-28 14:15:04,train,84,SHOULDER,22,48,49,44.9%,0,-,-,,-,False,49/49,100.0%,True,-,-,-,-,-,-,85.37
2026-09-28 14:17:07,train,85,SHOULDER,0,17,49,0.0%,0,-,-,,-,False,49/49,100.0%,True,-,-,-,-,-,-,92.62
2026-09-28 14:18:49,train,86,SHOULDER,23,48,49,46.9%,0,-,-,,-,False,49/49,100.0%,True,-,-,-,-,-,-,71.91
2026-09-28 14:20:31,train,87,SHOULDER,48,49,49,98.0%,0,-,-,,-,False,49/49,100.0%,True,-,-,-,-,-,-,72.06
2026-09-28 14:22:13,train,88,SHOULDER,48,49,49,98.0%,0,-,-,,-,False,49/49,100.0%,True,-,-,-,-,-,-,71.91
2026-09-28 14:23:54,train,89,SHOULDER,49,49,49,100.0%,49,-,-,,-,False,49/49,100.0%,True,-,-,-,-,-,-,71.74
2026-09-28 14:25:52,train,90,SHOULDER,49,49,49,100.0%,49,-,-,,-,False,49/49,100.0%,True,-,-,-,-,-,-,87.34
2026-09-28 14:27:34,train,91,SHOULDER,48,48,49,98.0%,0,-,-,,-,False,49/49,100.0%,True,-,-,-,-,-,-,71.91
2026-09-28 14:29:43,train,92,SHOULDER,43,48,49,87.8%,0,-,-,,-,False,49/49,100.0%,True,-,-,-,-,-,-,98.91
2026-09-28 14:31:25,train,93,SHOULDER,49,49,49,100.0%,49,-,-,,-,False,49/49,100.0%,True,-,-,-,-,-,-,72.23
2026-09-28 14:33:07,train,94,SHOULDER,49,49,49,100.0%,49,-,-,,-,False,49/49,100.0%,True,-,-,-,-,-,-,72.01
2026-09-28 14:34:48,train,95,SHOULDER,49,49,49,100.0%,49,-,-,,-,False,49/49,100.0%,True,-,-,-,-,-,-,71.71
2026-09-28 14:36:31,train,96,SHOULDER,45,48,49,91.8%,0,-,-,,-,False,49/49,100.0%,True,-,-,-,-,-,-,72.21
2026-09-28 14:38:13,train,97,SHOULDER,48,49,49,98.0%,0,-,-,,-,False,49/49,100.0%,True,-,-,-,-,-,-,72.0
2026-09-28 14:40:00,train,98,SHOULDER,30,30,49,61.2%,0,-,-,,-,False,49/49,100.0%,True,-,-,-,-,-,-,77.43
2026-09-28 14:41:43,train,99,SHOULDER,49,49,49,100.0%,49,-,-,,-,False,49/49,100.0%,True,-,-,-,-,-,-,72.63
2026-09-28 14:43:25,train,100,SHOULDER,40,48,49,81.6%,0,-,-,,-,False,49/49,100.0%,True,-,-,-,-,-,-,72.74
2026-09-28 14:45:22,train,101,SHOULDER,49,49,49,100.0%,49,-,-,,-,False,49/49,100.0%,True,-,-,-,-,-,-,86.31
2026-09-28 14:47:04,train,102,SHOULDER,48,48,49,98.0%,0,-,-,,-,False,49/49,100.0%,True,-,-,-,-,-,-,72.02
2026-09-28 14:48:46,train,103,SHOULDER,49,49,49,100.0%,49,-,-,,-,False,49/49,100.0%,True,-,-,-,-,-,-,72.29
2026-09-28 14:50:28,train,104,SHOULDER,45,48,49,91.8%,0,-,-,,-,False,49/49,100.0%,True,-,-,-,-,-,-,71.95
2026-09-28 14:52:10,train,105,SHOULDER,48,49,49,98.0%,0,-,-,,-,False,49/49,100.0%,True,-,-,-,-,-,-,71.84
2026-09-28 14:53:52,train,106,SHOULDER,48,49,49,98.0%,0,-,-,,-,False,49/49,100.0%,True,-,-,-,-,-,-,72.26
2026-09-28 14:56:22,train,107,SHOULDER,31,31,49,63.3%,0,-,-,,-,False,49/49,100.0%,True,-,-,-,-,-,-,119.68
2026-09-28 14:58:14,train,108,SHOULDER,48,48,49,98.0%,0,-,-,,-,False,49/49,100.0%,True,-,-,-,-,-,-,82.24
2026-09-28 14:59:56,train,109,SHOULDER,49,49,49,100.0%,49,-,-,,-,False,49/49,100.0%,True,-,-,-,-,-,-,71.99
2026-09-28 15:01:42,train,110,SHOULDER,47,49,49,95.9%,0,-,-,,-,False,49/49,100.0%,True,-,-,-,-,-,-,76.01
2026-09-28 15:03:24,train,111,SHOULDER,48,49,49,98.0%,0,-,-,,-,False,49/49,100.0%,True,-,-,-,-,-,-,71.71
2026-09-28 15:05:06,train,112,SHOULDER,43,48,49,87.8%,0,-,-,,-,False,49/49,100.0%,True,-,-,-,-,-,-,71.96
2026-09-28 15:06:48,train,113,SHOULDER,25,48,49,51.0%,0,-,-,,-,False,49/49,100.0%,True,-,-,-,-,-,-,71.94
2026-09-28 15:08:30,train,114,SHOULDER,48,49,49,98.0%,0,-,-,,-,False,49/49,100.0%,True,-,-,-,-,-,-,72.32
2026-09-28 15:10:12,train,115,SHOULDER,48,49,49,98.0%,0,-,-,,-,False,49/49,100.0%,True,-,-,-,-,-,-,72.04
2026-09-28 15:11:54,train,116,SHOULDER,48,49,49,98.0%,0,-,-,,-,False,49/49,100.0%,True,-,-,-,-,-,-,71.82
2026-09-28 15:13:57,train,117,SHOULDER,48,48,49,98.0%,0,-,-,,-,False,49/49,100.0%,True,-,-,-,-,-,-,92.64
2026-09-28 15:15:54,train,118,SHOULDER,44,49,49,89.8%,0,-,-,,-,False,49/49,100.0%,True,-,-,-,-,-,-,87.06
2026-09-28 15:17:36,train,119,SHOULDER,49,49,49,100.0%,49,-,-,,-,False,49/49,100.0%,True,-,-,-,-,-,-,72.14
2026-09-28 15:19:18,train,120,SHOULDER,48,49,49,98.0%,0,-,-,,-,False,49/49,100.0%,True,-,-,-,-,-,-,72.0
2026-09-28 15:21:00,train,121,SHOULDER,49,49,49,100.0%,49,-,-,,-,False,49/49,100.0%,True,-,-,-,-,-,-,71.89
2026-09-28 15:22:42,train,122,SHOULDER,48,48,49,98.0%,0,-,-,,-,False,49/49,100.0%,True,-,-,-,-,-,-,72.13
2026-09-28 15:24:33,train,123,SHOULDER,0,23,49,0.0%,0,-,-,,-,False,49/49,100.0%,True,-,-,-,-,-,-,80.77
2026-09-28 15:26:14,train,124,SHOULDER,48,49,49,98.0%,0,-,-,,-,False,49/49,100.0%,True,-,-,-,-,-,-,71.74
2026-09-28 15:28:23,train,125,SHOULDER,49,49,49,100.0%,49,-,-,,-,False,49/49,100.0%,True,-,-,-,-,-,-,98.46
2026-09-28 15:30:05,train,126,SHOULDER,46,48,49,93.9%,0,-,-,,-,False,49/49,100.0%,True,-,-,-,-,-,-,72.2
2026-09-28 15:31:47,train,127,SHOULDER,48,48,49,98.0%,0,-,-,,-,False,49/49,100.0%,True,-,-,-,-,-,-,71.81
2026-09-28 15:33:29,train,128,SHOULDER,45,48,49,91.8%,0,-,-,,-,False,49/49,100.0%,True,-,-,-,-,-,-,71.86
2026-09-28 15:35:11,train,129,SHOULDER,49,49,49,100.0%,49,-,-,,-,False,49/49,100.0%,True,-,-,-,-,-,-,72.19
2026-09-28 15:36:53,train,130,SHOULDER,49,49,49,100.0%,49,-,-,,-,False,49/49,100.0%,True,-,-,-,-,-,-,72.04
2026-09-28 15:38:45,train,131,SHOULDER,49,49,49,100.0%,49,-,-,,-,False,49/49,100.0%,True,-,-,-,-,-,-,81.77
2026-09-28 15:40:27,train,132,SHOULDER,49,49,49,100.0%,49,-,-,,-,False,49/49,100.0%,True,-,-,-,-,-,-,71.91
2026-09-28 15:42:09,train,133,SHOULDER,48,49,49,98.0%,0,-,-,,-,False,49/49,100.0%,True,-,-,-,-,-,-,72.03
2026-09-28 15:44:34,train,134,SHOULDER,48,48,49,98.0%,0,-,-,,-,False,49/49,100.0%,True,-,-,-,-,-,-,115.08
2026-09-28 15:46:29,train,135,SHOULDER,48,49,49,98.0%,0,-,-,,-,False,49/49,100.0%,True,-,-,-,-,-,-,85.13
2026-09-28 15:48:11,train,136,SHOULDER,47,48,49,95.9%,0,-,-,,-,False,49/49,100.0%,True,-,-,-,-,-,-,71.92
2026-09-28 15:50:05,train,137,SHOULDER,48,49,49,98.0%,0,-,-,,-,False,49/49,100.0%,True,-,-,-,-,-,-,83.86
2026-09-28 15:51:46,train,138,SHOULDER,48,49,49,98.0%,0,-,-,,-,False,49/49,100.0%,True,-,-,-,-,-,-,71.85
2026-09-28 15:53:28,train,139,SHOULDER,49,49,49,100.0%,49,-,-,,-,False,49/49,100.0%,True,-,-,-,-,-,-,71.97
2026-09-28 15:55:16,train,140,SHOULDER,49,49,49,100.0%,49,-,-,,-,False,49/49,100.0%,True,-,-,-,-,-,-,77.63
2026-09-28 15:56:58,train,141,SHOULDER,49,49,49,100.0%,49,-,-,,-,False,49/49,100.0%,True,-,-,-,-,-,-,71.88
2026-09-28 15:58:40,train,142,SHOULDER,49,49,49,100.0%,49,-,-,,-,False,49/49,100.0%,True,-,-,-,-,-,-,72.11
2026-09-28 16:00:22,train,143,SHOULDER,49,49,49,100.0%,49,-,-,,-,False,49/49,100.0%,True,-,-,-,-,-,-,72.09
2026-09-28 16:02:04,train,144,SHOULDER,48,48,49,98.0%,0,-,-,,-,False,49/49,100.0%,True,-,-,-,-,-,-,71.89
2026-09-28 16:03:46,train,145,SHOULDER,48,49,49,98.0%,0,-,-,,-,False,49/49,100.0%,True,-,-,-,-,-,-,72.16
2026-09-28 16:05:28,train,146,SHOULDER,49,49,49,100.0%,49,-,-,,-,False,49/49,100.0%,True,-,-,-,-,-,-,72.08
2026-09-28 16:07:10,train,147,SHOULDER,48,49,49,98.0%,0,-,-,,-,False,49/49,100.0%,True,-,-,-,-,-,-,71.91
2026-09-28 16:08:52,train,148,SHOULDER,49,49,49,100.0%,49,-,-,,-,False,49/49,100.0%,True,-,-,-,-,-,-,72.13
2026-09-28 16:10:34,train,149,SHOULDER,49,49,49,100.0%,49,-,-,,-,False,49/49,100.0%,True,-,-,-,-,-,-,72.01
2026-09-28 16:12:16,train,150,SHOULDER,48,48,49,98.0%,48,-,-,,-,False,49/49,100.0%,True,-,-,-,-,-,-,71.66
2026-09-28 16:13:58,train,151,SHOULDER,48,49,49,98.0%,0,-,-,,-,False,49/49,100.0%,True,-,-,-,-,-,-,72.3
2026-09-28 16:15:40,train,152,SHOULDER,48,49,49,98.0%,0,-,-,,-,False,49/49,100.0%,True,-,-,-,-,-,-,72.0
2026-09-28 16:17:22,train,153,SHOULDER,40,48,49,81.6%,0,-,-,,-,False,49/49,100.0%,True,-,-,-,-,-,-,71.91
2026-09-28 16:19:11,train,154,SHOULDER,49,49,49,100.0%,49,-,-,,-,False,49/49,100.0%,True,-,-,-,-,-,-,78.97
2026-09-28 16:20:53,train,155,SHOULDER,46,49,49,93.9%,0,-,-,,-,False,49/49,100.0%,True,-,-,-,-,-,-,72.08
2026-09-28 16:22:35,train,156,SHOULDER,48,49,49,98.0%,0,-,-,,-,False,49/49,100.0%,True,-,-,-,-,-,-,71.74
2026-09-28 16:24:30,train,157,SHOULDER,47,49,49,95.9%,0,-,-,,-,False,49/49,100.0%,True,-,-,-,-,-,-,85.07
2026-09-28 16:26:12,train,158,SHOULDER,49,49,49,100.0%,49,-,-,,-,False,49/49,100.0%,True,-,-,-,-,-,-,71.84
2026-09-28 16:28:12,train,159,SHOULDER,49,49,49,100.0%,49,-,-,,-,False,49/49,100.0%,True,-,-,-,-,-,-,89.81
2026-09-28 16:29:54,train,160,SHOULDER,46,49,49,93.9%,0,-,-,,-,False,49/49,100.0%,True,-,-,-,-,-,-,71.97
2026-09-28 16:31:45,train,161,SHOULDER,49,49,49,100.0%,49,-,-,,-,False,49/49,100.0%,True,-,-,-,-,-,-,81.46
2026-09-28 16:33:27,train,162,SHOULDER,49,49,49,100.0%,49,-,-,,-,False,49/49,100.0%,True,-,-,-,-,-,-,71.9
2026-09-28 16:34:41,train,85,SHOULDER,48,49,49,98.0%,0,-,-,,-,False,49/49,100.0%,True,-,-,-,-,-,-,71.89
2026-09-28 16:36:32,train,86,SHOULDER,48,49,49,98.0%,0,-,-,,-,False,49/49,100.0%,True,-,-,-,-,-,-,80.9
2026-09-28 16:38:19,train,87,SHOULDER,43,49,49,87.8%,0,-,-,,-,False,49/49,100.0%,True,-,-,-,-,-,-,77.52
2026-09-28 16:40:11,train,88,SHOULDER,49,49,49,100.0%,49,-,-,,-,False,49/49,100.0%,True,-,-,-,-,-,-,81.93
2026-09-28 16:41:54,train,89,SHOULDER,48,49,49,98.0%,0,-,-,,-,False,49/49,100.0%,True,-,-,-,-,-,-,72.19
2026-09-28 16:43:35,train,90,SHOULDER,49,49,49,100.0%,49,-,-,,-,False,49/49,100.0%,True,-,-,-,-,-,-,71.78
2026-09-28 16:45:17,train,91,SHOULDER,49,49,49,100.0%,49,-,-,,-,False,49/49,100.0%,True,-,-,-,-,-,-,71.93
2026-09-28 16:47:00,train,92,SHOULDER,48,49,49,98.0%,0,-,-,,-,False,49/49,100.0%,True,-,-,-,-,-,-,72.4
2026-09-28 16:49:14,train,93,SHOULDER,0,0,49,0.0%,0,-,-,,-,False,49/49,100.0%,True,-,-,-,-,-,-,104.2
2026-09-28 16:50:56,train,94,SHOULDER,49,49,49,100.0%,49,-,-,,-,False,49/49,100.0%,True,-,-,-,-,-,-,71.89
2026-09-28 16:52:38,train,95,SHOULDER,45,48,49,91.8%,0,-,-,,-,False,49/49,100.0%,True,-,-,-,-,-,-,72.05
2026-09-28 16:54:20,train,96,SHOULDER,49,49,49,100.0%,49,-,-,,-,False,49/49,100.0%,True,-,-,-,-,-,-,71.97
2026-09-28 16:56:05,train,97,SHOULDER,40,47,49,81.6%,0,-,-,,-,False,49/49,100.0%,True,-,-,-,-,-,-,75.08
2026-09-28 16:57:54,train,98,SHOULDER,48,48,49,98.0%,0,-,-,,-,False,49/49,100.0%,True,-,-,-,-,-,-,78.74
2026-09-28 16:59:36,train,99,SHOULDER,49,49,49,100.0%,49,-,-,,-,False,49/49,100.0%,True,-,-,-,-,-,-,71.87
2026-09-28 17:01:17,train,100,SHOULDER,48,48,49,98.0%,0,-,-,,-,False,49/49,100.0%,True,-,-,-,-,-,-,71.73
2026-09-28 17:03:00,train,101,SHOULDER,48,49,49,98.0%,0,-,-,,-,False,49/49,100.0%,True,-,-,-,-,-,-,72.27
2026-09-28 17:04:41,train,102,SHOULDER,49,49,49,100.0%,49,-,-,,-,False,49/49,100.0%,True,-,-,-,-,-,-,71.72
2026-09-28 17:06:23,train,103,SHOULDER,47,49,49,95.9%,0,-,-,,-,False,49/49,100.0%,True,-,-,-,-,-,-,71.94
2026-09-28 17:08:09,train,104,SHOULDER,49,49,49,100.0%,49,-,-,,-,False,49/49,100.0%,True,-,-,-,-,-,-,76.03
2026-09-28 17:09:51,train,105,SHOULDER,49,49,49,100.0%,49,-,-,,-,False,49/49,100.0%,True,-,-,-,-,-,-,72.01
2026-09-28 17:11:33,train,106,SHOULDER,46,49,49,93.9%,0,-,-,,-,False,49/49,100.0%,True,-,-,-,-,-,-,72.09
2026-09-28 17:13:35,train,107,SHOULDER,0,7,49,0.0%,0,-,-,,-,False,49/49,100.0%,True,-,-,-,-,-,-,91.51
2026-09-28 17:15:17,train,108,SHOULDER,47,49,49,95.9%,0,-,-,,-,False,49/49,100.0%,True,-,-,-,-,-,-,72.02
2026-09-28 17:16:59,train,109,SHOULDER,49,49,49,100.0%,49,-,-,,-,False,49/49,100.0%,True,-,-,-,-,-,-,72.12
2026-09-28 17:18:44,train,110,SHOULDER,49,49,49,100.0%,49,-,-,,-,False,49/49,100.0%,True,-,-,-,-,-,-,74.7
2026-09-28 17:20:26,train,111,SHOULDER,49,49,49,100.0%,49,-,-,,-,False,49/49,100.0%,True,-,-,-,-,-,-,72.01
2026-09-28 17:22:08,train,112,SHOULDER,49,49,49,100.0%,49,-,-,,-,False,49/49,100.0%,True,-,-,-,-,-,-,71.88
2026-09-28 17:23:49,train,113,SHOULDER,48,49,49,98.0%,0,-,-,,-,False,49/49,100.0%,True,-,-,-,-,-,-,71.79
2026-09-28 17:25:31,train,114,SHOULDER,49,49,49,100.0%,49,-,-,,-,False,49/49,100.0%,True,-,-,-,-,-,-,71.95
2026-09-28 17:27:13,train,115,SHOULDER,47,49,49,95.9%,0,-,-,,-,False,49/49,100.0%,True,-,-,-,-,-,-,72.06
2026-09-28 17:29:08,train,116,SHOULDER,49,49,49,100.0%,49,-,-,,-,False,49/49,100.0%,True,-,-,-,-,-,-,84.89
2026-09-28 17:31:10,train,117,SHOULDER,48,49,49,98.0%,0,-,-,,-,False,49/49,100.0%,True,-,-,-,-,-,-,91.37
2026-09-28 17:32:52,train,118,SHOULDER,47,49,49,95.9%,0,-,-,,-,False,49/49,100.0%,True,-,-,-,-,-,-,72.02
2026-09-28 17:34:54,train,119,SHOULDER,46,49,49,93.9%,0,-,-,,-,False,49/49,100.0%,True,-,-,-,-,-,-,92.11
2026-09-28 17:36:47,train,120,SHOULDER,49,49,49,100.0%,49,-,-,,-,False,49/49,100.0%,True,-,-,-,-,-,-,83.04
2026-09-28 17:38:40,train,121,SHOULDER,49,49,49,100.0%,49,-,-,,-,False,49/49,100.0%,True,-,-,-,-,-,-,82.76
2026-09-28 17:40:22,train,122,SHOULDER,49,49,49,100.0%,49,-,-,,-,False,49/49,100.0%,True,-,-,-,-,-,-,71.96
2026-09-28 17:42:03,train,123,SHOULDER,49,49,49,100.0%,49,-,-,,-,False,49/49,100.0%,True,-,-,-,-,-,-,71.75
2026-09-28 17:43:45,train,124,SHOULDER,49,49,49,100.0%,49,-,-,,-,False,49/49,100.0%,True,-,-,-,-,-,-,72.23
2026-09-28 17:45:27,train,125,SHOULDER,48,49,49,98.0%,0,-,-,,-,False,49/49,100.0%,True,-,-,-,-,-,-,71.96
2026-09-28 17:47:09,train,126,SHOULDER,48,49,49,98.0%,0,-,-,,-,False,49/49,100.0%,True,-,-,-,-,-,-,71.91
2026-09-28 17:48:52,train,127,SHOULDER,49,49,49,100.0%,49,-,-,,-,False,49/49,100.0%,True,-,-,-,-,-,-,72.34
2026-09-28 17:50:50,train,128,SHOULDER,49,49,49,100.0%,49,-,-,,-,False,49/49,100.0%,True,-,-,-,-,-,-,88.27
2026-09-28 17:53:31,train,129,SHOULDER,47,49,49,95.9%,0,-,-,,-,False,49/49,100.0%,True,-,-,-,-,-,-,130.6
2026-09-28 17:55:13,train,130,SHOULDER,49,49,49,100.0%,49,-,-,,-,False,49/49,100.0%,True,-,-,-,-,-,-,72.14
2026-09-28 17:56:55,train,131,SHOULDER,49,49,49,100.0%,49,-,-,,-,False,49/49,100.0%,True,-,-,-,-,-,-,71.85
2026-09-28 17:58:36,train,132,SHOULDER,49,49,49,100.0%,49,-,-,,-,False,49/49,100.0%,True,-,-,-,-,-,-,71.83
2026-09-28 18:00:18,train,133,SHOULDER,49,49,49,100.0%,49,-,-,,-,False,49/49,100.0%,True,-,-,-,-,-,-,71.73
2026-09-28 18:02:00,train,134,SHOULDER,49,49,49,100.0%,49,-,-,,-,False,49/49,100.0%,True,-,-,-,-,-,-,72.09
2026-09-28 18:03:42,train,135,SHOULDER,49,49,49,100.0%,49,-,-,,-,False,49/49,100.0%,True,-,-,-,-,-,-,72.04
2026-09-28 18:05:24,train,136,SHOULDER,47,49,49,95.9%,0,-,-,,-,False,49/49,100.0%,True,-,-,-,-,-,-,71.93
2026-09-28 18:07:06,train,137,SHOULDER,47,49,49,95.9%,0,-,-,,-,False,49/49,100.0%,True,-,-,-,-,-,-,72.0
2026-09-28 18:09:15,train,138,SHOULDER,0,0,49,0.0%,0,-,-,,-,False,49/49,100.0%,True,-,-,-,-,-,-,98.93
2026-09-28 18:10:57,train,139,SHOULDER,20,48,49,40.8%,0,-,-,,-,False,49/49,100.0%,True,-,-,-,-,-,-,72.32
2026-09-28 18:12:39,train,140,SHOULDER,48,49,49,98.0%,0,-,-,,-,False,49/49,100.0%,True,-,-,-,-,-,-,71.95
2026-09-28 18:14:21,train,141,SHOULDER,49,49,49,100.0%,49,-,-,,-,False,49/49,100.0%,True,-,-,-,-,-,-,71.71
2026-09-28 18:16:13,train,142,SHOULDER,42,48,49,85.7%,0,-,-,,-,False,49/49,100.0%,True,-,-,-,-,-,-,82.02
2026-09-28 18:17:55,train,143,SHOULDER,48,49,49,98.0%,0,-,-,,-,False,49/49,100.0%,True,-,-,-,-,-,-,71.88
2026-09-28 18:19:37,train,144,SHOULDER,48,49,49,98.0%,0,-,-,,-,False,49/49,100.0%,True,-,-,-,-,-,-,72.1
2026-09-28 18:21:28,train,145,SHOULDER,49,49,49,100.0%,49,-,-,,-,False,49/49,100.0%,True,-,-,-,-,-,-,80.95
2026-09-28 18:23:26,train,146,SHOULDER,47,49,49,95.9%,0,-,-,,-,False,49/49,100.0%,True,-,-,-,-,-,-,87.95
2026-09-28 18:25:25,train,147,SHOULDER,49,49,49,100.0%,49,-,-,,-,False,49/49,100.0%,True,-,-,-,-,-,-,88.72
2026-09-28 18:27:42,train,148,SHOULDER,49,49,49,100.0%,49,-,-,,-,False,49/49,100.0%,True,-,-,-,-,-,-,106.85
2026-09-28 18:29:33,train,149,SHOULDER,49,49,49,100.0%,49,-,-,,-,False,49/49,100.0%,True,-,-,-,-,-,-,80.99
2026-09-28 18:31:31,train,150,SHOULDER,49,49,49,100.0%,49,-,-,,-,False,49/49,100.0%,True,-,-,-,-,-,-,88.89
2026-09-28 18:33:13,train,151,SHOULDER,49,49,49,100.0%,49,-,-,,-,False,49/49,100.0%,True,-,-,-,-,-,-,72.02
2026-09-28 18:34:56,train,152,SHOULDER,48,49,49,98.0%,0,-,-,,-,False,49/49,100.0%,True,-,-,-,-,-,-,72.22
2026-09-28 18:37:00,train,153,SHOULDER,49,49,49,100.0%,49,-,-,,-,False,49/49,100.0%,True,-,-,-,-,-,-,94.01
2026-09-28 18:38:42,train,154,SHOULDER,48,49,49,98.0%,0,-,-,,-,False,49/49,100.0%,True,-,-,-,-,-,-,72.24
2026-09-28 18:40:24,train,155,SHOULDER,48,49,49,98.0%,0,-,-,,-,False,49/49,100.0%,True,-,-,-,-,-,-,71.96
2026-09-28 18:42:19,train,156,SHOULDER,49,49,49,100.0%,49,-,-,,-,False,49/49,100.0%,True,-,-,-,-,-,-,85.13
2026-09-28 18:44:15,train,157,SHOULDER,49,49,49,100.0%,49,-,-,,-,False,49/49,100.0%,True,-,-,-,-,-,-,85.75
2026-09-28 18:45:57,train,158,SHOULDER,49,49,49,100.0%,49,-,-,,-,False,49/49,100.0%,True,-,-,-,-,-,-,72.07
2026-09-28 18:47:39,train,159,SHOULDER,48,49,49,98.0%,0,-,-,,-,False,49/49,100.0%,True,-,-,-,-,-,-,72.2
2026-09-28 18:49:41,train,160,SHOULDER,49,49,49,100.0%,49,-,-,,-,False,49/49,100.0%,True,-,-,-,-,-,-,91.65
2026-09-28 18:51:23,train,161,SHOULDER,48,49,49,98.0%,0,-,-,,-,False,49/49,100.0%,True,-,-,-,-,-,-,72.04
2026-09-28 18:53:25,train,162,SHOULDER,49,49,49,100.0%,49,-,-,,-,False,49/49,100.0%,True,-,-,-,-,-,-,92.09
2026-09-28 18:55:28,train,163,SHOULDER,49,49,49,100.0%,49,-,-,,-,False,49/49,100.0%,True,-,-,-,-,-,-,92.8
2026-09-28 18:57:14,train,164,SHOULDER,48,49,49,98.0%,0,-,-,,-,False,49/49,100.0%,True,-,-,-,-,-,-,76.75
2026-09-28 18:58:57,train,165,SHOULDER,48,48,49,98.0%,0,-,-,,-,False,49/49,100.0%,True,-,-,-,-,-,-,72.3
2026-09-28 19:00:55,train,166,SHOULDER,49,49,49,100.0%,49,-,-,,-,False,49/49,100.0%,True,-,-,-,-,-,-,88.12
2026-09-28 19:03:21,train,167,SHOULDER,49,49,49,100.0%,49,-,-,,-,False,49/49,100.0%,True,-,-,-,-,-,-,116.59
2026-09-28 19:05:03,train,168,SHOULDER,49,49,49,100.0%,49,-,-,,-,False,49/49,100.0%,True,-,-,-,-,-,-,71.93
2026-09-28 19:06:46,train,169,SHOULDER,49,49,49,100.0%,49,-,-,,-,False,49/49,100.0%,True,-,-,-,-,-,-,72.21
2026-09-28 19:08:28,train,170,SHOULDER,48,49,49,98.0%,0,-,-,,-,False,49/49,100.0%,True,-,-,-,-,-,-,72.08
2026-09-28 19:10:10,train,171,SHOULDER,49,49,49,100.0%,49,-,-,,-,False,49/49,100.0%,True,-,-,-,-,-,-,72.05
2026-09-28 19:12:25,train,172,SHOULDER,49,49,49,100.0%,49,-,-,,-,False,49/49,100.0%,True,-,-,-,-,-,-,105.37
2026-09-28 19:14:07,train,173,SHOULDER,49,49,49,100.0%,49,-,-,,-,False,49/49,100.0%,True,-,-,-,-,-,-,72.03
2026-09-28 19:15:49,train,174,SHOULDER,49,49,49,100.0%,49,-,-,,-,False,49/49,100.0%,True,-,-,-,-,-,-,72.12
2026-09-28 19:17:31,train,175,SHOULDER,48,49,49,98.0%,0,-,-,,-,False,49/49,100.0%,True,-,-,-,-,-,-,72.2
2026-09-28 19:19:16,train,176,SHOULDER,48,49,49,98.0%,0,-,-,,-,False,49/49,100.0%,True,-,-,-,-,-,-,74.53
2026-09-28 19:21:13,train,177,SHOULDER,49,49,49,100.0%,49,-,-,,-,False,49/49,100.0%,True,-,-,-,-,-,-,87.48
2026-09-28 19:23:14,train,178,SHOULDER,44,44,49,89.8%,0,-,-,,-,False,49/49,100.0%,True,-,-,-,-,-,-,90.63
2026-09-28 19:25:17,train,179,SHOULDER,49,49,49,100.0%,49,-,-,,-,False,49/49,100.0%,True,-,-,-,-,-,-,93.07
2026-09-28 19:27:07,train,180,SHOULDER,0,29,49,0.0%,0,-,-,,-,False,49/49,100.0%,True,-,-,-,-,-,-,80.05
2026-09-28 19:28:49,train,181,SHOULDER,47,49,49,95.9%,0,-,-,,-,False,49/49,100.0%,True,-,-,-,-,-,-,71.94
2026-09-28 19:30:31,train,182,SHOULDER,49,49,49,100.0%,49,-,-,,-,False,49/49,100.0%,True,-,-,-,-,-,-,71.96
2026-09-28 19:32:40,train,183,SHOULDER,49,49,49,100.0%,49,-,-,,-,False,49/49,100.0%,True,-,-,-,-,-,-,98.75
2026-09-28 19:34:22,train,184,SHOULDER,49,49,49,100.0%,49,-,-,,-,False,49/49,100.0%,True,-,-,-,-,-,-,71.9
2026-09-28 19:35:49,train,180,SHOULDER,0,0,49,0.0%,0,-,-,,-,False,49/49,100.0%,True,-,-,-,-,-,-,85.58
2026-09-28 19:37:46,train,181,SHOULDER,39,39,49,79.6%,0,-,-,,-,False,49/49,100.0%,True,-,-,-,-,-,-,86.67
2026-09-28 19:39:28,train,182,SHOULDER,45,49,49,91.8%,0,-,-,,-,False,49/49,100.0%,True,-,-,-,-,-,-,72.04
2026-09-28 19:41:10,train,183,SHOULDER,49,49,49,100.0%,49,-,-,,-,False,49/49,100.0%,True,-,-,-,-,-,-,71.94
2026-09-28 19:43:02,train,184,SHOULDER,49,49,49,100.0%,49,-,-,,-,False,49/49,100.0%,True,-,-,-,-,-,-,82.23
2026-09-28 19:44:44,train,185,SHOULDER,49,49,49,100.0%,49,-,-,,-,False,49/49,100.0%,True,-,-,-,-,-,-,72.0
2026-09-28 19:46:27,train,186,SHOULDER,49,49,49,100.0%,49,-,-,,-,False,49/49,100.0%,True,-,-,-,-,-,-,72.35
2026-09-28 19:48:15,train,187,SHOULDER,0,0,49,0.0%,0,-,-,,-,False,49/49,100.0%,True,-,-,-,-,-,-,78.0
2026-09-28 19:49:57,train,188,SHOULDER,26,48,49,53.1%,0,-,-,,-,False,49/49,100.0%,True,-,-,-,-,-,-,72.03
2026-09-28 19:51:46,train,189,SHOULDER,49,49,49,100.0%,49,-,-,,-,False,49/49,100.0%,True,-,-,-,-,-,-,78.99
2026-09-28 19:53:28,train,190,SHOULDER,49,49,49,100.0%,49,-,-,,-,False,49/49,100.0%,True,-,-,-,-,-,-,72.04
2026-09-28 19:55:10,train,191,SHOULDER,49,49,49,100.0%,49,-,-,,-,False,49/49,100.0%,True,-,-,-,-,-,-,72.18
2026-09-28 19:56:52,train,192,SHOULDER,49,49,49,100.0%,49,-,-,,-,False,49/49,100.0%,True,-,-,-,-,-,-,72.12
2026-09-28 19:58:34,train,193,SHOULDER,47,49,49,95.9%,0,-,-,,-,False,49/49,100.0%,True,-,-,-,-,-,-,71.95
2026-09-28 20:00:16,train,194,SHOULDER,48,49,49,98.0%,0,-,-,,-,False,49/49,100.0%,True,-,-,-,-,-,-,72.12
2026-09-28 20:02:13,train,195,SHOULDER,48,49,49,98.0%,0,-,-,,-,False,49/49,100.0%,True,-,-,-,-,-,-,87.0
2026-09-28 20:03:55,train,196,SHOULDER,47,49,49,95.9%,0,-,-,,-,False,49/49,100.0%,True,-,-,-,-,-,-,71.97
2026-09-28 20:05:48,train,197,SHOULDER,0,15,49,0.0%,0,-,-,,-,False,49/49,100.0%,True,-,-,-,-,-,-,82.51
2026-09-28 20:07:30,train,198,SHOULDER,49,49,49,100.0%,49,-,-,,-,False,49/49,100.0%,True,-,-,-,-,-,-,71.91
2026-09-28 20:09:43,train,199,SHOULDER,45,49,49,91.8%,0,-,-,,-,False,49/49,100.0%,True,-,-,-,-,-,-,103.67
2026-09-28 20:11:25,train,200,SHOULDER,48,49,49,98.0%,0,-,-,,-,False,49/49,100.0%,True,-,-,-,-,-,-,72.24
2026-09-28 20:13:28,train,201,SHOULDER,47,49,49,95.9%,0,-,-,,-,False,49/49,100.0%,True,-,-,-,-,-,-,92.62
2026-09-28 20:15:10,train,202,SHOULDER,49,49,49,100.0%,49,-,-,,-,False,49/49,100.0%,True,-,-,-,-,-,-,72.22
2026-09-28 20:16:52,train,203,SHOULDER,45,49,49,91.8%,0,-,-,,-,False,49/49,100.0%,True,-,-,-,-,-,-,71.87
2026-09-28 20:18:34,train,204,SHOULDER,49,49,49,100.0%,49,-,-,,-,False,49/49,100.0%,True,-,-,-,-,-,-,71.92
2026-09-28 20:20:32,train,205,SHOULDER,49,49,49,100.0%,49,-,-,,-,False,49/49,100.0%,True,-,-,-,-,-,-,88.35
2026-09-28 20:22:14,train,206,SHOULDER,49,49,49,100.0%,49,-,-,,-,False,49/49,100.0%,True,-,-,-,-,-,-,71.94
2026-09-28 20:24:26,train,207,SHOULDER,49,49,49,100.0%,49,-,-,,-,False,49/49,100.0%,True,-,-,-,-,-,-,101.44
2026-09-28 20:26:08,train,208,SHOULDER,45,49,49,91.8%,0,-,-,,-,False,49/49,100.0%,True,-,-,-,-,-,-,71.8
2026-09-28 20:28:05,train,209,SHOULDER,48,49,49,98.0%,0,-,-,,-,False,49/49,100.0%,True,-,-,-,-,-,-,87.82
2026-09-28 20:30:04,train,210,SHOULDER,49,49,49,100.0%,49,-,-,,-,False,49/49,100.0%,True,-,-,-,-,-,-,88.49
2026-09-28 20:31:58,train,211,SHOULDER,49,49,49,100.0%,49,-,-,,-,False,49/49,100.0%,True,-,-,-,-,-,-,84.3
2026-09-28 20:33:41,train,212,SHOULDER,43,49,49,87.8%,0,-,-,,-,False,49/49,100.0%,True,-,-,-,-,-,-,72.3
2026-09-28 20:35:31,train,213,SHOULDER,47,49,49,95.9%,0,-,-,,-,False,49/49,100.0%,True,-,-,-,-,-,-,80.55
2026-09-28 20:37:27,train,214,SHOULDER,0,0,49,0.0%,0,-,-,,-,False,49/49,100.0%,True,-,-,-,-,-,-,86.15
2026-09-28 20:39:09,train,215,SHOULDER,49,49,49,100.0%,49,-,-,,-,False,49/49,100.0%,True,-,-,-,-,-,-,72.1
2026-09-28 20:40:51,train,216,SHOULDER,49,49,49,100.0%,49,-,-,,-,False,49/49,100.0%,True,-,-,-,-,-,-,71.75
2026-09-28 20:42:33,train,217,SHOULDER,48,49,49,98.0%,0,-,-,,-,False,49/49,100.0%,True,-,-,-,-,-,-,71.93
2026-09-28 20:44:15,train,218,SHOULDER,49,49,49,100.0%,49,-,-,,-,False,49/49,100.0%,True,-,-,-,-,-,-,71.97
2026-09-28 20:45:57,train,219,SHOULDER,47,49,49,95.9%,0,-,-,,-,False,49/49,100.0%,True,-,-,-,-,-,-,71.68
2026-09-28 20:47:39,train,220,SHOULDER,49,49,49,100.0%,49,-,-,,-,False,49/49,100.0%,True,-,-,-,-,-,-,72.19
2026-09-28 20:49:30,train,221,SHOULDER,49,49,49,100.0%,49,-,-,,-,False,49/49,100.0%,True,-,-,-,-,-,-,81.36
2026-09-28 20:51:28,train,222,SHOULDER,48,49,49,98.0%,0,-,-,,-,False,49/49,100.0%,True,-,-,-,-,-,-,87.9
2026-09-28 20:53:24,train,223,SHOULDER,47,49,49,95.9%,0,-,-,,-,False,49/49,100.0%,True,-,-,-,-,-,-,85.92
2026-09-28 20:55:06,train,224,SHOULDER,49,49,49,100.0%,49,-,-,,-,False,49/49,100.0%,True,-,-,-,-,-,-,71.86
2026-09-28 20:56:58,train,225,SHOULDER,49,49,49,100.0%,49,-,-,,-,False,49/49,100.0%,True,-,-,-,-,-,-,81.95
2026-09-28 20:58:40,train,226,SHOULDER,49,49,49,100.0%,49,-,-,,-,False,49/49,100.0%,True,-,-,-,-,-,-,72.11
2026-09-28 21:00:22,train,227,SHOULDER,48,49,49,98.0%,0,-,-,,-,False,49/49,100.0%,True,-,-,-,-,-,-,72.3
2026-09-28 21:02:04,train,228,SHOULDER,46,49,49,93.9%,0,-,-,,-,False,49/49,100.0%,True,-,-,-,-,-,-,72.08
2026-09-28 21:04:45,train,229,SHOULDER,0,0,49,0.0%,0,-,-,,-,False,49/49,100.0%,True,-,-,-,-,-,-,130.89
2026-09-28 21:06:52,train,230,SHOULDER,49,49,49,100.0%,49,-,-,,-,False,49/49,100.0%,True,-,-,-,-,-,-,96.37
2026-09-28 21:08:44,train,231,SHOULDER,24,33,49,49.0%,0,-,-,,-,False,49/49,100.0%,True,-,-,-,-,-,-,82.31
2026-09-28 21:10:36,train,232,SHOULDER,49,49,49,100.0%,49,-,-,,-,False,49/49,100.0%,True,-,-,-,-,-,-,82.07
2026-09-28 21:12:18,train,233,SHOULDER,49,49,49,100.0%,49,-,-,,-,False,49/49,100.0%,True,-,-,-,-,-,-,71.92
2026-09-28 21:14:09,train,234,SHOULDER,16,33,49,32.7%,0,-,-,,-,False,49/49,100.0%,True,-,-,-,-,-,-,80.69
2026-09-28 21:15:51,train,235,SHOULDER,48,49,49,98.0%,0,-,-,,-,False,49/49,100.0%,True,-,-,-,-,-,-,71.93
2026-09-28 21:17:32,train,236,SHOULDER,48,49,49,98.0%,0,-,-,,-,False,49/49,100.0%,True,-,-,-,-,-,-,71.74
2026-09-28 21:19:39,train,237,SHOULDER,48,48,49,98.0%,0,-,-,,-,False,49/49,100.0%,True,-,-,-,-,-,-,97.03
2026-09-28 21:21:21,train,238,SHOULDER,49,49,49,100.0%,49,-,-,,-,False,49/49,100.0%,True,-,-,-,-,-,-,71.98
2026-09-28 21:23:03,train,239,SHOULDER,49,49,49,100.0%,49,-,-,,-,False,49/49,100.0%,True,-,-,-,-,-,-,72.12
2026-09-28 21:24:46,train,240,SHOULDER,49,49,49,100.0%,49,-,-,,-,False,49/49,100.0%,True,-,-,-,-,-,-,72.2
2026-09-28 21:26:28,train,241,SHOULDER,46,49,49,93.9%,0,-,-,,-,False,49/49,100.0%,True,-,-,-,-,-,-,71.95
2026-09-28 21:28:10,train,242,SHOULDER,48,49,49,98.0%,0,-,-,,-,False,49/49,100.0%,True,-,-,-,-,-,-,72.17
2026-09-28 21:29:52,train,243,SHOULDER,48,48,49,98.0%,0,-,-,,-,False,49/49,100.0%,True,-,-,-,-,-,-,72.12
2026-09-28 21:31:34,train,244,SHOULDER,48,48,49,98.0%,0,-,-,,-,False,49/49,100.0%,True,-,-,-,-,-,-,72.18
2026-09-28 21:34:06,train,245,SHOULDER,49,49,49,100.0%,49,-,-,,-,False,49/49,100.0%,True,-,-,-,-,-,-,121.8
2026-09-28 21:35:58,train,246,SHOULDER,39,39,49,79.6%,0,-,-,,-,False,49/49,100.0%,True,-,-,-,-,-,-,82.29
2026-09-28 21:37:40,train,247,SHOULDER,48,49,49,98.0%,0,-,-,,-,False,49/49,100.0%,True,-,-,-,-,-,-,71.73
2026-09-28 21:39:22,train,248,SHOULDER,49,49,49,100.0%,49,-,-,,-,False,49/49,100.0%,True,-,-,-,-,-,-,72.09
2026-09-28 21:41:04,train,249,SHOULDER,49,49,49,100.0%,49,-,-,,-,False,49/49,100.0%,True,-,-,-,-,-,-,71.92
2026-09-28 21:43:03,train,250,SHOULDER,0,0,49,0.0%,0,-,-,,-,False,49/49,100.0%,True,-,-,-,-,-,-,89.23
2026-09-28 21:45:06,train,251,SHOULDER,28,28,49,57.1%,0,-,-,,-,False,49/49,100.0%,True,-,-,-,-,-,-,92.56
2026-09-28 21:46:56,train,252,SHOULDER,48,49,49,98.0%,0,-,-,,-,False,49/49,100.0%,True,-,-,-,-,-,-,80.71
2026-09-28 21:48:38,train,253,SHOULDER,48,48,49,98.0%,0,-,-,,-,False,49/49,100.0%,True,-,-,-,-,-,-,72.13
2026-09-28 21:50:20,train,254,SHOULDER,49,49,49,100.0%,49,-,-,,-,False,49/49,100.0%,True,-,-,-,-,-,-,71.85
2026-09-28 21:52:02,train,255,SHOULDER,47,49,49,95.9%,0,-,-,,-,False,49/49,100.0%,True,-,-,-,-,-,-,71.94
2026-09-28 21:53:44,train,256,SHOULDER,49,49,49,100.0%,49,-,-,,-,False,49/49,100.0%,True,-,-,-,-,-,-,72.11
2026-09-28 21:55:44,train,257,SHOULDER,48,49,49,98.0%,0,-,-,,-,False,49/49,100.0%,True,-,-,-,-,-,-,89.7
2026-09-28 21:57:34,train,258,SHOULDER,23,23,49,46.9%,0,-,-,,-,False,49/49,100.0%,True,-,-,-,-,-,-,80.22
2026-09-28 21:59:17,train,259,SHOULDER,32,48,49,65.3%,0,-,-,,-,False,49/49,100.0%,True,-,-,-,-,-,-,72.31
2026-09-28 22:01:04,train,260,SHOULDER,47,49,49,95.9%,0,-,-,,-,False,49/49,100.0%,True,-,-,-,-,-,-,77.89
2026-09-28 22:03:04,train,261,SHOULDER,48,49,49,98.0%,0,-,-,,-,False,49/49,100.0%,True,-,-,-,-,-,-,89.48
2026-09-28 22:04:46,train,262,SHOULDER,48,49,49,98.0%,0,-,-,,-,False,49/49,100.0%,True,-,-,-,-,-,-,71.92
2026-09-28 22:06:39,train,263,SHOULDER,48,49,49,98.0%,0,-,-,,-,False,49/49,100.0%,True,-,-,-,-,-,-,82.76
2026-09-28 22:08:21,train,264,SHOULDER,49,49,49,100.0%,49,-,-,,-,False,49/49,100.0%,True,-,-,-,-,-,-,71.91
2026-09-28 22:10:03,train,265,SHOULDER,49,49,49,100.0%,49,-,-,,-,False,49/49,100.0%,True,-,-,-,-,-,-,72.46
2026-09-28 22:11:45,train,266,SHOULDER,48,49,49,98.0%,0,-,-,,-,False,49/49,100.0%,True,-,-,-,-,-,-,71.8
2026-09-28 22:13:27,train,267,SHOULDER,49,49,49,100.0%,49,-,-,,-,False,49/49,100.0%,True,-,-,-,-,-,-,71.92
2026-09-28 22:15:09,train,268,SHOULDER,48,49,49,98.0%,0,-,-,,-,False,49/49,100.0%,True,-,-,-,-,-,-,72.58
2026-09-28 22:17:30,train,269,SHOULDER,0,32,49,0.0%,0,-,-,,-,False,49/49,100.0%,True,-,-,-,-,-,-,111.06
2026-09-28 22:19:13,train,270,SHOULDER,48,49,49,98.0%,0,-,-,,-,False,49/49,100.0%,True,-,-,-,-,-,-,72.21
2026-09-28 22:21:13,train,271,SHOULDER,46,49,49,93.9%,0,-,-,,-,False,49/49,100.0%,True,-,-,-,-,-,-,90.75
2026-09-28 22:23:07,train,272,SHOULDER,49,49,49,100.0%,49,-,-,,-,False,49/49,100.0%,True,-,-,-,-,-,-,83.95
2026-09-28 22:25:05,train,273,SHOULDER,48,49,49,98.0%,0,-,-,,-,False,49/49,100.0%,True,-,-,-,-,-,-,87.48
2026-09-28 22:27:02,train,274,SHOULDER,49,49,49,100.0%,49,-,-,,-,False,49/49,100.0%,True,-,-,-,-,-,-,87.52
2026-09-28 22:28:44,train,275,SHOULDER,49,49,49,100.0%,49,-,-,,-,False,49/49,100.0%,True,-,-,-,-,-,-,71.94
2026-09-28 22:30:43,train,276,SHOULDER,45,45,49,91.8%,0,-,-,,-,False,49/49,100.0%,True,-,-,-,-,-,-,88.89
2026-09-28 22:32:35,train,277,SHOULDER,48,49,49,98.0%,0,-,-,,-,False,49/49,100.0%,True,-,-,-,-,-,-,82.31
2026-09-28 22:35:16,train,278,SHOULDER,0,0,49,0.0%,0,-,-,,-,False,49/49,100.0%,True,-,-,-,-,-,-,130.8
2026-09-28 22:37:15,train,279,SHOULDER,43,47,49,87.8%,0,-,-,,-,False,49/49,100.0%,True,-,-,-,-,-,-,88.6
2026-09-28 22:38:45,train,180,SHOULDER,48,49,49,98.0%,0,-,-,,-,False,49/49,100.0%,True,-,-,-,-,-,-,88.37
2026-09-28 22:40:42,train,181,SHOULDER,47,49,49,95.9%,0,-,-,,-,False,49/49,100.0%,True,-,-,-,-,-,-,86.27
2026-09-28 22:42:24,train,182,SHOULDER,44,48,49,89.8%,0,-,-,,-,False,49/49,100.0%,True,-,-,-,-,-,-,72.04
2026-09-28 22:44:27,train,183,SHOULDER,49,49,49,100.0%,49,-,-,,-,False,49/49,100.0%,True,-,-,-,-,-,-,92.74
2026-09-28 22:47:08,train,184,SHOULDER,48,48,49,98.0%,0,-,-,,-,False,49/49,100.0%,True,-,-,-,-,-,-,131.67
2026-09-28 22:49:01,train,185,SHOULDER,49,49,49,100.0%,49,-,-,,-,False,49/49,100.0%,True,-,-,-,-,-,-,83.27
2026-09-28 22:51:25,train,186,SHOULDER,0,9,49,0.0%,0,-,-,,-,False,49/49,100.0%,True,-,-,-,-,-,-,113.25
2026-09-28 22:53:07,train,187,SHOULDER,49,49,49,100.0%,49,-,-,,-,False,49/49,100.0%,True,-,-,-,-,-,-,72.46
2026-09-28 22:54:49,train,188,SHOULDER,49,49,49,100.0%,49,-,-,,-,False,49/49,100.0%,True,-,-,-,-,-,-,71.97
2026-09-28 22:57:20,train,189,SHOULDER,49,49,49,100.0%,49,-,-,,-,False,49/49,100.0%,True,-,-,-,-,-,-,120.72
2026-09-28 22:59:15,train,190,SHOULDER,49,49,49,100.0%,49,-,-,,-,False,49/49,100.0%,True,-,-,-,-,-,-,85.37
2026-09-28 23:00:57,train,191,SHOULDER,49,49,49,100.0%,49,-,-,,-,False,49/49,100.0%,True,-,-,-,-,-,-,72.11
2026-09-28 23:02:48,train,192,SHOULDER,48,48,49,98.0%,0,-,-,,-,False,49/49,100.0%,True,-,-,-,-,-,-,80.18
2026-09-28 23:04:29,train,193,SHOULDER,49,49,49,100.0%,49,-,-,,-,False,49/49,100.0%,True,-,-,-,-,-,-,71.92
2026-09-28 23:06:19,train,194,SHOULDER,49,49,49,100.0%,49,-,-,,-,False,49/49,100.0%,True,-,-,-,-,-,-,79.26
2026-09-28 23:08:16,train,195,SHOULDER,49,49,49,100.0%,49,-,-,,-,False,49/49,100.0%,True,-,-,-,-,-,-,87.13
2026-09-28 23:09:58,train,196,SHOULDER,48,49,49,98.0%,0,-,-,,-,False,49/49,100.0%,True,-,-,-,-,-,-,71.95
2026-09-28 23:11:57,train,197,SHOULDER,49,49,49,100.0%,49,-,-,,-,False,49/49,100.0%,True,-,-,-,-,-,-,89.38
2026-09-28 23:14:17,train,198,SHOULDER,48,49,49,98.0%,0,-,-,,-,False,49/49,100.0%,True,-,-,-,-,-,-,109.71
2026-09-28 23:16:17,train,199,SHOULDER,0,0,49,0.0%,0,-,-,,-,False,49/49,100.0%,True,-,-,-,-,-,-,89.9
2026-09-28 23:17:59,train,200,SHOULDER,48,49,49,98.0%,0,-,-,,-,False,49/49,100.0%,True,-,-,-,-,-,-,72.25
2026-09-28 23:19:54,train,201,SHOULDER,48,49,49,98.0%,0,-,-,,-,False,49/49,100.0%,True,-,-,-,-,-,-,85.15
2026-09-28 23:21:36,train,202,SHOULDER,49,49,49,100.0%,49,-,-,,-,False,49/49,100.0%,True,-,-,-,-,-,-,71.98
2026-09-28 23:23:33,train,203,SHOULDER,35,36,49,71.4%,0,-,-,,-,False,49/49,100.0%,True,-,-,-,-,-,-,87.1
2026-09-28 23:25:33,train,204,SHOULDER,49,49,49,100.0%,49,-,-,,-,False,49/49,100.0%,True,-,-,-,-,-,-,89.71
2026-09-28 23:27:33,train,205,SHOULDER,46,49,49,93.9%,0,-,-,,-,False,49/49,100.0%,True,-,-,-,-,-,-,89.73
2026-09-28 23:29:14,train,206,SHOULDER,46,49,49,93.9%,0,-,-,,-,False,49/49,100.0%,True,-,-,-,-,-,-,71.71
2026-09-28 23:31:03,train,207,SHOULDER,47,49,49,95.9%,0,-,-,,-,False,49/49,100.0%,True,-,-,-,-,-,-,78.63
2026-09-28 23:32:45,train,208,SHOULDER,44,49,49,89.8%,0,-,-,,-,False,49/49,100.0%,True,-,-,-,-,-,-,71.93
2026-09-28 23:34:27,train,209,SHOULDER,49,49,49,100.0%,49,-,-,,-,False,49/49,100.0%,True,-,-,-,-,-,-,72.07
2026-09-28 23:36:20,train,210,SHOULDER,49,49,49,100.0%,49,-,-,,-,False,49/49,100.0%,True,-,-,-,-,-,-,82.55
2026-09-28 23:38:02,train,211,SHOULDER,48,49,49,98.0%,0,-,-,,-,False,49/49,100.0%,True,-,-,-,-,-,-,71.98
2026-09-28 23:39:43,train,212,SHOULDER,49,49,49,100.0%,49,-,-,,-,False,49/49,100.0%,True,-,-,-,-,-,-,71.88
2026-09-28 23:41:43,train,213,SHOULDER,48,49,49,98.0%,0,-,-,,-,False,49/49,100.0%,True,-,-,-,-,-,-,89.63
2026-09-28 23:43:25,train,214,SHOULDER,48,49,49,98.0%,0,-,-,,-,False,49/49,100.0%,True,-,-,-,-,-,-,71.95
2026-09-28 23:45:24,train,215,SHOULDER,49,49,49,100.0%,49,-,-,,-,False,49/49,100.0%,True,-,-,-,-,-,-,89.33
2026-09-28 23:47:06,train,216,SHOULDER,49,49,49,100.0%,49,-,-,,-,False,49/49,100.0%,True,-,-,-,-,-,-,71.89
2026-09-28 23:49:04,train,217,SHOULDER,48,49,49,98.0%,0,-,-,,-,False,49/49,100.0%,True,-,-,-,-,-,-,87.86
2026-09-28 23:50:46,train,218,SHOULDER,47,49,49,95.9%,0,-,-,,-,False,49/49,100.0%,True,-,-,-,-,-,-,71.88
2026-09-28 23:52:28,train,219,SHOULDER,48,49,49,98.0%,0,-,-,,-,False,49/49,100.0%,True,-,-,-,-,-,-,72.35
2026-09-28 23:54:10,train,220,SHOULDER,49,49,49,100.0%,49,-,-,,-,False,49/49,100.0%,True,-,-,-,-,-,-,71.93
2026-09-28 23:56:02,train,221,SHOULDER,49,49,49,100.0%,49,-,-,,-,False,49/49,100.0%,True,-,-,-,-,-,-,81.94
2026-09-28 23:57:52,train,222,SHOULDER,48,48,49,98.0%,0,-,-,,-,False,49/49,100.0%,True,-,-,-,-,-,-,80.09
2026-09-28 23:59:34,train,223,SHOULDER,49,49,49,100.0%,49,-,-,,-,False,49/49,100.0%,True,-,-,-,-,-,-,72.17
2026-09-29 00:01:16,train,224,SHOULDER,47,49,49,95.9%,0,-,-,,-,False,49/49,100.0%,True,-,-,-,-,-,-,71.97
2026-09-29 00:02:59,train,225,SHOULDER,49,49,49,100.0%,49,-,-,,-,False,49/49,100.0%,True,-,-,-,-,-,-,72.55
2026-09-29 00:05:03,train,226,SHOULDER,49,49,49,100.0%,49,-,-,,-,False,49/49,100.0%,True,-,-,-,-,-,-,93.69
2026-09-29 00:06:45,train,227,SHOULDER,49,49,49,100.0%,49,-,-,,-,False,49/49,100.0%,True,-,-,-,-,-,-,71.93
2026-09-29 00:08:48,train,228,SHOULDER,48,49,49,98.0%,0,-,-,,-,False,49/49,100.0%,True,-,-,-,-,-,-,93.14
2026-09-29 00:10:30,train,229,SHOULDER,49,49,49,100.0%,49,-,-,,-,False,49/49,100.0%,True,-,-,-,-,-,-,72.02
2026-09-29 00:12:12,train,230,SHOULDER,46,49,49,93.9%,0,-,-,,-,False,49/49,100.0%,True,-,-,-,-,-,-,71.97
2026-09-29 00:13:54,train,231,SHOULDER,48,49,49,98.0%,0,-,-,,-,False,49/49,100.0%,True,-,-,-,-,-,-,72.29
2026-09-29 00:15:45,train,232,SHOULDER,48,49,49,98.0%,0,-,-,,-,False,49/49,100.0%,True,-,-,-,-,-,-,80.54
2026-09-29 00:17:27,train,233,SHOULDER,49,49,49,100.0%,49,-,-,,-,False,49/49,100.0%,True,-,-,-,-,-,-,72.04
2026-09-29 00:19:09,train,234,SHOULDER,48,49,49,98.0%,0,-,-,,-,False,49/49,100.0%,True,-,-,-,-,-,-,72.47
2026-09-29 00:20:51,train,235,SHOULDER,49,49,49,100.0%,49,-,-,,-,False,49/49,100.0%,True,-,-,-,-,-,-,71.95
2026-09-29 00:22:50,train,236,SHOULDER,48,48,49,98.0%,0,-,-,,-,False,49/49,100.0%,True,-,-,-,-,-,-,88.86
2026-09-29 00:25:08,train,237,SHOULDER,47,49,49,95.9%,0,-,-,,-,False,49/49,100.0%,True,-,-,-,-,-,-,107.58
2026-09-29 00:26:49,train,238,SHOULDER,49,49,49,100.0%,49,-,-,,-,False,49/49,100.0%,True,-,-,-,-,-,-,71.84
2026-09-29 00:28:49,train,239,SHOULDER,47,49,49,95.9%,0,-,-,,-,False,49/49,100.0%,True,-,-,-,-,-,-,89.18
2026-09-29 00:30:46,train,240,SHOULDER,47,49,49,95.9%,0,-,-,,-,False,49/49,100.0%,True,-,-,-,-,-,-,87.1
2026-09-29 00:32:28,train,241,SHOULDER,48,48,49,98.0%,48,-,-,,-,False,49/49,100.0%,True,-,-,-,-,-,-,71.97
2026-09-29 00:34:28,train,242,SHOULDER,47,47,49,95.9%,0,-,-,,-,False,49/49,100.0%,True,-,-,-,-,-,-,90.25
2026-09-29 00:36:10,train,243,SHOULDER,49,49,49,100.0%,49,-,-,,-,False,49/49,100.0%,True,-,-,-,-,-,-,71.85
2026-09-29 00:37:52,train,244,SHOULDER,49,49,49,100.0%,49,-,-,,-,False,49/49,100.0%,True,-,-,-,-,-,-,71.87
2026-09-29 00:39:34,train,245,SHOULDER,49,49,49,100.0%,49,-,-,,-,False,49/49,100.0%,True,-,-,-,-,-,-,72.09
2026-09-29 00:41:16,train,246,SHOULDER,45,48,49,91.8%,0,-,-,,-,False,49/49,100.0%,True,-,-,-,-,-,-,72.17
2026-09-29 00:42:58,train,247,SHOULDER,48,48,49,98.0%,0,-,-,,-,False,49/49,100.0%,True,-,-,-,-,-,-,72.01
2026-09-29 00:45:02,train,248,SHOULDER,49,49,49,100.0%,49,-,-,,-,False,49/49,100.0%,True,-,-,-,-,-,-,93.79
2026-09-29 00:46:56,train,249,SHOULDER,49,49,49,100.0%,49,-,-,,-,False,49/49,100.0%,True,-,-,-,-,-,-,84.73
2026-09-29 00:48:38,train,250,SHOULDER,49,49,49,100.0%,49,-,-,,-,False,49/49,100.0%,True,-,-,-,-,-,-,71.86
2026-09-29 00:50:20,train,251,SHOULDER,47,49,49,95.9%,0,-,-,,-,False,49/49,100.0%,True,-,-,-,-,-,-,71.87
2026-09-29 00:52:23,train,252,SHOULDER,49,49,49,100.0%,49,-,-,,-,False,49/49,100.0%,True,-,-,-,-,-,-,92.96
2026-09-29 00:54:05,train,253,SHOULDER,48,49,49,98.0%,0,-,-,,-,False,49/49,100.0%,True,-,-,-,-,-,-,71.81
2026-09-29 00:56:39,train,254,SHOULDER,47,49,49,95.9%,0,-,-,,-,False,49/49,100.0%,True,-,-,-,-,-,-,124.14
2026-09-29 00:58:39,train,255,SHOULDER,48,49,49,98.0%,0,-,-,,-,False,49/49,100.0%,True,-,-,-,-,-,-,89.52
2026-09-29 01:00:20,train,256,SHOULDER,48,49,49,98.0%,0,-,-,,-,False,49/49,100.0%,True,-,-,-,-,-,-,71.93
2026-09-29 01:02:27,train,257,SHOULDER,49,49,49,100.0%,49,-,-,,-,False,49/49,100.0%,True,-,-,-,-,-,-,96.74
2026-09-29 01:04:09,train,258,SHOULDER,45,49,49,91.8%,0,-,-,,-,False,49/49,100.0%,True,-,-,-,-,-,-,71.92
2026-09-29 01:05:56,train,259,SHOULDER,49,49,49,100.0%,49,-,-,,-,False,49/49,100.0%,True,-,-,-,-,-,-,77.35
2026-09-29 01:07:48,train,260,SHOULDER,49,49,49,100.0%,49,-,-,,-,False,49/49,100.0%,True,-,-,-,-,-,-,81.81
2026-09-29 01:09:30,train,261,SHOULDER,49,49,49,100.0%,49,-,-,,-,False,49/49,100.0%,True,-,-,-,-,-,-,71.75
2026-09-29 01:11:12,train,262,SHOULDER,48,49,49,98.0%,0,-,-,,-,False,49/49,100.0%,True,-,-,-,-,-,-,72.38
2026-09-29 01:13:10,train,263,SHOULDER,8,43,49,16.3%,0,-,-,,-,False,49/49,100.0%,True,-,-,-,-,-,-,87.82
2026-09-29 01:14:53,train,264,SHOULDER,46,49,49,93.9%,0,-,-,,-,False,49/49,100.0%,True,-,-,-,-,-,-,72.38
2026-09-29 01:16:48,train,265,SHOULDER,49,49,49,100.0%,49,-,-,,-,False,49/49,100.0%,True,-,-,-,-,-,-,85.68
2026-09-29 01:18:38,train,266,SHOULDER,49,49,49,100.0%,49,-,-,,-,False,49/49,100.0%,True,-,-,-,-,-,-,79.29
2026-09-29 01:20:20,train,267,SHOULDER,49,49,49,100.0%,49,-,-,,-,False,49/49,100.0%,True,-,-,-,-,-,-,72.0
2026-09-29 01:22:02,train,268,SHOULDER,49,49,49,100.0%,49,-,-,,-,False,49/49,100.0%,True,-,-,-,-,-,-,72.08
2026-09-29 01:24:04,train,269,SHOULDER,47,49,49,95.9%,0,-,-,,-,False,49/49,100.0%,True,-,-,-,-,-,-,91.82
2026-09-29 01:25:46,train,270,SHOULDER,49,49,49,100.0%,49,-,-,,-,False,49/49,100.0%,True,-,-,-,-,-,-,72.02
2026-09-29 01:27:27,train,271,SHOULDER,49,49,49,100.0%,49,-,-,,-,False,49/49,100.0%,True,-,-,-,-,-,-,71.9
2026-09-29 01:29:47,train,272,SHOULDER,47,48,49,95.9%,0,-,-,,-,False,49/49,100.0%,True,-,-,-,-,-,-,109.23
2026-09-29 01:32:14,train,273,SHOULDER,49,49,49,100.0%,49,-,-,,-,False,49/49,100.0%,True,-,-,-,-,-,-,117.21
2026-09-29 01:33:56,train,274,SHOULDER,42,49,49,85.7%,0,-,-,,-,False,49/49,100.0%,True,-,-,-,-,-,-,72.29
2026-09-29 01:35:38,train,275,SHOULDER,49,49,49,100.0%,49,-,-,,-,False,49/49,100.0%,True,-,-,-,-,-,-,71.71
2026-09-29 01:38:19,train,276,SHOULDER,49,49,49,100.0%,49,-,-,,-,False,49/49,100.0%,True,-,-,-,-,-,-,131.27
2026-09-29 01:40:06,train,277,SHOULDER,41,41,49,83.7%,0,-,-,,-,False,49/49,100.0%,True,-,-,-,-,-,-,77.22
2026-09-29 01:41:48,train,278,SHOULDER,48,48,49,98.0%,0,-,-,,-,False,49/49,100.0%,True,-,-,-,-,-,-,71.88
2026-09-29 01:43:31,train,279,SHOULDER,49,49,49,100.0%,49,-,-,,-,False,49/49,100.0%,True,-,-,-,-,-,-,72.51
2026-09-29 01:45:00,train,280,SHOULDER,48,49,49,98.0%,0,-,-,,-,False,49/49,100.0%,True,-,-,-,-,-,-,86.87
2026-09-29 01:46:42,train,281,SHOULDER,49,49,49,100.0%,49,-,-,,-,False,49/49,100.0%,True,-,-,-,-,-,-,72.26
2026-09-29 01:48:47,train,282,SHOULDER,48,49,49,98.0%,0,-,-,,-,False,49/49,100.0%,True,-,-,-,-,-,-,94.89
2026-09-29 01:50:34,train,283,SHOULDER,49,49,49,100.0%,49,-,-,,-,False,49/49,100.0%,True,-,-,-,-,-,-,77.16
2026-09-29 01:52:16,train,284,SHOULDER,49,49,49,100.0%,49,-,-,,-,False,49/49,100.0%,True,-,-,-,-,-,-,72.04
2026-09-29 01:53:58,train,285,SHOULDER,48,48,49,98.0%,0,-,-,,-,False,49/49,100.0%,True,-,-,-,-,-,-,72.18
2026-09-29 01:55:48,train,286,SHOULDER,49,49,49,100.0%,49,-,-,,-,False,49/49,100.0%,True,-,-,-,-,-,-,79.38
2026-09-29 01:58:07,train,287,SHOULDER,0,0,49,0.0%,0,-,-,,-,False,49/49,100.0%,True,-,-,-,-,-,-,109.01
2026-09-29 02:00:01,train,288,SHOULDER,46,49,49,93.9%,0,-,-,,-,False,49/49,100.0%,True,-,-,-,-,-,-,84.0
2026-09-29 02:01:43,train,289,SHOULDER,49,49,49,100.0%,49,-,-,,-,False,49/49,100.0%,True,-,-,-,-,-,-,71.96
2026-09-29 02:03:47,train,290,SHOULDER,48,48,49,98.0%,0,-,-,,-,False,49/49,100.0%,True,-,-,-,-,-,-,94.15
2026-09-29 02:05:29,train,291,SHOULDER,47,49,49,95.9%,0,-,-,,-,False,49/49,100.0%,True,-,-,-,-,-,-,72.21
2026-09-29 02:07:21,train,292,SHOULDER,49,49,49,100.0%,49,-,-,,-,False,49/49,100.0%,True,-,-,-,-,-,-,82.0
2026-09-29 02:09:03,train,293,SHOULDER,49,49,49,100.0%,49,-,-,,-,False,49/49,100.0%,True,-,-,-,-,-,-,72.01
2026-09-29 02:11:13,train,294,SHOULDER,0,0,49,0.0%,0,-,-,,-,False,49/49,100.0%,True,-,-,-,-,-,-,100.3
2026-09-29 02:13:06,train,295,SHOULDER,48,48,49,98.0%,0,-,-,,-,False,49/49,100.0%,True,-,-,-,-,-,-,82.66
2026-09-29 02:14:48,train,296,SHOULDER,49,49,49,100.0%,49,-,-,,-,False,49/49,100.0%,True,-,-,-,-,-,-,71.98
2026-09-29 02:16:30,train,297,SHOULDER,49,49,49,100.0%,49,-,-,,-,False,49/49,100.0%,True,-,-,-,-,-,-,72.03
2026-09-29 02:18:22,train,298,SHOULDER,48,49,49,98.0%,0,-,-,,-,False,49/49,100.0%,True,-,-,-,-,-,-,82.44
2026-09-29 02:20:04,train,299,SHOULDER,49,49,49,100.0%,49,-,-,,-,False,49/49,100.0%,True,-,-,-,-,-,-,71.96
2026-09-29 02:22:45,train,300,SHOULDER,49,49,49,100.0%,49,-,-,,-,False,49/49,100.0%,True,-,-,-,-,-,-,130.49
2026-09-29 02:25:17,train,301,SHOULDER,0,0,49,0.0%,0,-,-,,-,False,49/49,100.0%,True,-,-,-,-,-,-,121.74
2026-09-29 02:26:59,train,302,SHOULDER,47,49,49,95.9%,0,-,-,,-,False,49/49,100.0%,True,-,-,-,-,-,-,72.63
2026-09-29 02:28:41,train,303,SHOULDER,48,49,49,98.0%,0,-,-,,-,False,49/49,100.0%,True,-,-,-,-,-,-,72.02
2026-09-29 02:30:23,train,304,SHOULDER,49,49,49,100.0%,49,-,-,,-,False,49/49,100.0%,True,-,-,-,-,-,-,72.01
2026-09-29 02:32:06,train,305,SHOULDER,48,49,49,98.0%,0,-,-,,-,False,49/49,100.0%,True,-,-,-,-,-,-,72.28
2026-09-29 02:33:48,train,306,SHOULDER,48,49,49,98.0%,0,-,-,,-,False,49/49,100.0%,True,-,-,-,-,-,-,72.09
2026-09-29 02:35:30,train,307,SHOULDER,49,49,49,100.0%,49,-,-,,-,False,49/49,100.0%,True,-,-,-,-,-,-,72.03
2026-09-29 02:37:31,train,308,SHOULDER,47,49,49,95.9%,0,-,-,,-,False,49/49,100.0%,True,-,-,-,-,-,-,91.52
2026-09-29 02:39:13,train,309,SHOULDER,49,49,49,100.0%,49,-,-,,-,False,49/49,100.0%,True,-,-,-,-,-,-,72.16
2026-09-29 02:41:15,train,310,SHOULDER,49,49,49,100.0%,49,-,-,,-,False,49/49,100.0%,True,-,-,-,-,-,-,91.32
2026-09-29 02:43:17,train,311,SHOULDER,0,0,49,0.0%,0,-,-,,-,False,49/49,100.0%,True,-,-,-,-,-,-,92.56
2026-09-29 02:45:12,train,312,SHOULDER,49,49,49,100.0%,49,-,-,,-,False,49/49,100.0%,True,-,-,-,-,-,-,84.36
2026-09-29 02:47:07,train,313,SHOULDER,49,49,49,100.0%,49,-,-,,-,False,49/49,100.0%,True,-,-,-,-,-,-,85.58
2026-09-29 02:48:58,train,314,SHOULDER,49,49,49,100.0%,49,-,-,,-,False,49/49,100.0%,True,-,-,-,-,-,-,80.8
2026-09-29 02:50:40,train,315,SHOULDER,49,49,49,100.0%,49,-,-,,-,False,49/49,100.0%,True,-,-,-,-,-,-,72.28
2026-09-29 02:52:32,train,316,SHOULDER,48,49,49,98.0%,0,-,-,,-,False,49/49,100.0%,True,-,-,-,-,-,-,81.53
2026-09-29 02:54:14,train,317,SHOULDER,46,49,49,93.9%,0,-,-,,-,False,49/49,100.0%,True,-,-,-,-,-,-,71.89
2026-09-29 02:56:03,train,318,SHOULDER,39,49,49,79.6%,0,-,-,,-,False,49/49,100.0%,True,-,-,-,-,-,-,78.97
2026-09-29 02:57:45,train,319,SHOULDER,49,49,49,100.0%,49,-,-,,-,False,49/49,100.0%,True,-,-,-,-,-,-,72.01
2026-09-29 02:59:27,train,320,SHOULDER,49,49,49,100.0%,49,-,-,,-,False,49/49,100.0%,True,-,-,-,-,-,-,72.21
2026-09-29 03:01:20,train,321,SHOULDER,49,49,49,100.0%,49,-,-,,-,False,49/49,100.0%,True,-,-,-,-,-,-,83.34
2026-09-29 03:03:02,train,322,SHOULDER,46,49,49,93.9%,0,-,-,,-,False,49/49,100.0%,True,-,-,-,-,-,-,71.98
2026-09-29 03:05:43,train,323,SHOULDER,49,49,49,100.0%,49,-,-,,-,False,49/49,100.0%,True,-,-,-,-,-,-,130.95
2026-09-29 03:07:26,train,324,SHOULDER,48,49,49,98.0%,0,-,-,,-,False,49/49,100.0%,True,-,-,-,-,-,-,72.4
2026-09-29 03:09:57,train,325,SHOULDER,49,49,49,100.0%,49,-,-,,-,False,49/49,100.0%,True,-,-,-,-,-,-,121.52
2026-09-29 03:12:03,train,326,SHOULDER,0,0,49,0.0%,0,-,-,,-,False,49/49,100.0%,True,-,-,-,-,-,-,96.33
2026-09-29 03:14:01,train,327,SHOULDER,0,0,49,0.0%,0,-,-,,-,False,49/49,100.0%,True,-,-,-,-,-,-,87.95
2026-09-29 03:15:44,train,328,SHOULDER,49,49,49,100.0%,49,-,-,,-,False,49/49,100.0%,True,-,-,-,-,-,-,72.25
2026-09-29 03:17:26,train,329,SHOULDER,48,49,49,98.0%,0,-,-,,-,False,49/49,100.0%,True,-,-,-,-,-,-,71.99
2026-09-29 03:19:23,train,330,SHOULDER,47,48,49,95.9%,0,-,-,,-,False,49/49,100.0%,True,-,-,-,-,-,-,87.77
2026-09-29 03:21:21,train,331,SHOULDER,46,48,49,93.9%,0,-,-,,-,False,49/49,100.0%,True,-,-,-,-,-,-,87.48
2026-09-29 03:23:12,train,332,SHOULDER,48,49,49,98.0%,0,-,-,,-,False,49/49,100.0%,True,-,-,-,-,-,-,81.3
2026-09-29 03:24:54,train,333,SHOULDER,48,49,49,98.0%,0,-,-,,-,False,49/49,100.0%,True,-,-,-,-,-,-,71.73
2026-09-29 03:26:36,train,334,SHOULDER,46,49,49,93.9%,0,-,-,,-,False,49/49,100.0%,True,-,-,-,-,-,-,71.96
2026-09-29 03:28:34,train,335,SHOULDER,48,49,49,98.0%,0,-,-,,-,False,49/49,100.0%,True,-,-,-,-,-,-,88.58
2026-09-29 03:30:16,train,336,SHOULDER,49,49,49,100.0%,49,-,-,,-,False,49/49,100.0%,True,-,-,-,-,-,-,71.94
2026-09-29 03:32:07,train,337,SHOULDER,49,49,49,100.0%,49,-,-,,-,False,49/49,100.0%,True,-,-,-,-,-,-,80.31
2026-09-29 03:33:48,train,338,SHOULDER,49,49,49,100.0%,49,-,-,,-,False,49/49,100.0%,True,-,-,-,-,-,-,71.81
2026-09-29 03:35:30,train,339,SHOULDER,48,49,49,98.0%,0,-,-,,-,False,49/49,100.0%,True,-,-,-,-,-,-,72.0
2026-09-29 03:37:23,train,340,SHOULDER,0,0,49,0.0%,0,-,-,,-,False,49/49,100.0%,True,-,-,-,-,-,-,82.56
2026-09-29 03:39:16,train,341,SHOULDER,23,23,49,46.9%,0,-,-,,-,False,49/49,100.0%,True,-,-,-,-,-,-,82.76
2026-09-29 03:40:58,train,342,SHOULDER,49,49,49,100.0%,49,-,-,,-,False,49/49,100.0%,True,-,-,-,-,-,-,72.08
2026-09-29 03:43:00,train,343,SHOULDER,48,49,49,98.0%,0,-,-,,-,False,49/49,100.0%,True,-,-,-,-,-,-,92.04
2026-09-29 03:44:42,train,344,SHOULDER,48,49,49,98.0%,0,-,-,,-,False,49/49,100.0%,True,-,-,-,-,-,-,72.03
2026-09-29 03:47:04,train,345,SHOULDER,0,0,49,0.0%,0,-,-,,-,False,49/49,100.0%,True,-,-,-,-,-,-,112.38
2026-09-29 03:49:03,train,346,SHOULDER,47,49,49,95.9%,0,-,-,,-,False,49/49,100.0%,True,-,-,-,-,-,-,88.58
2026-09-29 03:50:45,train,347,SHOULDER,47,49,49,95.9%,0,-,-,,-,False,49/49,100.0%,True,-,-,-,-,-,-,71.94
2026-09-29 03:52:45,train,348,SHOULDER,47,49,49,95.9%,0,-,-,,-,False,49/49,100.0%,True,-,-,-,-,-,-,89.67
2026-09-29 03:54:37,train,349,SHOULDER,0,9,49,0.0%,0,-,-,,-,False,49/49,100.0%,True,-,-,-,-,-,-,82.0
2026-09-29 03:56:19,train,350,SHOULDER,46,49,49,93.9%,0,-,-,,-,False,49/49,100.0%,True,-,-,-,-,-,-,72.17
2026-09-29 03:58:18,train,351,SHOULDER,46,49,49,93.9%,0,-,-,,-,False,49/49,100.0%,True,-,-,-,-,-,-,89.51
2026-09-29 04:00:00,train,352,SHOULDER,49,49,49,100.0%,49,-,-,,-,False,49/49,100.0%,True,-,-,-,-,-,-,72.2
2026-09-29 04:02:03,train,353,SHOULDER,6,6,49,12.2%,0,-,-,,-,False,49/49,100.0%,True,-,-,-,-,-,-,92.44
2026-09-29 04:03:45,train,354,SHOULDER,44,49,49,89.8%,0,-,-,,-,False,49/49,100.0%,True,-,-,-,-,-,-,72.3
2026-09-29 04:05:41,train,355,SHOULDER,0,0,49,0.0%,0,-,-,,-,False,49/49,100.0%,True,-,-,-,-,-,-,85.73
2026-09-29 04:07:23,train,356,SHOULDER,48,49,49,98.0%,0,-,-,,-,False,49/49,100.0%,True,-,-,-,-,-,-,72.03
2026-09-29 04:09:27,train,357,SHOULDER,47,49,49,95.9%,0,-,-,,-,False,49/49,100.0%,True,-,-,-,-,-,-,94.43
2026-09-29 04:11:17,train,358,SHOULDER,45,49,49,91.8%,0,-,-,,-,False,49/49,100.0%,True,-,-,-,-,-,-,79.39
2026-09-29 04:12:59,train,359,SHOULDER,48,49,49,98.0%,0,-,-,,-,False,49/49,100.0%,True,-,-,-,-,-,-,72.01
2026-09-29 04:14:41,train,360,SHOULDER,49,49,49,100.0%,49,-,-,,-,False,49/49,100.0%,True,-,-,-,-,-,-,72.33
2026-09-29 04:16:23,train,361,SHOULDER,34,48,49,69.4%,0,-,-,,-,False,49/49,100.0%,True,-,-,-,-,-,-,71.92
2026-09-29 04:18:05,train,362,SHOULDER,49,49,49,100.0%,49,-,-,,-,False,49/49,100.0%,True,-,-,-,-,-,-,71.74
2026-09-29 04:20:12,train,363,SHOULDER,49,49,49,100.0%,49,-,-,,-,False,49/49,100.0%,True,-,-,-,-,-,-,97.15
2026-09-29 04:21:54,train,364,SHOULDER,48,49,49,98.0%,0,-,-,,-,False,49/49,100.0%,True,-,-,-,-,-,-,72.01
2026-09-29 04:23:48,train,365,SHOULDER,0,28,49,0.0%,0,-,-,,-,False,49/49,100.0%,True,-,-,-,-,-,-,83.94
2026-09-29 04:25:30,train,366,SHOULDER,49,49,49,100.0%,49,-,-,,-,False,49/49,100.0%,True,-,-,-,-,-,-,71.93
2026-09-29 04:27:22,train,367,SHOULDER,49,49,49,100.0%,49,-,-,,-,False,49/49,100.0%,True,-,-,-,-,-,-,82.64
2026-09-29 04:29:04,train,368,SHOULDER,49,49,49,100.0%,49,-,-,,-,False,49/49,100.0%,True,-,-,-,-,-,-,71.95
2026-09-29 04:30:46,train,369,SHOULDER,49,49,49,100.0%,49,-,-,,-,False,49/49,100.0%,True,-,-,-,-,-,-,72.04
2026-09-29 04:32:29,train,370,SHOULDER,48,49,49,98.0%,0,-,-,,-,False,49/49,100.0%,True,-,-,-,-,-,-,72.16
2026-09-29 04:34:10,train,371,SHOULDER,49,49,49,100.0%,49,-,-,,-,False,49/49,100.0%,True,-,-,-,-,-,-,71.69
2026-09-29 04:36:01,train,372,SHOULDER,49,49,49,100.0%,49,-,-,,-,False,49/49,100.0%,True,-,-,-,-,-,-,80.28
2026-09-29 04:37:43,train,373,SHOULDER,49,49,49,100.0%,49,-,-,,-,False,49/49,100.0%,True,-,-,-,-,-,-,72.1
2026-09-29 04:39:25,train,374,SHOULDER,47,49,49,95.9%,0,-,-,,-,False,49/49,100.0%,True,-,-,-,-,-,-,71.91
2026-09-29 04:41:20,train,375,SHOULDER,48,48,49,98.0%,0,-,-,,-,False,49/49,100.0%,True,-,-,-,-,-,-,85.18
2026-09-29 04:43:02,train,376,SHOULDER,49,49,49,100.0%,49,-,-,,-,False,49/49,100.0%,True,-,-,-,-,-,-,71.96
2026-09-29 04:44:44,train,377,SHOULDER,48,48,49,98.0%,0,-,-,,-,False,49/49,100.0%,True,-,-,-,-,-,-,71.98
2026-09-29 04:46:26,train,378,SHOULDER,46,49,49,93.9%,0,-,-,,-,False,49/49,100.0%,True,-,-,-,-,-,-,72.28
2026-09-29 04:48:26,train,379,SHOULDER,49,49,49,100.0%,49,-,-,,-,False,49/49,100.0%,True,-,-,-,-,-,-,89.96
2026-09-29 04:49:40,train,287,SHOULDER,49,49,49,100.0%,49,-,-,,-,False,49/49,100.0%,True,-,-,-,-,-,-,72.2
2026-09-29 04:51:30,train,288,SHOULDER,48,48,49,98.0%,0,-,-,,-,False,49/49,100.0%,True,-,-,-,-,-,-,80.08
2026-09-29 04:53:12,train,289,SHOULDER,49,49,49,100.0%,49,-,-,,-,False,49/49,100.0%,True,-,-,-,-,-,-,71.79
2026-09-29 04:55:17,train,290,SHOULDER,46,48,49,93.9%,0,-,-,,-,False,49/49,100.0%,True,-,-,-,-,-,-,94.41
2026-09-29 04:57:21,train,291,SHOULDER,45,45,49,91.8%,0,-,-,,-,False,49/49,100.0%,True,-,-,-,-,-,-,94.73
2026-09-29 04:59:18,train,292,SHOULDER,46,49,49,93.9%,0,-,-,,-,False,49/49,100.0%,True,-,-,-,-,-,-,86.42
2026-09-29 05:01:31,train,293,SHOULDER,49,49,49,100.0%,49,-,-,,-,False,49/49,100.0%,True,-,-,-,-,-,-,103.16
2026-09-29 05:03:38,train,294,SHOULDER,45,49,49,91.8%,0,-,-,,-,False,49/49,100.0%,True,-,-,-,-,-,-,96.78
2026-09-29 05:05:20,train,295,SHOULDER,47,49,49,95.9%,0,-,-,,-,False,49/49,100.0%,True,-,-,-,-,-,-,71.9
2026-09-29 05:07:39,train,296,SHOULDER,49,49,49,100.0%,49,-,-,,-,False,49/49,100.0%,True,-,-,-,-,-,-,109.8
2026-09-29 05:09:22,train,297,SHOULDER,49,49,49,100.0%,49,-,-,,-,False,49/49,100.0%,True,-,-,-,-,-,-,72.17
2026-09-29 05:11:11,train,298,SHOULDER,48,49,49,98.0%,0,-,-,,-,False,49/49,100.0%,True,-,-,-,-,-,-,79.45
2026-09-29 05:13:02,train,299,SHOULDER,47,49,49,95.9%,0,-,-,,-,False,49/49,100.0%,True,-,-,-,-,-,-,81.12
2026-09-29 05:15:07,train,300,SHOULDER,0,24,49,0.0%,0,-,-,,-,False,49/49,100.0%,True,-,-,-,-,-,-,94.4
2026-09-29 05:16:48,train,301,SHOULDER,41,48,49,83.7%,0,-,-,,-,False,49/49,100.0%,True,-,-,-,-,-,-,71.95
2026-09-29 05:19:29,train,302,SHOULDER,49,49,49,100.0%,49,-,-,,-,False,49/49,100.0%,True,-,-,-,-,-,-,130.96
2026-09-29 05:21:14,train,303,SHOULDER,49,49,49,100.0%,49,-,-,,-,False,49/49,100.0%,True,-,-,-,-,-,-,74.31
2026-09-29 05:22:57,train,304,SHOULDER,49,49,49,100.0%,49,-,-,,-,False,49/49,100.0%,True,-,-,-,-,-,-,72.83
2026-09-29 05:24:39,train,305,SHOULDER,48,49,49,98.0%,0,-,-,,-,False,49/49,100.0%,True,-,-,-,-,-,-,72.29
2026-09-29 05:26:40,train,306,SHOULDER,48,49,49,98.0%,0,-,-,,-,False,49/49,100.0%,True,-,-,-,-,-,-,90.95
2026-09-29 05:28:31,train,307,SHOULDER,49,49,49,100.0%,49,-,-,,-,False,49/49,100.0%,True,-,-,-,-,-,-,80.69
2026-09-29 05:30:27,train,308,SHOULDER,46,49,49,93.9%,0,-,-,,-,False,49/49,100.0%,True,-,-,-,-,-,-,86.13
2026-09-29 05:32:34,train,309,SHOULDER,48,49,49,98.0%,0,-,-,,-,False,49/49,100.0%,True,-,-,-,-,-,-,97.69
2026-09-29 05:34:16,train,310,SHOULDER,48,49,49,98.0%,0,-,-,,-,False,49/49,100.0%,True,-,-,-,-,-,-,72.04
2026-09-29 05:36:14,train,311,SHOULDER,48,49,49,98.0%,0,-,-,,-,False,49/49,100.0%,True,-,-,-,-,-,-,87.91
2026-09-29 05:38:25,train,312,SHOULDER,48,49,49,98.0%,0,-,-,,-,False,49/49,100.0%,True,-,-,-,-,-,-,100.67
2026-09-29 05:41:06,train,313,SHOULDER,48,49,49,98.0%,0,-,-,,-,False,49/49,100.0%,True,-,-,-,-,-,-,130.98
2026-09-29 05:42:57,train,314,SHOULDER,48,49,49,98.0%,0,-,-,,-,False,49/49,100.0%,True,-,-,-,-,-,-,81.46
2026-09-29 05:44:39,train,315,SHOULDER,49,49,49,100.0%,49,-,-,,-,False,49/49,100.0%,True,-,-,-,-,-,-,71.98
2026-09-29 05:46:37,train,316,SHOULDER,49,49,49,100.0%,49,-,-,,-,False,49/49,100.0%,True,-,-,-,-,-,-,87.69
2026-09-29 05:48:19,train,317,SHOULDER,49,49,49,100.0%,49,-,-,,-,False,49/49,100.0%,True,-,-,-,-,-,-,72.05
2026-09-29 05:50:19,train,318,SHOULDER,47,49,49,95.9%,0,-,-,,-,False,49/49,100.0%,True,-,-,-,-,-,-,89.71
2026-09-29 05:52:16,train,319,SHOULDER,48,49,49,98.0%,0,-,-,,-,False,49/49,100.0%,True,-,-,-,-,-,-,86.74
2026-09-29 05:54:09,train,320,SHOULDER,48,48,49,98.0%,0,-,-,,-,False,49/49,100.0%,True,-,-,-,-,-,-,83.45
2026-09-29 05:55:51,train,321,SHOULDER,47,49,49,95.9%,0,-,-,,-,False,49/49,100.0%,True,-,-,-,-,-,-,72.01
2026-09-29 05:57:33,train,322,SHOULDER,49,49,49,100.0%,49,-,-,,-,False,49/49,100.0%,True,-,-,-,-,-,-,72.12
2026-09-29 05:59:38,train,323,SHOULDER,49,49,49,100.0%,49,-,-,,-,False,49/49,100.0%,True,-,-,-,-,-,-,95.31
2026-09-29 06:01:21,train,324,SHOULDER,48,48,49,98.0%,1,-,-,,-,False,49/49,100.0%,True,-,-,-,-,-,-,72.32
2026-09-29 06:03:15,train,325,SHOULDER,45,49,49,91.8%,0,-,-,,-,False,49/49,100.0%,True,-,-,-,-,-,-,84.07
2026-09-29 06:04:57,train,326,SHOULDER,48,49,49,98.0%,0,-,-,,-,False,49/49,100.0%,True,-,-,-,-,-,-,71.99
2026-09-29 06:06:54,train,327,SHOULDER,48,49,49,98.0%,0,-,-,,-,False,49/49,100.0%,True,-,-,-,-,-,-,87.55
2026-09-29 06:08:36,train,328,SHOULDER,48,49,49,98.0%,0,-,-,,-,False,49/49,100.0%,True,-,-,-,-,-,-,72.02
2026-09-29 06:10:26,train,329,SHOULDER,46,49,49,93.9%,0,-,-,,-,False,49/49,100.0%,True,-,-,-,-,-,-,79.38
2026-09-29 06:12:08,train,330,SHOULDER,48,49,49,98.0%,0,-,-,,-,False,49/49,100.0%,True,-,-,-,-,-,-,71.99
2026-09-29 06:13:50,train,331,SHOULDER,49,49,49,100.0%,49,-,-,,-,False,49/49,100.0%,True,-,-,-,-,-,-,72.24
2026-09-29 06:15:32,train,332,SHOULDER,49,49,49,100.0%,49,-,-,,-,False,49/49,100.0%,True,-,-,-,-,-,-,72.22
2026-09-29 06:17:31,train,333,SHOULDER,46,49,49,93.9%,0,-,-,,-,False,49/49,100.0%,True,-,-,-,-,-,-,88.98
2026-09-29 06:19:13,train,334,SHOULDER,48,49,49,98.0%,0,-,-,,-,False,49/49,100.0%,True,-,-,-,-,-,-,72.16
2026-09-29 06:20:55,train,335,SHOULDER,48,49,49,98.0%,0,-,-,,-,False,49/49,100.0%,True,-,-,-,-,-,-,72.02
2026-09-29 06:22:38,train,336,SHOULDER,47,49,49,95.9%,0,-,-,,-,False,49/49,100.0%,True,-,-,-,-,-,-,72.1
2026-09-29 06:24:20,train,337,SHOULDER,47,49,49,95.9%,0,-,-,,-,False,49/49,100.0%,True,-,-,-,-,-,-,71.98
2026-09-29 06:26:02,train,338,SHOULDER,49,49,49,100.0%,49,-,-,,-,False,49/49,100.0%,True,-,-,-,-,-,-,72.32
2026-09-29 06:27:55,train,339,SHOULDER,47,47,49,95.9%,0,-,-,,-,False,49/49,100.0%,True,-,-,-,-,-,-,82.87
2026-09-29 06:29:37,train,340,SHOULDER,45,48,49,91.8%,0,-,-,,-,False,49/49,100.0%,True,-,-,-,-,-,-,72.06
2026-09-29 06:31:43,train,341,SHOULDER,48,49,49,98.0%,0,-,-,,-,False,49/49,100.0%,True,-,-,-,-,-,-,96.25
2026-09-29 06:33:25,train,342,SHOULDER,48,49,49,98.0%,0,-,-,,-,False,49/49,100.0%,True,-,-,-,-,-,-,72.28
2026-09-29 06:35:07,train,343,SHOULDER,49,49,49,100.0%,49,-,-,,-,False,49/49,100.0%,True,-,-,-,-,-,-,72.09
2026-09-29 06:36:49,train,344,SHOULDER,47,49,49,95.9%,0,-,-,,-,False,49/49,100.0%,True,-,-,-,-,-,-,71.84
2026-09-29 06:38:32,train,345,SHOULDER,49,49,49,100.0%,49,-,-,,-,False,49/49,100.0%,True,-,-,-,-,-,-,72.34
2026-09-29 06:40:14,train,346,SHOULDER,47,49,49,95.9%,0,-,-,,-,False,49/49,100.0%,True,-,-,-,-,-,-,71.95
2026-09-29 06:42:11,train,347,SHOULDER,48,49,49,98.0%,0,-,-,,-,False,49/49,100.0%,True,-,-,-,-,-,-,87.54
2026-09-29 06:43:53,train,348,SHOULDER,49,49,49,100.0%,49,-,-,,-,False,49/49,100.0%,True,-,-,-,-,-,-,72.19
2026-09-29 06:45:35,train,349,SHOULDER,49,49,49,100.0%,49,-,-,,-,False,49/49,100.0%,True,-,-,-,-,-,-,71.81
2026-09-29 06:47:36,train,350,SHOULDER,48,49,49,98.0%,0,-,-,,-,False,49/49,100.0%,True,-,-,-,-,-,-,91.2
2026-09-29 06:49:18,train,351,SHOULDER,48,49,49,98.0%,0,-,-,,-,False,49/49,100.0%,True,-,-,-,-,-,-,72.11
2026-09-29 06:51:09,train,352,SHOULDER,48,48,49,98.0%,0,-,-,,-,False,49/49,100.0%,True,-,-,-,-,-,-,80.68
2026-09-29 06:52:51,train,353,SHOULDER,49,49,49,100.0%,49,-,-,,-,False,49/49,100.0%,True,-,-,-,-,-,-,71.93
2026-09-29 06:54:33,train,354,SHOULDER,49,49,49,100.0%,49,-,-,,-,False,49/49,100.0%,True,-,-,-,-,-,-,72.0
2026-09-29 06:56:42,train,355,SHOULDER,48,49,49,98.0%,0,-,-,,-,False,49/49,100.0%,True,-,-,-,-,-,-,98.66
2026-09-29 06:58:42,train,356,SHOULDER,49,49,49,100.0%,49,-,-,,-,False,49/49,100.0%,True,-,-,-,-,-,-,90.69
2026-09-29 07:00:24,train,357,SHOULDER,47,49,49,95.9%,0,-,-,,-,False,49/49,100.0%,True,-,-,-,-,-,-,72.17
2026-09-29 07:02:17,train,358,SHOULDER,44,49,49,89.8%,0,-,-,,-,False,49/49,100.0%,True,-,-,-,-,-,-,82.74
2026-09-29 07:04:07,train,359,SHOULDER,49,49,49,100.0%,49,-,-,,-,False,49/49,100.0%,True,-,-,-,-,-,-,80.08
2026-09-29 07:06:17,train,360,SHOULDER,0,0,49,0.0%,0,-,-,,-,False,49/49,100.0%,True,-,-,-,-,-,-,99.73
2026-09-29 07:07:59,train,361,SHOULDER,49,49,49,100.0%,49,-,-,,-,False,49/49,100.0%,True,-,-,-,-,-,-,72.21
2026-09-29 07:10:22,train,362,SHOULDER,45,49,49,91.8%,0,-,-,,-,False,49/49,100.0%,True,-,-,-,-,-,-,113.15
2026-09-29 07:12:21,train,363,SHOULDER,47,49,49,95.9%,0,-,-,,-,False,49/49,100.0%,True,-,-,-,-,-,-,88.97
2026-09-29 07:14:04,train,364,SHOULDER,49,49,49,100.0%,49,-,-,,-,False,49/49,100.0%,True,-,-,-,-,-,-,72.34
2026-09-29 07:15:46,train,365,SHOULDER,47,49,49,95.9%,0,-,-,,-,False,49/49,100.0%,True,-,-,-,-,-,-,72.15
2026-09-29 07:17:28,train,366,SHOULDER,48,49,49,98.0%,0,-,-,,-,False,49/49,100.0%,True,-,-,-,-,-,-,71.93
2026-09-29 07:19:10,train,367,SHOULDER,43,49,49,87.8%,0,-,-,,-,False,49/49,100.0%,True,-,-,-,-,-,-,72.27
2026-09-29 07:21:03,train,368,SHOULDER,45,45,49,91.8%,0,-,-,,-,False,49/49,100.0%,True,-,-,-,-,-,-,82.55
2026-09-29 07:23:43,train,369,SHOULDER,0,0,49,0.0%,0,-,-,,-,False,49/49,100.0%,True,-,-,-,-,-,-,130.79
2026-09-29 07:25:38,train,370,SHOULDER,49,49,49,100.0%,49,-,-,,-,False,49/49,100.0%,True,-,-,-,-,-,-,84.22
2026-09-29 07:27:20,train,371,SHOULDER,48,49,49,98.0%,0,-,-,,-,False,49/49,100.0%,True,-,-,-,-,-,-,71.97
2026-09-29 07:29:02,train,372,SHOULDER,49,49,49,100.0%,49,-,-,,-,False,49/49,100.0%,True,-,-,-,-,-,-,72.33
2026-09-29 07:31:12,train,373,SHOULDER,49,49,49,100.0%,49,-,-,,-,False,49/49,100.0%,True,-,-,-,-,-,-,99.83
2026-09-29 07:33:02,train,374,SHOULDER,48,49,49,98.0%,0,-,-,,-,False,49/49,100.0%,True,-,-,-,-,-,-,80.48
2026-09-29 07:34:45,train,375,SHOULDER,48,49,49,98.0%,0,-,-,,-,False,49/49,100.0%,True,-,-,-,-,-,-,72.6
2026-09-29 07:36:27,train,376,SHOULDER,43,49,49,87.8%,0,-,-,,-,False,49/49,100.0%,True,-,-,-,-,-,-,72.62
2026-09-29 07:38:16,train,377,SHOULDER,49,49,49,100.0%,49,-,-,,-,False,49/49,100.0%,True,-,-,-,-,-,-,78.89
2026-09-29 07:39:58,train,378,SHOULDER,48,48,49,98.0%,0,-,-,,-,False,49/49,100.0%,True,-,-,-,-,-,-,71.93
2026-09-29 07:42:00,train,379,SHOULDER,49,49,49,100.0%,49,-,-,,-,False,49/49,100.0%,True,-,-,-,-,-,-,91.83
2026-09-29 07:43:57,train,380,SHOULDER,0,10,49,0.0%,0,-,-,,-,False,49/49,100.0%,True,-,-,-,-,-,-,86.85
2026-09-29 07:45:39,train,381,SHOULDER,47,49,49,95.9%,0,-,-,,-,False,49/49,100.0%,True,-,-,-,-,-,-,71.94
2026-09-29 07:47:21,train,382,SHOULDER,48,49,49,98.0%,0,-,-,,-,False,49/49,100.0%,True,-,-,-,-,-,-,72.19
2026-09-29 07:49:33,train,383,SHOULDER,0,0,49,0.0%,0,-,-,,-,False,49/49,100.0%,True,-,-,-,-,-,-,102.09
2026-09-29 07:51:25,train,384,SHOULDER,49,49,49,100.0%,49,-,-,,-,False,49/49,100.0%,True,-,-,-,-,-,-,81.62
2026-09-29 07:53:22,train,385,SHOULDER,49,49,49,100.0%,49,-,-,,-,False,49/49,100.0%,True,-,-,-,-,-,-,87.02
2026-09-29 07:55:04,train,386,SHOULDER,43,48,49,87.8%,0,-,-,,-,False,49/49,100.0%,True,-,-,-,-,-,-,72.21
2026-09-29 07:56:34,train,380,SHOULDER,49,49,49,100.0%,49,-,-,,-,False,49/49,100.0%,True,-,-,-,-,-,-,87.63
2026-09-29 07:58:24,train,381,SHOULDER,49,49,49,100.0%,49,-,-,,-,False,49/49,100.0%,True,-,-,-,-,-,-,80.05
2026-09-29 08:00:17,train,382,SHOULDER,48,49,49,98.0%,0,-,-,,-,False,49/49,100.0%,True,-,-,-,-,-,-,83.18
2026-09-29 08:01:59,train,383,SHOULDER,48,49,49,98.0%,0,-,-,,-,False,49/49,100.0%,True,-,-,-,-,-,-,72.25
2026-09-29 08:03:42,train,384,SHOULDER,48,48,49,98.0%,1,-,-,,-,False,49/49,100.0%,True,-,-,-,-,-,-,72.35
2026-09-29 08:05:24,train,385,SHOULDER,49,49,49,100.0%,49,-,-,,-,False,49/49,100.0%,True,-,-,-,-,-,-,72.07
2026-09-29 08:07:06,train,386,SHOULDER,47,49,49,95.9%,0,-,-,,-,False,49/49,100.0%,True,-,-,-,-,-,-,72.33
2026-09-29 08:08:59,train,387,SHOULDER,49,49,49,100.0%,49,-,-,,-,False,49/49,100.0%,True,-,-,-,-,-,-,82.96
2026-09-29 08:10:41,train,388,SHOULDER,49,49,49,100.0%,49,-,-,,-,False,49/49,100.0%,True,-,-,-,-,-,-,71.98
2026-09-29 08:12:38,train,389,SHOULDER,45,49,49,91.8%,0,-,-,,-,False,49/49,100.0%,True,-,-,-,-,-,-,87.12
2026-09-29 08:14:20,train,390,SHOULDER,49,49,49,100.0%,49,-,-,,-,False,49/49,100.0%,True,-,-,-,-,-,-,71.96
2026-09-29 08:16:26,train,391,SHOULDER,0,0,49,0.0%,0,-,-,,-,False,49/49,100.0%,True,-,-,-,-,-,-,95.77
2026-09-29 08:18:52,train,392,SHOULDER,44,44,49,89.8%,0,-,-,,-,False,49/49,100.0%,True,-,-,-,-,-,-,116.58
2026-09-29 08:21:12,train,393,SHOULDER,46,49,49,93.9%,0,-,-,,-,False,49/49,100.0%,True,-,-,-,-,-,-,109.32
2026-09-29 08:23:09,train,394,SHOULDER,47,49,49,95.9%,0,-,-,,-,False,49/49,100.0%,True,-,-,-,-,-,-,86.79
2026-09-29 08:24:51,train,395,SHOULDER,49,49,49,100.0%,49,-,-,,-,False,49/49,100.0%,True,-,-,-,-,-,-,72.11
2026-09-29 08:26:33,train,396,SHOULDER,49,49,49,100.0%,49,-,-,,-,False,49/49,100.0%,True,-,-,-,-,-,-,72.0
2026-09-29 08:28:33,train,397,SHOULDER,0,0,49,0.0%,0,-,-,,-,False,49/49,100.0%,True,-,-,-,-,-,-,90.16
2026-09-29 08:30:54,train,398,SHOULDER,49,49,49,100.0%,49,-,-,,-,False,49/49,100.0%,True,-,-,-,-,-,-,111.29
2026-09-29 08:33:00,train,399,SHOULDER,49,49,49,100.0%,49,-,-,,-,False,49/49,100.0%,True,-,-,-,-,-,-,95.97
2026-09-29 08:35:17,train,400,SHOULDER,49,49,49,100.0%,49,-,-,,-,False,49/49,100.0%,True,-,-,-,-,-,-,107.17
2026-09-29 08:37:43,train,401,SHOULDER,49,49,49,100.0%,49,-,-,,-,False,49/49,100.0%,True,-,-,-,-,-,-,115.54
2026-09-29 08:39:44,train,402,SHOULDER,46,49,49,93.9%,0,-,-,,-,False,49/49,100.0%,True,-,-,-,-,-,-,91.12
2026-09-29 08:41:26,train,403,SHOULDER,49,49,49,100.0%,49,-,-,,-,False,49/49,100.0%,True,-,-,-,-,-,-,71.94
2026-09-29 08:43:15,train,404,SHOULDER,49,49,49,100.0%,49,-,-,,-,False,49/49,100.0%,True,-,-,-,-,-,-,78.65
2026-09-29 08:45:02,train,405,SHOULDER,49,49,49,100.0%,49,-,-,,-,False,49/49,100.0%,True,-,-,-,-,-,-,77.19
2026-09-29 08:47:04,train,406,SHOULDER,49,49,49,100.0%,49,-,-,,-,False,49/49,100.0%,True,-,-,-,-,-,-,92.61
2026-09-29 08:49:23,train,14757,ELBOW,49,49,49,100.0%,49,-,-,,-,False,49/49,100.0%,True,-,-,-,-,-,-,92.64
2026-09-29 08:51:16,train,9651,FINGER,23,23,49,46.9%,0,-,-,,-,False,49/49,100.0%,True,-,-,-,-,-,-,83.66
2026-09-29 08:53:03,train,29440,FOREARM,0,0,49,0.0%,0,-,-,,-,False,49/49,100.0%,True,-,-,-,-,-,-,76.85
2026-09-29 08:55:44,train,31265,HAND,47,49,49,95.9%,0,-,-,,-,False,49/49,100.0%,True,-,-,-,-,-,-,131.0
2026-09-29 08:57:34,train,8379,HUMERUS,49,49,49,100.0%,49,-,-,,-,False,49/49,100.0%,True,-,-,-,-,-,-,79.62
2026-09-29 08:59:32,train,391,SHOULDER,47,48,49,95.9%,0,-,-,,-,False,49/49,100.0%,True,-,-,-,-,-,-,88.39
2026-09-29 09:01:28,train,19688,WRIST,49,49,49,100.0%,49,-,-,,-,False,49/49,100.0%,True,-,-,-,-,-,-,85.57
2026-09-29 09:03:10,train,14758,ELBOW,48,48,49,98.0%,0,-,-,,-,False,49/49,100.0%,True,-,-,-,-,-,-,72.4
2026-09-29 09:04:52,train,9652,FINGER,48,49,49,98.0%,0,-,-,,-,False,49/49,100.0%,True,-,-,-,-,-,-,71.93
2026-09-29 09:06:41,train,29441,FOREARM,48,49,49,98.0%,0,-,-,,-,False,49/49,100.0%,True,-,-,-,-,-,-,79.05
2026-09-29 09:08:23,train,31266,HAND,45,49,49,91.8%,0,-,-,,-,False,49/49,100.0%,True,-,-,-,-,-,-,71.93
2026-09-29 09:10:12,train,8380,HUMERUS,0,42,49,0.0%,0,-,-,,-,False,49/49,100.0%,True,-,-,-,-,-,-,78.87
2026-09-29 09:12:47,train,397,SHOULDER,49,49,49,100.0%,49,-,-,,-,False,49/49,100.0%,True,-,-,-,-,-,-,124.63
2026-09-29 09:15:14,train,19689,WRIST,0,0,49,0.0%,0,-,-,,-,False,49/49,100.0%,True,-,-,-,-,-,-,117.45
2026-09-29 09:16:57,train,14759,ELBOW,47,49,49,95.9%,0,-,-,,-,False,49/49,100.0%,True,-,-,-,-,-,-,72.62
2026-09-29 09:18:43,train,9653,FINGER,47,49,49,95.9%,0,-,-,,-,False,49/49,100.0%,True,-,-,-,-,-,-,75.9
2026-09-29 09:20:25,train,29442,FOREARM,47,49,49,95.9%,0,-,-,,-,False,49/49,100.0%,True,-,-,-,-,-,-,72.04
2026-09-29 09:22:28,train,31267,HAND,47,49,49,95.9%,0,-,-,,-,False,49/49,100.0%,True,-,-,-,-,-,-,93.85
2026-09-29 09:24:10,train,8381,HUMERUS,49,49,49,100.0%,49,-,-,,-,False,49/49,100.0%,True,-,-,-,-,-,-,72.05
2026-09-29 09:26:01,train,407,SHOULDER,0,36,49,0.0%,0,-,-,,-,False,49/49,100.0%,True,-,-,-,-,-,-,80.01
2026-09-29 09:27:42,train,19690,WRIST,46,49,49,93.9%,0,-,-,,-,False,49/49,100.0%,True,-,-,-,-,-,-,71.91
2026-09-29 09:29:25,train,14760,ELBOW,46,49,49,93.9%,0,-,-,,-,False,49/49,100.0%,True,-,-,-,-,-,-,72.26
2026-09-29 09:31:24,train,9654,FINGER,0,0,49,0.0%,0,-,-,,-,False,49/49,100.0%,True,-,-,-,-,-,-,89.04
2026-09-29 09:33:23,train,29443,FOREARM,48,48,49,98.0%,0,-,-,,-,False,49/49,100.0%,True,-,-,-,-,-,-,88.88
2026-09-29 09:35:25,train,31268,HAND,48,49,49,98.0%,0,-,-,,-,False,49/49,100.0%,True,-,-,-,-,-,-,91.9
2026-09-29 09:38:04,train,8382,HUMERUS,48,48,49,98.0%,48,-,-,,-,False,49/49,100.0%,True,-,-,-,-,-,-,129.61
2026-09-29 09:39:46,train,408,SHOULDER,47,49,49,95.9%,0,-,-,,-,False,49/49,100.0%,True,-,-,-,-,-,-,71.95
2026-09-29 09:41:28,train,19691,WRIST,49,49,49,100.0%,49,-,-,,-,False,49/49,100.0%,True,-,-,-,-,-,-,72.3
2026-09-29 09:43:50,train,14761,ELBOW,47,49,49,95.9%,0,-,-,,-,False,49/49,100.0%,True,-,-,-,-,-,-,111.29
2026-09-29 09:45:44,train,9655,FINGER,0,0,49,0.0%,0,-,-,,-,False,49/49,100.0%,True,-,-,-,-,-,-,84.0
2026-09-29 09:48:15,train,29444,FOREARM,49,49,49,100.0%,49,-,-,,-,False,49/49,100.0%,True,-,-,-,-,-,-,121.58
2026-09-29 09:50:14,train,31269,HAND,46,49,49,93.9%,0,-,-,,-,False,49/49,100.0%,True,-,-,-,-,-,-,88.65
2026-09-29 09:52:16,train,8383,HUMERUS,48,49,49,98.0%,0,-,-,,-,False,49/49,100.0%,True,-,-,-,-,-,-,92.41
2026-09-29 09:54:05,train,409,SHOULDER,0,9,49,0.0%,0,-,-,,-,False,49/49,100.0%,True,-,-,-,-,-,-,78.57
2026-09-29 09:56:01,train,19692,WRIST,49,49,49,100.0%,49,-,-,,-,False,49/49,100.0%,True,-,-,-,-,-,-,86.0
2026-09-29 09:57:58,train,14762,ELBOW,49,49,49,100.0%,49,-,-,,-,False,49/49,100.0%,True,-,-,-,-,-,-,87.4
2026-09-29 09:59:55,train,9656,FINGER,0,30,49,0.0%,0,-,-,,-,False,49/49,100.0%,True,-,-,-,-,-,-,86.67
2026-09-29 10:01:37,train,29445,FOREARM,49,49,49,100.0%,49,-,-,,-,False,49/49,100.0%,True,-,-,-,-,-,-,71.92
2026-09-29 10:03:19,train,31270,HAND,49,49,49,100.0%,49,-,-,,-,False,49/49,100.0%,True,-,-,-,-,-,-,72.33
2026-09-29 10:05:01,train,8384,HUMERUS,40,49,49,81.6%,0,-,-,,-,False,49/49,100.0%,True,-,-,-,-,-,-,71.97
2026-09-29 10:07:05,train,410,SHOULDER,0,0,49,0.0%,0,-,-,,-,False,49/49,100.0%,True,-,-,-,-,-,-,94.23
2026-09-29 10:09:10,train,19693,WRIST,45,49,49,91.8%,0,-,-,,-,False,49/49,100.0%,True,-,-,-,-,-,-,94.44
2026-09-29 10:10:52,train,14763,ELBOW,49,49,49,100.0%,49,-,-,,-,False,49/49,100.0%,True,-,-,-,-,-,-,72.26
2026-09-29 10:12:43,train,9657,FINGER,48,49,49,98.0%,0,-,-,,-,False,49/49,100.0%,True,-,-,-,-,-,-,80.78
2026-09-29 10:14:25,train,29446,FOREARM,48,49,49,98.0%,0,-,-,,-,False,49/49,100.0%,True,-,-,-,-,-,-,72.04
2026-09-29 10:16:15,train,31271,HAND,49,49,49,100.0%,49,-,-,,-,False,49/49,100.0%,True,-,-,-,-,-,-,80.52
2026-09-29 10:18:39,train,8385,HUMERUS,49,49,49,100.0%,49,-,-,,-,False,49/49,100.0%,True,-,-,-,-,-,-,113.57
2026-09-29 10:20:22,train,411,SHOULDER,49,49,49,100.0%,49,-,-,,-,False,49/49,100.0%,True,-,-,-,-,-,-,72.52
2026-09-29 10:22:04,train,19694,WRIST,49,49,49,100.0%,49,-,-,,-,False,49/49,100.0%,True,-,-,-,-,-,-,72.15
2026-09-29 10:24:00,train,14764,ELBOW,49,49,49,100.0%,49,-,-,,-,False,49/49,100.0%,True,-,-,-,-,-,-,86.17
2026-09-29 10:25:42,train,9658,FINGER,46,48,49,93.9%,0,-,-,,-,False,49/49,100.0%,True,-,-,-,-,-,-,72.02
2026-09-29 10:27:40,train,29447,FOREARM,20,23,49,40.8%,0,-,-,,-,False,49/49,100.0%,True,-,-,-,-,-,-,87.92
2026-09-29 10:30:07,train,31272,HAND,48,49,49,98.0%,0,-,-,,-,False,49/49,100.0%,True,-,-,-,-,-,-,116.69
2026-09-29 10:32:00,train,8386,HUMERUS,46,49,49,93.9%,0,-,-,,-,False,49/49,100.0%,True,-,-,-,-,-,-,83.31
2026-09-29 10:34:03,train,412,SHOULDER,49,49,49,100.0%,49,-,-,,-,False,49/49,100.0%,True,-,-,-,-,-,-,93.22
2026-09-29 10:35:45,train,19695,WRIST,48,49,49,98.0%,0,-,-,,-,False,49/49,100.0%,True,-,-,-,-,-,-,72.02
2026-09-29 10:37:27,train,14765,ELBOW,49,49,49,100.0%,49,-,-,,-,False,49/49,100.0%,True,-,-,-,-,-,-,72.07
2026-09-29 10:39:34,train,9659,FINGER,48,49,49,98.0%,0,-,-,,-,False,49/49,100.0%,True,-,-,-,-,-,-,96.57
2026-09-29 10:41:16,train,29448,FOREARM,49,49,49,100.0%,49,-,-,,-,False,49/49,100.0%,True,-,-,-,-,-,-,72.11
2026-09-29 10:42:58,train,31273,HAND,41,48,49,83.7%,0,-,-,,-,False,49/49,100.0%,True,-,-,-,-,-,-,72.1
2026-09-29 10:45:01,train,8387,HUMERUS,48,49,49,98.0%,0,-,-,,-,False,49/49,100.0%,True,-,-,-,-,-,-,93.56
2026-09-29 10:47:10,train,413,SHOULDER,49,49,49,100.0%,49,-,-,,-,False,49/49,100.0%,True,-,-,-,-,-,-,98.47
2026-09-29 10:49:07,train,19696,WRIST,48,48,49,98.0%,0,-,-,,-,False,49/49,100.0%,True,-,-,-,-,-,-,87.13
2026-09-29 10:50:49,train,14766,ELBOW,41,49,49,83.7%,0,-,-,,-,False,49/49,100.0%,True,-,-,-,-,-,-,72.01
2026-09-29 10:52:31,train,9660,FINGER,49,49,49,100.0%,49,-,-,,-,False,49/49,100.0%,True,-,-,-,-,-,-,71.88
2026-09-29 10:54:36,train,29449,FOREARM,0,0,49,0.0%,0,-,-,,-,False,49/49,100.0%,True,-,-,-,-,-,-,95.11
2026-09-29 10:56:18,train,31274,HAND,48,49,49,98.0%,0,-,-,,-,False,49/49,100.0%,True,-,-,-,-,-,-,72.33
2026-09-29 10:58:01,train,8388,HUMERUS,49,49,49,100.0%,49,-,-,,-,False,49/49,100.0%,True,-,-,-,-,-,-,72.16
2026-09-29 11:00:15,train,414,SHOULDER,47,49,49,95.9%,0,-,-,,-,False,49/49,100.0%,True,-,-,-,-,-,-,104.16
2026-09-29 11:02:07,train,19697,WRIST,49,49,49,100.0%,49,-,-,,-,False,49/49,100.0%,True,-,-,-,-,-,-,81.98
2026-09-29 11:03:49,train,14767,ELBOW,49,49,49,100.0%,49,-,-,,-,False,49/49,100.0%,True,-,-,-,-,-,-,72.01
2026-09-29 11:06:30,train,9661,FINGER,49,49,49,100.0%,49,-,-,,-,False,49/49,100.0%,True,-,-,-,-,-,-,131.6
2026-09-29 11:08:25,train,29450,FOREARM,39,47,49,79.6%,0,-,-,,-,False,49/49,100.0%,True,-,-,-,-,-,-,84.62
2026-09-29 11:10:07,train,31275,HAND,49,49,49,100.0%,49,-,-,,-,False,49/49,100.0%,True,-,-,-,-,-,-,72.06
2026-09-29 11:11:49,train,8389,HUMERUS,46,49,49,93.9%,0,-,-,,-,False,49/49,100.0%,True,-,-,-,-,-,-,71.95
2026-09-29 11:13:38,train,415,SHOULDER,47,49,49,95.9%,0,-,-,,-,False,49/49,100.0%,True,-,-,-,-,-,-,78.91
2026-09-29 11:15:20,train,19698,WRIST,48,49,49,98.0%,0,-,-,,-,False,49/49,100.0%,True,-,-,-,-,-,-,72.21
2026-09-29 11:17:02,train,14768,ELBOW,48,49,49,98.0%,0,-,-,,-,False,49/49,100.0%,True,-,-,-,-,-,-,72.25
2026-09-29 11:18:59,train,9662,FINGER,49,49,49,100.0%,49,-,-,,-,False,49/49,100.0%,True,-,-,-,-,-,-,86.23
2026-09-29 11:20:41,train,29451,FOREARM,49,49,49,100.0%,49,-,-,,-,False,49/49,100.0%,True,-,-,-,-,-,-,72.12
2026-09-29 11:22:38,train,31276,HAND,48,49,49,98.0%,0,-,-,,-,False,49/49,100.0%,True,-,-,-,-,-,-,87.21
2026-09-29 11:24:20,train,8390,HUMERUS,48,49,49,98.0%,0,-,-,,-,False,49/49,100.0%,True,-,-,-,-,-,-,72.18
2026-09-29 11:26:16,train,416,SHOULDER,47,48,49,95.9%,0,-,-,,-,False,49/49,100.0%,True,-,-,-,-,-,-,85.87
2026-09-29 11:27:58,train,19699,WRIST,49,49,49,100.0%,49,-,-,,-,False,49/49,100.0%,True,-,-,-,-,-,-,71.94
2026-09-29 11:30:39,train,14769,ELBOW,0,0,49,0.0%,0,-,-,,-,False,49/49,100.0%,True,-,-,-,-,-,-,131.25
2026-09-29 11:32:47,train,9663,FINGER,48,49,49,98.0%,0,-,-,,-,False,49/49,100.0%,True,-,-,-,-,-,-,97.57
2026-09-29 11:34:41,train,29452,FOREARM,0,0,49,0.0%,0,-,-,,-,False,49/49,100.0%,True,-,-,-,-,-,-,83.83
2026-09-29 11:36:22,train,31277,HAND,49,49,49,100.0%,49,-,-,,-,False,49/49,100.0%,True,-,-,-,-,-,-,71.95
2026-09-29 11:38:18,train,8391,HUMERUS,48,49,49,98.0%,0,-,-,,-,False,49/49,100.0%,True,-,-,-,-,-,-,85.12
2026-09-29 11:40:09,train,417,SHOULDER,0,0,49,0.0%,0,-,-,,-,False,49/49,100.0%,True,-,-,-,-,-,-,81.68
2026-09-29 11:42:19,train,19700,WRIST,0,0,49,0.0%,0,-,-,,-,False,49/49,100.0%,True,-,-,-,-,-,-,100.04
2026-09-29 11:44:02,train,14770,ELBOW,48,49,49,98.0%,0,-,-,,-,False,49/49,100.0%,True,-,-,-,-,-,-,72.23
2026-09-29 11:46:37,train,9664,FINGER,48,49,49,98.0%,0,-,-,,-,False,49/49,100.0%,True,-,-,-,-,-,-,125.78
2026-09-29 11:48:44,train,29453,FOREARM,47,49,49,95.9%,0,-,-,,-,False,49/49,100.0%,True,-,-,-,-,-,-,97.05
2026-09-29 11:50:35,train,31278,HAND,48,49,49,98.0%,0,-,-,,-,False,49/49,100.0%,True,-,-,-,-,-,-,81.09
2026-09-29 11:52:17,train,8392,HUMERUS,49,49,49,100.0%,49,-,-,,-,False,49/49,100.0%,True,-,-,-,-,-,-,71.97
2026-09-29 11:54:17,train,418,SHOULDER,49,49,49,100.0%,49,-,-,,-,False,49/49,100.0%,True,-,-,-,-,-,-,89.33
2026-09-29 11:56:10,train,19701,WRIST,0,28,49,0.0%,0,-,-,,-,False,49/49,100.0%,True,-,-,-,-,-,-,83.3
2026-09-29 11:58:52,train,14771,ELBOW,47,49,49,95.9%,0,-,-,,-,False,49/49,100.0%,True,-,-,-,-,-,-,131.48
2026-09-29 12:00:54,train,9665,FINGER,47,49,49,95.9%,0,-,-,,-,False,49/49,100.0%,True,-,-,-,-,-,-,92.85
2026-09-29 12:02:09,train,14769,ELBOW,48,49,49,98.0%,0,-,-,,-,False,49/49,100.0%,True,-,-,-,-,-,-,72.16
2026-09-29 12:03:51,train,9654,FINGER,49,49,49,100.0%,49,-,-,,-,False,49/49,100.0%,True,-,-,-,-,-,-,72.03
2026-09-29 12:05:55,train,29440,FOREARM,48,49,49,98.0%,0,-,-,,-,False,49/49,100.0%,True,-,-,-,-,-,-,93.85
2026-09-29 12:07:37,train,31279,HAND,49,49,49,100.0%,49,-,-,,-,False,49/49,100.0%,True,-,-,-,-,-,-,71.88
2026-09-29 12:09:22,train,8380,HUMERUS,48,49,49,98.0%,0,-,-,,-,False,49/49,100.0%,True,-,-,-,-,-,-,75.65
2026-09-29 12:11:04,train,407,SHOULDER,48,49,49,98.0%,0,-,-,,-,False,49/49,100.0%,True,-,-,-,-,-,-,72.02
2026-09-29 12:12:46,train,19689,WRIST,48,49,49,98.0%,0,-,-,,-,False,49/49,100.0%,True,-,-,-,-,-,-,72.04
2026-09-29 12:14:28,train,14772,ELBOW,49,49,49,100.0%,49,-,-,,-,False,49/49,100.0%,True,-,-,-,-,-,-,72.16
2026-09-29 12:16:21,train,9655,FINGER,49,49,49,100.0%,49,-,-,,-,False,49/49,100.0%,True,-,-,-,-,-,-,82.42
2026-09-29 12:18:03,train,29449,FOREARM,48,49,49,98.0%,0,-,-,,-,False,49/49,100.0%,True,-,-,-,-,-,-,71.81
2026-09-29 12:20:26,train,31280,HAND,28,28,49,57.1%,0,-,-,,-,False,49/49,100.0%,True,-,-,-,-,-,-,113.6
2026-09-29 12:22:27,train,8393,HUMERUS,48,49,49,98.0%,0,-,-,,-,False,49/49,100.0%,True,-,-,-,-,-,-,90.75
2026-09-29 12:24:27,train,409,SHOULDER,49,49,49,100.0%,49,-,-,,-,False,49/49,100.0%,True,-,-,-,-,-,-,89.58
2026-09-29 12:26:17,train,19700,WRIST,48,48,49,98.0%,0,-,-,,-,False,49/49,100.0%,True,-,-,-,-,-,-,79.92
2026-09-29 12:28:05,train,14773,ELBOW,49,49,49,100.0%,49,-,-,,-,False,49/49,100.0%,True,-,-,-,-,-,-,78.82
2026-09-29 12:30:02,train,9656,FINGER,48,49,49,98.0%,0,-,-,,-,False,49/49,100.0%,True,-,-,-,-,-,-,87.09
2026-09-29 12:32:25,train,29452,FOREARM,46,46,49,93.9%,0,-,-,,-,False,49/49,100.0%,True,-,-,-,-,-,-,112.7
2026-09-29 12:34:15,train,31281,HAND,49,49,49,100.0%,49,-,-,,-,False,49/49,100.0%,True,-,-,-,-,-,-,79.64
2026-09-29 12:36:37,train,8394,HUMERUS,0,0,49,0.0%,0,-,-,,-,False,49/49,100.0%,True,-,-,-,-,-,-,112.55
2026-09-29 12:38:59,train,410,SHOULDER,0,0,49,0.0%,0,-,-,,-,False,49/49,100.0%,True,-,-,-,-,-,-,111.5
2026-09-29 12:40:54,train,19701,WRIST,49,49,49,100.0%,49,-,-,,-,False,49/49,100.0%,True,-,-,-,-,-,-,85.15
2026-09-29 12:42:36,train,14774,ELBOW,49,49,49,100.0%,49,-,-,,-,False,49/49,100.0%,True,-,-,-,-,-,-,72.27
2026-09-29 12:44:41,train,9666,FINGER,40,47,49,81.6%,0,-,-,,-,False,49/49,100.0%,True,-,-,-,-,-,-,94.31
2026-09-29 12:46:39,train,29454,FOREARM,0,43,49,0.0%,0,-,-,,-,False,49/49,100.0%,True,-,-,-,-,-,-,88.27
2026-09-29 12:48:33,train,31282,HAND,49,49,49,100.0%,49,-,-,,-,False,49/49,100.0%,True,-,-,-,-,-,-,83.99
2026-09-29 12:50:34,train,8395,HUMERUS,0,30,49,0.0%,0,-,-,,-,False,49/49,100.0%,True,-,-,-,-,-,-,91.62
2026-09-29 12:52:16,train,417,SHOULDER,47,49,49,95.9%,0,-,-,,-,False,49/49,100.0%,True,-,-,-,-,-,-,71.89
2026-09-29 12:53:58,train,19702,WRIST,47,49,49,95.9%,0,-,-,,-,False,49/49,100.0%,True,-,-,-,-,-,-,71.99
2026-09-29 12:56:06,train,14775,ELBOW,48,49,49,98.0%,0,-,-,,-,False,49/49,100.0%,True,-,-,-,-,-,-,97.39
2026-09-29 12:57:58,train,9667,FINGER,49,49,49,100.0%,49,-,-,,-,False,49/49,100.0%,True,-,-,-,-,-,-,82.47
2026-09-29 12:59:40,train,29455,FOREARM,48,49,49,98.0%,0,-,-,,-,False,49/49,100.0%,True,-,-,-,-,-,-,72.12
2026-09-29 13:01:37,train,31283,HAND,26,26,49,53.1%,0,-,-,,-,False,49/49,100.0%,True,-,-,-,-,-,-,86.71
2026-09-29 13:03:32,train,8396,HUMERUS,49,49,49,100.0%,49,-,-,,-,False,49/49,100.0%,True,-,-,-,-,-,-,84.97
2026-09-29 13:05:30,train,419,SHOULDER,44,49,49,89.8%,0,-,-,,-,False,49/49,100.0%,True,-,-,-,-,-,-,88.37
2026-09-29 13:07:38,train,19703,WRIST,47,49,49,95.9%,0,-,-,,-,False,49/49,100.0%,True,-,-,-,-,-,-,97.71
2026-09-29 13:09:37,train,14776,ELBOW,48,49,49,98.0%,0,-,-,,-,False,49/49,100.0%,True,-,-,-,-,-,-,88.86
2026-09-29 13:11:19,train,9668,FINGER,39,49,49,79.6%,0,-,-,,-,False,49/49,100.0%,True,-,-,-,-,-,-,72.18
2026-09-29 13:13:01,train,29456,FOREARM,49,49,49,100.0%,49,-,-,,-,False,49/49,100.0%,True,-,-,-,-,-,-,72.05
2026-09-29 13:15:04,train,31284,HAND,0,9,49,0.0%,0,-,-,,-,False,49/49,100.0%,True,-,-,-,-,-,-,93.1
2026-09-29 13:16:47,train,8397,HUMERUS,45,48,49,91.8%,0,-,-,,-,False,49/49,100.0%,True,-,-,-,-,-,-,72.25
2026-09-29 13:19:13,train,420,SHOULDER,0,0,49,0.0%,0,-,-,,-,False,49/49,100.0%,True,-,-,-,-,-,-,116.91
2026-09-29 13:21:12,train,19704,WRIST,0,42,49,0.0%,0,-,-,,-,False,49/49,100.0%,True,-,-,-,-,-,-,88.32
2026-09-29 13:22:54,train,14777,ELBOW,49,49,49,100.0%,49,-,-,,-,False,49/49,100.0%,True,-,-,-,-,-,-,72.27
2026-09-29 13:24:54,train,9669,FINGER,0,0,49,0.0%,0,-,-,,-,False,49/49,100.0%,True,-,-,-,-,-,-,90.26
2026-09-29 13:26:37,train,29457,FOREARM,49,49,49,100.0%,49,-,-,,-,False,49/49,100.0%,True,-,-,-,-,-,-,72.38
2026-09-29 13:28:35,train,31285,HAND,44,49,49,89.8%,0,-,-,,-,False,49/49,100.0%,True,-,-,-,-,-,-,88.77
2026-09-29 13:30:18,train,8398,HUMERUS,49,49,49,100.0%,49,-,-,,-,False,49/49,100.0%,True,-,-,-,-,-,-,72.21
2026-09-29 13:32:17,train,421,SHOULDER,48,49,49,98.0%,0,-,-,,-,False,49/49,100.0%,True,-,-,-,-,-,-,89.78
2026-09-29 13:34:00,train,19705,WRIST,48,49,49,98.0%,0,-,-,,-,False,49/49,100.0%,True,-,-,-,-,-,-,72.26
2026-09-29 13:36:12,train,14778,ELBOW,48,49,49,98.0%,0,-,-,,-,False,49/49,100.0%,True,-,-,-,-,-,-,102.67
2026-09-29 13:38:30,train,9670,FINGER,49,49,49,100.0%,49,-,-,,-,False,49/49,100.0%,True,-,-,-,-,-,-,107.41
2026-09-29 13:40:22,train,29458,FOREARM,48,48,49,98.0%,0,-,-,,-,False,49/49,100.0%,True,-,-,-,-,-,-,81.99
2026-09-29 13:42:04,train,31286,HAND,49,49,49,100.0%,49,-,-,,-,False,49/49,100.0%,True,-,-,-,-,-,-,71.95
2026-09-29 13:44:08,train,8399,HUMERUS,32,49,49,65.3%,0,-,-,,-,False,49/49,100.0%,True,-,-,-,-,-,-,93.88
2026-09-29 13:46:00,train,422,SHOULDER,47,49,49,95.9%,0,-,-,,-,False,49/49,100.0%,True,-,-,-,-,-,-,82.81
2026-09-29 13:47:42,train,19706,WRIST,48,49,49,98.0%,0,-,-,,-,False,49/49,100.0%,True,-,-,-,-,-,-,71.91
2026-09-29 13:49:24,train,14779,ELBOW,48,49,49,98.0%,0,-,-,,-,False,49/49,100.0%,True,-,-,-,-,-,-,71.9
2026-09-29 13:51:07,train,9671,FINGER,49,49,49,100.0%,49,-,-,,-,False,49/49,100.0%,True,-,-,-,-,-,-,72.29
2026-09-29 13:53:42,train,29459,FOREARM,0,42,49,0.0%,0,-,-,,-,False,49/49,100.0%,True,-,-,-,-,-,-,125.12
2026-09-29 13:55:49,train,31287,HAND,47,47,49,95.9%,0,-,-,,-,False,49/49,100.0%,True,-,-,-,-,-,-,96.92
2026-09-29 13:58:03,train,8400,HUMERUS,46,49,49,93.9%,0,-,-,,-,False,49/49,100.0%,True,-,-,-,-,-,-,104.92
2026-09-29 14:00:44,train,423,SHOULDER,49,49,49,100.0%,49,-,-,,-,False,49/49,100.0%,True,-,-,-,-,-,-,130.99
2026-09-29 14:02:46,train,19707,WRIST,46,49,49,93.9%,0,-,-,,-,False,49/49,100.0%,True,-,-,-,-,-,-,91.92
2026-09-29 14:04:28,train,14780,ELBOW,48,49,49,98.0%,0,-,-,,-,False,49/49,100.0%,True,-,-,-,-,-,-,72.11
2026-09-29 14:06:11,train,9672,FINGER,49,49,49,100.0%,49,-,-,,-,False,49/49,100.0%,True,-,-,-,-,-,-,72.08
2026-09-29 14:08:47,train,29460,FOREARM,0,0,49,0.0%,0,-,-,,-,False,49/49,100.0%,True,-,-,-,-,-,-,126.17
2026-09-29 14:10:45,train,31288,HAND,26,28,49,53.1%,0,-,-,,-,False,49/49,100.0%,True,-,-,-,-,-,-,88.37
2026-09-29 14:12:27,train,8401,HUMERUS,49,49,49,100.0%,49,-,-,,-,False,49/49,100.0%,True,-,-,-,-,-,-,71.99
2026-09-29 14:14:34,train,424,SHOULDER,0,0,49,0.0%,0,-,-,,-,False,49/49,100.0%,True,-,-,-,-,-,-,96.84
2026-09-29 14:16:16,train,19708,WRIST,49,49,49,100.0%,49,-,-,,-,False,49/49,100.0%,True,-,-,-,-,-,-,72.03
2026-09-29 14:18:11,train,14781,ELBOW,0,0,49,0.0%,0,-,-,,-,False,49/49,100.0%,True,-,-,-,-,-,-,85.19
2026-09-29 14:19:53,train,9673,FINGER,48,49,49,98.0%,0,-,-,,-,False,49/49,100.0%,True,-,-,-,-,-,-,71.98
2026-09-29 14:21:45,train,29461,FOREARM,47,49,49,95.9%,0,-,-,,-,False,49/49,100.0%,True,-,-,-,-,-,-,82.33
2026-09-29 14:23:27,train,31289,HAND,49,49,49,100.0%,49,-,-,,-,False,49/49,100.0%,True,-,-,-,-,-,-,71.92
2026-09-29 14:25:10,train,8402,HUMERUS,47,49,49,95.9%,0,-,-,,-,False,49/49,100.0%,True,-,-,-,-,-,-,72.17
2026-09-29 14:27:18,train,425,SHOULDER,46,46,49,93.9%,0,-,-,,-,False,49/49,100.0%,True,-,-,-,-,-,-,98.52
2026-09-29 14:29:22,train,19709,WRIST,48,49,49,98.0%,0,-,-,,-,False,49/49,100.0%,True,-,-,-,-,-,-,94.26
2026-09-29 14:31:15,train,14782,ELBOW,49,49,49,100.0%,49,-,-,,-,False,49/49,100.0%,True,-,-,-,-,-,-,82.28
2026-09-29 14:33:17,train,9674,FINGER,49,49,49,100.0%,49,-,-,,-,False,49/49,100.0%,True,-,-,-,-,-,-,92.19
2026-09-29 14:34:59,train,29462,FOREARM,45,49,49,91.8%,0,-,-,,-,False,49/49,100.0%,True,-,-,-,-,-,-,71.92
2026-09-29 14:36:43,train,31290,HAND,49,49,49,100.0%,49,-,-,,-,False,49/49,100.0%,True,-,-,-,-,-,-,74.5
2026-09-29 14:38:42,train,8403,HUMERUS,45,49,49,91.8%,0,-,-,,-,False,49/49,100.0%,True,-,-,-,-,-,-,88.62
2026-09-29 14:41:23,train,426,SHOULDER,48,49,49,98.0%,0,-,-,,-,False,49/49,100.0%,True,-,-,-,-,-,-,131.34
2026-09-29 14:43:27,train,19710,WRIST,47,49,49,95.9%,0,-,-,,-,False,49/49,100.0%,True,-,-,-,-,-,-,94.01
2026-09-29 14:45:18,train,14783,ELBOW,0,0,49,0.0%,0,-,-,,-,False,49/49,100.0%,True,-,-,-,-,-,-,80.79
2026-09-29 14:47:19,train,9675,FINGER,49,49,49,100.0%,49,-,-,,-,False,49/49,100.0%,True,-,-,-,-,-,-,91.46
2026-09-29 14:49:19,train,29463,FOREARM,49,49,49,100.0%,49,-,-,,-,False,49/49,100.0%,True,-,-,-,-,-,-,89.61
2026-09-29 14:52:00,train,31291,HAND,45,49,49,91.8%,0,-,-,,-,False,49/49,100.0%,True,-,-,-,-,-,-,131.16
2026-09-29 14:53:59,train,8404,HUMERUS,43,43,49,87.8%,0,-,-,,-,False,49/49,100.0%,True,-,-,-,-,-,-,88.8
2026-09-29 14:55:41,train,427,SHOULDER,49,49,49,100.0%,49,-,-,,-,False,49/49,100.0%,True,-,-,-,-,-,-,72.34
2026-09-29 14:57:31,train,19711,WRIST,0,0,49,0.0%,0,-,-,,-,False,49/49,100.0%,True,-,-,-,-,-,-,80.08
2026-09-29 14:59:13,train,14784,ELBOW,48,48,49,98.0%,0,-,-,,-,False,49/49,100.0%,True,-,-,-,-,-,-,72.02
2026-09-29 15:01:08,train,9676,FINGER,0,24,49,0.0%,0,-,-,,-,False,49/49,100.0%,True,-,-,-,-,-,-,84.4
2026-09-29 15:02:50,train,29464,FOREARM,48,49,49,98.0%,0,-,-,,-,False,49/49,100.0%,True,-,-,-,-,-,-,71.93
2026-09-29 15:04:44,train,31292,HAND,47,47,49,95.9%,0,-,-,,-,False,49/49,100.0%,True,-,-,-,-,-,-,83.88
2026-09-29 15:06:26,train,8405,HUMERUS,45,49,49,91.8%,0,-,-,,-,False,49/49,100.0%,True,-,-,-,-,-,-,72.1
2026-09-29 15:08:18,train,428,SHOULDER,0,13,49,0.0%,0,-,-,,-,False,49/49,100.0%,True,-,-,-,-,-,-,82.7
2026-09-29 15:10:01,train,19712,WRIST,48,49,49,98.0%,0,-,-,,-,False,49/49,100.0%,True,-,-,-,-,-,-,72.06
2026-09-29 15:12:03,train,14785,ELBOW,0,0,49,0.0%,0,-,-,,-,False,49/49,100.0%,True,-,-,-,-,-,-,92.35
2026-09-29 15:13:53,train,9677,FINGER,49,49,49,100.0%,49,-,-,,-,False,49/49,100.0%,True,-,-,-,-,-,-,80.06
2026-09-29 15:15:22,train,14781,ELBOW,46,49,49,93.9%,0,-,-,,-,False,49/49,100.0%,True,-,-,-,-,-,-,86.44
2026-09-29 15:17:48,train,9669,FINGER,49,49,49,100.0%,49,-,-,,-,False,49/49,100.0%,True,-,-,-,-,-,-,116.55
2026-09-29 15:19:41,train,29454,FOREARM,48,49,49,98.0%,0,-,-,,-,False,49/49,100.0%,True,-,-,-,-,-,-,83.21
2026-09-29 15:21:23,train,31284,HAND,49,49,49,100.0%,49,-,-,,-,False,49/49,100.0%,True,-,-,-,-,-,-,72.07
2026-09-29 15:23:19,train,8394,HUMERUS,46,49,49,93.9%,0,-,-,,-,False,49/49,100.0%,True,-,-,-,-,-,-,85.21
2026-09-29 15:25:01,train,410,SHOULDER,49,49,49,100.0%,49,-,-,,-,False,49/49,100.0%,True,-,-,-,-,-,-,71.97
2026-09-29 15:26:43,train,19704,WRIST,48,49,49,98.0%,0,-,-,,-,False,49/49,100.0%,True,-,-,-,-,-,-,72.3
2026-09-29 15:28:25,train,14783,ELBOW,43,49,49,87.8%,0,-,-,,-,False,49/49,100.0%,True,-,-,-,-,-,-,71.94
2026-09-29 15:30:07,train,9676,FINGER,49,49,49,100.0%,49,-,-,,-,False,49/49,100.0%,True,-,-,-,-,-,-,72.06
2026-09-29 15:31:49,train,29459,FOREARM,49,49,49,100.0%,49,-,-,,-,False,49/49,100.0%,True,-,-,-,-,-,-,71.85
2026-09-29 15:34:30,train,31293,HAND,0,0,49,0.0%,0,-,-,,-,False,49/49,100.0%,True,-,-,-,-,-,-,130.97
2026-09-29 15:36:12,train,8395,HUMERUS,48,49,49,98.0%,0,-,-,,-,False,49/49,100.0%,True,-,-,-,-,-,-,72.6
2026-09-29 15:38:23,train,420,SHOULDER,47,49,49,95.9%,0,-,-,,-,False,49/49,100.0%,True,-,-,-,-,-,-,100.37
2026-09-29 15:40:22,train,19711,WRIST,46,49,49,93.9%,0,-,-,,-,False,49/49,100.0%,True,-,-,-,-,-,-,89.75
2026-09-29 15:42:15,train,14785,ELBOW,0,3,49,0.0%,0,-,-,,-,False,49/49,100.0%,True,-,-,-,-,-,-,82.88
2026-09-29 15:43:57,train,9678,FINGER,48,49,49,98.0%,0,-,-,,-,False,49/49,100.0%,True,-,-,-,-,-,-,72.09
2026-09-29 15:45:50,train,29460,FOREARM,49,49,49,100.0%,49,-,-,,-,False,49/49,100.0%,True,-,-,-,-,-,-,82.78
2026-09-29 15:47:47,train,31294,HAND,48,48,49,98.0%,0,-,-,,-,False,49/49,100.0%,True,-,-,-,-,-,-,86.99
2026-09-29 15:49:50,train,8406,HUMERUS,45,49,49,91.8%,0,-,-,,-,False,49/49,100.0%,True,-,-,-,-,-,-,93.02
2026-09-29 15:51:47,train,424,SHOULDER,48,49,49,98.0%,0,-,-,,-,False,49/49,100.0%,True,-,-,-,-,-,-,86.87
2026-09-29 15:53:29,train,19713,WRIST,48,49,49,98.0%,0,-,-,,-,False,49/49,100.0%,True,-,-,-,-,-,-,72.19
2026-09-29 15:55:11,train,14786,ELBOW,49,49,49,100.0%,49,-,-,,-,False,49/49,100.0%,True,-,-,-,-,-,-,72.0
2026-09-29 15:56:53,train,9679,FINGER,49,49,49,100.0%,49,-,-,,-,False,49/49,100.0%,True,-,-,-,-,-,-,71.99
2026-09-29 15:58:49,train,29465,FOREARM,48,48,49,98.0%,0,-,-,,-,False,49/49,100.0%,True,-,-,-,-,-,-,85.49
2026-09-29 16:00:40,train,31295,HAND,49,49,49,100.0%,49,-,-,,-,False,49/49,100.0%,True,-,-,-,-,-,-,81.14
2026-09-29 16:02:37,train,8407,HUMERUS,49,49,49,100.0%,49,-,-,,-,False,49/49,100.0%,True,-,-,-,-,-,-,87.04
2026-09-29 16:04:33,train,428,SHOULDER,47,49,49,95.9%,0,-,-,,-,False,49/49,100.0%,True,-,-,-,-,-,-,86.11
2026-09-29 16:06:15,train,19714,WRIST,48,48,49,98.0%,0,-,-,,-,False,49/49,100.0%,True,-,-,-,-,-,-,71.95
2026-09-29 16:07:57,train,14787,ELBOW,49,49,49,100.0%,49,-,-,,-,False,49/49,100.0%,True,-,-,-,-,-,-,71.94
2026-09-29 16:10:02,train,9680,FINGER,0,0,49,0.0%,0,-,-,,-,False,49/49,100.0%,True,-,-,-,-,-,-,94.77
2026-09-29 16:11:43,train,29466,FOREARM,48,48,49,98.0%,48,-,-,,-,False,49/49,100.0%,True,-,-,-,-,-,-,71.83
2026-09-29 16:13:37,train,31296,HAND,49,49,49,100.0%,49,-,-,,-,False,49/49,100.0%,True,-,-,-,-,-,-,83.6
2026-09-29 16:15:19,train,8408,HUMERUS,49,49,49,100.0%,49,-,-,,-,False,49/49,100.0%,True,-,-,-,-,-,-,71.94
2026-09-29 16:17:11,train,429,SHOULDER,49,49,49,100.0%,49,-,-,,-,False,49/49,100.0%,True,-,-,-,-,-,-,82.08
2026-09-29 16:19:03,train,19715,WRIST,49,49,49,100.0%,49,-,-,,-,False,49/49,100.0%,True,-,-,-,-,-,-,82.18
2026-09-29 16:21:03,train,14788,ELBOW,49,49,49,100.0%,49,-,-,,-,False,49/49,100.0%,True,-,-,-,-,-,-,89.57
2026-09-29 16:22:45,train,9681,FINGER,48,49,49,98.0%,0,-,-,,-,False,49/49,100.0%,True,-,-,-,-,-,-,72.0
2026-09-29 16:24:45,train,29467,FOREARM,48,49,49,98.0%,0,-,-,,-,False,49/49,100.0%,True,-,-,-,-,-,-,90.24
2026-09-29 16:26:27,train,31297,HAND,49,49,49,100.0%,49,-,-,,-,False,49/49,100.0%,True,-,-,-,-,-,-,72.03
2026-09-29 16:28:29,train,8409,HUMERUS,0,48,49,0.0%,0,-,-,,-,False,49/49,100.0%,True,-,-,-,-,-,-,92.3
2026-09-29 16:30:21,train,430,SHOULDER,48,49,49,98.0%,0,-,-,,-,False,49/49,100.0%,True,-,-,-,-,-,-,81.49
2026-09-29 16:32:29,train,19716,WRIST,48,49,49,98.0%,0,-,-,,-,False,49/49,100.0%,True,-,-,-,-,-,-,97.94
2026-09-29 16:34:34,train,14789,ELBOW,49,49,49,100.0%,49,-,-,,-,False,49/49,100.0%,True,-,-,-,-,-,-,95.52
2026-09-29 16:36:33,train,9682,FINGER,0,0,49,0.0%,0,-,-,,-,False,49/49,100.0%,True,-,-,-,-,-,-,88.31
2026-09-29 16:38:15,train,29468,FOREARM,49,49,49,100.0%,49,-,-,,-,False,49/49,100.0%,True,-,-,-,-,-,-,72.14
2026-09-29 16:40:31,train,31298,HAND,0,0,49,0.0%,0,-,-,,-,False,49/49,100.0%,True,-,-,-,-,-,-,106.67
2026-09-29 16:42:34,train,8410,HUMERUS,0,0,49,0.0%,0,-,-,,-,False,49/49,100.0%,True,-,-,-,-,-,-,92.01
2026-09-29 16:44:33,train,431,SHOULDER,48,49,49,98.0%,0,-,-,,-,False,49/49,100.0%,True,-,-,-,-,-,-,89.18
2026-09-29 16:46:15,train,19717,WRIST,49,49,49,100.0%,49,-,-,,-,False,49/49,100.0%,True,-,-,-,-,-,-,72.03
2026-09-29 16:48:17,train,14790,ELBOW,49,49,49,100.0%,49,-,-,,-,False,49/49,100.0%,True,-,-,-,-,-,-,92.52
2026-09-29 16:50:11,train,9683,FINGER,49,49,49,100.0%,49,-,-,,-,False,49/49,100.0%,True,-,-,-,-,-,-,84.06
2026-09-29 16:51:58,train,29469,FOREARM,49,49,49,100.0%,49,-,-,,-,False,49/49,100.0%,True,-,-,-,-,-,-,76.84
2026-09-29 16:53:40,train,31299,HAND,47,49,49,95.9%,0,-,-,,-,False,49/49,100.0%,True,-,-,-,-,-,-,71.98
2026-09-29 16:55:31,train,8411,HUMERUS,48,48,49,98.0%,0,-,-,,-,False,49/49,100.0%,True,-,-,-,-,-,-,81.19
2026-09-29 16:57:25,train,432,SHOULDER,49,49,49,100.0%,49,-,-,,-,False,49/49,100.0%,True,-,-,-,-,-,-,83.6
2026-09-29 16:59:07,train,19718,WRIST,49,49,49,100.0%,49,-,-,,-,False,49/49,100.0%,True,-,-,-,-,-,-,72.03
2026-09-29 17:00:50,train,14791,ELBOW,43,49,49,87.8%,0,-,-,,-,False,49/49,100.0%,True,-,-,-,-,-,-,72.62
2026-09-29 17:02:42,train,9684,FINGER,49,49,49,100.0%,49,-,-,,-,False,49/49,100.0%,True,-,-,-,-,-,-,82.33
2026-09-29 17:04:24,train,29470,FOREARM,49,49,49,100.0%,49,-,-,,-,False,49/49,100.0%,True,-,-,-,-,-,-,72.02
2026-09-29 17:06:06,train,31300,HAND,49,49,49,100.0%,49,-,-,,-,False,49/49,100.0%,True,-,-,-,-,-,-,71.91
2026-09-29 17:07:58,train,8412,HUMERUS,48,49,49,98.0%,0,-,-,,-,False,49/49,100.0%,True,-,-,-,-,-,-,82.47
2026-09-29 17:09:40,train,433,SHOULDER,48,49,49,98.0%,0,-,-,,-,False,49/49,100.0%,True,-,-,-,-,-,-,72.06
2026-09-29 17:11:36,train,19719,WRIST,46,49,49,93.9%,0,-,-,,-,False,49/49,100.0%,True,-,-,-,-,-,-,85.82
2026-09-29 17:13:35,train,14792,ELBOW,47,47,49,95.9%,0,-,-,,-,False,49/49,100.0%,True,-,-,-,-,-,-,89.18
2026-09-29 17:15:17,train,9685,FINGER,49,49,49,100.0%,49,-,-,,-,False,49/49,100.0%,True,-,-,-,-,-,-,71.92
2026-09-29 17:16:59,train,29471,FOREARM,46,49,49,93.9%,0,-,-,,-,False,49/49,100.0%,True,-,-,-,-,-,-,72.03
2026-09-29 17:18:48,train,31301,HAND,46,49,49,93.9%,0,-,-,,-,False,49/49,100.0%,True,-,-,-,-,-,-,78.52
2026-09-29 17:20:42,train,8413,HUMERUS,49,49,49,100.0%,49,-,-,,-,False,49/49,100.0%,True,-,-,-,-,-,-,84.11
2026-09-29 17:22:42,train,434,SHOULDER,48,49,49,98.0%,0,-,-,,-,False,49/49,100.0%,True,-,-,-,-,-,-,90.06
2026-09-29 17:24:41,train,19720,WRIST,49,49,49,100.0%,49,-,-,,-,False,49/49,100.0%,True,-,-,-,-,-,-,89.47
2026-09-29 17:26:29,train,14793,ELBOW,49,49,49,100.0%,49,-,-,,-,False,49/49,100.0%,True,-,-,-,-,-,-,77.97
2026-09-29 17:28:12,train,9686,FINGER,44,49,49,89.8%,0,-,-,,-,False,49/49,100.0%,True,-,-,-,-,-,-,72.33
2026-09-29 17:30:11,train,29472,FOREARM,47,49,49,95.9%,0,-,-,,-,False,49/49,100.0%,True,-,-,-,-,-,-,88.93
2026-09-29 17:32:30,train,31302,HAND,0,9,49,0.0%,0,-,-,,-,False,49/49,100.0%,True,-,-,-,-,-,-,108.78
2026-09-29 17:34:55,train,8414,HUMERUS,44,49,49,89.8%,0,-,-,,-,False,49/49,100.0%,True,-,-,-,-,-,-,115.6
2026-09-29 17:36:58,train,435,SHOULDER,49,49,49,100.0%,49,-,-,,-,False,49/49,100.0%,True,-,-,-,-,-,-,93.39
2026-09-29 17:38:59,train,19721,WRIST,49,49,49,100.0%,49,-,-,,-,False,49/49,100.0%,True,-,-,-,-,-,-,90.52
2026-09-29 17:40:58,train,14794,ELBOW,43,49,49,87.8%,0,-,-,,-,False,49/49,100.0%,True,-,-,-,-,-,-,89.22
2026-09-29 17:42:48,train,9687,FINGER,48,49,49,98.0%,0,-,-,,-,False,49/49,100.0%,True,-,-,-,-,-,-,79.71
2026-09-29 17:44:35,train,29473,FOREARM,48,49,49,98.0%,0,-,-,,-,False,49/49,100.0%,True,-,-,-,-,-,-,77.51
2026-09-29 17:46:17,train,31303,HAND,47,48,49,95.9%,1,-,-,,-,False,49/49,100.0%,True,-,-,-,-,-,-,71.97
2026-09-29 17:47:59,train,8415,HUMERUS,49,49,49,100.0%,49,-,-,,-,False,49/49,100.0%,True,-,-,-,-,-,-,71.83
2026-09-29 17:50:20,train,436,SHOULDER,48,49,49,98.0%,0,-,-,,-,False,49/49,100.0%,True,-,-,-,-,-,-,110.6
2026-09-29 17:52:12,train,19722,WRIST,47,49,49,95.9%,0,-,-,,-,False,49/49,100.0%,True,-,-,-,-,-,-,82.62
2026-09-29 17:54:37,train,14795,ELBOW,49,49,49,100.0%,49,-,-,,-,False,49/49,100.0%,True,-,-,-,-,-,-,114.58
2026-09-29 17:56:32,train,9688,FINGER,49,49,49,100.0%,49,-,-,,-,False,49/49,100.0%,True,-,-,-,-,-,-,84.59
2026-09-29 17:58:14,train,29474,FOREARM,49,49,49,100.0%,49,-,-,,-,False,49/49,100.0%,True,-,-,-,-,-,-,72.21
2026-09-29 18:00:13,train,31304,HAND,48,49,49,98.0%,0,-,-,,-,False,49/49,100.0%,True,-,-,-,-,-,-,88.66
2026-09-29 18:01:55,train,8416,HUMERUS,38,48,49,77.6%,0,-,-,,-,False,49/49,100.0%,True,-,-,-,-,-,-,72.23
2026-09-29 18:03:51,train,437,SHOULDER,0,24,49,0.0%,0,-,-,,-,False,49/49,100.0%,True,-,-,-,-,-,-,85.97
2026-09-29 18:05:44,train,19723,WRIST,49,49,49,100.0%,49,-,-,,-,False,49/49,100.0%,True,-,-,-,-,-,-,83.56
2026-09-29 18:07:44,train,14796,ELBOW,45,48,49,91.8%,0,-,-,,-,False,49/49,100.0%,True,-,-,-,-,-,-,89.72
2026-09-29 18:09:26,train,9689,FINGER,47,49,49,95.9%,0,-,-,,-,False,49/49,100.0%,True,-,-,-,-,-,-,71.76
2026-09-29 18:11:18,train,29475,FOREARM,47,49,49,95.9%,0,-,-,,-,False,49/49,100.0%,True,-,-,-,-,-,-,82.3
2026-09-29 18:13:00,train,31305,HAND,49,49,49,100.0%,49,-,-,,-,False,49/49,100.0%,True,-,-,-,-,-,-,71.93
2026-09-29 18:14:42,train,8417,HUMERUS,46,49,49,93.9%,0,-,-,,-,False,49/49,100.0%,True,-,-,-,-,-,-,72.22
2026-09-29 18:16:33,train,438,SHOULDER,49,49,49,100.0%,49,-,-,,-,False,49/49,100.0%,True,-,-,-,-,-,-,80.97
2026-09-29 18:18:30,train,19724,WRIST,49,49,49,100.0%,49,-,-,,-,False,49/49,100.0%,True,-,-,-,-,-,-,86.38
2026-09-29 18:20:25,train,14797,ELBOW,49,49,49,100.0%,49,-,-,,-,False,49/49,100.0%,True,-,-,-,-,-,-,85.44
2026-09-29 18:22:07,train,9690,FINGER,49,49,49,100.0%,49,-,-,,-,False,49/49,100.0%,True,-,-,-,-,-,-,72.12
2026-09-29 18:23:21,train,14785,ELBOW,49,49,49,100.0%,49,-,-,,-,False,49/49,100.0%,True,-,-,-,-,-,-,72.11
2026-09-29 18:25:22,train,9680,FINGER,48,49,49,98.0%,0,-,-,,-,False,49/49,100.0%,True,-,-,-,-,-,-,90.31
2026-09-29 18:27:26,train,29476,FOREARM,48,49,49,98.0%,0,-,-,,-,False,49/49,100.0%,True,-,-,-,-,-,-,94.07
2026-09-29 18:29:28,train,31293,HAND,0,15,49,0.0%,0,-,-,,-,False,49/49,100.0%,True,-,-,-,-,-,-,92.49
2026-09-29 18:31:21,train,8409,HUMERUS,42,49,49,85.7%,0,-,-,,-,False,49/49,100.0%,True,-,-,-,-,-,-,82.5
2026-09-29 18:33:13,train,437,SHOULDER,49,49,49,100.0%,49,-,-,,-,False,49/49,100.0%,True,-,-,-,-,-,-,81.96
2026-09-29 18:34:55,train,19725,WRIST,49,49,49,100.0%,49,-,-,,-,False,49/49,100.0%,True,-,-,-,-,-,-,72.18
2026-09-29 18:36:54,train,14798,ELBOW,47,49,49,95.9%,0,-,-,,-,False,49/49,100.0%,True,-,-,-,-,-,-,88.6
2026-09-29 18:38:36,train,9682,FINGER,48,49,49,98.0%,0,-,-,,-,False,49/49,100.0%,True,-,-,-,-,-,-,72.25
2026-09-29 18:40:35,train,29477,FOREARM,49,49,49,100.0%,49,-,-,,-,False,49/49,100.0%,True,-,-,-,-,-,-,89.44
2026-09-29 18:42:32,train,31298,HAND,49,49,49,100.0%,49,-,-,,-,False,49/49,100.0%,True,-,-,-,-,-,-,86.55
2026-09-29 18:44:38,train,8410,HUMERUS,48,49,49,98.0%,0,-,-,,-,False,49/49,100.0%,True,-,-,-,-,-,-,96.25
2026-09-29 18:46:20,train,439,SHOULDER,45,49,49,91.8%,0,-,-,,-,False,49/49,100.0%,True,-,-,-,-,-,-,72.32
2026-09-29 18:48:22,train,19726,WRIST,0,0,49,0.0%,0,-,-,,-,False,49/49,100.0%,True,-,-,-,-,-,-,91.58
2026-09-29 18:50:21,train,14799,ELBOW,49,49,49,100.0%,49,-,-,,-,False,49/49,100.0%,True,-,-,-,-,-,-,89.18
2026-09-29 18:52:28,train,9691,FINGER,49,49,49,100.0%,49,-,-,,-,False,49/49,100.0%,True,-,-,-,-,-,-,96.84
2026-09-29 18:54:16,train,29478,FOREARM,48,48,49,98.0%,47,-,-,,-,False,49/49,100.0%,True,-,-,-,-,-,-,78.29
2026-09-29 18:56:26,train,31302,HAND,41,41,49,83.7%,0,-,-,,-,False,49/49,100.0%,True,-,-,-,-,-,-,99.61
2026-09-29 18:58:26,train,8418,HUMERUS,45,49,49,91.8%,0,-,-,,-,False,49/49,100.0%,True,-,-,-,-,-,-,90.2
2026-09-29 19:00:22,train,440,SHOULDER,0,0,49,0.0%,0,-,-,,-,False,49/49,100.0%,True,-,-,-,-,-,-,86.36
2026-09-29 19:02:22,train,19727,WRIST,48,49,49,98.0%,0,-,-,,-,False,49/49,100.0%,True,-,-,-,-,-,-,89.15
2026-09-29 19:04:04,train,14800,ELBOW,49,49,49,100.0%,49,-,-,,-,False,49/49,100.0%,True,-,-,-,-,-,-,71.98
2026-09-29 19:05:56,train,9692,FINGER,49,49,49,100.0%,49,-,-,,-,False,49/49,100.0%,True,-,-,-,-,-,-,82.48
2026-09-29 19:07:38,train,29479,FOREARM,42,49,49,85.7%,0,-,-,,-,False,49/49,100.0%,True,-,-,-,-,-,-,71.96
2026-09-29 19:09:20,train,31306,HAND,49,49,49,100.0%,49,-,-,,-,False,49/49,100.0%,True,-,-,-,-,-,-,71.8
2026-09-29 19:11:02,train,8419,HUMERUS,49,49,49,100.0%,49,-,-,,-,False,49/49,100.0%,True,-,-,-,-,-,-,72.45
2026-09-29 19:13:02,train,441,SHOULDER,49,49,49,100.0%,49,-,-,,-,False,49/49,100.0%,True,-,-,-,-,-,-,90.06
2026-09-29 19:14:44,train,19728,WRIST,46,49,49,93.9%,0,-,-,,-,False,49/49,100.0%,True,-,-,-,-,-,-,72.16
2026-09-29 19:16:46,train,14801,ELBOW,48,49,49,98.0%,0,-,-,,-,False,49/49,100.0%,True,-,-,-,-,-,-,91.44
2026-09-29 19:18:35,train,9693,FINGER,47,48,49,95.9%,1,-,-,,-,False,49/49,100.0%,True,-,-,-,-,-,-,78.59
2026-09-29 19:20:16,train,29480,FOREARM,49,49,49,100.0%,49,-,-,,-,False,49/49,100.0%,True,-,-,-,-,-,-,71.95
2026-09-29 19:21:59,train,31307,HAND,49,49,49,100.0%,49,-,-,,-,False,49/49,100.0%,True,-,-,-,-,-,-,72.19
2026-09-29 19:23:53,train,8420,HUMERUS,49,49,49,100.0%,49,-,-,,-,False,49/49,100.0%,True,-,-,-,-,-,-,84.08
2026-09-29 19:25:35,train,442,SHOULDER,49,49,49,100.0%,49,-,-,,-,False,49/49,100.0%,True,-,-,-,-,-,-,72.15
2026-09-29 19:27:29,train,19729,WRIST,49,49,49,100.0%,49,-,-,,-,False,49/49,100.0%,True,-,-,-,-,-,-,84.13
2026-09-29 19:29:11,train,14802,ELBOW,47,49,49,95.9%,0,-,-,,-,False,49/49,100.0%,True,-,-,-,-,-,-,72.13
2026-09-29 19:31:04,train,9694,FINGER,49,49,49,100.0%,49,-,-,,-,False,49/49,100.0%,True,-,-,-,-,-,-,82.91
2026-09-29 19:33:09,train,29481,FOREARM,48,49,49,98.0%,0,-,-,,-,False,49/49,100.0%,True,-,-,-,-,-,-,94.78
2026-09-29 19:35:19,train,31308,HAND,49,49,49,100.0%,49,-,-,,-,False,49/49,100.0%,True,-,-,-,-,-,-,100.37
2026-09-29 19:37:02,train,8421,HUMERUS,48,49,49,98.0%,0,-,-,,-,False,49/49,100.0%,True,-,-,-,-,-,-,72.27
2026-09-29 19:39:03,train,443,SHOULDER,48,49,49,98.0%,0,-,-,,-,False,49/49,100.0%,True,-,-,-,-,-,-,91.5
2026-09-29 19:40:45,train,19730,WRIST,48,49,49,98.0%,0,-,-,,-,False,49/49,100.0%,True,-,-,-,-,-,-,72.31
2026-09-29 19:42:35,train,14803,ELBOW,0,0,49,0.0%,0,-,-,,-,False,49/49,100.0%,True,-,-,-,-,-,-,79.34
2026-09-29 19:44:16,train,9695,FINGER,48,49,49,98.0%,0,-,-,,-,False,49/49,100.0%,True,-,-,-,-,-,-,71.79
2026-09-29 19:46:07,train,29482,FOREARM,49,49,49,100.0%,49,-,-,,-,False,49/49,100.0%,True,-,-,-,-,-,-,80.23
2026-09-29 19:47:57,train,31309,HAND,49,49,49,100.0%,49,-,-,,-,False,49/49,100.0%,True,-,-,-,-,-,-,80.62
2026-09-29 19:49:39,train,8422,HUMERUS,49,49,49,100.0%,49,-,-,,-,False,49/49,100.0%,True,-,-,-,-,-,-,72.0
2026-09-29 19:51:22,train,444,SHOULDER,46,49,49,93.9%,0,-,-,,-,False,49/49,100.0%,True,-,-,-,-,-,-,72.27
2026-09-29 19:53:25,train,19731,WRIST,49,49,49,100.0%,49,-,-,,-,False,49/49,100.0%,True,-,-,-,-,-,-,93.07
2026-09-29 19:55:07,train,14804,ELBOW,46,49,49,93.9%,0,-,-,,-,False,49/49,100.0%,True,-,-,-,-,-,-,72.49
2026-09-29 19:56:57,train,9696,FINGER,49,49,49,100.0%,49,-,-,,-,False,49/49,100.0%,True,-,-,-,-,-,-,79.45
2026-09-29 19:58:58,train,29483,FOREARM,45,49,49,91.8%,0,-,-,,-,False,49/49,100.0%,True,-,-,-,-,-,-,91.08
2026-09-29 20:00:59,train,31310,HAND,46,49,49,93.9%,0,-,-,,-,False,49/49,100.0%,True,-,-,-,-,-,-,91.26
2026-09-29 20:02:41,train,8423,HUMERUS,49,49,49,100.0%,49,-,-,,-,False,49/49,100.0%,True,-,-,-,-,-,-,72.26
2026-09-29 20:04:34,train,445,SHOULDER,48,49,49,98.0%,0,-,-,,-,False,49/49,100.0%,True,-,-,-,-,-,-,82.39
2026-09-29 20:06:16,train,19732,WRIST,36,48,49,73.5%,0,-,-,,-,False,49/49,100.0%,True,-,-,-,-,-,-,72.79
2026-09-29 20:08:14,train,14805,ELBOW,46,46,49,93.9%,0,-,-,,-,False,49/49,100.0%,True,-,-,-,-,-,-,87.19
2026-09-29 20:10:22,train,9697,FINGER,48,49,49,98.0%,0,-,-,,-,False,49/49,100.0%,True,-,-,-,-,-,-,98.29
2026-09-29 20:12:37,train,29484,FOREARM,45,48,49,91.8%,0,-,-,,-,False,49/49,100.0%,True,-,-,-,-,-,-,105.19
2026-09-29 20:14:19,train,31311,HAND,48,49,49,98.0%,0,-,-,,-,False,49/49,100.0%,True,-,-,-,-,-,-,72.27
2026-09-29 20:16:01,train,8424,HUMERUS,49,49,49,100.0%,49,-,-,,-,False,49/49,100.0%,True,-,-,-,-,-,-,72.07
2026-09-29 20:17:43,train,446,SHOULDER,49,49,49,100.0%,49,-,-,,-,False,49/49,100.0%,True,-,-,-,-,-,-,71.95
2026-09-29 20:19:26,train,19733,WRIST,49,49,49,100.0%,49,-,-,,-,False,49/49,100.0%,True,-,-,-,-,-,-,72.3
2026-09-29 20:21:18,train,14806,ELBOW,48,48,49,98.0%,0,-,-,,-,False,49/49,100.0%,True,-,-,-,-,-,-,82.02
2026-09-29 20:23:27,train,9698,FINGER,0,0,49,0.0%,0,-,-,,-,False,49/49,100.0%,True,-,-,-,-,-,-,99.15
2026-09-29 20:25:15,train,29485,FOREARM,46,49,49,93.9%,0,-,-,,-,False,49/49,100.0%,True,-,-,-,-,-,-,77.71
2026-09-29 20:27:17,train,31312,HAND,49,49,49,100.0%,49,-,-,,-,False,49/49,100.0%,True,-,-,-,-,-,-,92.48
2026-09-29 20:29:12,train,8425,HUMERUS,48,48,49,98.0%,0,-,-,,-,False,49/49,100.0%,True,-,-,-,-,-,-,85.12
2026-09-29 20:30:54,train,447,SHOULDER,45,49,49,91.8%,0,-,-,,-,False,49/49,100.0%,True,-,-,-,-,-,-,71.98
2026-09-29 20:32:36,train,19734,WRIST,49,49,49,100.0%,49,-,-,,-,False,49/49,100.0%,True,-,-,-,-,-,-,72.04
2026-09-29 20:34:25,train,14807,ELBOW,48,49,49,98.0%,0,-,-,,-,False,49/49,100.0%,True,-,-,-,-,-,-,78.84
2026-09-29 20:36:30,train,9699,FINGER,49,49,49,100.0%,49,-,-,,-,False,49/49,100.0%,True,-,-,-,-,-,-,94.55
2026-09-29 20:38:28,train,29486,FOREARM,49,49,49,100.0%,49,-,-,,-,False,49/49,100.0%,True,-,-,-,-,-,-,88.69
2026-09-29 20:40:10,train,31313,HAND,47,49,49,95.9%,0,-,-,,-,False,49/49,100.0%,True,-,-,-,-,-,-,72.12
2026-09-29 20:42:03,train,8426,HUMERUS,48,49,49,98.0%,0,-,-,,-,False,49/49,100.0%,True,-,-,-,-,-,-,83.01
2026-09-29 20:44:16,train,448,SHOULDER,48,49,49,98.0%,0,-,-,,-,False,49/49,100.0%,True,-,-,-,-,-,-,102.38
2026-09-29 20:46:05,train,19735,WRIST,46,48,49,93.9%,0,-,-,,-,False,49/49,100.0%,True,-,-,-,-,-,-,79.05
2026-09-29 20:48:03,train,14808,ELBOW,0,28,49,0.0%,0,-,-,,-,False,49/49,100.0%,True,-,-,-,-,-,-,88.38
2026-09-29 20:49:58,train,9700,FINGER,49,49,49,100.0%,49,-,-,,-,False,49/49,100.0%,True,-,-,-,-,-,-,84.89
2026-09-29 20:51:40,train,29487,FOREARM,44,49,49,89.8%,0,-,-,,-,False,49/49,100.0%,True,-,-,-,-,-,-,71.98
2026-09-29 20:53:22,train,31314,HAND,49,49,49,100.0%,49,-,-,,-,False,49/49,100.0%,True,-,-,-,-,-,-,72.04
2026-09-29 20:55:15,train,8427,HUMERUS,46,49,49,93.9%,0,-,-,,-,False,49/49,100.0%,True,-,-,-,-,-,-,82.83
2026-09-29 20:56:57,train,449,SHOULDER,49,49,49,100.0%,49,-,-,,-,False,49/49,100.0%,True,-,-,-,-,-,-,71.93
2026-09-29 20:58:42,train,19736,WRIST,49,49,49,100.0%,49,-,-,,-,False,49/49,100.0%,True,-,-,-,-,-,-,75.63
2026-09-29 21:00:24,train,14809,ELBOW,44,49,49,89.8%,0,-,-,,-,False,49/49,100.0%,True,-,-,-,-,-,-,71.97
2026-09-29 21:02:19,train,9701,FINGER,0,7,49,0.0%,0,-,-,,-,False,49/49,100.0%,True,-,-,-,-,-,-,84.23
2026-09-29 21:04:19,train,29488,FOREARM,48,49,49,98.0%,0,-,-,,-,False,49/49,100.0%,True,-,-,-,-,-,-,90.83
2026-09-29 21:06:02,train,31315,HAND,45,49,49,91.8%,0,-,-,,-,False,49/49,100.0%,True,-,-,-,-,-,-,72.05
2026-09-29 21:07:44,train,8428,HUMERUS,48,49,49,98.0%,0,-,-,,-,False,49/49,100.0%,True,-,-,-,-,-,-,72.15
2026-09-29 21:09:38,train,450,SHOULDER,49,49,49,100.0%,49,-,-,,-,False,49/49,100.0%,True,-,-,-,-,-,-,83.94
2026-09-29 21:11:31,train,19737,WRIST,47,49,49,95.9%,0,-,-,,-,False,49/49,100.0%,True,-,-,-,-,-,-,83.48
2026-09-29 21:13:29,train,14810,ELBOW,49,49,49,100.0%,49,-,-,,-,False,49/49,100.0%,True,-,-,-,-,-,-,88.33
2026-09-29 21:15:28,train,9702,FINGER,45,48,49,91.8%,0,-,-,,-,False,49/49,100.0%,True,-,-,-,-,-,-,88.47
2026-09-29 21:17:25,train,29489,FOREARM,46,48,49,93.9%,0,-,-,,-,False,49/49,100.0%,True,-,-,-,-,-,-,86.96
2026-09-29 21:19:07,train,31316,HAND,49,49,49,100.0%,49,-,-,,-,False,49/49,100.0%,True,-,-,-,-,-,-,71.93
2026-09-29 21:20:49,train,8429,HUMERUS,48,48,49,98.0%,0,-,-,,-,False,49/49,100.0%,True,-,-,-,-,-,-,72.06
2026-09-29 21:23:30,train,451,SHOULDER,48,48,49,98.0%,1,-,-,,-,False,49/49,100.0%,True,-,-,-,-,-,-,130.99
2026-09-29 21:25:28,train,19738,WRIST,0,31,49,0.0%,0,-,-,,-,False,49/49,100.0%,True,-,-,-,-,-,-,88.6
2026-09-29 21:27:32,train,14811,ELBOW,48,49,49,98.0%,0,-,-,,-,False,49/49,100.0%,True,-,-,-,-,-,-,93.23
2026-09-29 21:29:25,train,9703,FINGER,0,0,49,0.0%,0,-,-,,-,False,49/49,100.0%,True,-,-,-,-,-,-,83.1
2026-09-29 21:30:58,train,14803,ELBOW,48,48,49,98.0%,17,-,-,,-,False,49/49,100.0%,True,-,-,-,-,-,-,90.78
2026-09-29 21:32:40,train,9698,FINGER,47,49,49,95.9%,0,-,-,,-,False,49/49,100.0%,True,-,-,-,-,-,-,72.25
2026-09-29 21:34:27,train,29490,FOREARM,48,49,49,98.0%,0,-,-,,-,False,49/49,100.0%,True,-,-,-,-,-,-,76.87
2026-09-29 21:36:09,train,31293,HAND,49,49,49,100.0%,49,-,-,,-,False,49/49,100.0%,True,-,-,-,-,-,-,71.99
2026-09-29 21:37:51,train,8430,HUMERUS,49,49,49,100.0%,49,-,-,,-,False,49/49,100.0%,True,-,-,-,-,-,-,71.92
2026-09-29 21:40:00,train,440,SHOULDER,0,0,49,0.0%,0,-,-,,-,False,49/49,100.0%,True,-,-,-,-,-,-,99.23
2026-09-29 21:41:49,train,19726,WRIST,49,49,49,100.0%,49,-,-,,-,False,49/49,100.0%,True,-,-,-,-,-,-,78.5
2026-09-29 21:43:48,train,14808,ELBOW,0,13,49,0.0%,0,-,-,,-,False,49/49,100.0%,True,-,-,-,-,-,-,89.03
2026-09-29 21:45:39,train,9701,FINGER,49,49,49,100.0%,49,-,-,,-,False,49/49,100.0%,True,-,-,-,-,-,-,80.95
2026-09-29 21:47:21,train,29491,FOREARM,47,49,49,95.9%,0,-,-,,-,False,49/49,100.0%,True,-,-,-,-,-,-,72.18
2026-09-29 21:49:12,train,31317,HAND,49,49,49,100.0%,49,-,-,,-,False,49/49,100.0%,True,-,-,-,-,-,-,81.48
2026-09-29 21:50:54,train,8431,HUMERUS,49,49,49,100.0%,49,-,-,,-,False,49/49,100.0%,True,-,-,-,-,-,-,72.17
2026-09-29 21:52:43,train,452,SHOULDER,48,49,49,98.0%,0,-,-,,-,False,49/49,100.0%,True,-,-,-,-,-,-,78.47
2026-09-29 21:54:25,train,19738,WRIST,49,49,49,100.0%,49,-,-,,-,False,49/49,100.0%,True,-,-,-,-,-,-,71.99
2026-09-29 21:56:07,train,14812,ELBOW,49,49,49,100.0%,49,-,-,,-,False,49/49,100.0%,True,-,-,-,-,-,-,72.15
2026-09-29 21:58:04,train,9703,FINGER,49,49,49,100.0%,49,-,-,,-,False,49/49,100.0%,True,-,-,-,-,-,-,86.84
2026-09-29 21:59:46,train,29492,FOREARM,49,49,49,100.0%,49,-,-,,-,False,49/49,100.0%,True,-,-,-,-,-,-,72.06
2026-09-29 22:01:48,train,31318,HAND,48,48,49,98.0%,0,-,-,,-,False,49/49,100.0%,True,-,-,-,-,-,-,92.44
2026-09-29 22:03:30,train,8432,HUMERUS,49,49,49,100.0%,49,-,-,,-,False,49/49,100.0%,True,-,-,-,-,-,-,71.96
2026-09-29 22:05:21,train,453,SHOULDER,46,49,49,93.9%,0,-,-,,-,False,49/49,100.0%,True,-,-,-,-,-,-,80.82
2026-09-29 22:07:03,train,19739,WRIST,49,49,49,100.0%,49,-,-,,-,False,49/49,100.0%,True,-,-,-,-,-,-,72.08
2026-09-29 22:08:46,train,14813,ELBOW,48,49,49,98.0%,0,-,-,,-,False,49/49,100.0%,True,-,-,-,-,-,-,72.61
2026-09-29 22:10:45,train,9704,FINGER,37,37,49,75.5%,0,-,-,,-,False,49/49,100.0%,True,-,-,-,-,-,-,89.19
2026-09-29 22:12:27,train,29493,FOREARM,48,49,49,98.0%,0,-,-,,-,False,49/49,100.0%,True,-,-,-,-,-,-,72.34
2026-09-29 22:14:09,train,31319,HAND,46,49,49,93.9%,0,-,-,,-,False,49/49,100.0%,True,-,-,-,-,-,-,72.09
2026-09-29 22:16:14,train,8433,HUMERUS,49,49,49,100.0%,49,-,-,,-,False,49/49,100.0%,True,-,-,-,-,-,-,94.27
2026-09-29 22:18:18,train,454,SHOULDER,48,49,49,98.0%,0,-,-,,-,False,49/49,100.0%,True,-,-,-,-,-,-,94.6
2026-09-29 22:20:11,train,19740,WRIST,47,47,49,95.9%,0,-,-,,-,False,49/49,100.0%,True,-,-,-,-,-,-,82.35
2026-09-29 22:22:07,train,14814,ELBOW,49,49,49,100.0%,49,-,-,,-,False,49/49,100.0%,True,-,-,-,-,-,-,85.97
2026-09-29 22:23:49,train,9705,FINGER,49,49,49,100.0%,49,-,-,,-,False,49/49,100.0%,True,-,-,-,-,-,-,72.25
2026-09-29 22:25:47,train,29494,FOREARM,49,49,49,100.0%,49,-,-,,-,False,49/49,100.0%,True,-,-,-,-,-,-,87.83
2026-09-29 22:27:29,train,31320,HAND,48,49,49,98.0%,0,-,-,,-,False,49/49,100.0%,True,-,-,-,-,-,-,72.19
2026-09-29 22:30:04,train,8434,HUMERUS,45,45,49,91.8%,0,-,-,,-,False,49/49,100.0%,True,-,-,-,-,-,-,125.12
2026-09-29 22:32:01,train,455,SHOULDER,0,0,49,0.0%,0,-,-,,-,False,49/49,100.0%,True,-,-,-,-,-,-,86.64
2026-09-29 22:34:01,train,19741,WRIST,49,49,49,100.0%,49,-,-,,-,False,49/49,100.0%,True,-,-,-,-,-,-,89.98
2026-09-29 22:35:48,train,14815,ELBOW,45,49,49,91.8%,0,-,-,,-,False,49/49,100.0%,True,-,-,-,-,-,-,77.51
2026-09-29 22:37:52,train,9706,FINGER,0,0,49,0.0%,0,-,-,,-,False,49/49,100.0%,True,-,-,-,-,-,-,93.86
2026-09-29 22:39:59,train,29495,FOREARM,49,49,49,100.0%,49,-,-,,-,False,49/49,100.0%,True,-,-,-,-,-,-,96.46
2026-09-29 22:41:57,train,31321,HAND,0,0,49,0.0%,0,-,-,,-,False,49/49,100.0%,True,-,-,-,-,-,-,88.29
2026-09-29 22:43:54,train,8435,HUMERUS,49,49,49,100.0%,49,-,-,,-,False,49/49,100.0%,True,-,-,-,-,-,-,87.35
2026-09-29 22:45:45,train,456,SHOULDER,45,48,49,91.8%,0,-,-,,-,False,49/49,100.0%,True,-,-,-,-,-,-,80.81
2026-09-29 22:47:27,train,19742,WRIST,46,49,49,93.9%,0,-,-,,-,False,49/49,100.0%,True,-,-,-,-,-,-,72.13
2026-09-29 22:49:09,train,14816,ELBOW,47,49,49,95.9%,0,-,-,,-,False,49/49,100.0%,True,-,-,-,-,-,-,72.2
2026-09-29 22:50:52,train,9707,FINGER,48,49,49,98.0%,0,-,-,,-,False,49/49,100.0%,True,-,-,-,-,-,-,72.32
2026-09-29 22:52:34,train,29496,FOREARM,49,49,49,100.0%,49,-,-,,-,False,49/49,100.0%,True,-,-,-,-,-,-,72.05
2026-09-29 22:54:16,train,31322,HAND,48,49,49,98.0%,0,-,-,,-,False,49/49,100.0%,True,-,-,-,-,-,-,72.19
2026-09-29 22:56:15,train,8436,HUMERUS,0,38,49,0.0%,0,-,-,,-,False,49/49,100.0%,True,-,-,-,-,-,-,88.9
2026-09-29 22:57:57,train,457,SHOULDER,47,49,49,95.9%,0,-,-,,-,False,49/49,100.0%,True,-,-,-,-,-,-,72.12
2026-09-29 22:59:54,train,19743,WRIST,48,49,49,98.0%,0,-,-,,-,False,49/49,100.0%,True,-,-,-,-,-,-,87.46
2026-09-29 23:02:25,train,14817,ELBOW,0,0,49,0.0%,0,-,-,,-,False,49/49,100.0%,True,-,-,-,-,-,-,120.91
2026-09-29 23:04:28,train,9708,FINGER,49,49,49,100.0%,49,-,-,,-,False,49/49,100.0%,True,-,-,-,-,-,-,92.41
2026-09-29 23:06:10,train,29497,FOREARM,44,49,49,89.8%,0,-,-,,-,False,49/49,100.0%,True,-,-,-,-,-,-,72.04
2026-09-29 23:07:58,train,31323,HAND,49,49,49,100.0%,49,-,-,,-,False,49/49,100.0%,True,-,-,-,-,-,-,78.41
2026-09-29 23:09:40,train,8437,HUMERUS,47,49,49,95.9%,0,-,-,,-,False,49/49,100.0%,True,-,-,-,-,-,-,71.97
2026-09-29 23:11:22,train,458,SHOULDER,41,49,49,83.7%,0,-,-,,-,False,49/49,100.0%,True,-,-,-,-,-,-,71.99
2026-09-29 23:13:30,train,19744,WRIST,47,49,49,95.9%,0,-,-,,-,False,49/49,100.0%,True,-,-,-,-,-,-,98.28
2026-09-29 23:15:13,train,14818,ELBOW,48,49,49,98.0%,0,-,-,,-,False,49/49,100.0%,True,-,-,-,-,-,-,72.31
2026-09-29 23:17:04,train,9709,FINGER,46,49,49,93.9%,0,-,-,,-,False,49/49,100.0%,True,-,-,-,-,-,-,81.51
2026-09-29 23:18:58,train,29498,FOREARM,26,43,49,53.1%,0,-,-,,-,False,49/49,100.0%,True,-,-,-,-,-,-,83.88
2026-09-29 23:20:40,train,31324,HAND,49,49,49,100.0%,49,-,-,,-,False,49/49,100.0%,True,-,-,-,-,-,-,72.0
2026-09-29 23:22:22,train,8438,HUMERUS,49,49,49,100.0%,49,-,-,,-,False,49/49,100.0%,True,-,-,-,-,-,-,71.95
2026-09-29 23:24:19,train,459,SHOULDER,47,49,49,95.9%,0,-,-,,-,False,49/49,100.0%,True,-,-,-,-,-,-,87.09
2026-09-29 23:26:04,train,19745,WRIST,49,49,49,100.0%,49,-,-,,-,False,49/49,100.0%,True,-,-,-,-,-,-,75.3
2026-09-29 23:28:01,train,14819,ELBOW,48,49,49,98.0%,0,-,-,,-,False,49/49,100.0%,True,-,-,-,-,-,-,86.22
2026-09-29 23:30:07,train,9710,FINGER,44,49,49,89.8%,0,-,-,,-,False,49/49,100.0%,True,-,-,-,-,-,-,96.67
2026-09-29 23:32:01,train,29499,FOREARM,48,49,49,98.0%,0,-,-,,-,False,49/49,100.0%,True,-,-,-,-,-,-,83.58
2026-09-29 23:33:43,train,31325,HAND,49,49,49,100.0%,49,-,-,,-,False,49/49,100.0%,True,-,-,-,-,-,-,71.94
2026-09-29 23:35:25,train,8439,HUMERUS,47,49,49,95.9%,0,-,-,,-,False,49/49,100.0%,True,-,-,-,-,-,-,71.83
2026-09-29 23:37:19,train,460,SHOULDER,0,16,49,0.0%,0,-,-,,-,False,49/49,100.0%,True,-,-,-,-,-,-,84.64
2026-09-29 23:39:19,train,19746,WRIST,49,49,49,100.0%,49,-,-,,-,False,49/49,100.0%,True,-,-,-,-,-,-,89.73
2026-09-29 23:41:12,train,14820,ELBOW,0,0,49,0.0%,0,-,-,,-,False,49/49,100.0%,True,-,-,-,-,-,-,83.15
2026-09-29 23:42:54,train,9711,FINGER,47,49,49,95.9%,0,-,-,,-,False,49/49,100.0%,True,-,-,-,-,-,-,71.97
2026-09-29 23:44:36,train,29500,FOREARM,49,49,49,100.0%,49,-,-,,-,False,49/49,100.0%,True,-,-,-,-,-,-,71.96
2026-09-29 23:46:18,train,31326,HAND,49,49,49,100.0%,49,-,-,,-,False,49/49,100.0%,True,-,-,-,-,-,-,72.01
2026-09-29 23:48:27,train,8440,HUMERUS,48,49,49,98.0%,0,-,-,,-,False,49/49,100.0%,True,-,-,-,-,-,-,98.57
2026-09-29 23:50:09,train,461,SHOULDER,49,49,49,100.0%,49,-,-,,-,False,49/49,100.0%,True,-,-,-,-,-,-,72.04
2026-09-29 23:52:05,train,19747,WRIST,48,49,49,98.0%,0,-,-,,-,False,49/49,100.0%,True,-,-,-,-,-,-,86.77
2026-09-29 23:54:03,train,14821,ELBOW,46,49,49,93.9%,0,-,-,,-,False,49/49,100.0%,True,-,-,-,-,-,-,87.87
2026-09-29 23:56:44,train,9712,FINGER,47,49,49,95.9%,0,-,-,,-,False,49/49,100.0%,True,-,-,-,-,-,-,131.12
2026-09-29 23:58:34,train,29501,FOREARM,46,49,49,93.9%,0,-,-,,-,False,49/49,100.0%,True,-,-,-,-,-,-,79.51
2026-09-30 00:00:31,train,31327,HAND,40,40,49,81.6%,0,-,-,,-,False,49/49,100.0%,True,-,-,-,-,-,-,86.81
2026-09-30 00:02:19,train,8441,HUMERUS,49,49,49,100.0%,49,-,-,,-,False,49/49,100.0%,True,-,-,-,-,-,-,78.61
2026-09-30 00:04:16,train,462,SHOULDER,0,0,49,0.0%,0,-,-,,-,False,49/49,100.0%,True,-,-,-,-,-,-,86.62
2026-09-30 00:06:09,train,19748,WRIST,49,49,49,100.0%,49,-,-,,-,False,49/49,100.0%,True,-,-,-,-,-,-,83.09
2026-09-30 00:08:02,train,14822,ELBOW,49,49,49,100.0%,49,-,-,,-,False,49/49,100.0%,True,-,-,-,-,-,-,82.83
2026-09-30 00:10:20,train,9713,FINGER,49,49,49,100.0%,49,-,-,,-,False,49/49,100.0%,True,-,-,-,-,-,-,107.9
2026-09-30 00:12:13,train,29502,FOREARM,46,49,49,93.9%,0,-,-,,-,False,49/49,100.0%,True,-,-,-,-,-,-,83.5
2026-09-30 00:14:01,train,31328,HAND,48,48,49,98.0%,0,-,-,,-,False,49/49,100.0%,True,-,-,-,-,-,-,77.44
2026-09-30 00:16:02,train,8442,HUMERUS,49,49,49,100.0%,49,-,-,,-,False,49/49,100.0%,True,-,-,-,-,-,-,91.24
2026-09-30 00:17:50,train,463,SHOULDER,48,49,49,98.0%,0,-,-,,-,False,49/49,100.0%,True,-,-,-,-,-,-,78.03
2026-09-30 00:19:48,train,19749,WRIST,49,49,49,100.0%,49,-,-,,-,False,49/49,100.0%,True,-,-,-,-,-,-,87.55
2026-09-30 00:21:30,train,14823,ELBOW,49,49,49,100.0%,49,-,-,,-,False,49/49,100.0%,True,-,-,-,-,-,-,72.05
2026-09-30 00:23:21,train,9714,FINGER,0,0,49,0.0%,0,-,-,,-,False,49/49,100.0%,True,-,-,-,-,-,-,80.84
2026-09-30 00:25:23,train,29503,FOREARM,45,45,49,91.8%,0,-,-,,-,False,49/49,100.0%,True,-,-,-,-,-,-,92.65
2026-09-30 00:27:17,train,31329,HAND,48,49,49,98.0%,0,-,-,,-,False,49/49,100.0%,True,-,-,-,-,-,-,84.08
2026-09-30 00:28:59,train,8443,HUMERUS,47,49,49,95.9%,0,-,-,,-,False,49/49,100.0%,True,-,-,-,-,-,-,72.09
2026-09-30 00:30:57,train,464,SHOULDER,47,49,49,95.9%,0,-,-,,-,False,49/49,100.0%,True,-,-,-,-,-,-,87.17
2026-09-30 00:32:39,train,19750,WRIST,49,49,49,100.0%,49,-,-,,-,False,49/49,100.0%,True,-,-,-,-,-,-,72.09
2026-09-30 00:34:58,train,14824,ELBOW,46,48,49,93.9%,0,-,-,,-,False,49/49,100.0%,True,-,-,-,-,-,-,108.96
2026-09-30 00:36:40,train,9715,FINGER,49,49,49,100.0%,49,-,-,,-,False,49/49,100.0%,True,-,-,-,-,-,-,71.98
2026-09-30 00:38:03,train,14808,ELBOW,49,49,49,100.0%,49,-,-,,-,False,49/49,100.0%,True,-,-,-,-,-,-,81.63
2026-09-30 00:40:08,train,9706,FINGER,49,49,49,100.0%,49,-,-,,-,False,49/49,100.0%,True,-,-,-,-,-,-,94.18
2026-09-30 00:41:58,train,29504,FOREARM,46,47,49,93.9%,0,-,-,,-,False,49/49,100.0%,True,-,-,-,-,-,-,80.89
2026-09-30 00:43:40,train,31321,HAND,48,49,49,98.0%,0,-,-,,-,False,49/49,100.0%,True,-,-,-,-,-,-,71.97
2026-09-30 00:45:22,train,8436,HUMERUS,49,49,49,100.0%,49,-,-,,-,False,49/49,100.0%,True,-,-,-,-,-,-,71.94
2026-09-30 00:47:12,train,440,SHOULDER,20,20,49,40.8%,0,-,-,,-,False,49/49,100.0%,True,-,-,-,-,-,-,79.94
2026-09-30 00:49:09,train,19751,WRIST,48,49,49,98.0%,0,-,-,,-,False,49/49,100.0%,True,-,-,-,-,-,-,86.7
2026-09-30 00:51:40,train,14817,ELBOW,45,49,49,91.8%,0,-,-,,-,False,49/49,100.0%,True,-,-,-,-,-,-,120.62
2026-09-30 00:53:39,train,9714,FINGER,48,49,49,98.0%,0,-,-,,-,False,49/49,100.0%,True,-,-,-,-,-,-,89.14
2026-09-30 00:55:32,train,29505,FOREARM,49,49,49,100.0%,49,-,-,,-,False,49/49,100.0%,True,-,-,-,-,-,-,82.78
2026-09-30 00:57:36,train,31330,HAND,0,15,49,0.0%,0,-,-,,-,False,49/49,100.0%,True,-,-,-,-,-,-,94.57
2026-09-30 00:59:33,train,8444,HUMERUS,49,49,49,100.0%,49,-,-,,-,False,49/49,100.0%,True,-,-,-,-,-,-,86.46
2026-09-30 01:01:32,train,455,SHOULDER,48,49,49,98.0%,0,-,-,,-,False,49/49,100.0%,True,-,-,-,-,-,-,89.18
2026-09-30 01:03:14,train,19752,WRIST,49,49,49,100.0%,49,-,-,,-,False,49/49,100.0%,True,-,-,-,-,-,-,72.03
2026-09-30 01:04:56,train,14820,ELBOW,49,49,49,100.0%,49,-,-,,-,False,49/49,100.0%,True,-,-,-,-,-,-,72.35
2026-09-30 01:07:16,train,9716,FINGER,48,49,49,98.0%,0,-,-,,-,False,49/49,100.0%,True,-,-,-,-,-,-,110.04
2026-09-30 01:09:13,train,29506,FOREARM,48,49,49,98.0%,0,-,-,,-,False,49/49,100.0%,True,-,-,-,-,-,-,86.86
2026-09-30 01:10:55,train,31331,HAND,49,49,49,100.0%,49,-,-,,-,False,49/49,100.0%,True,-,-,-,-,-,-,71.83
2026-09-30 01:12:41,train,8445,HUMERUS,48,49,49,98.0%,0,-,-,,-,False,49/49,100.0%,True,-,-,-,-,-,-,76.4
2026-09-30 01:14:34,train,460,SHOULDER,48,49,49,98.0%,0,-,-,,-,False,49/49,100.0%,True,-,-,-,-,-,-,82.66
2026-09-30 01:16:16,train,19753,WRIST,48,49,49,98.0%,0,-,-,,-,False,49/49,100.0%,True,-,-,-,-,-,-,71.99
2026-09-30 01:17:58,train,14825,ELBOW,48,49,49,98.0%,0,-,-,,-,False,49/49,100.0%,True,-,-,-,-,-,-,72.25
2026-09-30 01:19:57,train,9717,FINGER,44,49,49,89.8%,0,-,-,,-,False,49/49,100.0%,True,-,-,-,-,-,-,88.34
2026-09-30 01:21:49,train,29507,FOREARM,0,0,49,0.0%,0,-,-,,-,False,49/49,100.0%,True,-,-,-,-,-,-,82.78
2026-09-30 01:24:31,train,31332,HAND,46,49,49,93.9%,0,-,-,,-,False,49/49,100.0%,True,-,-,-,-,-,-,131.3
2026-09-30 01:26:28,train,8446,HUMERUS,45,49,49,91.8%,0,-,-,,-,False,49/49,100.0%,True,-,-,-,-,-,-,87.42
2026-09-30 01:28:37,train,462,SHOULDER,15,44,49,30.6%,0,-,-,,-,False,49/49,100.0%,True,-,-,-,-,-,-,98.5
2026-09-30 01:31:21,train,19754,WRIST,15,15,49,30.6%,0,-,-,,-,False,49/49,100.0%,True,-,-,-,-,-,-,134.67
2026-09-30 01:34:02,train,14826,ELBOW,48,49,49,98.0%,0,-,-,,-,False,49/49,100.0%,True,-,-,-,-,-,-,130.98
2026-09-30 01:36:00,train,9718,FINGER,49,49,49,100.0%,49,-,-,,-,False,49/49,100.0%,True,-,-,-,-,-,-,87.84
2026-09-30 01:37:53,train,29508,FOREARM,47,49,49,95.9%,0,-,-,,-,False,49/49,100.0%,True,-,-,-,-,-,-,82.7
2026-09-30 01:39:35,train,31333,HAND,41,49,49,83.7%,0,-,-,,-,False,49/49,100.0%,True,-,-,-,-,-,-,72.63
2026-09-30 01:41:33,train,8447,HUMERUS,0,0,49,0.0%,0,-,-,,-,False,49/49,100.0%,True,-,-,-,-,-,-,88.0
2026-09-30 01:43:38,train,465,SHOULDER,49,49,49,100.0%,49,-,-,,-,False,49/49,100.0%,True,-,-,-,-,-,-,94.91
2026-09-30 01:45:41,train,19755,WRIST,47,49,49,95.9%,0,-,-,,-,False,49/49,100.0%,True,-,-,-,-,-,-,93.23
2026-09-30 01:47:47,train,14827,ELBOW,34,49,49,69.4%,0,-,-,,-,False,49/49,100.0%,True,-,-,-,-,-,-,95.62
2026-09-30 01:49:44,train,9719,FINGER,48,49,49,98.0%,0,-,-,,-,False,49/49,100.0%,True,-,-,-,-,-,-,86.75
2026-09-30 01:51:39,train,29509,FOREARM,48,49,49,98.0%,0,-,-,,-,False,49/49,100.0%,True,-,-,-,-,-,-,85.2
2026-09-30 01:53:30,train,31334,HAND,0,0,49,0.0%,0,-,-,,-,False,49/49,100.0%,True,-,-,-,-,-,-,80.64
2026-09-30 01:55:22,train,8448,HUMERUS,49,49,49,100.0%,49,-,-,,-,False,49/49,100.0%,True,-,-,-,-,-,-,82.41
2026-09-30 01:57:31,train,466,SHOULDER,49,49,49,100.0%,49,-,-,,-,False,49/49,100.0%,True,-,-,-,-,-,-,99.19
2026-09-30 01:59:27,train,19756,WRIST,47,49,49,95.9%,0,-,-,,-,False,49/49,100.0%,True,-,-,-,-,-,-,86.1
2026-09-30 02:01:20,train,14828,ELBOW,49,49,49,100.0%,49,-,-,,-,False,49/49,100.0%,True,-,-,-,-,-,-,82.46
2026-09-30 02:03:19,train,9720,FINGER,49,49,49,100.0%,49,-,-,,-,False,49/49,100.0%,True,-,-,-,-,-,-,89.37
2026-09-30 02:05:10,train,29510,FOREARM,49,49,49,100.0%,49,-,-,,-,False,49/49,100.0%,True,-,-,-,-,-,-,80.67
2026-09-30 02:07:21,train,31335,HAND,0,0,49,0.0%,0,-,-,,-,False,49/49,100.0%,True,-,-,-,-,-,-,100.62
2026-09-30 02:09:12,train,8449,HUMERUS,45,49,49,91.8%,0,-,-,,-,False,49/49,100.0%,True,-,-,-,-,-,-,81.35
2026-09-30 02:10:54,train,467,SHOULDER,48,49,49,98.0%,0,-,-,,-,False,49/49,100.0%,True,-,-,-,-,-,-,71.99
2026-09-30 02:13:10,train,19757,WRIST,48,48,49,98.0%,0,-,-,,-,False,49/49,100.0%,True,-,-,-,-,-,-,106.05
2026-09-30 02:15:27,train,14829,ELBOW,47,49,49,95.9%,0,-,-,,-,False,49/49,100.0%,True,-,-,-,-,-,-,106.72
2026-09-30 02:17:12,train,9721,FINGER,49,49,49,100.0%,49,-,-,,-,False,49/49,100.0%,True,-,-,-,-,-,-,75.14
2026-09-30 02:19:07,train,29511,FOREARM,49,49,49,100.0%,49,-,-,,-,False,49/49,100.0%,True,-,-,-,-,-,-,84.76
2026-09-30 02:20:57,train,31336,HAND,49,49,49,100.0%,49,-,-,,-,False,49/49,100.0%,True,-,-,-,-,-,-,80.59
2026-09-30 02:22:55,train,8450,HUMERUS,46,49,49,93.9%,0,-,-,,-,False,49/49,100.0%,True,-,-,-,-,-,-,87.81
2026-09-30 02:24:37,train,468,SHOULDER,49,49,49,100.0%,49,-,-,,-,False,49/49,100.0%,True,-,-,-,-,-,-,71.96
2026-09-30 02:26:27,train,19758,WRIST,49,49,49,100.0%,49,-,-,,-,False,49/49,100.0%,True,-,-,-,-,-,-,79.98
2026-09-30 02:28:16,train,14830,ELBOW,0,31,49,0.0%,0,-,-,,-,False,49/49,100.0%,True,-,-,-,-,-,-,79.04
2026-09-30 02:29:58,train,9722,FINGER,47,49,49,95.9%,0,-,-,,-,False,49/49,100.0%,True,-,-,-,-,-,-,72.31
2026-09-30 02:31:49,train,29512,FOREARM,49,49,49,100.0%,49,-,-,,-,False,49/49,100.0%,True,-,-,-,-,-,-,80.7
2026-09-30 02:33:31,train,31337,HAND,45,48,49,91.8%,0,-,-,,-,False,49/49,100.0%,True,-,-,-,-,-,-,71.97
2026-09-30 02:36:12,train,8451,HUMERUS,47,49,49,95.9%,0,-,-,,-,False,49/49,100.0%,True,-,-,-,-,-,-,131.23
2026-09-30 02:38:17,train,469,SHOULDER,48,48,49,98.0%,1,-,-,,-,False,49/49,100.0%,True,-,-,-,-,-,-,94.77
2026-09-30 02:40:05,train,19759,WRIST,49,49,49,100.0%,49,-,-,,-,False,49/49,100.0%,True,-,-,-,-,-,-,78.44
2026-09-30 02:42:11,train,14831,ELBOW,49,49,49,100.0%,49,-,-,,-,False,49/49,100.0%,True,-,-,-,-,-,-,95.41
2026-09-30 02:44:04,train,9723,FINGER,49,49,49,100.0%,49,-,-,,-,False,49/49,100.0%,True,-,-,-,-,-,-,83.64
2026-09-30 02:46:02,train,29513,FOREARM,48,49,49,98.0%,0,-,-,,-,False,49/49,100.0%,True,-,-,-,-,-,-,87.82
2026-09-30 02:47:54,train,31338,HAND,49,49,49,100.0%,49,-,-,,-,False,49/49,100.0%,True,-,-,-,-,-,-,82.2
2026-09-30 02:49:48,train,8452,HUMERUS,17,24,49,34.7%,0,-,-,,-,False,49/49,100.0%,True,-,-,-,-,-,-,83.94
2026-09-30 02:51:36,train,470,SHOULDER,48,48,49,98.0%,1,-,-,,-,False,49/49,100.0%,True,-,-,-,-,-,-,77.85
2026-09-30 02:53:18,train,19760,WRIST,46,49,49,93.9%,0,-,-,,-,False,49/49,100.0%,True,-,-,-,-,-,-,71.99
2026-09-30 02:55:00,train,14832,ELBOW,49,49,49,100.0%,49,-,-,,-,False,49/49,100.0%,True,-,-,-,-,-,-,71.93
2026-09-30 02:57:40,train,9724,FINGER,49,49,49,100.0%,49,-,-,,-,False,49/49,100.0%,True,-,-,-,-,-,-,129.4
2026-09-30 02:59:37,train,29514,FOREARM,0,0,49,0.0%,0,-,-,,-,False,49/49,100.0%,True,-,-,-,-,-,-,87.03
2026-09-30 03:01:29,train,31339,HAND,48,49,49,98.0%,0,-,-,,-,False,49/49,100.0%,True,-,-,-,-,-,-,82.35
2026-09-30 03:03:25,train,8453,HUMERUS,48,49,49,98.0%,0,-,-,,-,False,49/49,100.0%,True,-,-,-,-,-,-,85.75
2026-09-30 03:05:15,train,471,SHOULDER,49,49,49,100.0%,49,-,-,,-,False,49/49,100.0%,True,-,-,-,-,-,-,80.84
2026-09-30 03:06:58,train,19761,WRIST,45,49,49,91.8%,0,-,-,,-,False,49/49,100.0%,True,-,-,-,-,-,-,72.25
2026-09-30 03:08:46,train,14833,ELBOW,45,49,49,91.8%,0,-,-,,-,False,49/49,100.0%,True,-,-,-,-,-,-,78.61
2026-09-30 03:10:37,train,9725,FINGER,47,49,49,95.9%,0,-,-,,-,False,49/49,100.0%,True,-,-,-,-,-,-,80.78
2026-09-30 03:12:19,train,29515,FOREARM,49,49,49,100.0%,49,-,-,,-,False,49/49,100.0%,True,-,-,-,-,-,-,71.87
2026-09-30 03:14:01,train,31340,HAND,48,49,49,98.0%,0,-,-,,-,False,49/49,100.0%,True,-,-,-,-,-,-,72.13
2026-09-30 03:15:43,train,8454,HUMERUS,48,49,49,98.0%,0,-,-,,-,False,49/49,100.0%,True,-,-,-,-,-,-,71.97
2026-09-30 03:18:25,train,472,SHOULDER,49,49,49,100.0%,49,-,-,,-,False,49/49,100.0%,True,-,-,-,-,-,-,131.43
2026-09-30 03:21:00,train,19762,WRIST,0,0,49,0.0%,0,-,-,,-,False,49/49,100.0%,True,-,-,-,-,-,-,125.53
2026-09-30 03:23:02,train,14834,ELBOW,48,49,49,98.0%,0,-,-,,-,False,49/49,100.0%,True,-,-,-,-,-,-,91.84
2026-09-30 03:25:27,train,9726,FINGER,36,49,49,73.5%,0,-,-,,-,False,49/49,100.0%,True,-,-,-,-,-,-,115.46
2026-09-30 03:27:27,train,29516,FOREARM,48,49,49,98.0%,0,-,-,,-,False,49/49,100.0%,True,-,-,-,-,-,-,89.67
2026-09-30 03:29:34,train,31341,HAND,49,49,49,100.0%,49,-,-,,-,False,49/49,100.0%,True,-,-,-,-,-,-,96.55
2026-09-30 03:32:01,train,8455,HUMERUS,44,49,49,89.8%,0,-,-,,-,False,49/49,100.0%,True,-,-,-,-,-,-,117.8
2026-09-30 03:34:03,train,473,SHOULDER,48,49,49,98.0%,0,-,-,,-,False,49/49,100.0%,True,-,-,-,-,-,-,91.23
2026-09-30 03:35:59,train,19763,WRIST,49,49,49,100.0%,49,-,-,,-,False,49/49,100.0%,True,-,-,-,-,-,-,86.02
2026-09-30 03:37:48,train,14835,ELBOW,47,49,49,95.9%,0,-,-,,-,False,49/49,100.0%,True,-,-,-,-,-,-,79.27
2026-09-30 03:39:30,train,9727,FINGER,49,49,49,100.0%,49,-,-,,-,False,49/49,100.0%,True,-,-,-,-,-,-,71.93
2026-09-30 03:41:12,train,29517,FOREARM,48,49,49,98.0%,0,-,-,,-,False,49/49,100.0%,True,-,-,-,-,-,-,71.99
2026-09-30 03:42:54,train,31342,HAND,49,49,49,100.0%,49,-,-,,-,False,49/49,100.0%,True,-,-,-,-,-,-,72.23
2026-09-30 03:44:46,train,8456,HUMERUS,45,49,49,91.8%,0,-,-,,-,False,49/49,100.0%,True,-,-,-,-,-,-,82.03
2026-09-30 03:46:28,train,474,SHOULDER,46,48,49,93.9%,0,-,-,,-,False,49/49,100.0%,True,-,-,-,-,-,-,72.01
2026-09-30 03:48:16,train,19764,WRIST,49,49,49,100.0%,49,-,-,,-,False,49/49,100.0%,True,-,-,-,-,-,-,77.77
2026-09-30 03:50:18,train,14836,ELBOW,48,48,49,98.0%,1,-,-,,-,False,49/49,100.0%,True,-,-,-,-,-,-,91.95
2026-09-30 03:52:00,train,9728,FINGER,49,49,49,100.0%,49,-,-,,-,False,49/49,100.0%,True,-,-,-,-,-,-,71.94
2026-09-30 03:53:25,train,14830,ELBOW,49,49,49,100.0%,49,-,-,,-,False,49/49,100.0%,True,-,-,-,-,-,-,83.36
2026-09-30 03:55:07,train,9729,FINGER,48,49,49,98.0%,0,-,-,,-,False,49/49,100.0%,True,-,-,-,-,-,-,72.11
2026-09-30 03:56:57,train,29507,FOREARM,48,49,49,98.0%,0,-,-,,-,False,49/49,100.0%,True,-,-,-,-,-,-,79.54
2026-09-30 03:58:39,train,31330,HAND,43,49,49,87.8%,0,-,-,,-,False,49/49,100.0%,True,-,-,-,-,-,-,72.0
2026-09-30 04:00:38,train,8447,HUMERUS,47,47,49,95.9%,0,-,-,,-,False,49/49,100.0%,True,-,-,-,-,-,-,88.64
2026-09-30 04:02:36,train,475,SHOULDER,47,49,49,95.9%,0,-,-,,-,False,49/49,100.0%,True,-,-,-,-,-,-,88.5
2026-09-30 04:04:18,train,19762,WRIST,48,49,49,98.0%,0,-,-,,-,False,49/49,100.0%,True,-,-,-,-,-,-,72.27
2026-09-30 04:06:01,train,14837,ELBOW,49,49,49,100.0%,49,-,-,,-,False,49/49,100.0%,True,-,-,-,-,-,-,72.39
2026-09-30 04:07:51,train,9730,FINGER,47,49,49,95.9%,0,-,-,,-,False,49/49,100.0%,True,-,-,-,-,-,-,79.89
2026-09-30 04:09:55,train,29514,FOREARM,49,49,49,100.0%,49,-,-,,-,False,49/49,100.0%,True,-,-,-,-,-,-,94.54
2026-09-30 04:12:16,train,31334,HAND,48,48,49,98.0%,0,-,-,,-,False,49/49,100.0%,True,-,-,-,-,-,-,110.38
2026-09-30 04:14:20,train,8457,HUMERUS,46,49,49,93.9%,0,-,-,,-,False,49/49,100.0%,True,-,-,-,-,-,-,94.63
2026-09-30 04:16:14,train,476,SHOULDER,47,49,49,95.9%,0,-,-,,-,False,49/49,100.0%,True,-,-,-,-,-,-,83.41
2026-09-30 04:18:06,train,19765,WRIST,49,49,49,100.0%,49,-,-,,-,False,49/49,100.0%,True,-,-,-,-,-,-,82.03
2026-09-30 04:19:53,train,14838,ELBOW,48,49,49,98.0%,0,-,-,,-,False,49/49,100.0%,True,-,-,-,-,-,-,77.17
2026-09-30 04:21:35,train,9731,FINGER,45,49,49,91.8%,0,-,-,,-,False,49/49,100.0%,True,-,-,-,-,-,-,71.99
2026-09-30 04:23:36,train,29518,FOREARM,0,0,49,0.0%,0,-,-,,-,False,49/49,100.0%,True,-,-,-,-,-,-,91.02
2026-09-30 04:25:25,train,31335,HAND,48,49,49,98.0%,0,-,-,,-,False,49/49,100.0%,True,-,-,-,-,-,-,78.76
2026-09-30 04:27:07,train,8458,HUMERUS,48,49,49,98.0%,0,-,-,,-,False,49/49,100.0%,True,-,-,-,-,-,-,72.32
2026-09-30 04:29:05,train,477,SHOULDER,0,22,49,0.0%,0,-,-,,-,False,49/49,100.0%,True,-,-,-,-,-,-,87.95
2026-09-30 04:30:47,train,19766,WRIST,46,49,49,93.9%,0,-,-,,-,False,49/49,100.0%,True,-,-,-,-,-,-,72.27
2026-09-30 04:33:07,train,14839,ELBOW,48,49,49,98.0%,0,-,-,,-,False,49/49,100.0%,True,-,-,-,-,-,-,109.36
2026-09-30 04:34:49,train,9732,FINGER,44,49,49,89.8%,0,-,-,,-,False,49/49,100.0%,True,-,-,-,-,-,-,72.2
2026-09-30 04:37:10,train,29519,FOREARM,0,0,49,0.0%,0,-,-,,-,False,49/49,100.0%,True,-,-,-,-,-,-,110.94
2026-09-30 04:39:01,train,31343,HAND,45,49,49,91.8%,0,-,-,,-,False,49/49,100.0%,True,-,-,-,-,-,-,81.57
2026-09-30 04:40:43,train,8459,HUMERUS,49,49,49,100.0%,49,-,-,,-,False,49/49,100.0%,True,-,-,-,-,-,-,71.96
2026-09-30 04:42:47,train,478,SHOULDER,48,49,49,98.0%,0,-,-,,-,False,49/49,100.0%,True,-,-,-,-,-,-,93.53
2026-09-30 04:44:44,train,19767,WRIST,46,49,49,93.9%,0,-,-,,-,False,49/49,100.0%,True,-,-,-,-,-,-,86.91
2026-09-30 04:46:26,train,14840,ELBOW,49,49,49,100.0%,49,-,-,,-,False,49/49,100.0%,True,-,-,-,-,-,-,72.1
2026-09-30 04:48:19,train,9733,FINGER,47,49,49,95.9%,0,-,-,,-,False,49/49,100.0%,True,-,-,-,-,-,-,83.57
2026-09-30 04:50:45,train,29520,FOREARM,0,0,49,0.0%,0,-,-,,-,False,49/49,100.0%,True,-,-,-,-,-,-,115.26
2026-09-30 04:52:27,train,31344,HAND,49,49,49,100.0%,49,-,-,,-,False,49/49,100.0%,True,-,-,-,-,-,-,72.35
2026-09-30 04:54:17,train,8460,HUMERUS,48,49,49,98.0%,0,-,-,,-,False,49/49,100.0%,True,-,-,-,-,-,-,79.59
2026-09-30 04:56:20,train,479,SHOULDER,49,49,49,100.0%,49,-,-,,-,False,49/49,100.0%,True,-,-,-,-,-,-,93.91
2026-09-30 04:58:15,train,19768,WRIST,42,49,49,85.7%,0,-,-,,-,False,49/49,100.0%,True,-,-,-,-,-,-,84.4
2026-09-30 05:00:06,train,14841,ELBOW,49,49,49,100.0%,49,-,-,,-,False,49/49,100.0%,True,-,-,-,-,-,-,80.89
2026-09-30 05:02:00,train,9734,FINGER,49,49,49,100.0%,49,-,-,,-,False,49/49,100.0%,True,-,-,-,-,-,-,84.63
2026-09-30 05:04:07,train,29521,FOREARM,46,49,49,93.9%,0,-,-,,-,False,49/49,100.0%,True,-,-,-,-,-,-,96.28
2026-09-30 05:06:14,train,31345,HAND,49,49,49,100.0%,49,-,-,,-,False,49/49,100.0%,True,-,-,-,-,-,-,97.84
2026-09-30 05:07:56,train,8461,HUMERUS,43,49,49,87.8%,0,-,-,,-,False,49/49,100.0%,True,-,-,-,-,-,-,71.89
2026-09-30 05:09:38,train,480,SHOULDER,46,48,49,93.9%,0,-,-,,-,False,49/49,100.0%,True,-,-,-,-,-,-,72.13
2026-09-30 05:11:35,train,19769,WRIST,49,49,49,100.0%,49,-,-,,-,False,49/49,100.0%,True,-,-,-,-,-,-,86.26
2026-09-30 05:13:17,train,14842,ELBOW,48,49,49,98.0%,0,-,-,,-,False,49/49,100.0%,True,-,-,-,-,-,-,72.04
2026-09-30 05:15:16,train,9735,FINGER,47,49,49,95.9%,0,-,-,,-,False,49/49,100.0%,True,-,-,-,-,-,-,89.64
2026-09-30 05:16:59,train,29522,FOREARM,48,49,49,98.0%,0,-,-,,-,False,49/49,100.0%,True,-,-,-,-,-,-,72.93
2026-09-30 05:18:56,train,31346,HAND,47,49,49,95.9%,0,-,-,,-,False,49/49,100.0%,True,-,-,-,-,-,-,87.07
2026-09-30 05:20:48,train,8462,HUMERUS,0,0,49,0.0%,0,-,-,,-,False,49/49,100.0%,True,-,-,-,-,-,-,81.92
2026-09-30 05:23:12,train,481,SHOULDER,47,49,49,95.9%,0,-,-,,-,False,49/49,100.0%,True,-,-,-,-,-,-,113.34
2026-09-30 05:25:19,train,19770,WRIST,46,49,49,93.9%,0,-,-,,-,False,49/49,100.0%,True,-,-,-,-,-,-,97.62
2026-09-30 05:27:27,train,14843,ELBOW,48,49,49,98.0%,0,-,-,,-,False,49/49,100.0%,True,-,-,-,-,-,-,97.5
2026-09-30 05:29:09,train,9736,FINGER,48,49,49,98.0%,0,-,-,,-,False,49/49,100.0%,True,-,-,-,-,-,-,72.29
2026-09-30 05:31:06,train,29523,FOREARM,46,49,49,93.9%,0,-,-,,-,False,49/49,100.0%,True,-,-,-,-,-,-,86.79
2026-09-30 05:33:04,train,31347,HAND,0,0,49,0.0%,0,-,-,,-,False,49/49,100.0%,True,-,-,-,-,-,-,88.11
2026-09-30 05:35:00,train,8463,HUMERUS,48,49,49,98.0%,0,-,-,,-,False,49/49,100.0%,True,-,-,-,-,-,-,85.56
2026-09-30 05:36:56,train,482,SHOULDER,49,49,49,100.0%,49,-,-,,-,False,49/49,100.0%,True,-,-,-,-,-,-,86.38
2026-09-30 05:38:38,train,19771,WRIST,48,49,49,98.0%,0,-,-,,-,False,49/49,100.0%,True,-,-,-,-,-,-,71.98
2026-09-30 05:40:20,train,14844,ELBOW,48,49,49,98.0%,0,-,-,,-,False,49/49,100.0%,True,-,-,-,-,-,-,72.2
2026-09-30 05:42:12,train,9737,FINGER,49,49,49,100.0%,49,-,-,,-,False,49/49,100.0%,True,-,-,-,-,-,-,82.25
2026-09-30 05:43:54,train,29524,FOREARM,40,49,49,81.6%,0,-,-,,-,False,49/49,100.0%,True,-,-,-,-,-,-,71.98
2026-09-30 05:45:51,train,31348,HAND,49,49,49,100.0%,49,-,-,,-,False,49/49,100.0%,True,-,-,-,-,-,-,86.38
2026-09-30 05:47:33,train,8464,HUMERUS,49,49,49,100.0%,49,-,-,,-,False,49/49,100.0%,True,-,-,-,-,-,-,71.95
2026-09-30 05:49:15,train,483,SHOULDER,48,49,49,98.0%,0,-,-,,-,False,49/49,100.0%,True,-,-,-,-,-,-,71.95
2026-09-30 05:50:57,train,19772,WRIST,49,49,49,100.0%,49,-,-,,-,False,49/49,100.0%,True,-,-,-,-,-,-,72.16
2026-09-30 05:52:39,train,14845,ELBOW,49,49,49,100.0%,49,-,-,,-,False,49/49,100.0%,True,-,-,-,-,-,-,72.14
2026-09-30 05:54:33,train,9738,FINGER,49,49,49,100.0%,49,-,-,,-,False,49/49,100.0%,True,-,-,-,-,-,-,83.69
2026-09-30 05:56:15,train,29525,FOREARM,49,49,49,100.0%,49,-,-,,-,False,49/49,100.0%,True,-,-,-,-,-,-,71.93
2026-09-30 05:58:18,train,31349,HAND,45,49,49,91.8%,0,-,-,,-,False,49/49,100.0%,True,-,-,-,-,-,-,93.13
2026-09-30 06:00:03,train,8465,HUMERUS,49,49,49,100.0%,49,-,-,,-,False,49/49,100.0%,True,-,-,-,-,-,-,75.18
2026-09-30 06:01:59,train,484,SHOULDER,6,6,49,12.2%,0,-,-,,-,False,49/49,100.0%,True,-,-,-,-,-,-,86.22
2026-09-30 06:03:57,train,19773,WRIST,47,49,49,95.9%,0,-,-,,-,False,49/49,100.0%,True,-,-,-,-,-,-,87.87
2026-09-30 06:05:39,train,14846,ELBOW,46,49,49,93.9%,0,-,-,,-,False,49/49,100.0%,True,-,-,-,-,-,-,71.78
2026-09-30 06:07:43,train,9739,FINGER,47,49,49,95.9%,0,-,-,,-,False,49/49,100.0%,True,-,-,-,-,-,-,94.34
2026-09-30 06:09:33,train,29526,FOREARM,48,49,49,98.0%,0,-,-,,-,False,49/49,100.0%,True,-,-,-,-,-,-,80.03
2026-09-30 06:11:43,train,31350,HAND,48,49,49,98.0%,0,-,-,,-,False,49/49,100.0%,True,-,-,-,-,-,-,99.36
2026-09-30 06:13:45,train,8466,HUMERUS,30,34,49,61.2%,0,-,-,,-,False,49/49,100.0%,True,-,-,-,-,-,-,92.87
2026-09-30 06:15:38,train,485,SHOULDER,47,49,49,95.9%,0,-,-,,-,False,49/49,100.0%,True,-,-,-,-,-,-,82.4
2026-09-30 06:17:20,train,19774,WRIST,49,49,49,100.0%,49,-,-,,-,False,49/49,100.0%,True,-,-,-,-,-,-,71.95
2026-09-30 06:19:02,train,14847,ELBOW,48,48,49,98.0%,0,-,-,,-,False,49/49,100.0%,True,-,-,-,-,-,-,72.29
2026-09-30 06:20:44,train,9740,FINGER,49,49,49,100.0%,49,-,-,,-,False,49/49,100.0%,True,-,-,-,-,-,-,72.11
2026-09-30 06:22:45,train,29527,FOREARM,48,49,49,98.0%,0,-,-,,-,False,49/49,100.0%,True,-,-,-,-,-,-,90.99
2026-09-30 06:24:36,train,31351,HAND,43,48,49,87.8%,0,-,-,,-,False,49/49,100.0%,True,-,-,-,-,-,-,81.38
2026-09-30 06:26:19,train,8467,HUMERUS,49,49,49,100.0%,49,-,-,,-,False,49/49,100.0%,True,-,-,-,-,-,-,72.94
2026-09-30 06:28:14,train,486,SHOULDER,47,49,49,95.9%,0,-,-,,-,False,49/49,100.0%,True,-,-,-,-,-,-,84.93
2026-09-30 06:30:17,train,19775,WRIST,0,5,49,0.0%,0,-,-,,-,False,49/49,100.0%,True,-,-,-,-,-,-,92.28
2026-09-30 06:32:05,train,14848,ELBOW,45,49,49,91.8%,0,-,-,,-,False,49/49,100.0%,True,-,-,-,-,-,-,77.98
2026-09-30 06:34:05,train,9741,FINGER,49,49,49,100.0%,49,-,-,,-,False,49/49,100.0%,True,-,-,-,-,-,-,90.2
2026-09-30 06:35:47,train,29528,FOREARM,46,49,49,93.9%,0,-,-,,-,False,49/49,100.0%,True,-,-,-,-,-,-,71.95
2026-09-30 06:37:39,train,31352,HAND,45,45,49,91.8%,0,-,-,,-,False,49/49,100.0%,True,-,-,-,-,-,-,82.18
2026-09-30 06:39:21,train,8468,HUMERUS,47,49,49,95.9%,0,-,-,,-,False,49/49,100.0%,True,-,-,-,-,-,-,72.04
2026-09-30 06:41:19,train,487,SHOULDER,48,49,49,98.0%,0,-,-,,-,False,49/49,100.0%,True,-,-,-,-,-,-,87.76
2026-09-30 06:43:13,train,19776,WRIST,46,46,49,93.9%,0,-,-,,-,False,49/49,100.0%,True,-,-,-,-,-,-,84.07
2026-09-30 06:45:49,train,14849,ELBOW,47,48,49,95.9%,0,-,-,,-,False,49/49,100.0%,True,-,-,-,-,-,-,126.35
2026-09-30 06:47:46,train,9742,FINGER,48,48,49,98.0%,1,-,-,,-,False,49/49,100.0%,True,-,-,-,-,-,-,86.6
2026-09-30 06:49:28,train,29529,FOREARM,49,49,49,100.0%,49,-,-,,-,False,49/49,100.0%,True,-,-,-,-,-,-,72.06
2026-09-30 06:51:19,train,31353,HAND,48,49,49,98.0%,0,-,-,,-,False,49/49,100.0%,True,-,-,-,-,-,-,81.15
2026-09-30 06:53:01,train,8469,HUMERUS,42,47,49,85.7%,0,-,-,,-,False,49/49,100.0%,True,-,-,-,-,-,-,71.83
2026-09-30 06:55:19,train,488,SHOULDER,49,49,49,100.0%,49,-,-,,-,False,49/49,100.0%,True,-,-,-,-,-,-,107.79
2026-09-30 06:57:13,train,19777,WRIST,0,0,49,0.0%,0,-,-,,-,False,49/49,100.0%,True,-,-,-,-,-,-,84.47
2026-09-30 06:59:46,train,14850,ELBOW,48,49,49,98.0%,0,-,-,,-,False,49/49,100.0%,True,-,-,-,-,-,-,122.68
2026-09-30 07:01:39,train,9743,FINGER,49,49,49,100.0%,49,-,-,,-,False,49/49,100.0%,True,-,-,-,-,-,-,83.19
2026-09-30 07:02:53,train,14851,ELBOW,49,49,49,100.0%,49,-,-,,-,False,49/49,100.0%,True,-,-,-,-,-,-,71.95
2026-09-30 07:04:46,train,9744,FINGER,49,49,49,100.0%,49,-,-,,-,False,49/49,100.0%,True,-,-,-,-,-,-,82.63
2026-09-30 07:06:28,train,29518,FOREARM,49,49,49,100.0%,49,-,-,,-,False,49/49,100.0%,True,-,-,-,-,-,-,72.11
2026-09-30 07:08:10,train,31347,HAND,49,49,49,100.0%,49,-,-,,-,False,49/49,100.0%,True,-,-,-,-,-,-,72.28
2026-09-30 07:10:03,train,8462,HUMERUS,47,49,49,95.9%,0,-,-,,-,False,49/49,100.0%,True,-,-,-,-,-,-,82.78
2026-09-30 07:11:56,train,477,SHOULDER,0,0,49,0.0%,0,-,-,,-,False,49/49,100.0%,True,-,-,-,-,-,-,82.85
2026-09-30 07:13:45,train,19775,WRIST,47,48,49,95.9%,0,-,-,,-,False,49/49,100.0%,True,-,-,-,-,-,-,79.26
2026-09-30 07:15:41,train,14852,ELBOW,48,49,49,98.0%,0,-,-,,-,False,49/49,100.0%,True,-,-,-,-,-,-,85.95
2026-09-30 07:17:37,train,9745,FINGER,47,49,49,95.9%,0,-,-,,-,False,49/49,100.0%,True,-,-,-,-,-,-,85.85
2026-09-30 07:19:19,train,29519,FOREARM,49,49,49,100.0%,49,-,-,,-,False,49/49,100.0%,True,-,-,-,-,-,-,72.08
2026-09-30 07:21:01,train,31354,HAND,46,49,49,93.9%,0,-,-,,-,False,49/49,100.0%,True,-,-,-,-,-,-,72.28
2026-09-30 07:23:00,train,8470,HUMERUS,49,49,49,100.0%,49,-,-,,-,False,49/49,100.0%,True,-,-,-,-,-,-,88.55
2026-09-30 07:24:42,train,489,SHOULDER,49,49,49,100.0%,49,-,-,,-,False,49/49,100.0%,True,-,-,-,-,-,-,72.09
2026-09-30 07:26:37,train,19777,WRIST,49,49,49,100.0%,49,-,-,,-,False,49/49,100.0%,True,-,-,-,-,-,-,85.53
2026-09-30 07:28:19,train,14853,ELBOW,49,49,49,100.0%,49,-,-,,-,False,49/49,100.0%,True,-,-,-,-,-,-,72.08
2026-09-30 07:30:02,train,9746,FINGER,49,49,49,100.0%,49,-,-,,-,False,49/49,100.0%,True,-,-,-,-,-,-,72.12
2026-09-30 07:31:44,train,29520,FOREARM,48,49,49,98.0%,0,-,-,,-,False,49/49,100.0%,True,-,-,-,-,-,-,72.5
2026-09-30 07:33:26,train,31355,HAND,48,48,49,98.0%,1,-,-,,-,False,49/49,100.0%,True,-,-,-,-,-,-,71.98
2026-09-30 07:35:08,train,8471,HUMERUS,43,49,49,87.8%,0,-,-,,-,False,49/49,100.0%,True,-,-,-,-,-,-,71.89
2026-09-30 07:36:50,train,490,SHOULDER,48,49,49,98.0%,0,-,-,,-,False,49/49,100.0%,True,-,-,-,-,-,-,72.0
2026-09-30 07:38:32,train,19778,WRIST,48,49,49,98.0%,0,-,-,,-,False,49/49,100.0%,True,-,-,-,-,-,-,72.11
2026-09-30 07:40:21,train,14854,ELBOW,47,47,49,95.9%,0,-,-,,-,False,49/49,100.0%,True,-,-,-,-,-,-,79.29
2026-09-30 07:42:03,train,9747,FINGER,42,49,49,85.7%,0,-,-,,-,False,49/49,100.0%,True,-,-,-,-,-,-,72.04
2026-09-30 07:43:46,train,29530,FOREARM,49,49,49,100.0%,49,-,-,,-,False,49/49,100.0%,True,-,-,-,-,-,-,72.42
2026-09-30 07:45:41,train,31356,HAND,0,0,49,0.0%,0,-,-,,-,False,49/49,100.0%,True,-,-,-,-,-,-,85.32
2026-09-30 07:47:49,train,8472,HUMERUS,0,0,49,0.0%,0,-,-,,-,False,49/49,100.0%,True,-,-,-,-,-,-,97.59
2026-09-30 07:49:56,train,491,SHOULDER,0,0,49,0.0%,0,-,-,,-,False,49/49,100.0%,True,-,-,-,-,-,-,96.88
2026-09-30 07:51:38,train,19779,WRIST,49,49,49,100.0%,49,-,-,,-,False,49/49,100.0%,True,-,-,-,-,-,-,72.04
2026-09-30 07:53:20,train,14855,ELBOW,48,49,49,98.0%,0,-,-,,-,False,49/49,100.0%,True,-,-,-,-,-,-,72.05
2026-09-30 07:55:14,train,9748,FINGER,44,49,49,89.8%,0,-,-,,-,False,49/49,100.0%,True,-,-,-,-,-,-,84.56
2026-09-30 07:56:56,train,29531,FOREARM,49,49,49,100.0%,49,-,-,,-,False,49/49,100.0%,True,-,-,-,-,-,-,72.04
2026-09-30 07:59:07,train,31357,HAND,41,41,49,83.7%,0,-,-,,-,False,49/49,100.0%,True,-,-,-,-,-,-,100.54
2026-09-30 08:00:58,train,8473,ELBOW,-,-,49,-,-,-,-,,-,False,0/49,0.0%,False,-,-,-,-,-,-,81.19
2026-09-30 08:02:49,train,492,ELBOW,-,-,49,-,-,-,-,,-,False,0/49,0.0%,False,-,-,-,-,-,-,81.18
2026-09-30 08:04:40,train,19780,ELBOW,-,-,49,-,-,-,-,,-,False,0/49,0.0%,False,-,-,-,-,-,-,81.18
2026-09-30 08:30:01,train,14856,ELBOW,48,48,49,98.0%,0,-,-,,-,False,49/49,100.0%,True,-,-,-,-,-,-,81.19
2026-09-30 08:31:50,train,9749,FINGER,49,49,49,100.0%,49,-,-,,-,False,49/49,100.0%,True,-,-,-,-,-,-,78.89
2026-09-30 08:33:39,train,29532,FOREARM,46,49,49,93.9%,0,-,-,,-,False,49/49,100.0%,True,-,-,-,-,-,-,79.42
2026-09-30 08:35:21,train,31356,HAND,49,49,49,100.0%,49,-,-,,-,False,49/49,100.0%,True,-,-,-,-,-,-,71.76
2026-09-30 08:37:13,train,8472,HUMERUS,44,49,49,89.8%,0,-,-,,-,False,49/49,100.0%,True,-,-,-,-,-,-,82.18
2026-09-30 08:39:35,train,477,SHOULDER,48,49,49,98.0%,0,-,-,,-,False,49/49,100.0%,True,-,-,-,-,-,-,111.73
2026-09-30 08:41:32,train,19780,WRIST,23,23,49,46.9%,0,-,-,,-,False,49/49,100.0%,True,-,-,-,-,-,-,86.97
2026-09-30 08:43:14,train,14857,ELBOW,48,49,49,98.0%,0,-,-,,-,False,49/49,100.0%,True,-,-,-,-,-,-,71.9
2026-09-30 08:44:56,train,9750,FINGER,48,49,49,98.0%,0,-,-,,-,False,49/49,100.0%,True,-,-,-,-,-,-,72.46
2026-09-30 08:46:38,train,29533,FOREARM,49,49,49,100.0%,49,-,-,,-,False,49/49,100.0%,True,-,-,-,-,-,-,71.86
2026-09-30 08:48:20,train,31358,HAND,39,48,49,79.6%,0,-,-,,-,False,49/49,100.0%,True,-,-,-,-,-,-,71.71
2026-09-30 08:50:14,train,8473,HUMERUS,0,0,49,0.0%,0,-,-,,-,False,49/49,100.0%,True,-,-,-,-,-,-,83.92
2026-09-30 08:51:55,train,491,SHOULDER,48,49,49,98.0%,0,-,-,,-,False,49/49,100.0%,True,-,-,-,-,-,-,71.92
2026-09-30 08:53:37,train,19781,WRIST,16,48,49,32.7%,0,-,-,,-,False,49/49,100.0%,True,-,-,-,-,-,-,71.94
2026-09-30 08:55:40,train,14858,ELBOW,49,49,49,100.0%,49,-,-,,-,False,49/49,100.0%,True,-,-,-,-,-,-,92.1
2026-09-30 08:57:22,train,9751,FINGER,48,49,49,98.0%,0,-,-,,-,False,49/49,100.0%,True,-,-,-,-,-,-,72.12
2026-09-30 08:59:13,train,29534,FOREARM,24,47,49,49.0%,0,-,-,,-,False,49/49,100.0%,True,-,-,-,-,-,-,81.02
2026-09-30 09:00:55,train,31359,HAND,48,48,49,98.0%,0,-,-,,-,False,49/49,100.0%,True,-,-,-,-,-,-,72.1
2026-09-30 09:02:37,train,8474,HUMERUS,48,48,49,98.0%,0,-,-,,-,False,49/49,100.0%,True,-,-,-,-,-,-,72.22
2026-09-30 09:04:20,train,492,SHOULDER,48,48,49,98.0%,0,-,-,,-,False,24/49,49.0%,False,-,-,-,-,-,-,73.4
2026-09-30 09:04:51,train,19782,ELBOW,-,-,49,-,-,-,-,,-,False,0/49,0.0%,False,-,-,-,-,-,-,1.09
2026-09-30 09:05:23,train,14859,ELBOW,-,-,49,-,-,-,-,,-,False,0/49,0.0%,False,-,-,-,-,-,-,1.09
2026-09-30 09:05:54,train,9752,ELBOW,-,-,49,-,-,-,-,,-,False,0/49,0.0%,False,-,-,-,-,-,-,1.09
2026-09-30 10:07:51,train,14859,ELBOW,49,49,49,100.0%,49,-,-,,-,False,49/49,100.0%,True,-,-,-,-,-,-,79.79
2026-09-30 10:10:04,train,9752,FINGER,49,49,49,100.0%,49,-,-,,-,False,48/49,98.0%,True,-,-,-,-,-,-,103.43
2026-09-30 10:10:35,train,29535,ELBOW,-,-,49,-,-,-,-,,-,False,0/49,0.0%,False,-,-,-,-,-,-,1.1
2026-09-30 10:11:06,train,31360,ELBOW,-,-,49,-,-,-,-,,-,False,0/49,0.0%,False,-,-,-,-,-,-,1.1
2026-09-30 10:11:38,train,8473,ELBOW,-,-,49,-,-,-,-,,-,False,0/49,0.0%,False,-,-,-,-,-,-,1.1
2026-09-30 10:42:29,train,14860,ELBOW,36,48,49,73.5%,1,-,-,,-,False,49/49,100.0%,True,-,-,-,-,-,-,78.39
2026-09-30 10:44:13,train,9753,FINGER,49,49,49,100.0%,49,-,-,,-,False,49/49,100.0%,True,-,-,-,-,-,-,73.87
2026-09-30 10:45:57,train,29535,FOREARM,49,49,49,100.0%,49,-,-,,-,False,49/49,100.0%,True,-,-,-,-,-,-,73.65
2026-09-30 10:47:40,train,31360,HAND,4,49,49,8.2%,0,-,-,,-,False,49/49,100.0%,True,-,-,-,-,-,-,73.71
2026-09-30 10:49:23,train,8473,HUMERUS,49,49,49,100.0%,49,-,-,,-,False,49/49,100.0%,True,-,-,-,-,-,-,72.92
2026-09-30 10:51:08,train,493,SHOULDER,49,49,49,100.0%,49,-,-,,-,False,49/49,100.0%,True,-,-,-,-,-,-,74.72
2026-09-30 10:52:52,train,19782,WRIST,48,48,49,98.0%,0,-,-,,-,False,49/49,100.0%,True,-,-,-,-,-,-,73.8
2026-09-30 10:53:23,train,14861,ELBOW,-,-,49,-,-,-,-,,-,False,0/49,0.0%,False,-,-,-,-,-,-,1.1
2026-09-30 10:53:54,train,9754,ELBOW,-,-,49,-,-,-,-,,-,False,0/49,0.0%,False,-,-,-,-,-,-,1.1
2026-09-30 10:54:25,train,29536,ELBOW,-,-,49,-,-,-,-,,-,False,0/49,0.0%,False,-,-,-,-,-,-,1.09
2026-09-30 11:40:09,train,14861,ELBOW,48,48,49,98.0%,0,-,-,,-,False,31/49,63.3%,False,-,-,-,-,-,-,106.26
2026-09-30 11:40:41,train,9754,ELBOW,-,-,49,-,-,-,-,,-,False,0/49,0.0%,False,-,-,-,-,-,-,1.1
2026-09-30 11:41:12,train,29536,ELBOW,-,-,49,-,-,-,-,,-,False,0/49,0.0%,False,-,-,-,-,-,-,1.1
2026-09-30 11:41:43,train,31361,ELBOW,-,-,49,-,-,-,-,,-,False,0/49,0.0%,False,-,-,-,-,-,-,1.1
2026-09-30 12:10:50,train,14862,ELBOW,49,49,49,100.0%,49,-,-,,-,False,49/49,100.0%,True,-,-,-,-,-,-,80.62
2026-09-30 12:12:34,train,9754,FINGER,49,49,49,100.0%,49,-,-,,-,False,49/49,100.0%,True,-,-,-,-,-,-,74.16
2026-09-30 12:14:18,train,29536,FOREARM,48,49,49,98.0%,0,-,-,,-,False,49/49,100.0%,True,-,-,-,-,-,-,73.52
2026-09-30 12:16:02,train,31361,HAND,34,48,49,69.4%,0,-,-,,-,False,49/49,100.0%,True,-,-,-,-,-,-,73.84
2026-09-30 12:17:47,train,8475,HUMERUS,0,0,49,0.0%,0,-,-,,-,False,49/49,100.0%,True,-,-,-,-,-,-,75.1
2026-09-30 12:19:31,train,494,SHOULDER,47,48,49,95.9%,0,-,-,,-,False,49/49,100.0%,True,-,-,-,-,-,-,74.45
2026-09-30 12:21:17,train,19783,WRIST,46,49,49,93.9%,0,-,-,,-,False,49/49,100.0%,True,-,-,-,-,-,-,75.5
2026-09-30 12:23:01,train,14863,ELBOW,5,25,49,10.2%,0,-,-,,-,False,49/49,100.0%,True,-,-,-,-,-,-,74.46
2026-09-30 12:23:32,train,9755,ELBOW,-,-,49,-,-,-,-,,-,False,0/49,0.0%,False,-,-,-,-,-,-,1.1
2026-09-30 12:24:03,train,29537,ELBOW,-,-,49,-,-,-,-,,-,False,0/49,0.0%,False,-,-,-,-,-,-,1.09
2026-09-30 12:24:34,train,31362,ELBOW,-,-,49,-,-,-,-,,-,False,0/49,0.0%,False,-,-,-,-,-,-,1.1
2026-09-30 12:48:01,train,14864,ELBOW,48,48,49,98.0%,0,-,-,,-,False,49/49,100.0%,True,-,-,-,-,-,-,77.68
2026-09-30 12:49:45,train,9755,FINGER,49,49,49,100.0%,49,-,-,,-,False,49/49,100.0%,True,-,-,-,-,-,-,73.66
2026-09-30 12:51:28,train,29537,FOREARM,49,49,49,100.0%,49,-,-,,-,False,49/49,100.0%,True,-,-,-,-,-,-,72.84
2026-09-30 12:53:11,train,31362,HAND,35,48,49,71.4%,0,-,-,,-,False,49/49,100.0%,True,-,-,-,-,-,-,73.57
2026-09-30 12:54:55,train,8475,HUMERUS,46,49,49,93.9%,0,-,-,,-,False,49/49,100.0%,True,-,-,-,-,-,-,73.56
2026-09-30 12:56:40,train,495,SHOULDER,49,49,49,100.0%,49,-,-,,-,False,49/49,100.0%,True,-,-,-,-,-,-,74.61
2026-09-30 12:58:24,train,19784,WRIST,5,5,49,10.2%,0,-,-,,-,False,49/49,100.0%,True,-,-,-,-,-,-,74.11
2026-09-30 13:00:07,train,14865,ELBOW,49,49,49,100.0%,49,-,-,,-,False,49/49,100.0%,True,-,-,-,-,-,-,73.55
2026-09-30 13:02:19,train,9756,FINGER,49,49,49,100.0%,49,-,-,,-,False,2/49,4.1%,False,-,-,-,-,-,-,101.7
2026-09-30 13:02:50,train,29538,ELBOW,-,-,49,-,-,-,-,,-,False,0/49,0.0%,False,-,-,-,-,-,-,1.09
2026-09-30 13:03:21,train,31363,ELBOW,-,-,49,-,-,-,-,,-,False,0/49,0.0%,False,-,-,-,-,-,-,1.1
2026-09-30 13:03:52,train,8476,ELBOW,-,-,49,-,-,-,-,,-,False,0/49,0.0%,False,-,-,-,-,-,-,1.1
2026-09-30 13:34:01,train,14866,ELBOW,46,49,49,93.9%,0,-,-,,-,False,49/49,100.0%,True,-,-,-,-,-,-,79.97
2026-09-30 13:35:46,train,9757,FINGER,47,49,49,95.9%,0,-,-,,-,False,49/49,100.0%,True,-,-,-,-,-,-,74.71
2026-09-30 13:37:29,train,29538,FOREARM,49,49,49,100.0%,49,-,-,,-,False,49/49,100.0%,True,-,-,-,-,-,-,73.52
2026-09-30 13:39:13,train,31363,HAND,48,49,49,98.0%,0,-,-,,-,False,49/49,100.0%,True,-,-,-,-,-,-,74.03
2026-09-30 13:40:58,train,8476,HUMERUS,48,49,49,98.0%,0,-,-,,-,False,49/49,100.0%,True,-,-,-,-,-,-,74.55
2026-09-30 13:42:42,train,496,SHOULDER,49,49,49,100.0%,49,-,-,,-,False,49/49,100.0%,True,-,-,-,-,-,-,74.4
2026-09-30 13:44:27,train,19785,WRIST,48,49,49,98.0%,0,-,-,,-,False,49/49,100.0%,True,-,-,-,-,-,-,74.82
2026-09-30 13:46:39,train,14867,ELBOW,49,49,49,100.0%,49,-,-,,-,False,40/49,81.6%,True,-,-,-,-,-,-,102.49
2026-09-30 13:47:10,train,9758,ELBOW,-,-,49,-,-,-,-,,-,False,0/49,0.0%,False,-,-,-,-,-,-,1.09
2026-09-30 13:47:42,train,29539,ELBOW,-,-,49,-,-,-,-,,-,False,0/49,0.0%,False,-,-,-,-,-,-,1.09
2026-09-30 13:48:13,train,31364,ELBOW,-,-,49,-,-,-,-,,-,False,0/49,0.0%,False,-,-,-,-,-,-,1.09
2026-09-30 14:17:59,train,14868,ELBOW,47,49,49,95.9%,0,-,-,,-,False,49/49,100.0%,True,-,-,-,-,-,-,79.75
2026-09-30 14:19:44,train,9758,FINGER,30,47,49,61.2%,0,-,-,,-,False,49/49,100.0%,True,-,-,-,-,-,-,74.57
2026-09-30 14:21:27,train,29539,FOREARM,49,49,49,100.0%,49,-,-,,-,False,49/49,100.0%,True,-,-,-,-,-,-,73.61
2026-09-30 14:23:11,train,31364,HAND,48,49,49,98.0%,0,-,-,,-,False,49/49,100.0%,True,-,-,-,-,-,-,73.84
2026-09-30 14:24:55,train,8477,HUMERUS,44,48,49,89.8%,0,-,-,,-,False,49/49,100.0%,True,-,-,-,-,-,-,73.84
2026-09-30 14:26:39,train,497,SHOULDER,41,49,49,83.7%,0,-,-,,-,False,49/49,100.0%,True,-,-,-,-,-,-,74.06
2026-09-30 14:28:23,train,19786,WRIST,44,49,49,89.8%,0,-,-,,-,False,49/49,100.0%,True,-,-,-,-,-,-,73.78
2026-09-30 14:30:07,train,14869,ELBOW,49,49,49,100.0%,49,-,-,,-,False,49/49,100.0%,True,-,-,-,-,-,-,74.04
2026-09-30 14:31:50,train,9759,FINGER,48,49,49,98.0%,0,-,-,,-,False,49/49,100.0%,True,-,-,-,-,-,-,73.62
2026-09-30 14:33:35,train,29540,FOREARM,0,47,49,0.0%,0,-,-,,-,False,49/49,100.0%,True,-,-,-,-,-,-,74.39
2026-09-30 14:35:19,train,31365,HAND,48,48,49,98.0%,0,-,-,,-,False,49/49,100.0%,True,-,-,-,-,-,-,74.63
2026-09-30 14:37:03,train,8478,HUMERUS,42,48,49,85.7%,0,-,-,,-,False,49/49,100.0%,True,-,-,-,-,-,-,73.71
2026-09-30 14:38:46,train,498,SHOULDER,49,49,49,100.0%,49,-,-,,-,False,49/49,100.0%,True,-,-,-,-,-,-,73.28
2026-09-30 14:40:30,train,19787,WRIST,48,48,49,98.0%,0,-,-,,-,False,49/49,100.0%,True,-,-,-,-,-,-,73.92
2026-09-30 14:42:14,train,14870,ELBOW,20,32,49,40.8%,0,-,-,,-,False,49/49,100.0%,True,-,-,-,-,-,-,73.37
2026-09-30 14:43:56,train,9760,FINGER,48,49,49,98.0%,0,-,-,,-,False,49/49,100.0%,True,-,-,-,-,-,-,72.52
2026-09-30 14:45:40,train,29541,FOREARM,49,49,49,100.0%,49,-,-,,-,False,49/49,100.0%,True,-,-,-,-,-,-,74.02
2026-09-30 14:47:23,train,31366,HAND,48,49,49,98.0%,0,-,-,,-,False,49/49,100.0%,True,-,-,-,-,-,-,72.97
2026-09-30 14:49:07,train,8479,HUMERUS,48,49,49,98.0%,0,-,-,,-,False,49/49,100.0%,True,-,-,-,-,-,-,73.57
2026-09-30 14:50:52,train,499,SHOULDER,48,49,49,98.0%,0,-,-,,-,False,49/49,100.0%,True,-,-,-,-,-,-,75.05
2026-09-30 14:52:36,train,19788,WRIST,49,49,49,100.0%,49,-,-,,-,False,49/49,100.0%,True,-,-,-,-,-,-,74.19
2026-09-30 14:54:19,train,14871,ELBOW,49,49,49,100.0%,49,-,-,,-,False,49/49,100.0%,True,-,-,-,-,-,-,73.28
2026-09-30 14:56:03,train,9761,FINGER,49,49,49,100.0%,49,-,-,,-,False,49/49,100.0%,True,-,-,-,-,-,-,73.3
2026-09-30 14:57:46,train,29542,FOREARM,48,48,49,98.0%,0,-,-,,-,False,49/49,100.0%,True,-,-,-,-,-,-,72.97
2026-09-30 14:59:30,train,31367,HAND,49,49,49,100.0%,49,-,-,,-,False,49/49,100.0%,True,-,-,-,-,-,-,74.1
2026-09-30 15:01:13,train,8480,HUMERUS,49,49,49,100.0%,49,-,-,,-,False,49/49,100.0%,True,-,-,-,-,-,-,73.76
2026-09-30 15:02:57,train,500,SHOULDER,49,49,49,100.0%,49,-,-,,-,False,49/49,100.0%,True,-,-,-,-,-,-,73.73
2026-09-30 15:04:40,train,19789,WRIST,41,47,49,83.7%,0,-,-,,-,False,49/49,100.0%,True,-,-,-,-,-,-,73.19
2026-09-30 15:06:24,train,14872,ELBOW,29,48,49,59.2%,0,-,-,,-,False,49/49,100.0%,True,-,-,-,-,-,-,73.15
2026-09-30 15:08:07,train,9762,FINGER,13,45,49,26.5%,0,-,-,,-,False,49/49,100.0%,True,-,-,-,-,-,-,73.63
2026-09-30 15:09:51,train,29543,FOREARM,44,46,49,89.8%,0,-,-,,-,False,49/49,100.0%,True,-,-,-,-,-,-,73.74
2026-09-30 15:11:35,train,31368,HAND,48,49,49,98.0%,0,-,-,,-,False,49/49,100.0%,True,-,-,-,-,-,-,73.62
2026-09-30 15:13:19,train,8481,HUMERUS,48,49,49,98.0%,0,-,-,,-,False,49/49,100.0%,True,-,-,-,-,-,-,74.41
2026-09-30 15:15:02,train,501,SHOULDER,31,48,49,63.3%,0,-,-,,-,False,49/49,100.0%,True,-,-,-,-,-,-,73.3
2026-09-30 15:16:46,train,19790,WRIST,49,49,49,100.0%,49,-,-,,-,False,49/49,100.0%,True,-,-,-,-,-,-,73.33
2026-09-30 15:18:29,train,14873,ELBOW,49,49,49,100.0%,49,-,-,,-,False,49/49,100.0%,True,-,-,-,-,-,-,73.61
2026-09-30 15:20:13,train,9763,FINGER,48,49,49,98.0%,0,-,-,,-,False,49/49,100.0%,True,-,-,-,-,-,-,73.97
2026-09-30 15:21:56,train,29544,FOREARM,46,49,49,93.9%,0,-,-,,-,False,49/49,100.0%,True,-,-,-,-,-,-,73.32
2026-09-30 15:23:41,train,31369,HAND,0,22,49,0.0%,0,-,-,,-,False,49/49,100.0%,True,-,-,-,-,-,-,74.46
2026-09-30 15:25:25,train,8482,HUMERUS,49,49,49,100.0%,49,-,-,,-,False,49/49,100.0%,True,-,-,-,-,-,-,73.72
2026-09-30 15:27:08,train,502,SHOULDER,47,49,49,95.9%,0,-,-,,-,False,49/49,100.0%,True,-,-,-,-,-,-,73.68
2026-09-30 15:28:53,train,19791,WRIST,0,42,49,0.0%,0,-,-,,-,False,49/49,100.0%,True,-,-,-,-,-,-,74.46
2026-09-30 15:30:37,train,14874,ELBOW,35,48,49,71.4%,0,-,-,,-,False,49/49,100.0%,True,-,-,-,-,-,-,74.04
2026-09-30 15:32:21,train,9764,FINGER,49,49,49,100.0%,49,-,-,,-,False,49/49,100.0%,True,-,-,-,-,-,-,73.73
2026-09-30 15:34:04,train,29545,FOREARM,49,49,49,100.0%,49,-,-,,-,False,49/49,100.0%,True,-,-,-,-,-,-,73.62
2026-09-30 15:35:49,train,31370,HAND,49,49,49,100.0%,49,-,-,,-,False,49/49,100.0%,True,-,-,-,-,-,-,74.34
2026-09-30 15:37:32,train,8483,HUMERUS,48,49,49,98.0%,0,-,-,,-,False,49/49,100.0%,True,-,-,-,-,-,-,73.56
2026-09-30 15:39:16,train,503,SHOULDER,47,49,49,95.9%,0,-,-,,-,False,49/49,100.0%,True,-,-,-,-,-,-,73.91
2026-09-30 15:41:00,train,19792,WRIST,48,49,49,98.0%,0,-,-,,-,False,49/49,100.0%,True,-,-,-,-,-,-,73.56
2026-09-30 15:42:43,train,14875,ELBOW,49,49,49,100.0%,49,-,-,,-,False,49/49,100.0%,True,-,-,-,-,-,-,73.79
2026-09-30 15:44:27,train,9765,FINGER,49,49,49,100.0%,49,-,-,,-,False,49/49,100.0%,True,-,-,-,-,-,-,74.17
2026-09-30 15:46:11,train,29546,FOREARM,47,49,49,95.9%,0,-,-,,-,False,49/49,100.0%,True,-,-,-,-,-,-,73.11
2026-09-30 15:47:55,train,31371,HAND,46,49,49,93.9%,0,-,-,,-,False,49/49,100.0%,True,-,-,-,-,-,-,74.88
2026-09-30 15:49:40,train,8484,HUMERUS,49,49,49,100.0%,49,-,-,,-,False,49/49,100.0%,True,-,-,-,-,-,-,74.34
2026-09-30 15:51:24,train,504,SHOULDER,48,48,49,98.0%,0,-,-,,-,False,49/49,100.0%,True,-,-,-,-,-,-,74.16
2026-09-30 15:53:09,train,19793,WRIST,48,48,49,98.0%,0,-,-,,-,False,49/49,100.0%,True,-,-,-,-,-,-,74.61
2026-09-30 15:54:53,train,14876,ELBOW,47,49,49,95.9%,0,-,-,,-,False,49/49,100.0%,True,-,-,-,-,-,-,74.47
2026-09-30 15:56:36,train,9766,FINGER,48,49,49,98.0%,0,-,-,,-,False,49/49,100.0%,True,-,-,-,-,-,-,72.62
2026-09-30 15:58:19,train,29547,FOREARM,47,49,49,95.9%,0,-,-,,-,False,49/49,100.0%,True,-,-,-,-,-,-,73.21
2026-09-30 16:00:02,train,31372,HAND,49,49,49,100.0%,49,-,-,,-,False,49/49,100.0%,True,-,-,-,-,-,-,73.28
2026-09-30 16:01:46,train,8485,HUMERUS,49,49,49,100.0%,49,-,-,,-,False,49/49,100.0%,True,-,-,-,-,-,-,73.98
2026-09-30 16:03:31,train,505,SHOULDER,49,49,49,100.0%,49,-,-,,-,False,49/49,100.0%,True,-,-,-,-,-,-,75.24
2026-09-30 16:05:15,train,19794,WRIST,48,49,49,98.0%,0,-,-,,-,False,49/49,100.0%,True,-,-,-,-,-,-,73.17
2026-09-30 16:06:59,train,14877,ELBOW,49,49,49,100.0%,49,-,-,,-,False,49/49,100.0%,True,-,-,-,-,-,-,74.63
2026-09-30 16:08:43,train,9767,FINGER,49,49,49,100.0%,49,-,-,,-,False,49/49,100.0%,True,-,-,-,-,-,-,73.98
2026-09-30 16:10:27,train,29548,FOREARM,48,49,49,98.0%,0,-,-,,-,False,49/49,100.0%,True,-,-,-,-,-,-,73.66
2026-09-30 16:12:11,train,31373,HAND,49,49,49,100.0%,49,-,-,,-,False,49/49,100.0%,True,-,-,-,-,-,-,73.81
2026-09-30 16:13:55,train,8486,HUMERUS,39,48,49,79.6%,0,-,-,,-,False,49/49,100.0%,True,-,-,-,-,-,-,74.54
2026-09-30 16:15:40,train,506,SHOULDER,48,48,49,98.0%,0,-,-,,-,False,49/49,100.0%,True,-,-,-,-,-,-,74.3
2026-09-30 16:17:24,train,19795,WRIST,49,49,49,100.0%,49,-,-,,-,False,49/49,100.0%,True,-,-,-,-,-,-,74.46
2026-09-30 16:19:08,train,14878,ELBOW,49,49,49,100.0%,49,-,-,,-,False,49/49,100.0%,True,-,-,-,-,-,-,73.85
2026-09-30 16:20:53,train,9768,FINGER,45,49,49,91.8%,0,-,-,,-,False,49/49,100.0%,True,-,-,-,-,-,-,75.19
2026-09-30 16:22:37,train,29549,FOREARM,49,49,49,100.0%,49,-,-,,-,False,49/49,100.0%,True,-,-,-,-,-,-,73.67
2026-09-30 16:24:21,train,31374,HAND,48,49,49,98.0%,0,-,-,,-,False,49/49,100.0%,True,-,-,-,-,-,-,74.07
2026-09-30 16:26:04,train,8487,HUMERUS,48,48,49,98.0%,0,-,-,,-,False,49/49,100.0%,True,-,-,-,-,-,-,73.36
2026-09-30 16:27:48,train,507,SHOULDER,48,48,49,98.0%,0,-,-,,-,False,49/49,100.0%,True,-,-,-,-,-,-,73.69
2026-09-30 16:29:32,train,19796,WRIST,10,23,49,20.4%,0,-,-,,-,False,49/49,100.0%,True,-,-,-,-,-,-,74.22
2026-09-30 16:31:16,train,14879,ELBOW,49,49,49,100.0%,49,-,-,,-,False,49/49,100.0%,True,-,-,-,-,-,-,74.12
2026-09-30 16:33:00,train,9769,FINGER,49,49,49,100.0%,49,-,-,,-,False,49/49,100.0%,True,-,-,-,-,-,-,74.27
2026-09-30 16:34:44,train,29550,FOREARM,39,48,49,79.6%,0,-,-,,-,False,49/49,100.0%,True,-,-,-,-,-,-,73.35
2026-09-30 16:36:28,train,31375,HAND,49,49,49,100.0%,49,-,-,,-,False,49/49,100.0%,True,-,-,-,-,-,-,73.77
2026-09-30 16:38:11,train,8488,HUMERUS,46,49,49,93.9%,0,-,-,,-,False,49/49,100.0%,True,-,-,-,-,-,-,73.64
2026-09-30 16:39:55,train,508,SHOULDER,49,49,49,100.0%,49,-,-,,-,False,49/49,100.0%,True,-,-,-,-,-,-,74.03
2026-09-30 16:41:39,train,19797,WRIST,49,49,49,100.0%,49,-,-,,-,False,49/49,100.0%,True,-,-,-,-,-,-,74.02
2026-09-30 16:43:22,train,14880,ELBOW,49,49,49,100.0%,49,-,-,,-,False,49/49,100.0%,True,-,-,-,-,-,-,72.89
2026-09-30 16:45:05,train,9770,FINGER,49,49,49,100.0%,49,-,-,,-,False,49/49,100.0%,True,-,-,-,-,-,-,73.0
2026-09-30 16:46:49,train,29551,FOREARM,0,0,49,0.0%,0,-,-,,-,False,49/49,100.0%,True,-,-,-,-,-,-,74.24
2026-09-30 16:48:33,train,31376,HAND,49,49,49,100.0%,49,-,-,,-,False,49/49,100.0%,True,-,-,-,-,-,-,74.07
2026-09-30 16:50:18,train,8489,HUMERUS,49,49,49,100.0%,49,-,-,,-,False,49/49,100.0%,True,-,-,-,-,-,-,74.12
2026-09-30 16:52:02,train,509,SHOULDER,48,48,49,98.0%,0,-,-,,-,False,49/49,100.0%,True,-,-,-,-,-,-,74.06
2026-09-30 16:53:46,train,19798,WRIST,49,49,49,100.0%,49,-,-,,-,False,49/49,100.0%,True,-,-,-,-,-,-,74.83
2026-09-30 16:55:30,train,14881,ELBOW,49,49,49,100.0%,49,-,-,,-,False,49/49,100.0%,True,-,-,-,-,-,-,73.27
2026-09-30 16:57:14,train,9771,FINGER,49,49,49,100.0%,49,-,-,,-,False,49/49,100.0%,True,-,-,-,-,-,-,74.36
2026-09-30 16:58:57,train,29552,FOREARM,49,49,49,100.0%,49,-,-,,-,False,49/49,100.0%,True,-,-,-,-,-,-,73.17
2026-09-30 17:00:42,train,31377,HAND,47,49,49,95.9%,0,-,-,,-,False,49/49,100.0%,True,-,-,-,-,-,-,74.65
2026-09-30 17:02:26,train,8490,HUMERUS,48,48,49,98.0%,0,-,-,,-,False,49/49,100.0%,True,-,-,-,-,-,-,74.15
2026-09-30 17:04:10,train,510,SHOULDER,49,49,49,100.0%,49,-,-,,-,False,49/49,100.0%,True,-,-,-,-,-,-,74.46
2026-09-30 17:05:54,train,19799,WRIST,49,49,49,100.0%,49,-,-,,-,False,49/49,100.0%,True,-,-,-,-,-,-,73.84
2026-09-30 17:07:38,train,14882,ELBOW,48,49,49,98.0%,0,-,-,,-,False,49/49,100.0%,True,-,-,-,-,-,-,73.86
2026-09-30 17:09:22,train,9772,FINGER,49,49,49,100.0%,49,-,-,,-,False,49/49,100.0%,True,-,-,-,-,-,-,74.23
2026-09-30 17:10:38,train,14883,ELBOW,49,49,49,100.0%,49,-,-,,-,False,49/49,100.0%,True,-,-,-,-,-,-,73.68
2026-09-30 17:12:22,train,9773,FINGER,45,48,49,91.8%,0,-,-,,-,False,49/49,100.0%,True,-,-,-,-,-,-,73.69
2026-09-30 17:14:06,train,29540,FOREARM,49,49,49,100.0%,49,-,-,,-,False,49/49,100.0%,True,-,-,-,-,-,-,74.38
2026-09-30 17:15:50,train,31369,HAND,49,49,49,100.0%,49,-,-,,-,False,49/49,100.0%,True,-,-,-,-,-,-,73.72
2026-09-30 17:17:34,train,8491,HUMERUS,49,49,49,100.0%,49,-,-,,-,False,49/49,100.0%,True,-,-,-,-,-,-,73.9
2026-09-30 17:19:18,train,511,SHOULDER,48,49,49,98.0%,0,-,-,,-,False,49/49,100.0%,True,-,-,-,-,-,-,74.13
2026-09-30 17:21:02,train,19791,WRIST,49,49,49,100.0%,49,-,-,,-,False,49/49,100.0%,True,-,-,-,-,-,-,74.02
2026-09-30 17:22:47,train,14884,ELBOW,49,49,49,100.0%,49,-,-,,-,False,49/49,100.0%,True,-,-,-,-,-,-,74.75
2026-09-30 17:24:30,train,9774,FINGER,49,49,49,100.0%,49,-,-,,-,False,49/49,100.0%,True,-,-,-,-,-,-,73.59
2026-09-30 17:26:16,train,29551,FOREARM,49,49,49,100.0%,49,-,-,,-,False,49/49,100.0%,True,-,-,-,-,-,-,75.18
2026-09-30 17:28:00,train,31378,HAND,49,49,49,100.0%,49,-,-,,-,False,49/49,100.0%,True,-,-,-,-,-,-,74.86
2026-09-30 17:29:45,train,8492,HUMERUS,48,49,49,98.0%,0,-,-,,-,False,49/49,100.0%,True,-,-,-,-,-,-,74.23
2026-09-30 17:31:29,train,512,SHOULDER,48,49,49,98.0%,0,-,-,,-,False,49/49,100.0%,True,-,-,-,-,-,-,73.83
2026-09-30 17:33:13,train,19800,WRIST,48,49,49,98.0%,0,-,-,,-,False,49/49,100.0%,True,-,-,-,-,-,-,74.09
2026-09-30 17:34:57,train,14885,ELBOW,48,49,49,98.0%,0,-,-,,-,False,49/49,100.0%,True,-,-,-,-,-,-,74.64
2026-09-30 17:36:41,train,9775,FINGER,49,49,49,100.0%,49,-,-,,-,False,49/49,100.0%,True,-,-,-,-,-,-,73.89
2026-09-30 17:38:26,train,29553,FOREARM,48,49,49,98.0%,0,-,-,,-,False,49/49,100.0%,True,-,-,-,-,-,-,74.55
2026-09-30 17:40:10,train,31379,HAND,49,49,49,100.0%,49,-,-,,-,False,49/49,100.0%,True,-,-,-,-,-,-,74.18
2026-09-30 17:41:53,train,8493,HUMERUS,49,49,49,100.0%,49,-,-,,-,False,49/49,100.0%,True,-,-,-,-,-,-,73.11
2026-09-30 17:43:39,train,513,SHOULDER,49,49,49,100.0%,49,-,-,,-,False,49/49,100.0%,True,-,-,-,-,-,-,75.95
2026-09-30 17:45:23,train,19801,WRIST,48,49,49,98.0%,0,-,-,,-,False,49/49,100.0%,True,-,-,-,-,-,-,74.24
2026-09-30 17:47:07,train,14886,ELBOW,49,49,49,100.0%,49,-,-,,-,False,49/49,100.0%,True,-,-,-,-,-,-,73.85
2026-09-30 17:48:52,train,9776,FINGER,48,48,49,98.0%,0,-,-,,-,False,49/49,100.0%,True,-,-,-,-,-,-,74.66
2026-09-30 17:50:35,train,29554,FOREARM,46,49,49,93.9%,0,-,-,,-,False,49/49,100.0%,True,-,-,-,-,-,-,73.16
2026-09-30 17:52:18,train,31380,HAND,37,48,49,75.5%,0,-,-,,-,False,49/49,100.0%,True,-,-,-,-,-,-,73.33
2026-09-30 17:54:03,train,8494,HUMERUS,49,49,49,100.0%,49,-,-,,-,False,49/49,100.0%,True,-,-,-,-,-,-,74.84
2026-09-30 17:55:47,train,514,SHOULDER,49,49,49,100.0%,49,-,-,,-,False,49/49,100.0%,True,-,-,-,-,-,-,74.0
2026-09-30 17:57:31,train,19802,WRIST,48,49,49,98.0%,0,-,-,,-,False,49/49,100.0%,True,-,-,-,-,-,-,73.88
2026-09-30 17:59:15,train,14887,ELBOW,47,49,49,95.9%,0,-,-,,-,False,49/49,100.0%,True,-,-,-,-,-,-,73.67
2026-09-30 18:00:59,train,9777,FINGER,48,48,49,98.0%,0,-,-,,-,False,49/49,100.0%,True,-,-,-,-,-,-,74.0
2026-09-30 18:02:42,train,29555,FOREARM,49,49,49,100.0%,49,-,-,,-,False,49/49,100.0%,True,-,-,-,-,-,-,73.86
2026-09-30 18:04:26,train,31381,HAND,49,49,49,100.0%,49,-,-,,-,False,49/49,100.0%,True,-,-,-,-,-,-,73.75
2026-09-30 18:06:11,train,8495,HUMERUS,45,48,49,91.8%,0,-,-,,-,False,49/49,100.0%,True,-,-,-,-,-,-,74.49
2026-09-30 18:07:55,train,515,SHOULDER,49,49,49,100.0%,49,-,-,,-,False,49/49,100.0%,True,-,-,-,-,-,-,74.3
2026-09-30 18:09:40,train,19803,WRIST,49,49,49,100.0%,49,-,-,,-,False,49/49,100.0%,True,-,-,-,-,-,-,74.83
2026-09-30 18:11:25,train,14888,ELBOW,49,49,49,100.0%,49,-,-,,-,False,49/49,100.0%,True,-,-,-,-,-,-,75.37
2026-09-30 18:13:09,train,9778,FINGER,47,49,49,95.9%,0,-,-,,-,False,49/49,100.0%,True,-,-,-,-,-,-,73.52
2026-09-30 18:14:53,train,29556,FOREARM,45,48,49,91.8%,0,-,-,,-,False,49/49,100.0%,True,-,-,-,-,-,-,73.91
2026-09-30 18:16:37,train,31382,HAND,49,49,49,100.0%,49,-,-,,-,False,49/49,100.0%,True,-,-,-,-,-,-,74.05
2026-09-30 18:18:20,train,8496,HUMERUS,45,49,49,91.8%,0,-,-,,-,False,49/49,100.0%,True,-,-,-,-,-,-,73.53
2026-09-30 18:20:05,train,516,SHOULDER,48,49,49,98.0%,0,-,-,,-,False,49/49,100.0%,True,-,-,-,-,-,-,74.66
2026-09-30 18:21:48,train,19804,WRIST,45,47,49,91.8%,0,-,-,,-,False,49/49,100.0%,True,-,-,-,-,-,-,73.49
2026-09-30 18:23:32,train,14889,ELBOW,41,46,49,83.7%,0,-,-,,-,False,49/49,100.0%,True,-,-,-,-,-,-,73.71
2026-09-30 18:25:15,train,9779,FINGER,46,49,49,93.9%,0,-,-,,-,False,49/49,100.0%,True,-,-,-,-,-,-,73.14
2026-09-30 18:26:58,train,29557,FOREARM,48,48,49,98.0%,0,-,-,,-,False,49/49,100.0%,True,-,-,-,-,-,-,72.98
2026-09-30 18:28:43,train,31383,HAND,45,48,49,91.8%,0,-,-,,-,False,49/49,100.0%,True,-,-,-,-,-,-,74.52
2026-09-30 18:30:27,train,8497,HUMERUS,48,49,49,98.0%,0,-,-,,-,False,49/49,100.0%,True,-,-,-,-,-,-,74.25
2026-09-30 18:32:11,train,517,SHOULDER,47,49,49,95.9%,0,-,-,,-,False,49/49,100.0%,True,-,-,-,-,-,-,73.61
2026-09-30 18:33:54,train,19805,WRIST,48,49,49,98.0%,0,-,-,,-,False,49/49,100.0%,True,-,-,-,-,-,-,73.76
2026-09-30 18:35:39,train,14890,ELBOW,45,49,49,91.8%,0,-,-,,-,False,49/49,100.0%,True,-,-,-,-,-,-,74.26
2026-09-30 18:37:22,train,9780,FINGER,43,49,49,87.8%,0,-,-,,-,False,49/49,100.0%,True,-,-,-,-,-,-,73.44
2026-09-30 18:39:07,train,29558,FOREARM,49,49,49,100.0%,49,-,-,,-,False,49/49,100.0%,True,-,-,-,-,-,-,74.47
2026-09-30 18:40:51,train,31384,HAND,48,49,49,98.0%,0,-,-,,-,False,49/49,100.0%,True,-,-,-,-,-,-,74.08
2026-09-30 18:42:34,train,8498,HUMERUS,49,49,49,100.0%,49,-,-,,-,False,49/49,100.0%,True,-,-,-,-,-,-,73.9
2026-09-30 18:44:19,train,518,SHOULDER,49,49,49,100.0%,49,-,-,,-,False,49/49,100.0%,True,-,-,-,-,-,-,74.85
2026-09-30 18:46:04,train,19806,WRIST,49,49,49,100.0%,49,-,-,,-,False,49/49,100.0%,True,-,-,-,-,-,-,74.43
2026-09-30 18:47:48,train,14891,ELBOW,48,49,49,98.0%,0,-,-,,-,False,49/49,100.0%,True,-,-,-,-,-,-,74.39
2026-09-30 18:49:33,train,9781,FINGER,49,49,49,100.0%,49,-,-,,-,False,49/49,100.0%,True,-,-,-,-,-,-,74.54
2026-09-30 18:51:18,train,29559,FOREARM,0,10,49,0.0%,0,-,-,,-,False,49/49,100.0%,True,-,-,-,-,-,-,75.74
2026-09-30 18:53:03,train,31385,HAND,47,49,49,95.9%,0,-,-,,-,False,49/49,100.0%,True,-,-,-,-,-,-,74.47
2026-09-30 18:54:46,train,8499,HUMERUS,32,48,49,65.3%,0,-,-,,-,False,49/49,100.0%,True,-,-,-,-,-,-,73.3
2026-09-30 18:56:30,train,519,SHOULDER,49,49,49,100.0%,49,-,-,,-,False,49/49,100.0%,True,-,-,-,-,-,-,74.22
2026-09-30 18:58:14,train,19807,WRIST,48,49,49,98.0%,0,-,-,,-,False,49/49,100.0%,True,-,-,-,-,-,-,74.01
2026-09-30 18:59:58,train,14892,ELBOW,49,49,49,100.0%,49,-,-,,-,False,49/49,100.0%,True,-,-,-,-,-,-,73.64
2026-09-30 19:01:44,train,9782,FINGER,49,49,49,100.0%,49,-,-,,-,False,49/49,100.0%,True,-,-,-,-,-,-,75.97
2026-09-30 19:03:29,train,29560,FOREARM,49,49,49,100.0%,49,-,-,,-,False,49/49,100.0%,True,-,-,-,-,-,-,74.67
2026-09-30 19:05:13,train,31386,HAND,48,49,49,98.0%,0,-,-,,-,False,49/49,100.0%,True,-,-,-,-,-,-,73.9
2026-09-30 19:06:58,train,8500,HUMERUS,45,49,49,91.8%,0,-,-,,-,False,49/49,100.0%,True,-,-,-,-,-,-,74.92
2026-09-30 19:08:41,train,520,SHOULDER,49,49,49,100.0%,49,-,-,,-,False,49/49,100.0%,True,-,-,-,-,-,-,73.54
2026-09-30 19:10:26,train,19808,WRIST,49,49,49,100.0%,49,-,-,,-,False,49/49,100.0%,True,-,-,-,-,-,-,74.7
2026-09-30 19:12:11,train,14893,ELBOW,48,49,49,98.0%,0,-,-,,-,False,49/49,100.0%,True,-,-,-,-,-,-,74.79
2026-09-30 19:13:54,train,9783,FINGER,49,49,49,100.0%,49,-,-,,-,False,49/49,100.0%,True,-,-,-,-,-,-,73.44
2026-09-30 19:15:39,train,29561,FOREARM,49,49,49,100.0%,49,-,-,,-,False,49/49,100.0%,True,-,-,-,-,-,-,74.93
2026-09-30 19:17:24,train,31387,HAND,0,0,49,0.0%,0,-,-,,-,False,49/49,100.0%,True,-,-,-,-,-,-,75.05
2026-09-30 19:19:07,train,8501,HUMERUS,45,49,49,91.8%,0,-,-,,-,False,49/49,100.0%,True,-,-,-,-,-,-,73.39
2026-09-30 19:20:52,train,521,SHOULDER,42,48,49,85.7%,0,-,-,,-,False,49/49,100.0%,True,-,-,-,-,-,-,74.66
2026-09-30 19:22:36,train,19809,WRIST,48,49,49,98.0%,0,-,-,,-,False,49/49,100.0%,True,-,-,-,-,-,-,73.75
2026-09-30 19:24:20,train,14894,ELBOW,48,49,49,98.0%,0,-,-,,-,False,49/49,100.0%,True,-,-,-,-,-,-,74.53
2026-09-30 19:26:04,train,9784,FINGER,49,49,49,100.0%,49,-,-,,-,False,49/49,100.0%,True,-,-,-,-,-,-,73.72
2026-09-30 19:27:47,train,29562,FOREARM,49,49,49,100.0%,49,-,-,,-,False,49/49,100.0%,True,-,-,-,-,-,-,72.93
2026-09-30 19:29:31,train,31388,HAND,49,49,49,100.0%,49,-,-,,-,False,49/49,100.0%,True,-,-,-,-,-,-,74.12
2026-09-30 19:31:15,train,8502,HUMERUS,48,49,49,98.0%,0,-,-,,-,False,49/49,100.0%,True,-,-,-,-,-,-,73.67
2026-09-30 19:32:59,train,522,SHOULDER,48,49,49,98.0%,0,-,-,,-,False,49/49,100.0%,True,-,-,-,-,-,-,74.46
2026-09-30 19:34:43,train,19810,WRIST,49,49,49,100.0%,49,-,-,,-,False,49/49,100.0%,True,-,-,-,-,-,-,74.17
2026-09-30 19:36:27,train,14895,ELBOW,48,49,49,98.0%,0,-,-,,-,False,49/49,100.0%,True,-,-,-,-,-,-,73.84
2026-09-30 19:38:12,train,9785,FINGER,48,49,49,98.0%,0,-,-,,-,False,49/49,100.0%,True,-,-,-,-,-,-,75.2
2026-09-30 19:39:56,train,29563,FOREARM,49,49,49,100.0%,49,-,-,,-,False,49/49,100.0%,True,-,-,-,-,-,-,73.62
2026-09-30 19:41:40,train,31389,HAND,49,49,49,100.0%,49,-,-,,-,False,49/49,100.0%,True,-,-,-,-,-,-,73.64
2026-09-30 19:43:23,train,8503,HUMERUS,48,48,49,98.0%,0,-,-,,-,False,49/49,100.0%,True,-,-,-,-,-,-,73.37
2026-09-30 19:45:08,train,523,SHOULDER,47,49,49,95.9%,0,-,-,,-,False,49/49,100.0%,True,-,-,-,-,-,-,75.0
2026-09-30 19:46:53,train,19811,WRIST,48,49,49,98.0%,0,-,-,,-,False,49/49,100.0%,True,-,-,-,-,-,-,74.81
2026-09-30 19:48:38,train,14896,ELBOW,49,49,49,100.0%,49,-,-,,-,False,49/49,100.0%,True,-,-,-,-,-,-,74.89
2026-09-30 19:50:23,train,9786,FINGER,48,49,49,98.0%,0,-,-,,-,False,49/49,100.0%,True,-,-,-,-,-,-,75.35
2026-09-30 19:52:06,train,29564,FOREARM,48,49,49,98.0%,0,-,-,,-,False,49/49,100.0%,True,-,-,-,-,-,-,72.62
2026-09-30 19:53:51,train,31390,HAND,49,49,49,100.0%,49,-,-,,-,False,49/49,100.0%,True,-,-,-,-,-,-,74.97
2026-09-30 19:55:35,train,8504,HUMERUS,49,49,49,100.0%,49,-,-,,-,False,49/49,100.0%,True,-,-,-,-,-,-,74.74
2026-09-30 19:57:20,train,524,SHOULDER,46,49,49,93.9%,0,-,-,,-,False,49/49,100.0%,True,-,-,-,-,-,-,74.46
2026-09-30 19:59:05,train,19812,WRIST,48,49,49,98.0%,0,-,-,,-,False,49/49,100.0%,True,-,-,-,-,-,-,75.42
2026-09-30 20:00:50,train,14897,ELBOW,48,48,49,98.0%,0,-,-,,-,False,49/49,100.0%,True,-,-,-,-,-,-,74.4
2026-09-30 20:02:34,train,9787,FINGER,49,49,49,100.0%,49,-,-,,-,False,49/49,100.0%,True,-,-,-,-,-,-,73.89
2026-09-30 20:03:50,train,14898,ELBOW,49,49,49,100.0%,49,-,-,,-,False,49/49,100.0%,True,-,-,-,-,-,-,74.34
2026-09-30 20:05:34,train,9788,FINGER,48,49,49,98.0%,0,-,-,,-,False,49/49,100.0%,True,-,-,-,-,-,-,73.53
2026-09-30 20:07:18,train,29559,FOREARM,48,49,49,98.0%,0,-,-,,-,False,49/49,100.0%,True,-,-,-,-,-,-,74.08
2026-09-30 20:09:02,train,31387,HAND,49,49,49,100.0%,49,-,-,,-,False,49/49,100.0%,True,-,-,-,-,-,-,74.05
2026-09-30 20:10:46,train,8505,HUMERUS,47,49,49,95.9%,0,-,-,,-,False,49/49,100.0%,True,-,-,-,-,-,-,73.82
2026-09-30 20:12:30,train,525,SHOULDER,49,49,49,100.0%,49,-,-,,-,False,49/49,100.0%,True,-,-,-,-,-,-,73.95
2026-09-30 20:14:14,train,19813,WRIST,49,49,49,100.0%,49,-,-,,-,False,49/49,100.0%,True,-,-,-,-,-,-,74.87
2026-09-30 20:15:58,train,14899,ELBOW,48,49,49,98.0%,0,-,-,,-,False,49/49,100.0%,True,-,-,-,-,-,-,73.52
2026-09-30 20:17:43,train,9789,FINGER,49,49,49,100.0%,49,-,-,,-,False,49/49,100.0%,True,-,-,-,-,-,-,74.76
2026-09-30 20:19:27,train,29565,FOREARM,49,49,49,100.0%,49,-,-,,-,False,49/49,100.0%,True,-,-,-,-,-,-,73.84
2026-09-30 20:21:12,train,31391,HAND,49,49,49,100.0%,49,-,-,,-,False,49/49,100.0%,True,-,-,-,-,-,-,75.38
2026-09-30 20:22:56,train,8506,HUMERUS,49,49,49,100.0%,49,-,-,,-,False,49/49,100.0%,True,-,-,-,-,-,-,73.61
2026-09-30 20:24:39,train,526,SHOULDER,49,49,49,100.0%,49,-,-,,-,False,49/49,100.0%,True,-,-,-,-,-,-,73.08
2026-09-30 20:26:22,train,19814,WRIST,48,49,49,98.0%,0,-,-,,-,False,49/49,100.0%,True,-,-,-,-,-,-,73.86
2026-09-30 20:28:06,train,14900,ELBOW,49,49,49,100.0%,49,-,-,,-,False,49/49,100.0%,True,-,-,-,-,-,-,73.68
2026-09-30 20:29:51,train,9790,FINGER,48,49,49,98.0%,0,-,-,,-,False,49/49,100.0%,True,-,-,-,-,-,-,74.46
2026-09-30 20:31:34,train,29566,FOREARM,48,49,49,98.0%,0,-,-,,-,False,49/49,100.0%,True,-,-,-,-,-,-,73.71
2026-09-30 20:33:18,train,31392,HAND,0,20,49,0.0%,0,-,-,,-,False,49/49,100.0%,True,-,-,-,-,-,-,74.04
2026-09-30 20:35:03,train,8507,HUMERUS,35,48,49,71.4%,0,-,-,,-,False,49/49,100.0%,True,-,-,-,-,-,-,74.61
2026-09-30 20:36:47,train,527,SHOULDER,48,48,49,98.0%,0,-,-,,-,False,49/49,100.0%,True,-,-,-,-,-,-,74.37
2026-09-30 20:38:31,train,19815,WRIST,49,49,49,100.0%,49,-,-,,-,False,49/49,100.0%,True,-,-,-,-,-,-,73.72
2026-09-30 20:40:16,train,14901,ELBOW,49,49,49,100.0%,49,-,-,,-,False,49/49,100.0%,True,-,-,-,-,-,-,74.44
2026-09-30 20:41:59,train,9791,FINGER,48,49,49,98.0%,0,-,-,,-,False,49/49,100.0%,True,-,-,-,-,-,-,73.6
2026-09-30 20:43:43,train,29567,FOREARM,49,49,49,100.0%,49,-,-,,-,False,49/49,100.0%,True,-,-,-,-,-,-,73.75
2026-09-30 20:45:27,train,31393,HAND,47,49,49,95.9%,0,-,-,,-,False,49/49,100.0%,True,-,-,-,-,-,-,74.24
2026-09-30 20:47:11,train,8508,HUMERUS,49,49,49,100.0%,49,-,-,,-,False,49/49,100.0%,True,-,-,-,-,-,-,74.21
2026-09-30 20:48:56,train,528,SHOULDER,48,49,49,98.0%,0,-,-,,-,False,49/49,100.0%,True,-,-,-,-,-,-,74.2
2026-09-30 20:50:39,train,19816,WRIST,49,49,49,100.0%,49,-,-,,-,False,49/49,100.0%,True,-,-,-,-,-,-,73.51
2026-09-30 20:52:24,train,14902,ELBOW,49,49,49,100.0%,49,-,-,,-,False,49/49,100.0%,True,-,-,-,-,-,-,75.41
2026-09-30 20:54:08,train,9792,FINGER,48,49,49,98.0%,0,-,-,,-,False,49/49,100.0%,True,-,-,-,-,-,-,73.84
2026-09-30 20:55:52,train,29568,FOREARM,48,49,49,98.0%,0,-,-,,-,False,49/49,100.0%,True,-,-,-,-,-,-,74.02
2026-09-30 20:57:38,train,31394,HAND,36,46,49,73.5%,0,-,-,,-,False,49/49,100.0%,True,-,-,-,-,-,-,75.4
2026-09-30 20:59:22,train,8509,HUMERUS,49,49,49,100.0%,49,-,-,,-,False,49/49,100.0%,True,-,-,-,-,-,-,73.99
2026-09-30 21:01:05,train,529,SHOULDER,49,49,49,100.0%,49,-,-,,-,False,49/49,100.0%,True,-,-,-,-,-,-,73.29
2026-09-30 21:02:49,train,19817,WRIST,47,49,49,95.9%,0,-,-,,-,False,49/49,100.0%,True,-,-,-,-,-,-,74.45
2026-09-30 21:04:34,train,14903,ELBOW,45,49,49,91.8%,0,-,-,,-,False,49/49,100.0%,True,-,-,-,-,-,-,74.45
2026-09-30 21:06:17,train,9793,FINGER,46,49,49,93.9%,0,-,-,,-,False,49/49,100.0%,True,-,-,-,-,-,-,73.23
2026-09-30 21:08:01,train,29569,FOREARM,48,49,49,98.0%,0,-,-,,-,False,49/49,100.0%,True,-,-,-,-,-,-,74.16
2026-09-30 21:09:45,train,31395,HAND,47,49,49,95.9%,0,-,-,,-,False,49/49,100.0%,True,-,-,-,-,-,-,73.97
2026-09-30 21:11:30,train,8510,HUMERUS,49,49,49,100.0%,49,-,-,,-,False,49/49,100.0%,True,-,-,-,-,-,-,74.33
2026-09-30 21:13:13,train,530,SHOULDER,49,49,49,100.0%,49,-,-,,-,False,49/49,100.0%,True,-,-,-,-,-,-,73.5
2026-09-30 21:14:56,train,19818,WRIST,49,49,49,100.0%,49,-,-,,-,False,49/49,100.0%,True,-,-,-,-,-,-,73.24
2026-09-30 21:16:40,train,14904,ELBOW,48,48,49,98.0%,0,-,-,,-,False,49/49,100.0%,True,-,-,-,-,-,-,73.56
2026-09-30 21:18:24,train,9794,FINGER,48,49,49,98.0%,0,-,-,,-,False,49/49,100.0%,True,-,-,-,-,-,-,74.02
2026-09-30 21:20:08,train,29570,FOREARM,49,49,49,100.0%,49,-,-,,-,False,49/49,100.0%,True,-,-,-,-,-,-,73.78
2026-09-30 21:21:52,train,31396,HAND,49,49,49,100.0%,49,-,-,,-,False,49/49,100.0%,True,-,-,-,-,-,-,74.2
2026-09-30 21:23:36,train,8511,HUMERUS,48,49,49,98.0%,0,-,-,,-,False,49/49,100.0%,True,-,-,-,-,-,-,74.34
2026-09-30 21:25:20,train,531,SHOULDER,47,49,49,95.9%,0,-,-,,-,False,49/49,100.0%,True,-,-,-,-,-,-,74.19
2026-09-30 21:27:05,train,19819,WRIST,48,49,49,98.0%,0,-,-,,-,False,49/49,100.0%,True,-,-,-,-,-,-,74.76
2026-09-30 21:28:49,train,14905,ELBOW,48,49,49,98.0%,0,-,-,,-,False,49/49,100.0%,True,-,-,-,-,-,-,73.36
2026-09-30 21:30:33,train,9795,FINGER,48,49,49,98.0%,0,-,-,,-,False,49/49,100.0%,True,-,-,-,-,-,-,74.87
2026-09-30 21:32:18,train,29571,FOREARM,49,49,49,100.0%,49,-,-,,-,False,49/49,100.0%,True,-,-,-,-,-,-,74.33
2026-09-30 21:34:02,train,31397,HAND,49,49,49,100.0%,49,-,-,,-,False,49/49,100.0%,True,-,-,-,-,-,-,74.42
2026-09-30 21:35:46,train,8512,HUMERUS,49,49,49,100.0%,49,-,-,,-,False,49/49,100.0%,True,-,-,-,-,-,-,74.19
2026-09-30 21:37:31,train,532,SHOULDER,40,40,49,81.6%,0,-,-,,-,False,49/49,100.0%,True,-,-,-,-,-,-,74.39
2026-09-30 21:39:15,train,19820,WRIST,48,49,49,98.0%,0,-,-,,-,False,49/49,100.0%,True,-,-,-,-,-,-,74.43
2026-09-30 21:40:59,train,14906,ELBOW,48,49,49,98.0%,0,-,-,,-,False,49/49,100.0%,True,-,-,-,-,-,-,73.82
2026-09-30 21:42:43,train,9796,FINGER,49,49,49,100.0%,49,-,-,,-,False,49/49,100.0%,True,-,-,-,-,-,-,73.99
2026-09-30 21:44:26,train,29572,FOREARM,48,49,49,98.0%,0,-,-,,-,False,49/49,100.0%,True,-,-,-,-,-,-,73.19
2026-09-30 21:46:11,train,31398,HAND,49,49,49,100.0%,49,-,-,,-,False,49/49,100.0%,True,-,-,-,-,-,-,74.5
2026-09-30 21:47:54,train,8513,HUMERUS,49,49,49,100.0%,49,-,-,,-,False,49/49,100.0%,True,-,-,-,-,-,-,73.68
2026-09-30 21:49:39,train,533,SHOULDER,49,49,49,100.0%,49,-,-,,-,False,49/49,100.0%,True,-,-,-,-,-,-,74.72
2026-09-30 21:51:23,train,19821,WRIST,49,49,49,100.0%,49,-,-,,-,False,49/49,100.0%,True,-,-,-,-,-,-,74.3
2026-09-30 21:53:07,train,14907,ELBOW,49,49,49,100.0%,49,-,-,,-,False,49/49,100.0%,True,-,-,-,-,-,-,73.49
2026-09-30 21:54:51,train,9797,FINGER,47,49,49,95.9%,0,-,-,,-,False,49/49,100.0%,True,-,-,-,-,-,-,74.2
2026-09-30 21:56:35,train,29573,FOREARM,48,49,49,98.0%,0,-,-,,-,False,49/49,100.0%,True,-,-,-,-,-,-,73.63
2026-09-30 21:58:23,train,31399,HAND,49,49,49,100.0%,49,-,-,,-,False,49/49,100.0%,True,-,-,-,-,-,-,77.97
2026-09-30 22:00:06,train,8514,HUMERUS,46,49,49,93.9%,0,-,-,,-,False,49/49,100.0%,True,-,-,-,-,-,-,73.8
2026-09-30 22:01:51,train,534,SHOULDER,47,49,49,95.9%,0,-,-,,-,False,49/49,100.0%,True,-,-,-,-,-,-,74.44
2026-09-30 22:03:35,train,19822,WRIST,45,49,49,91.8%,0,-,-,,-,False,49/49,100.0%,True,-,-,-,-,-,-,74.53
2026-09-30 22:05:20,train,14908,ELBOW,46,49,49,93.9%,0,-,-,,-,False,49/49,100.0%,True,-,-,-,-,-,-,74.44
2026-09-30 22:07:03,train,9798,FINGER,49,49,49,100.0%,49,-,-,,-,False,49/49,100.0%,True,-,-,-,-,-,-,73.58
2026-09-30 22:08:48,train,29574,FOREARM,48,48,49,98.0%,0,-,-,,-,False,49/49,100.0%,True,-,-,-,-,-,-,74.74
2026-09-30 22:10:32,train,31400,HAND,49,49,49,100.0%,49,-,-,,-,False,49/49,100.0%,True,-,-,-,-,-,-,73.62
2026-09-30 22:12:16,train,8515,HUMERUS,49,49,49,100.0%,49,-,-,,-,False,49/49,100.0%,True,-,-,-,-,-,-,73.83
2026-09-30 22:14:00,train,535,SHOULDER,49,49,49,100.0%,49,-,-,,-,False,49/49,100.0%,True,-,-,-,-,-,-,73.96
2026-09-30 22:15:43,train,19823,WRIST,48,49,49,98.0%,0,-,-,,-,False,49/49,100.0%,True,-,-,-,-,-,-,73.57
2026-09-30 22:17:27,train,14909,ELBOW,47,49,49,95.9%,0,-,-,,-,False,49/49,100.0%,True,-,-,-,-,-,-,74.24
2026-09-30 22:19:12,train,9799,FINGER,49,49,49,100.0%,49,-,-,,-,False,49/49,100.0%,True,-,-,-,-,-,-,74.36
2026-09-30 22:20:55,train,29575,FOREARM,49,49,49,100.0%,49,-,-,,-,False,49/49,100.0%,True,-,-,-,-,-,-,73.41
2026-09-30 22:22:39,train,31401,HAND,49,49,49,100.0%,49,-,-,,-,False,49/49,100.0%,True,-,-,-,-,-,-,74.08
2026-09-30 22:24:24,train,8516,HUMERUS,48,49,49,98.0%,0,-,-,,-,False,49/49,100.0%,True,-,-,-,-,-,-,74.25
2026-09-30 22:26:09,train,536,SHOULDER,0,12,49,0.0%,0,-,-,,-,False,49/49,100.0%,True,-,-,-,-,-,-,75.08
2026-09-30 22:27:53,train,19824,WRIST,48,49,49,98.0%,0,-,-,,-,False,49/49,100.0%,True,-,-,-,-,-,-,74.47
2026-09-30 22:29:36,train,14910,ELBOW,48,49,49,98.0%,0,-,-,,-,False,49/49,100.0%,True,-,-,-,-,-,-,73.16
2026-09-30 22:31:20,train,9800,FINGER,48,49,49,98.0%,0,-,-,,-,False,49/49,100.0%,True,-,-,-,-,-,-,73.7
2026-09-30 22:33:05,train,29576,FOREARM,49,49,49,100.0%,49,-,-,,-,False,49/49,100.0%,True,-,-,-,-,-,-,74.58
2026-09-30 22:34:48,train,31402,HAND,49,49,49,100.0%,49,-,-,,-,False,49/49,100.0%,True,-,-,-,-,-,-,73.5
2026-09-30 22:36:33,train,8517,HUMERUS,48,49,49,98.0%,0,-,-,,-,False,49/49,100.0%,True,-,-,-,-,-,-,74.57
2026-09-30 22:38:16,train,537,SHOULDER,46,49,49,93.9%,0,-,-,,-,False,49/49,100.0%,True,-,-,-,-,-,-,73.65
2026-09-30 22:40:01,train,19825,WRIST,45,49,49,91.8%,0,-,-,,-,False,49/49,100.0%,True,-,-,-,-,-,-,74.63
2026-09-30 22:41:45,train,14911,ELBOW,47,49,49,95.9%,0,-,-,,-,False,49/49,100.0%,True,-,-,-,-,-,-,74.02
2026-09-30 22:43:29,train,9801,FINGER,49,49,49,100.0%,49,-,-,,-,False,49/49,100.0%,True,-,-,-,-,-,-,73.72
2026-09-30 22:45:12,train,29577,FOREARM,48,49,49,98.0%,0,-,-,,-,False,49/49,100.0%,True,-,-,-,-,-,-,73.39
2026-09-30 22:46:55,train,31403,HAND,45,49,49,91.8%,0,-,-,,-,False,49/49,100.0%,True,-,-,-,-,-,-,73.06
2026-09-30 22:48:39,train,8518,HUMERUS,49,49,49,100.0%,49,-,-,,-,False,49/49,100.0%,True,-,-,-,-,-,-,73.73
2026-09-30 22:50:23,train,538,SHOULDER,46,49,49,93.9%,0,-,-,,-,False,49/49,100.0%,True,-,-,-,-,-,-,73.89
2026-09-30 22:52:08,train,19826,WRIST,49,49,49,100.0%,49,-,-,,-,False,49/49,100.0%,True,-,-,-,-,-,-,75.24
2026-09-30 22:53:53,train,14912,ELBOW,49,49,49,100.0%,49,-,-,,-,False,49/49,100.0%,True,-,-,-,-,-,-,75.16
2026-09-30 22:55:38,train,9802,FINGER,48,49,49,98.0%,0,-,-,,-,False,49/49,100.0%,True,-,-,-,-,-,-,74.49
2026-09-30 22:56:54,train,14913,ELBOW,48,49,49,98.0%,0,-,-,,-,False,49/49,100.0%,True,-,-,-,-,-,-,73.82
2026-09-30 22:58:38,train,9803,FINGER,48,49,49,98.0%,0,-,-,,-,False,49/49,100.0%,True,-,-,-,-,-,-,74.8
2026-09-30 23:00:22,train,29578,FOREARM,49,49,49,100.0%,49,-,-,,-,False,49/49,100.0%,True,-,-,-,-,-,-,73.57
2026-09-30 23:02:06,train,31392,HAND,48,49,49,98.0%,0,-,-,,-,False,49/49,100.0%,True,-,-,-,-,-,-,74.09
2026-09-30 23:03:50,train,8519,HUMERUS,49,49,49,100.0%,49,-,-,,-,False,49/49,100.0%,True,-,-,-,-,-,-,74.15
2026-09-30 23:05:33,train,536,SHOULDER,48,49,49,98.0%,0,-,-,,-,False,49/49,100.0%,True,-,-,-,-,-,-,73.11
2026-09-30 23:07:17,train,19827,WRIST,49,49,49,100.0%,49,-,-,,-,False,49/49,100.0%,True,-,-,-,-,-,-,73.52
2026-09-30 23:09:00,train,14914,ELBOW,49,49,49,100.0%,49,-,-,,-,False,49/49,100.0%,True,-,-,-,-,-,-,73.65
2026-09-30 23:10:45,train,9804,FINGER,46,49,49,93.9%,0,-,-,,-,False,49/49,100.0%,True,-,-,-,-,-,-,74.17
2026-09-30 23:12:28,train,29579,FOREARM,49,49,49,100.0%,49,-,-,,-,False,49/49,100.0%,True,-,-,-,-,-,-,73.41
2026-09-30 23:14:11,train,31404,HAND,48,49,49,98.0%,0,-,-,,-,False,49/49,100.0%,True,-,-,-,-,-,-,73.18
2026-09-30 23:15:55,train,8520,HUMERUS,45,48,49,91.8%,0,-,-,,-,False,49/49,100.0%,True,-,-,-,-,-,-,73.84
2026-09-30 23:17:39,train,539,SHOULDER,49,49,49,100.0%,49,-,-,,-,False,49/49,100.0%,True,-,-,-,-,-,-,73.47
2026-09-30 23:19:23,train,19828,WRIST,47,49,49,95.9%,0,-,-,,-,False,49/49,100.0%,True,-,-,-,-,-,-,74.35
2026-09-30 23:21:06,train,14915,ELBOW,49,49,49,100.0%,49,-,-,,-,False,49/49,100.0%,True,-,-,-,-,-,-,73.35
2026-09-30 23:22:51,train,9805,FINGER,49,49,49,100.0%,49,-,-,,-,False,49/49,100.0%,True,-,-,-,-,-,-,74.51
2026-09-30 23:24:35,train,29580,FOREARM,48,49,49,98.0%,0,-,-,,-,False,49/49,100.0%,True,-,-,-,-,-,-,74.64
2026-09-30 23:26:19,train,31405,HAND,47,49,49,95.9%,0,-,-,,-,False,49/49,100.0%,True,-,-,-,-,-,-,73.34
2026-09-30 23:28:03,train,8521,HUMERUS,44,49,49,89.8%,0,-,-,,-,False,49/49,100.0%,True,-,-,-,-,-,-,74.01
2026-09-30 23:29:47,train,540,SHOULDER,47,49,49,95.9%,0,-,-,,-,False,49/49,100.0%,True,-,-,-,-,-,-,74.29
2026-09-30 23:31:31,train,19829,WRIST,49,49,49,100.0%,49,-,-,,-,False,49/49,100.0%,True,-,-,-,-,-,-,74.29
2026-09-30 23:33:16,train,14916,ELBOW,46,49,49,93.9%,0,-,-,,-,False,49/49,100.0%,True,-,-,-,-,-,-,74.38
2026-09-30 23:35:00,train,9806,FINGER,48,49,49,98.0%,0,-,-,,-,False,49/49,100.0%,True,-,-,-,-,-,-,74.35
2026-09-30 23:36:45,train,29581,FOREARM,44,49,49,89.8%,0,-,-,,-,False,49/49,100.0%,True,-,-,-,-,-,-,74.47
2026-09-30 23:38:28,train,31406,HAND,49,49,49,100.0%,49,-,-,,-,False,49/49,100.0%,True,-,-,-,-,-,-,73.71
2026-09-30 23:40:14,train,8522,HUMERUS,49,49,49,100.0%,49,-,-,,-,False,49/49,100.0%,True,-,-,-,-,-,-,75.68
2026-09-30 23:41:58,train,541,SHOULDER,49,49,49,100.0%,49,-,-,,-,False,49/49,100.0%,True,-,-,-,-,-,-,74.11
2026-09-30 23:43:42,train,19830,WRIST,49,49,49,100.0%,49,-,-,,-,False,49/49,100.0%,True,-,-,-,-,-,-,74.14
2026-09-30 23:45:26,train,14917,ELBOW,47,49,49,95.9%,0,-,-,,-,False,49/49,100.0%,True,-,-,-,-,-,-,73.55
2026-09-30 23:47:10,train,9807,FINGER,48,49,49,98.0%,0,-,-,,-,False,49/49,100.0%,True,-,-,-,-,-,-,74.42
2026-09-30 23:48:54,train,29582,FOREARM,48,49,49,98.0%,0,-,-,,-,False,49/49,100.0%,True,-,-,-,-,-,-,74.08
2026-09-30 23:50:39,train,31407,HAND,48,49,49,98.0%,0,-,-,,-,False,49/49,100.0%,True,-,-,-,-,-,-,74.87
2026-09-30 23:52:23,train,8523,HUMERUS,48,49,49,98.0%,0,-,-,,-,False,49/49,100.0%,True,-,-,-,-,-,-,74.14
2026-09-30 23:54:07,train,542,SHOULDER,48,49,49,98.0%,0,-,-,,-,False,49/49,100.0%,True,-,-,-,-,-,-,73.64
2026-09-30 23:55:52,train,19831,WRIST,49,49,49,100.0%,49,-,-,,-,False,49/49,100.0%,True,-,-,-,-,-,-,75.09
2026-09-30 23:57:36,train,14918,ELBOW,49,49,49,100.0%,49,-,-,,-,False,49/49,100.0%,True,-,-,-,-,-,-,74.19
2026-09-30 23:59:21,train,9808,FINGER,44,49,49,89.8%,0,-,-,,-,False,49/49,100.0%,True,-,-,-,-,-,-,74.8
2026-10-01 00:01:06,train,29583,FOREARM,49,49,49,100.0%,49,-,-,,-,False,49/49,100.0%,True,-,-,-,-,-,-,75.13
2026-10-01 00:02:51,train,31408,HAND,49,49,49,100.0%,49,-,-,,-,False,49/49,100.0%,True,-,-,-,-,-,-,74.43
2026-10-01 00:04:35,train,8524,HUMERUS,47,49,49,95.9%,0,-,-,,-,False,49/49,100.0%,True,-,-,-,-,-,-,74.5
2026-10-01 00:06:19,train,543,SHOULDER,48,48,49,98.0%,0,-,-,,-,False,49/49,100.0%,True,-,-,-,-,-,-,74.11
2026-10-01 00:08:03,train,19832,WRIST,46,49,49,93.9%,0,-,-,,-,False,49/49,100.0%,True,-,-,-,-,-,-,73.61
2026-10-01 00:09:46,train,14919,ELBOW,49,49,49,100.0%,49,-,-,,-,False,49/49,100.0%,True,-,-,-,-,-,-,73.68
2026-10-01 00:11:31,train,9809,FINGER,47,49,49,95.9%,0,-,-,,-,False,49/49,100.0%,True,-,-,-,-,-,-,74.44
2026-10-01 00:13:15,train,29584,FOREARM,48,49,49,98.0%,0,-,-,,-,False,49/49,100.0%,True,-,-,-,-,-,-,74.49
2026-10-01 00:15:00,train,31409,HAND,49,49,49,100.0%,49,-,-,,-,False,49/49,100.0%,True,-,-,-,-,-,-,74.91
2026-10-01 00:16:45,train,8525,HUMERUS,49,49,49,100.0%,49,-,-,,-,False,49/49,100.0%,True,-,-,-,-,-,-,74.58
2026-10-01 00:18:29,train,544,SHOULDER,49,49,49,100.0%,49,-,-,,-,False,49/49,100.0%,True,-,-,-,-,-,-,74.37
2026-10-01 00:20:13,train,19833,WRIST,47,49,49,95.9%,0,-,-,,-,False,49/49,100.0%,True,-,-,-,-,-,-,73.7
2026-10-01 00:21:58,train,14920,ELBOW,46,49,49,93.9%,0,-,-,,-,False,49/49,100.0%,True,-,-,-,-,-,-,74.81
2026-10-01 00:23:42,train,9810,FINGER,49,49,49,100.0%,49,-,-,,-,False,49/49,100.0%,True,-,-,-,-,-,-,73.78
2026-10-01 00:25:26,train,29585,FOREARM,49,49,49,100.0%,49,-,-,,-,False,49/49,100.0%,True,-,-,-,-,-,-,74.23
2026-10-01 00:27:10,train,31410,HAND,49,49,49,100.0%,49,-,-,,-,False,49/49,100.0%,True,-,-,-,-,-,-,74.36
2026-10-01 00:28:54,train,8526,HUMERUS,49,49,49,100.0%,49,-,-,,-,False,49/49,100.0%,True,-,-,-,-,-,-,73.55
2026-10-01 00:30:38,train,545,SHOULDER,48,49,49,98.0%,0,-,-,,-,False,49/49,100.0%,True,-,-,-,-,-,-,74.54
2026-10-01 00:32:24,train,19834,WRIST,47,49,49,95.9%,0,-,-,,-,False,49/49,100.0%,True,-,-,-,-,-,-,76.19
2026-10-01 00:34:08,train,14921,ELBOW,49,49,49,100.0%,49,-,-,,-,False,49/49,100.0%,True,-,-,-,-,-,-,74.02
2026-10-01 00:35:53,train,9811,FINGER,45,49,49,91.8%,0,-,-,,-,False,49/49,100.0%,True,-,-,-,-,-,-,74.19
2026-10-01 00:37:38,train,29586,FOREARM,49,49,49,100.0%,49,-,-,,-,False,49/49,100.0%,True,-,-,-,-,-,-,75.02
2026-10-01 00:39:22,train,31411,HAND,49,49,49,100.0%,49,-,-,,-,False,49/49,100.0%,True,-,-,-,-,-,-,74.41
2026-10-01 00:41:07,train,8527,HUMERUS,49,49,49,100.0%,49,-,-,,-,False,49/49,100.0%,True,-,-,-,-,-,-,74.48
2026-10-01 00:42:49,train,546,SHOULDER,48,49,49,98.0%,0,-,-,,-,False,49/49,100.0%,True,-,-,-,-,-,-,72.99
2026-10-01 00:44:34,train,19835,WRIST,48,49,49,98.0%,0,-,-,,-,False,49/49,100.0%,True,-,-,-,-,-,-,74.47
2026-10-01 00:46:18,train,14922,ELBOW,46,49,49,93.9%,0,-,-,,-,False,49/49,100.0%,True,-,-,-,-,-,-,74.04
2026-10-01 00:48:03,train,9812,FINGER,48,49,49,98.0%,0,-,-,,-,False,49/49,100.0%,True,-,-,-,-,-,-,74.72
2026-10-01 00:49:48,train,29587,FOREARM,49,49,49,100.0%,49,-,-,,-,False,49/49,100.0%,True,-,-,-,-,-,-,75.19
2026-10-01 00:51:32,train,31412,HAND,48,48,49,98.0%,0,-,-,,-,False,49/49,100.0%,True,-,-,-,-,-,-,74.08
2026-10-01 00:53:16,train,8528,HUMERUS,48,49,49,98.0%,0,-,-,,-,False,49/49,100.0%,True,-,-,-,-,-,-,74.42
2026-10-01 00:55:01,train,547,SHOULDER,49,49,49,100.0%,49,-,-,,-,False,49/49,100.0%,True,-,-,-,-,-,-,74.16
2026-10-01 00:56:44,train,19836,WRIST,49,49,49,100.0%,49,-,-,,-,False,49/49,100.0%,True,-,-,-,-,-,-,73.39
2026-10-01 00:58:28,train,14923,ELBOW,49,49,49,100.0%,49,-,-,,-,False,49/49,100.0%,True,-,-,-,-,-,-,74.49
2026-10-01 01:00:13,train,9813,FINGER,49,49,49,100.0%,49,-,-,,-,False,49/49,100.0%,True,-,-,-,-,-,-,74.17
2026-10-01 01:01:57,train,29588,FOREARM,49,49,49,100.0%,49,-,-,,-,False,49/49,100.0%,True,-,-,-,-,-,-,74.52
2026-10-01 01:03:42,train,31413,HAND,49,49,49,100.0%,49,-,-,,-,False,49/49,100.0%,True,-,-,-,-,-,-,75.08
2026-10-01 01:05:27,train,8529,HUMERUS,49,49,49,100.0%,49,-,-,,-,False,49/49,100.0%,True,-,-,-,-,-,-,74.82
2026-10-01 01:07:11,train,548,SHOULDER,49,49,49,100.0%,49,-,-,,-,False,49/49,100.0%,True,-,-,-,-,-,-,74.36
2026-10-01 01:08:55,train,19837,WRIST,48,49,49,98.0%,0,-,-,,-,False,49/49,100.0%,True,-,-,-,-,-,-,73.15
2026-10-01 01:10:38,train,14924,ELBOW,48,49,49,98.0%,0,-,-,,-,False,49/49,100.0%,True,-,-,-,-,-,-,73.52
2026-10-01 01:12:22,train,9814,FINGER,49,49,49,100.0%,49,-,-,,-,False,49/49,100.0%,True,-,-,-,-,-,-,73.52
2026-10-01 01:14:07,train,29589,FOREARM,41,49,49,83.7%,0,-,-,,-,False,49/49,100.0%,True,-,-,-,-,-,-,75.15
2026-10-01 01:15:52,train,31414,HAND,49,49,49,100.0%,49,-,-,,-,False,49/49,100.0%,True,-,-,-,-,-,-,75.12
2026-10-01 01:17:37,train,8530,HUMERUS,0,0,49,0.0%,0,-,-,,-,False,49/49,100.0%,True,-,-,-,-,-,-,74.77
2026-10-01 01:19:20,train,549,SHOULDER,49,49,49,100.0%,49,-,-,,-,False,49/49,100.0%,True,-,-,-,-,-,-,73.33
2026-10-01 01:21:05,train,19838,WRIST,49,49,49,100.0%,49,-,-,,-,False,49/49,100.0%,True,-,-,-,-,-,-,75.03
2026-10-01 01:22:49,train,14925,ELBOW,48,49,49,98.0%,0,-,-,,-,False,49/49,100.0%,True,-,-,-,-,-,-,73.61
2026-10-01 01:24:34,train,9815,FINGER,49,49,49,100.0%,49,-,-,,-,False,49/49,100.0%,True,-,-,-,-,-,-,74.88
2026-10-01 01:26:17,train,29590,FOREARM,48,48,49,98.0%,0,-,-,,-,False,49/49,100.0%,True,-,-,-,-,-,-,73.86
2026-10-01 01:28:01,train,31415,HAND,45,49,49,91.8%,0,-,-,,-,False,49/49,100.0%,True,-,-,-,-,-,-,73.16
2026-10-01 01:29:46,train,8531,HUMERUS,45,45,49,91.8%,0,-,-,,-,False,49/49,100.0%,True,-,-,-,-,-,-,75.18
2026-10-01 01:31:29,train,550,SHOULDER,48,49,49,98.0%,0,-,-,,-,False,49/49,100.0%,True,-,-,-,-,-,-,73.38
2026-10-01 01:33:14,train,19839,WRIST,47,49,49,95.9%,0,-,-,,-,False,49/49,100.0%,True,-,-,-,-,-,-,75.06
2026-10-01 01:34:58,train,14926,ELBOW,48,49,49,98.0%,0,-,-,,-,False,49/49,100.0%,True,-,-,-,-,-,-,74.24
2026-10-01 01:36:43,train,9816,FINGER,49,49,49,100.0%,49,-,-,,-,False,49/49,100.0%,True,-,-,-,-,-,-,74.56
2026-10-01 01:38:27,train,29591,FOREARM,49,49,49,100.0%,49,-,-,,-,False,49/49,100.0%,True,-,-,-,-,-,-,73.64
2026-10-01 01:40:09,train,31416,HAND,48,49,49,98.0%,0,-,-,,-,False,49/49,100.0%,True,-,-,-,-,-,-,72.53
2026-10-01 01:41:54,train,8532,HUMERUS,49,49,49,100.0%,49,-,-,,-,False,49/49,100.0%,True,-,-,-,-,-,-,75.06
2026-10-01 01:43:37,train,551,SHOULDER,49,49,49,100.0%,49,-,-,,-,False,49/49,100.0%,True,-,-,-,-,-,-,73.25
2026-10-01 01:45:22,train,19840,WRIST,46,49,49,93.9%,0,-,-,,-,False,49/49,100.0%,True,-,-,-,-,-,-,74.7
2026-10-01 01:47:07,train,14927,ELBOW,49,49,49,100.0%,49,-,-,,-,False,49/49,100.0%,True,-,-,-,-,-,-,74.9
2026-10-01 01:48:51,train,9817,FINGER,43,48,49,87.8%,0,-,-,,-,False,49/49,100.0%,True,-,-,-,-,-,-,73.86
2026-10-01 01:50:07,train,14928,ELBOW,49,49,49,100.0%,49,-,-,,-,False,49/49,100.0%,True,-,-,-,-,-,-,74.41
2026-10-01 01:51:51,train,9818,FINGER,43,49,49,87.8%,0,-,-,,-,False,49/49,100.0%,True,-,-,-,-,-,-,73.78
2026-10-01 01:53:35,train,29592,FOREARM,48,49,49,98.0%,0,-,-,,-,False,49/49,100.0%,True,-,-,-,-,-,-,74.2
2026-10-01 01:55:20,train,31417,HAND,11,27,49,22.4%,0,-,-,,-,False,49/49,100.0%,True,-,-,-,-,-,-,74.48
2026-10-01 01:57:04,train,8530,HUMERUS,32,32,49,65.3%,0,-,-,,-,False,49/49,100.0%,True,-,-,-,-,-,-,73.64
2026-10-01 01:58:47,train,552,SHOULDER,49,49,49,100.0%,49,-,-,,-,False,49/49,100.0%,True,-,-,-,-,-,-,73.61
2026-10-01 02:00:31,train,19841,WRIST,47,49,49,95.9%,0,-,-,,-,False,49/49,100.0%,True,-,-,-,-,-,-,73.52
2026-10-01 02:02:14,train,14929,ELBOW,48,49,49,98.0%,0,-,-,,-,False,49/49,100.0%,True,-,-,-,-,-,-,73.58
2026-10-01 02:03:58,train,9819,FINGER,46,49,49,93.9%,0,-,-,,-,False,49/49,100.0%,True,-,-,-,-,-,-,73.83
2026-10-01 02:05:42,train,29593,FOREARM,49,49,49,100.0%,49,-,-,,-,False,49/49,100.0%,True,-,-,-,-,-,-,73.98
2026-10-01 02:07:27,train,31418,HAND,49,49,49,100.0%,49,-,-,,-,False,49/49,100.0%,True,-,-,-,-,-,-,74.93
2026-10-01 02:09:11,train,8533,HUMERUS,48,49,49,98.0%,0,-,-,,-,False,49/49,100.0%,True,-,-,-,-,-,-,74.16
2026-10-01 02:10:56,train,553,SHOULDER,48,49,49,98.0%,0,-,-,,-,False,49/49,100.0%,True,-,-,-,-,-,-,74.59
2026-10-01 02:12:40,train,19842,WRIST,46,49,49,93.9%,0,-,-,,-,False,49/49,100.0%,True,-,-,-,-,-,-,74.5
2026-10-01 02:14:24,train,14930,ELBOW,48,49,49,98.0%,0,-,-,,-,False,49/49,100.0%,True,-,-,-,-,-,-,74.2
2026-10-01 02:16:09,train,9820,FINGER,48,49,49,98.0%,0,-,-,,-,False,49/49,100.0%,True,-,-,-,-,-,-,74.09
2026-10-01 02:17:53,train,29594,FOREARM,49,49,49,100.0%,49,-,-,,-,False,49/49,100.0%,True,-,-,-,-,-,-,74.6
2026-10-01 02:19:36,train,31419,HAND,45,48,49,91.8%,0,-,-,,-,False,49/49,100.0%,True,-,-,-,-,-,-,73.11
2026-10-01 02:21:21,train,8534,HUMERUS,49,49,49,100.0%,49,-,-,,-,False,49/49,100.0%,True,-,-,-,-,-,-,74.42
2026-10-01 02:23:04,train,554,SHOULDER,48,49,49,98.0%,0,-,-,,-,False,49/49,100.0%,True,-,-,-,-,-,-,73.62
2026-10-01 02:24:49,train,19843,WRIST,48,49,49,98.0%,0,-,-,,-,False,49/49,100.0%,True,-,-,-,-,-,-,74.96
2026-10-01 02:26:33,train,14931,ELBOW,49,49,49,100.0%,49,-,-,,-,False,49/49,100.0%,True,-,-,-,-,-,-,74.14
2026-10-01 02:28:17,train,9821,FINGER,47,49,49,95.9%,0,-,-,,-,False,49/49,100.0%,True,-,-,-,-,-,-,73.6
2026-10-01 02:30:01,train,29595,FOREARM,49,49,49,100.0%,49,-,-,,-,False,49/49,100.0%,True,-,-,-,-,-,-,74.39
2026-10-01 02:31:44,train,31420,HAND,47,49,49,95.9%,0,-,-,,-,False,49/49,100.0%,True,-,-,-,-,-,-,72.88
2026-10-01 02:33:28,train,8535,HUMERUS,49,49,49,100.0%,49,-,-,,-,False,49/49,100.0%,True,-,-,-,-,-,-,74.28
2026-10-01 02:35:12,train,555,SHOULDER,48,48,49,98.0%,0,-,-,,-,False,49/49,100.0%,True,-,-,-,-,-,-,73.75
2026-10-01 02:36:56,train,19844,WRIST,44,49,49,89.8%,0,-,-,,-,False,49/49,100.0%,True,-,-,-,-,-,-,73.26
2026-10-01 02:38:40,train,14932,ELBOW,46,49,49,93.9%,0,-,-,,-,False,49/49,100.0%,True,-,-,-,-,-,-,74.12
2026-10-01 02:40:24,train,9822,FINGER,48,49,49,98.0%,0,-,-,,-,False,49/49,100.0%,True,-,-,-,-,-,-,74.05
2026-10-01 02:42:08,train,29596,FOREARM,48,49,49,98.0%,0,-,-,,-,False,49/49,100.0%,True,-,-,-,-,-,-,74.52
2026-10-01 02:43:53,train,31421,HAND,44,49,49,89.8%,0,-,-,,-,False,49/49,100.0%,True,-,-,-,-,-,-,74.5
2026-10-01 02:45:37,train,8536,HUMERUS,49,49,49,100.0%,49,-,-,,-,False,49/49,100.0%,True,-,-,-,-,-,-,73.98
2026-10-01 02:47:22,train,556,SHOULDER,49,49,49,100.0%,49,-,-,,-,False,49/49,100.0%,True,-,-,-,-,-,-,75.21
2026-10-01 02:49:06,train,19845,WRIST,49,49,49,100.0%,49,-,-,,-,False,49/49,100.0%,True,-,-,-,-,-,-,73.85
2026-10-01 02:50:49,train,14933,ELBOW,48,49,49,98.0%,0,-,-,,-,False,49/49,100.0%,True,-,-,-,-,-,-,73.3
2026-10-01 02:52:35,train,9823,FINGER,48,49,49,98.0%,0,-,-,,-,False,49/49,100.0%,True,-,-,-,-,-,-,75.78
2026-10-01 02:54:18,train,29597,FOREARM,47,49,49,95.9%,0,-,-,,-,False,49/49,100.0%,True,-,-,-,-,-,-,73.61
2026-10-01 02:56:02,train,31422,HAND,49,49,49,100.0%,49,-,-,,-,False,49/49,100.0%,True,-,-,-,-,-,-,73.77
2026-10-01 02:57:48,train,8537,HUMERUS,49,49,49,100.0%,49,-,-,,-,False,49/49,100.0%,True,-,-,-,-,-,-,75.39
2026-10-01 02:59:31,train,557,SHOULDER,48,48,49,98.0%,0,-,-,,-,False,49/49,100.0%,True,-,-,-,-,-,-,73.8
2026-10-01 03:01:15,train,19846,WRIST,48,49,49,98.0%,0,-,-,,-,False,49/49,100.0%,True,-,-,-,-,-,-,73.91
2026-10-01 03:02:59,train,14934,ELBOW,48,49,49,98.0%,0,-,-,,-,False,49/49,100.0%,True,-,-,-,-,-,-,73.67
2026-10-01 03:04:44,train,9824,FINGER,49,49,49,100.0%,49,-,-,,-,False,49/49,100.0%,True,-,-,-,-,-,-,74.77
2026-10-01 03:06:28,train,29598,FOREARM,46,48,49,93.9%,0,-,-,,-,False,49/49,100.0%,True,-,-,-,-,-,-,73.97
2026-10-01 03:08:11,train,31423,HAND,47,49,49,95.9%,0,-,-,,-,False,49/49,100.0%,True,-,-,-,-,-,-,73.77
2026-10-01 03:09:56,train,8538,HUMERUS,48,49,49,98.0%,0,-,-,,-,False,49/49,100.0%,True,-,-,-,-,-,-,74.16
2026-10-01 03:11:40,train,558,SHOULDER,49,49,49,100.0%,49,-,-,,-,False,49/49,100.0%,True,-,-,-,-,-,-,74.59
2026-10-01 03:13:25,train,19847,WRIST,49,49,49,100.0%,49,-,-,,-,False,49/49,100.0%,True,-,-,-,-,-,-,74.61
2026-10-01 03:15:09,train,14935,ELBOW,44,49,49,89.8%,0,-,-,,-,False,49/49,100.0%,True,-,-,-,-,-,-,73.76
2026-10-01 03:16:52,train,9825,FINGER,49,49,49,100.0%,49,-,-,,-,False,49/49,100.0%,True,-,-,-,-,-,-,73.48
2026-10-01 03:18:37,train,29599,FOREARM,49,49,49,100.0%,49,-,-,,-,False,49/49,100.0%,True,-,-,-,-,-,-,74.83
2026-10-01 03:20:20,train,31424,HAND,49,49,49,100.0%,49,-,-,,-,False,49/49,100.0%,True,-,-,-,-,-,-,73.46
2026-10-01 03:22:04,train,8539,HUMERUS,48,49,49,98.0%,0,-,-,,-,False,49/49,100.0%,True,-,-,-,-,-,-,74.02
2026-10-01 03:23:49,train,559,SHOULDER,49,49,49,100.0%,49,-,-,,-,False,49/49,100.0%,True,-,-,-,-,-,-,74.9
2026-10-01 03:25:33,train,19848,WRIST,49,49,49,100.0%,49,-,-,,-,False,49/49,100.0%,True,-,-,-,-,-,-,74.03
2026-10-01 03:27:18,train,14936,ELBOW,49,49,49,100.0%,49,-,-,,-,False,49/49,100.0%,True,-,-,-,-,-,-,74.84
2026-10-01 03:29:02,train,9826,FINGER,49,49,49,100.0%,49,-,-,,-,False,49/49,100.0%,True,-,-,-,-,-,-,73.62
2026-10-01 03:30:46,train,29600,FOREARM,48,49,49,98.0%,0,-,-,,-,False,49/49,100.0%,True,-,-,-,-,-,-,74.41
2026-10-01 03:32:31,train,31425,HAND,49,49,49,100.0%,49,-,-,,-,False,49/49,100.0%,True,-,-,-,-,-,-,74.36
2026-10-01 03:34:14,train,8540,HUMERUS,48,49,49,98.0%,0,-,-,,-,False,49/49,100.0%,True,-,-,-,-,-,-,73.74
2026-10-01 03:35:58,train,560,SHOULDER,48,49,49,98.0%,0,-,-,,-,False,49/49,100.0%,True,-,-,-,-,-,-,73.68
2026-10-01 03:37:43,train,19849,WRIST,49,49,49,100.0%,49,-,-,,-,False,49/49,100.0%,True,-,-,-,-,-,-,74.56
2026-10-01 03:39:26,train,14937,ELBOW,49,49,49,100.0%,49,-,-,,-,False,49/49,100.0%,True,-,-,-,-,-,-,73.73
2026-10-01 03:41:11,train,9827,FINGER,47,49,49,95.9%,0,-,-,,-,False,49/49,100.0%,True,-,-,-,-,-,-,74.84
2026-10-01 03:42:55,train,29601,FOREARM,0,0,49,0.0%,0,-,-,,-,False,49/49,100.0%,True,-,-,-,-,-,-,74.32
2026-10-01 03:44:39,train,31426,HAND,49,49,49,100.0%,49,-,-,,-,False,49/49,100.0%,True,-,-,-,-,-,-,73.97
2026-10-01 03:46:23,train,8541,HUMERUS,46,49,49,93.9%,0,-,-,,-,False,49/49,100.0%,True,-,-,-,-,-,-,73.95
2026-10-01 03:48:07,train,561,SHOULDER,49,49,49,100.0%,49,-,-,,-,False,49/49,100.0%,True,-,-,-,-,-,-,74.12
2026-10-01 03:49:53,train,19850,WRIST,49,49,49,100.0%,49,-,-,,-,False,49/49,100.0%,True,-,-,-,-,-,-,75.47
2026-10-01 03:51:37,train,14938,ELBOW,49,49,49,100.0%,49,-,-,,-,False,49/49,100.0%,True,-,-,-,-,-,-,74.03
2026-10-01 03:53:20,train,9828,FINGER,35,48,49,71.4%,0,-,-,,-,False,49/49,100.0%,True,-,-,-,-,-,-,73.33
2026-10-01 03:55:06,train,29602,FOREARM,49,49,49,100.0%,49,-,-,,-,False,49/49,100.0%,True,-,-,-,-,-,-,75.19
2026-10-01 03:56:49,train,31427,HAND,48,49,49,98.0%,0,-,-,,-,False,49/49,100.0%,True,-,-,-,-,-,-,73.56
2026-10-01 03:58:35,train,8542,HUMERUS,49,49,49,100.0%,49,-,-,,-,False,49/49,100.0%,True,-,-,-,-,-,-,75.49
2026-10-01 04:00:19,train,562,SHOULDER,49,49,49,100.0%,49,-,-,,-,False,49/49,100.0%,True,-,-,-,-,-,-,74.73
2026-10-01 04:02:03,train,19851,WRIST,49,49,49,100.0%,49,-,-,,-,False,49/49,100.0%,True,-,-,-,-,-,-,74.2
2026-10-01 04:03:47,train,14939,ELBOW,48,49,49,98.0%,0,-,-,,-,False,49/49,100.0%,True,-,-,-,-,-,-,73.54
2026-10-01 04:05:30,train,9829,FINGER,49,49,49,100.0%,49,-,-,,-,False,49/49,100.0%,True,-,-,-,-,-,-,73.42
2026-10-01 04:07:15,train,29603,FOREARM,49,49,49,100.0%,49,-,-,,-,False,49/49,100.0%,True,-,-,-,-,-,-,74.5
2026-10-01 04:09:00,train,31428,HAND,48,48,49,98.0%,0,-,-,,-,False,49/49,100.0%,True,-,-,-,-,-,-,74.57
2026-10-01 04:10:44,train,8543,HUMERUS,44,49,49,89.8%,0,-,-,,-,False,49/49,100.0%,True,-,-,-,-,-,-,74.26
2026-10-01 04:12:29,train,563,SHOULDER,47,49,49,95.9%,0,-,-,,-,False,49/49,100.0%,True,-,-,-,-,-,-,75.35
2026-10-01 04:14:13,train,19852,WRIST,47,49,49,95.9%,0,-,-,,-,False,49/49,100.0%,True,-,-,-,-,-,-,73.38
2026-10-01 04:15:56,train,14940,ELBOW,48,49,49,98.0%,0,-,-,,-,False,49/49,100.0%,True,-,-,-,-,-,-,73.11
2026-10-01 04:17:40,train,9830,FINGER,48,49,49,98.0%,0,-,-,,-,False,49/49,100.0%,True,-,-,-,-,-,-,74.07
2026-10-01 04:19:24,train,29604,FOREARM,48,48,49,98.0%,0,-,-,,-,False,49/49,100.0%,True,-,-,-,-,-,-,73.94
2026-10-01 04:21:07,train,31429,HAND,49,49,49,100.0%,49,-,-,,-,False,49/49,100.0%,True,-,-,-,-,-,-,73.71
2026-10-01 04:22:51,train,8544,HUMERUS,49,49,49,100.0%,49,-,-,,-,False,49/49,100.0%,True,-,-,-,-,-,-,73.85
2026-10-01 04:24:33,train,564,SHOULDER,49,49,49,100.0%,49,-,-,,-,False,49/49,100.0%,True,-,-,-,-,-,-,72.29
2026-10-01 04:26:18,train,19853,WRIST,48,49,49,98.0%,0,-,-,,-,False,49/49,100.0%,True,-,-,-,-,-,-,74.6
2026-10-01 04:28:02,train,14941,ELBOW,47,49,49,95.9%,0,-,-,,-,False,49/49,100.0%,True,-,-,-,-,-,-,73.79
2026-10-01 04:29:46,train,9831,FINGER,47,49,49,95.9%,0,-,-,,-,False,49/49,100.0%,True,-,-,-,-,-,-,74.43
2026-10-01 04:31:31,train,29605,FOREARM,49,49,49,100.0%,49,-,-,,-,False,49/49,100.0%,True,-,-,-,-,-,-,74.41
2026-10-01 04:33:14,train,31430,HAND,49,49,49,100.0%,49,-,-,,-,False,49/49,100.0%,True,-,-,-,-,-,-,73.45
2026-10-01 04:34:59,train,8545,HUMERUS,48,49,49,98.0%,0,-,-,,-,False,49/49,100.0%,True,-,-,-,-,-,-,75.22
2026-10-01 04:36:43,train,565,SHOULDER,47,49,49,95.9%,0,-,-,,-,False,49/49,100.0%,True,-,-,-,-,-,-,73.53
2026-10-01 04:38:28,train,19854,WRIST,49,49,49,100.0%,49,-,-,,-,False,49/49,100.0%,True,-,-,-,-,-,-,74.79
2026-10-01 04:40:13,train,14942,ELBOW,49,49,49,100.0%,49,-,-,,-,False,49/49,100.0%,True,-,-,-,-,-,-,75.16
2026-10-01 04:41:57,train,9832,FINGER,49,49,49,100.0%,49,-,-,,-,False,49/49,100.0%,True,-,-,-,-,-,-,74.03
2026-10-01 04:43:13,train,14943,ELBOW,0,0,49,0.0%,0,-,-,,-,False,49/49,100.0%,True,-,-,-,-,-,-,73.81
2026-10-01 04:44:58,train,9833,FINGER,47,49,49,95.9%,0,-,-,,-,False,49/49,100.0%,True,-,-,-,-,-,-,74.63
2026-10-01 04:46:41,train,29601,FOREARM,47,49,49,95.9%,0,-,-,,-,False,49/49,100.0%,True,-,-,-,-,-,-,73.46
2026-10-01 04:48:26,train,31431,HAND,48,49,49,98.0%,0,-,-,,-,False,49/49,100.0%,True,-,-,-,-,-,-,74.72
2026-10-01 04:50:09,train,8546,HUMERUS,44,49,49,89.8%,0,-,-,,-,False,49/49,100.0%,True,-,-,-,-,-,-,73.54
2026-10-01 04:51:53,train,566,SHOULDER,49,49,49,100.0%,49,-,-,,-,False,49/49,100.0%,True,-,-,-,-,-,-,73.8
2026-10-01 04:53:37,train,19855,WRIST,48,49,49,98.0%,0,-,-,,-,False,49/49,100.0%,True,-,-,-,-,-,-,73.5
2026-10-01 04:55:21,train,14944,ELBOW,49,49,49,100.0%,49,-,-,,-,False,49/49,100.0%,True,-,-,-,-,-,-,73.98
2026-10-01 04:57:05,train,9834,FINGER,48,48,49,98.0%,0,-,-,,-,False,49/49,100.0%,True,-,-,-,-,-,-,74.52
2026-10-01 04:58:50,train,29606,FOREARM,49,49,49,100.0%,49,-,-,,-,False,49/49,100.0%,True,-,-,-,-,-,-,74.74
2026-10-01 05:00:34,train,31432,HAND,48,48,49,98.0%,0,-,-,,-,False,49/49,100.0%,True,-,-,-,-,-,-,74.24
2026-10-01 05:02:18,train,8547,HUMERUS,48,48,49,98.0%,0,-,-,,-,False,49/49,100.0%,True,-,-,-,-,-,-,74.01
2026-10-01 05:04:02,train,567,SHOULDER,48,49,49,98.0%,0,-,-,,-,False,49/49,100.0%,True,-,-,-,-,-,-,73.85
2026-10-01 05:05:46,train,19856,WRIST,49,49,49,100.0%,49,-,-,,-,False,49/49,100.0%,True,-,-,-,-,-,-,73.73
2026-10-01 05:07:30,train,14945,ELBOW,49,49,49,100.0%,49,-,-,,-,False,49/49,100.0%,True,-,-,-,-,-,-,74.62
2026-10-01 05:09:14,train,9835,FINGER,46,49,49,93.9%,0,-,-,,-,False,49/49,100.0%,True,-,-,-,-,-,-,74.24
2026-10-01 05:10:59,train,29607,FOREARM,47,49,49,95.9%,0,-,-,,-,False,49/49,100.0%,True,-,-,-,-,-,-,74.15
2026-10-01 05:12:43,train,31433,HAND,49,49,49,100.0%,49,-,-,,-,False,49/49,100.0%,True,-,-,-,-,-,-,74.5
2026-10-01 05:14:26,train,8548,HUMERUS,49,49,49,100.0%,49,-,-,,-,False,49/49,100.0%,True,-,-,-,-,-,-,73.12
2026-10-01 05:16:11,train,568,SHOULDER,43,48,49,87.8%,0,-,-,,-,False,49/49,100.0%,True,-,-,-,-,-,-,75.06
2026-10-01 05:17:56,train,19857,WRIST,46,49,49,93.9%,0,-,-,,-,False,49/49,100.0%,True,-,-,-,-,-,-,74.62
2026-10-01 05:19:41,train,14946,ELBOW,44,48,49,89.8%,0,-,-,,-,False,49/49,100.0%,True,-,-,-,-,-,-,74.71
2026-10-01 05:21:24,train,9836,FINGER,49,49,49,100.0%,49,-,-,,-,False,49/49,100.0%,True,-,-,-,-,-,-,73.52
2026-10-01 05:23:07,train,29608,FOREARM,49,49,49,100.0%,49,-,-,,-,False,49/49,100.0%,True,-,-,-,-,-,-,73.27
2026-10-01 05:24:51,train,31434,HAND,49,49,49,100.0%,49,-,-,,-,False,49/49,100.0%,True,-,-,-,-,-,-,73.23
2026-10-01 05:26:36,train,8549,HUMERUS,49,49,49,100.0%,49,-,-,,-,False,49/49,100.0%,True,-,-,-,-,-,-,75.34
2026-10-01 05:28:21,train,569,SHOULDER,49,49,49,100.0%,49,-,-,,-,False,49/49,100.0%,True,-,-,-,-,-,-,74.79
2026-10-01 05:30:06,train,19858,WRIST,49,49,49,100.0%,49,-,-,,-,False,49/49,100.0%,True,-,-,-,-,-,-,74.8
2026-10-01 05:31:49,train,14947,ELBOW,49,49,49,100.0%,49,-,-,,-,False,49/49,100.0%,True,-,-,-,-,-,-,73.68
2026-10-01 05:33:33,train,9837,FINGER,48,49,49,98.0%,0,-,-,,-,False,49/49,100.0%,True,-,-,-,-,-,-,73.39
2026-10-01 05:35:17,train,29609,FOREARM,46,49,49,93.9%,0,-,-,,-,False,49/49,100.0%,True,-,-,-,-,-,-,74.67
2026-10-01 05:37:03,train,31435,HAND,49,49,49,100.0%,49,-,-,,-,False,49/49,100.0%,True,-,-,-,-,-,-,75.23
2026-10-01 05:38:46,train,8550,HUMERUS,44,49,49,89.8%,0,-,-,,-,False,49/49,100.0%,True,-,-,-,-,-,-,73.64
2026-10-01 05:40:31,train,570,SHOULDER,46,49,49,93.9%,0,-,-,,-,False,49/49,100.0%,True,-,-,-,-,-,-,74.29
2026-10-01 05:42:14,train,19859,WRIST,46,49,49,93.9%,0,-,-,,-,False,49/49,100.0%,True,-,-,-,-,-,-,73.96
2026-10-01 05:43:59,train,14948,ELBOW,45,48,49,91.8%,0,-,-,,-,False,49/49,100.0%,True,-,-,-,-,-,-,74.21
2026-10-01 05:45:44,train,9838,FINGER,48,49,49,98.0%,0,-,-,,-,False,49/49,100.0%,True,-,-,-,-,-,-,75.02
2026-10-01 05:47:27,train,29610,FOREARM,42,49,49,85.7%,0,-,-,,-,False,49/49,100.0%,True,-,-,-,-,-,-,73.77
2026-10-01 05:49:11,train,31436,HAND,48,49,49,98.0%,0,-,-,,-,False,49/49,100.0%,True,-,-,-,-,-,-,73.33
2026-10-01 05:50:57,train,8551,HUMERUS,48,49,49,98.0%,0,-,-,,-,False,49/49,100.0%,True,-,-,-,-,-,-,76.11
2026-10-01 05:52:41,train,571,SHOULDER,49,49,49,100.0%,49,-,-,,-,False,49/49,100.0%,True,-,-,-,-,-,-,73.65
2026-10-01 05:54:24,train,19860,WRIST,49,49,49,100.0%,49,-,-,,-,False,49/49,100.0%,True,-,-,-,-,-,-,73.09
2026-10-01 05:56:07,train,14949,ELBOW,49,49,49,100.0%,49,-,-,,-,False,49/49,100.0%,True,-,-,-,-,-,-,73.57
2026-10-01 05:57:52,train,9839,FINGER,49,49,49,100.0%,49,-,-,,-,False,49/49,100.0%,True,-,-,-,-,-,-,74.43
2026-10-01 05:59:36,train,29611,FOREARM,46,46,49,93.9%,0,-,-,,-,False,49/49,100.0%,True,-,-,-,-,-,-,74.56
2026-10-01 06:01:20,train,31437,HAND,47,49,49,95.9%,0,-,-,,-,False,49/49,100.0%,True,-,-,-,-,-,-,73.44
2026-10-01 06:03:03,train,8552,HUMERUS,49,49,49,100.0%,49,-,-,,-,False,49/49,100.0%,True,-,-,-,-,-,-,73.46
2026-10-01 06:04:47,train,572,SHOULDER,46,48,49,93.9%,0,-,-,,-,False,49/49,100.0%,True,-,-,-,-,-,-,74.11
2026-10-01 06:06:31,train,19861,WRIST,49,49,49,100.0%,49,-,-,,-,False,49/49,100.0%,True,-,-,-,-,-,-,74.04
2026-10-01 06:08:16,train,14950,ELBOW,48,49,49,98.0%,0,-,-,,-,False,49/49,100.0%,True,-,-,-,-,-,-,74.49
2026-10-01 06:10:00,train,9840,FINGER,49,49,49,100.0%,49,-,-,,-,False,49/49,100.0%,True,-,-,-,-,-,-,74.5
2026-10-01 06:11:45,train,29612,FOREARM,49,49,49,100.0%,49,-,-,,-,False,49/49,100.0%,True,-,-,-,-,-,-,74.37
2026-10-01 06:13:28,train,31438,HAND,49,49,49,100.0%,49,-,-,,-,False,49/49,100.0%,True,-,-,-,-,-,-,73.46
2026-10-01 06:15:12,train,8553,HUMERUS,48,49,49,98.0%,0,-,-,,-,False,49/49,100.0%,True,-,-,-,-,-,-,74.27
2026-10-01 06:16:57,train,573,SHOULDER,45,49,49,91.8%,0,-,-,,-,False,49/49,100.0%,True,-,-,-,-,-,-,74.44
2026-10-01 06:18:42,train,19862,WRIST,49,49,49,100.0%,49,-,-,,-,False,49/49,100.0%,True,-,-,-,-,-,-,74.74
2026-10-01 06:20:26,train,14951,ELBOW,49,49,49,100.0%,49,-,-,,-,False,49/49,100.0%,True,-,-,-,-,-,-,74.59
2026-10-01 06:22:10,train,9841,FINGER,46,49,49,93.9%,0,-,-,,-,False,49/49,100.0%,True,-,-,-,-,-,-,73.53
2026-10-01 06:23:53,train,29613,FOREARM,49,49,49,100.0%,49,-,-,,-,False,49/49,100.0%,True,-,-,-,-,-,-,73.67
2026-10-01 06:25:37,train,31439,HAND,49,49,49,100.0%,49,-,-,,-,False,49/49,100.0%,True,-,-,-,-,-,-,74.07
2026-10-01 06:27:22,train,8554,HUMERUS,45,49,49,91.8%,0,-,-,,-,False,49/49,100.0%,True,-,-,-,-,-,-,74.93
2026-10-01 06:29:07,train,574,SHOULDER,49,49,49,100.0%,49,-,-,,-,False,49/49,100.0%,True,-,-,-,-,-,-,74.18
2026-10-01 06:30:50,train,19863,WRIST,47,49,49,95.9%,0,-,-,,-,False,49/49,100.0%,True,-,-,-,-,-,-,73.47
2026-10-01 06:32:34,train,14952,ELBOW,46,49,49,93.9%,0,-,-,,-,False,49/49,100.0%,True,-,-,-,-,-,-,73.96
2026-10-01 06:34:19,train,9842,FINGER,49,49,49,100.0%,49,-,-,,-,False,49/49,100.0%,True,-,-,-,-,-,-,75.05
2026-10-01 06:36:03,train,29614,FOREARM,49,49,49,100.0%,49,-,-,,-,False,49/49,100.0%,True,-,-,-,-,-,-,73.73
2026-10-01 06:37:47,train,31440,HAND,48,49,49,98.0%,0,-,-,,-,False,49/49,100.0%,True,-,-,-,-,-,-,73.96
2026-10-01 06:39:31,train,8555,HUMERUS,49,49,49,100.0%,49,-,-,,-,False,49/49,100.0%,True,-,-,-,-,-,-,74.04
2026-10-01 06:41:15,train,575,SHOULDER,49,49,49,100.0%,49,-,-,,-,False,49/49,100.0%,True,-,-,-,-,-,-,74.2
2026-10-01 06:42:59,train,19864,WRIST,48,49,49,98.0%,0,-,-,,-,False,49/49,100.0%,True,-,-,-,-,-,-,74.22
2026-10-01 06:44:44,train,14953,ELBOW,47,49,49,95.9%,0,-,-,,-,False,49/49,100.0%,True,-,-,-,-,-,-,74.49
2026-10-01 06:46:28,train,9843,FINGER,46,49,49,93.9%,0,-,-,,-,False,49/49,100.0%,True,-,-,-,-,-,-,74.37
2026-10-01 06:48:12,train,29615,FOREARM,48,49,49,98.0%,0,-,-,,-,False,49/49,100.0%,True,-,-,-,-,-,-,73.97
2026-10-01 06:49:57,train,31441,HAND,48,49,49,98.0%,0,-,-,,-,False,49/49,100.0%,True,-,-,-,-,-,-,74.63
2026-10-01 06:51:41,train,8556,HUMERUS,48,49,49,98.0%,0,-,-,,-,False,49/49,100.0%,True,-,-,-,-,-,-,74.8
2026-10-01 06:53:25,train,576,SHOULDER,49,49,49,100.0%,49,-,-,,-,False,49/49,100.0%,True,-,-,-,-,-,-,73.99
2026-10-01 06:55:09,train,19865,WRIST,49,49,49,100.0%,49,-,-,,-,False,49/49,100.0%,True,-,-,-,-,-,-,74.07
2026-10-01 06:56:54,train,14954,ELBOW,48,49,49,98.0%,0,-,-,,-,False,49/49,100.0%,True,-,-,-,-,-,-,74.54
2026-10-01 06:58:38,train,9844,FINGER,49,49,49,100.0%,49,-,-,,-,False,49/49,100.0%,True,-,-,-,-,-,-,73.6
2026-10-01 07:00:22,train,29616,FOREARM,49,49,49,100.0%,49,-,-,,-,False,49/49,100.0%,True,-,-,-,-,-,-,74.84
2026-10-01 07:02:06,train,31442,HAND,49,49,49,100.0%,49,-,-,,-,False,49/49,100.0%,True,-,-,-,-,-,-,73.59
2026-10-01 07:03:52,train,8557,HUMERUS,48,49,49,98.0%,0,-,-,,-,False,49/49,100.0%,True,-,-,-,-,-,-,76.43
2026-10-01 07:05:37,train,577,SHOULDER,49,49,49,100.0%,49,-,-,,-,False,49/49,100.0%,True,-,-,-,-,-,-,74.61
2026-10-01 07:07:22,train,19866,WRIST,0,41,49,0.0%,0,-,-,,-,False,49/49,100.0%,True,-,-,-,-,-,-,75.3
2026-10-01 07:09:08,train,14955,ELBOW,49,49,49,100.0%,49,-,-,,-,False,49/49,100.0%,True,-,-,-,-,-,-,75.23
2026-10-01 07:10:52,train,9845,FINGER,49,49,49,100.0%,49,-,-,,-,False,49/49,100.0%,True,-,-,-,-,-,-,74.47
2026-10-01 07:12:37,train,29617,FOREARM,0,0,49,0.0%,0,-,-,,-,False,49/49,100.0%,True,-,-,-,-,-,-,74.99
2026-10-01 07:14:22,train,31443,HAND,48,49,49,98.0%,0,-,-,,-,False,49/49,100.0%,True,-,-,-,-,-,-,74.42
2026-10-01 07:16:06,train,8558,HUMERUS,48,49,49,98.0%,0,-,-,,-,False,49/49,100.0%,True,-,-,-,-,-,-,74.18
2026-10-01 07:17:50,train,578,SHOULDER,49,49,49,100.0%,49,-,-,,-,False,49/49,100.0%,True,-,-,-,-,-,-,74.1
2026-10-01 07:19:34,train,19867,WRIST,49,49,49,100.0%,49,-,-,,-,False,49/49,100.0%,True,-,-,-,-,-,-,74.07
2026-10-01 07:21:18,train,14956,ELBOW,47,49,49,95.9%,0,-,-,,-,False,49/49,100.0%,True,-,-,-,-,-,-,74.13
2026-10-01 07:23:02,train,9846,FINGER,47,49,49,95.9%,0,-,-,,-,False,49/49,100.0%,True,-,-,-,-,-,-,73.72
2026-10-01 07:24:46,train,29618,FOREARM,49,49,49,100.0%,49,-,-,,-,False,49/49,100.0%,True,-,-,-,-,-,-,74.31
2026-10-01 07:26:31,train,31444,HAND,49,49,49,100.0%,49,-,-,,-,False,49/49,100.0%,True,-,-,-,-,-,-,74.75
2026-10-01 07:28:14,train,8559,HUMERUS,46,49,49,93.9%,0,-,-,,-,False,49/49,100.0%,True,-,-,-,-,-,-,73.56
2026-10-01 07:29:58,train,579,SHOULDER,47,49,49,95.9%,0,-,-,,-,False,49/49,100.0%,True,-,-,-,-,-,-,74.02
2026-10-01 07:31:42,train,19868,WRIST,49,49,49,100.0%,49,-,-,,-,False,49/49,100.0%,True,-,-,-,-,-,-,73.99
2026-10-01 07:33:27,train,14957,ELBOW,42,49,49,85.7%,0,-,-,,-,False,49/49,100.0%,True,-,-,-,-,-,-,74.53
2026-10-01 07:35:12,train,9847,FINGER,49,49,49,100.0%,49,-,-,,-,False,49/49,100.0%,True,-,-,-,-,-,-,75.19
2026-10-01 07:36:28,train,14943,ELBOW,49,49,49,100.0%,49,-,-,,-,False,49/49,100.0%,True,-,-,-,-,-,-,73.77
2026-10-01 07:38:12,train,9848,FINGER,12,48,49,24.5%,0,-,-,,-,False,49/49,100.0%,True,-,-,-,-,-,-,73.78
2026-10-01 07:39:55,train,29617,FOREARM,49,49,49,100.0%,49,-,-,,-,False,49/49,100.0%,True,-,-,-,-,-,-,73.74
2026-10-01 07:41:41,train,31445,HAND,22,22,49,44.9%,0,-,-,,-,False,49/49,100.0%,True,-,-,-,-,-,-,75.13
2026-10-01 07:43:26,train,8560,HUMERUS,49,49,49,100.0%,49,-,-,,-,False,49/49,100.0%,True,-,-,-,-,-,-,75.32
2026-10-01 07:45:11,train,580,SHOULDER,44,49,49,89.8%,0,-,-,,-,False,49/49,100.0%,True,-,-,-,-,-,-,74.64
2026-10-01 07:46:54,train,19866,WRIST,46,49,49,93.9%,0,-,-,,-,False,49/49,100.0%,True,-,-,-,-,-,-,73.23
2026-10-01 07:48:38,train,14958,ELBOW,47,49,49,95.9%,0,-,-,,-,False,49/49,100.0%,True,-,-,-,-,-,-,74.31
2026-10-01 07:50:22,train,9849,FINGER,43,43,49,87.8%,0,-,-,,-,False,49/49,100.0%,True,-,-,-,-,-,-,74.09
2026-10-01 07:52:06,train,29619,FOREARM,49,49,49,100.0%,49,-,-,,-,False,49/49,100.0%,True,-,-,-,-,-,-,74.0
2026-10-01 07:53:50,train,31446,HAND,49,49,49,100.0%,49,-,-,,-,False,49/49,100.0%,True,-,-,-,-,-,-,74.16
2026-10-01 07:55:33,train,8561,HUMERUS,49,49,49,100.0%,49,-,-,,-,False,49/49,100.0%,True,-,-,-,-,-,-,72.85
2026-10-01 07:57:16,train,581,SHOULDER,49,49,49,100.0%,49,-,-,,-,False,49/49,100.0%,True,-,-,-,-,-,-,73.06
2026-10-01 07:59:00,train,19869,WRIST,49,49,49,100.0%,49,-,-,,-,False,49/49,100.0%,True,-,-,-,-,-,-,74.21
2026-10-01 08:00:44,train,14959,ELBOW,49,49,49,100.0%,49,-,-,,-,False,49/49,100.0%,True,-,-,-,-,-,-,73.43
2026-10-01 08:02:29,train,9850,FINGER,48,49,49,98.0%,0,-,-,,-,False,49/49,100.0%,True,-,-,-,-,-,-,74.7
2026-10-01 08:04:12,train,29620,FOREARM,49,49,49,100.0%,49,-,-,,-,False,49/49,100.0%,True,-,-,-,-,-,-,73.74
2026-10-01 08:05:55,train,31447,HAND,49,49,49,100.0%,49,-,-,,-,False,49/49,100.0%,True,-,-,-,-,-,-,72.94
2026-10-01 08:07:40,train,8562,HUMERUS,29,48,49,59.2%,0,-,-,,-,False,49/49,100.0%,True,-,-,-,-,-,-,74.61
2026-10-01 08:09:23,train,582,SHOULDER,2,23,49,4.1%,0,-,-,,-,False,49/49,100.0%,True,-,-,-,-,-,-,73.17
2026-10-01 08:11:07,train,19870,WRIST,49,49,49,100.0%,49,-,-,,-,False,49/49,100.0%,True,-,-,-,-,-,-,73.83
2026-10-01 08:12:51,train,14960,ELBOW,32,48,49,65.3%,0,-,-,,-,False,49/49,100.0%,True,-,-,-,-,-,-,74.17
2026-10-01 08:14:35,train,9851,FINGER,49,49,49,100.0%,49,-,-,,-,False,49/49,100.0%,True,-,-,-,-,-,-,73.44
2026-10-01 08:16:18,train,29621,FOREARM,49,49,49,100.0%,49,-,-,,-,False,49/49,100.0%,True,-,-,-,-,-,-,73.85
2026-10-01 08:18:02,train,31448,HAND,46,46,49,93.9%,0,-,-,,-,False,49/49,100.0%,True,-,-,-,-,-,-,73.39
2026-10-01 08:19:46,train,8563,HUMERUS,21,21,49,42.9%,0,-,-,,-,False,49/49,100.0%,True,-,-,-,-,-,-,74.18
2026-10-01 08:21:29,train,583,SHOULDER,47,48,49,95.9%,0,-,-,,-,False,49/49,100.0%,True,-,-,-,-,-,-,73.26
2026-10-01 08:23:13,train,19871,WRIST,49,49,49,100.0%,49,-,-,,-,False,49/49,100.0%,True,-,-,-,-,-,-,73.7
2026-10-01 08:24:57,train,14961,ELBOW,3,15,49,6.1%,0,-,-,,-,False,49/49,100.0%,True,-,-,-,-,-,-,74.0
2026-10-01 08:26:40,train,9852,FINGER,46,49,49,93.9%,0,-,-,,-,False,49/49,100.0%,True,-,-,-,-,-,-,73.14
2026-10-01 08:28:24,train,29622,FOREARM,49,49,49,100.0%,49,-,-,,-,False,49/49,100.0%,True,-,-,-,-,-,-,73.99
2026-10-01 08:30:08,train,31449,HAND,49,49,49,100.0%,49,-,-,,-,False,49/49,100.0%,True,-,-,-,-,-,-,74.39
2026-10-01 08:31:52,train,8564,HUMERUS,48,49,49,98.0%,0,-,-,,-,False,49/49,100.0%,True,-,-,-,-,-,-,73.67
2026-10-01 08:33:36,train,584,SHOULDER,47,49,49,95.9%,0,-,-,,-,False,49/49,100.0%,True,-,-,-,-,-,-,74.07
2026-10-01 08:35:20,train,19872,WRIST,48,49,49,98.0%,0,-,-,,-,False,49/49,100.0%,True,-,-,-,-,-,-,74.13
2026-10-01 08:37:04,train,14962,ELBOW,48,48,49,98.0%,0,-,-,,-,False,49/49,100.0%,True,-,-,-,-,-,-,73.56
2026-10-01 08:38:47,train,9853,FINGER,48,49,49,98.0%,0,-,-,,-,False,49/49,100.0%,True,-,-,-,-,-,-,73.35
2026-10-01 08:40:31,train,29623,FOREARM,47,49,49,95.9%,0,-,-,,-,False,49/49,100.0%,True,-,-,-,-,-,-,73.98
2026-10-01 08:42:14,train,31450,HAND,48,49,49,98.0%,0,-,-,,-,False,49/49,100.0%,True,-,-,-,-,-,-,73.29
2026-10-01 08:43:59,train,8565,HUMERUS,48,49,49,98.0%,0,-,-,,-,False,49/49,100.0%,True,-,-,-,-,-,-,74.59
2026-10-01 08:45:43,train,585,SHOULDER,49,49,49,100.0%,49,-,-,,-,False,49/49,100.0%,True,-,-,-,-,-,-,73.78
2026-10-01 08:47:27,train,19873,WRIST,48,49,49,98.0%,0,-,-,,-,False,49/49,100.0%,True,-,-,-,-,-,-,73.99
2026-10-01 08:49:11,train,14963,ELBOW,49,49,49,100.0%,49,-,-,,-,False,49/49,100.0%,True,-,-,-,-,-,-,73.81
2026-10-01 08:50:54,train,9854,FINGER,48,49,49,98.0%,0,-,-,,-,False,49/49,100.0%,True,-,-,-,-,-,-,73.65
2026-10-01 08:52:39,train,29624,FOREARM,48,49,49,98.0%,0,-,-,,-,False,49/49,100.0%,True,-,-,-,-,-,-,74.95
2026-10-01 08:54:22,train,31451,HAND,48,48,49,98.0%,0,-,-,,-,False,49/49,100.0%,True,-,-,-,-,-,-,73.13
2026-10-01 08:56:07,train,8566,HUMERUS,49,49,49,100.0%,49,-,-,,-,False,49/49,100.0%,True,-,-,-,-,-,-,74.21
2026-10-01 08:57:51,train,586,SHOULDER,48,48,49,98.0%,0,-,-,,-,False,49/49,100.0%,True,-,-,-,-,-,-,74.31
2026-10-01 08:59:34,train,19874,WRIST,49,49,49,100.0%,49,-,-,,-,False,49/49,100.0%,True,-,-,-,-,-,-,73.23
2026-10-01 09:01:19,train,14964,ELBOW,49,49,49,100.0%,49,-,-,,-,False,49/49,100.0%,True,-,-,-,-,-,-,74.87
2026-10-01 09:03:04,train,9855,FINGER,49,49,49,100.0%,49,-,-,,-,False,49/49,100.0%,True,-,-,-,-,-,-,74.58
2026-10-01 09:04:48,train,29625,FOREARM,49,49,49,100.0%,49,-,-,,-,False,49/49,100.0%,True,-,-,-,-,-,-,74.57
2026-10-01 09:06:32,train,31452,HAND,49,49,49,100.0%,49,-,-,,-,False,49/49,100.0%,True,-,-,-,-,-,-,73.65
2026-10-01 09:08:16,train,8567,HUMERUS,35,48,49,71.4%,0,-,-,,-,False,49/49,100.0%,True,-,-,-,-,-,-,74.19
2026-10-01 09:10:00,train,587,SHOULDER,49,49,49,100.0%,49,-,-,,-,False,49/49,100.0%,True,-,-,-,-,-,-,73.85
2026-10-01 09:11:44,train,19875,WRIST,49,49,49,100.0%,49,-,-,,-,False,49/49,100.0%,True,-,-,-,-,-,-,74.39
2026-10-01 09:13:28,train,14965,ELBOW,49,49,49,100.0%,49,-,-,,-,False,49/49,100.0%,True,-,-,-,-,-,-,73.38
2026-10-01 09:15:11,train,9856,FINGER,48,48,49,98.0%,0,-,-,,-,False,49/49,100.0%,True,-,-,-,-,-,-,73.29
2026-10-01 09:16:54,train,29626,FOREARM,47,49,49,95.9%,0,-,-,,-,False,49/49,100.0%,True,-,-,-,-,-,-,73.39
2026-10-01 09:18:38,train,31453,HAND,48,49,49,98.0%,0,-,-,,-,False,49/49,100.0%,True,-,-,-,-,-,-,73.41
2026-10-01 09:20:22,train,8568,HUMERUS,48,48,49,98.0%,0,-,-,,-,False,49/49,100.0%,True,-,-,-,-,-,-,73.88
2026-10-01 09:22:05,train,588,SHOULDER,49,49,49,100.0%,49,-,-,,-,False,49/49,100.0%,True,-,-,-,-,-,-,73.79
2026-10-01 09:23:49,train,19876,WRIST,49,49,49,100.0%,49,-,-,,-,False,49/49,100.0%,True,-,-,-,-,-,-,73.69
2026-10-01 09:25:34,train,14966,ELBOW,18,18,49,36.7%,0,-,-,,-,False,49/49,100.0%,True,-,-,-,-,-,-,74.81
2026-10-01 09:27:18,train,9857,FINGER,49,49,49,100.0%,49,-,-,,-,False,49/49,100.0%,True,-,-,-,-,-,-,73.67
2026-10-01 09:29:03,train,29627,FOREARM,49,49,49,100.0%,49,-,-,,-,False,49/49,100.0%,True,-,-,-,-,-,-,75.06
2026-10-01 09:30:46,train,31454,HAND,49,49,49,100.0%,49,-,-,,-,False,49/49,100.0%,True,-,-,-,-,-,-,73.36
2026-10-01 09:32:30,train,8569,HUMERUS,49,49,49,100.0%,49,-,-,,-,False,49/49,100.0%,True,-,-,-,-,-,-,73.95
2026-10-01 09:34:14,train,589,SHOULDER,48,49,49,98.0%,0,-,-,,-,False,49/49,100.0%,True,-,-,-,-,-,-,74.07
2026-10-01 09:35:57,train,19877,WRIST,47,49,49,95.9%,0,-,-,,-,False,49/49,100.0%,True,-,-,-,-,-,-,73.34
2026-10-01 09:37:41,train,14967,ELBOW,48,49,49,98.0%,0,-,-,,-,False,49/49,100.0%,True,-,-,-,-,-,-,73.38
2026-10-01 09:39:25,train,9858,FINGER,48,49,49,98.0%,0,-,-,,-,False,49/49,100.0%,True,-,-,-,-,-,-,74.41
2026-10-01 09:41:08,train,29628,FOREARM,46,49,49,93.9%,0,-,-,,-,False,49/49,100.0%,True,-,-,-,-,-,-,73.15
2026-10-01 09:42:53,train,31455,HAND,47,49,49,95.9%,0,-,-,,-,False,49/49,100.0%,True,-,-,-,-,-,-,74.88
2026-10-01 09:44:38,train,8570,HUMERUS,46,48,49,93.9%,0,-,-,,-,False,49/49,100.0%,True,-,-,-,-,-,-,74.58
2026-10-01 09:46:21,train,590,SHOULDER,49,49,49,100.0%,49,-,-,,-,False,49/49,100.0%,True,-,-,-,-,-,-,73.18
2026-10-01 09:48:05,train,19878,WRIST,49,49,49,100.0%,49,-,-,,-,False,49/49,100.0%,True,-,-,-,-,-,-,74.44
2026-10-01 09:49:50,train,14968,ELBOW,49,49,49,100.0%,49,-,-,,-,False,49/49,100.0%,True,-,-,-,-,-,-,74.84
2026-10-01 09:51:34,train,9859,FINGER,49,49,49,100.0%,49,-,-,,-,False,49/49,100.0%,True,-,-,-,-,-,-,73.46
2026-10-01 09:53:17,train,29629,FOREARM,49,49,49,100.0%,49,-,-,,-,False,49/49,100.0%,True,-,-,-,-,-,-,73.71
2026-10-01 09:55:00,train,31456,HAND,45,49,49,91.8%,0,-,-,,-,False,49/49,100.0%,True,-,-,-,-,-,-,72.96
2026-10-01 09:56:44,train,8571,HUMERUS,37,47,49,75.5%,0,-,-,,-,False,49/49,100.0%,True,-,-,-,-,-,-,73.76
2026-10-01 09:58:28,train,591,SHOULDER,49,49,49,100.0%,49,-,-,,-,False,49/49,100.0%,True,-,-,-,-,-,-,74.19
2026-10-01 10:00:13,train,19879,WRIST,48,49,49,98.0%,0,-,-,,-,False,49/49,100.0%,True,-,-,-,-,-,-,74.33
2026-10-01 10:01:57,train,14969,ELBOW,49,49,49,100.0%,49,-,-,,-,False,49/49,100.0%,True,-,-,-,-,-,-,74.77
2026-10-01 10:03:41,train,9860,FINGER,48,49,49,98.0%,0,-,-,,-,False,49/49,100.0%,True,-,-,-,-,-,-,73.48
2026-10-01 10:05:26,train,29630,FOREARM,2,16,49,4.1%,0,-,-,,-,False,49/49,100.0%,True,-,-,-,-,-,-,74.9
2026-10-01 10:07:11,train,31457,HAND,45,49,49,91.8%,0,-,-,,-,False,49/49,100.0%,True,-,-,-,-,-,-,74.72
2026-10-01 10:08:54,train,8572,HUMERUS,49,49,49,100.0%,49,-,-,,-,False,49/49,100.0%,True,-,-,-,-,-,-,73.65
2026-10-01 10:10:38,train,592,SHOULDER,48,49,49,98.0%,0,-,-,,-,False,49/49,100.0%,True,-,-,-,-,-,-,73.86
2026-10-01 10:12:21,train,19880,WRIST,47,49,49,95.9%,0,-,-,,-,False,49/49,100.0%,True,-,-,-,-,-,-,73.03
2026-10-01 10:14:05,train,14970,ELBOW,49,49,49,100.0%,49,-,-,,-,False,49/49,100.0%,True,-,-,-,-,-,-,74.06
2026-10-01 10:15:49,train,9861,FINGER,44,48,49,89.8%,0,-,-,,-,False,49/49,100.0%,True,-,-,-,-,-,-,73.82
2026-10-01 10:17:33,train,29631,FOREARM,49,49,49,100.0%,49,-,-,,-,False,49/49,100.0%,True,-,-,-,-,-,-,73.62
2026-10-01 10:19:17,train,31458,HAND,49,49,49,100.0%,49,-,-,,-,False,49/49,100.0%,True,-,-,-,-,-,-,74.3
2026-10-01 10:21:00,train,8573,HUMERUS,44,49,49,89.8%,0,-,-,,-,False,49/49,100.0%,True,-,-,-,-,-,-,73.29
2026-10-01 10:22:44,train,593,SHOULDER,47,48,49,95.9%,0,-,-,,-,False,49/49,100.0%,True,-,-,-,-,-,-,73.9
2026-10-01 10:24:28,train,19881,WRIST,49,49,49,100.0%,49,-,-,,-,False,49/49,100.0%,True,-,-,-,-,-,-,74.02
2026-10-01 10:26:12,train,14971,ELBOW,49,49,49,100.0%,49,-,-,,-,False,49/49,100.0%,True,-,-,-,-,-,-,73.94
2026-10-01 10:27:57,train,9862,FINGER,49,49,49,100.0%,49,-,-,,-,False,49/49,100.0%,True,-,-,-,-,-,-,74.94
2026-10-01 10:29:14,train,14972,ELBOW,48,49,49,98.0%,0,-,-,,-,False,49/49,100.0%,True,-,-,-,-,-,-,74.24
2026-10-01 10:30:58,train,9863,FINGER,48,48,49,98.0%,0,-,-,,-,False,49/49,100.0%,True,-,-,-,-,-,-,74.13
2026-10-01 10:32:42,train,29632,FOREARM,49,49,49,100.0%,49,-,-,,-,False,49/49,100.0%,True,-,-,-,-,-,-,74.64
2026-10-01 10:34:27,train,31459,HAND,48,49,49,98.0%,0,-,-,,-,False,49/49,100.0%,True,-,-,-,-,-,-,74.48
2026-10-01 10:36:11,train,8574,HUMERUS,48,49,49,98.0%,0,-,-,,-,False,49/49,100.0%,True,-,-,-,-,-,-,73.94
2026-10-01 10:37:54,train,594,SHOULDER,49,49,49,100.0%,49,-,-,,-,False,49/49,100.0%,True,-,-,-,-,-,-,72.95
2026-10-01 10:39:37,train,19882,WRIST,25,32,49,51.0%,0,-,-,,-,False,49/49,100.0%,True,-,-,-,-,-,-,73.73
2026-10-01 10:41:21,train,14973,ELBOW,49,49,49,100.0%,49,-,-,,-,False,49/49,100.0%,True,-,-,-,-,-,-,73.82
2026-10-01 10:43:06,train,9864,FINGER,48,49,49,98.0%,0,-,-,,-,False,49/49,100.0%,True,-,-,-,-,-,-,74.41
2026-10-01 10:44:49,train,29633,FOREARM,49,49,49,100.0%,49,-,-,,-,False,49/49,100.0%,True,-,-,-,-,-,-,73.4
2026-10-01 10:46:34,train,31460,HAND,46,49,49,93.9%,0,-,-,,-,False,49/49,100.0%,True,-,-,-,-,-,-,74.45
2026-10-01 10:48:18,train,8575,HUMERUS,48,48,49,98.0%,0,-,-,,-,False,49/49,100.0%,True,-,-,-,-,-,-,74.39
2026-10-01 10:50:04,train,595,SHOULDER,48,49,49,98.0%,0,-,-,,-,False,49/49,100.0%,True,-,-,-,-,-,-,75.6
2026-10-01 10:51:48,train,19883,WRIST,49,49,49,100.0%,49,-,-,,-,False,49/49,100.0%,True,-,-,-,-,-,-,74.37
2026-10-01 10:53:32,train,14974,ELBOW,49,49,49,100.0%,49,-,-,,-,False,49/49,100.0%,True,-,-,-,-,-,-,73.63
2026-10-01 10:55:17,train,9865,FINGER,49,49,49,100.0%,49,-,-,,-,False,49/49,100.0%,True,-,-,-,-,-,-,75.23
2026-10-01 10:57:01,train,29634,FOREARM,49,49,49,100.0%,49,-,-,,-,False,49/49,100.0%,True,-,-,-,-,-,-,74.37
2026-10-01 10:58:46,train,31461,HAND,47,49,49,95.9%,0,-,-,,-,False,49/49,100.0%,True,-,-,-,-,-,-,74.85
2026-10-01 11:00:31,train,8576,HUMERUS,36,49,49,73.5%,0,-,-,,-,False,49/49,100.0%,True,-,-,-,-,-,-,74.68
2026-10-01 11:02:15,train,596,SHOULDER,44,49,49,89.8%,0,-,-,,-,False,49/49,100.0%,True,-,-,-,-,-,-,74.09
2026-10-01 11:03:59,train,19884,WRIST,47,49,49,95.9%,0,-,-,,-,False,49/49,100.0%,True,-,-,-,-,-,-,74.47
2026-10-01 11:05:43,train,14975,ELBOW,49,49,49,100.0%,49,-,-,,-,False,49/49,100.0%,True,-,-,-,-,-,-,73.67
2026-10-01 11:07:28,train,9866,FINGER,48,49,49,98.0%,0,-,-,,-,False,49/49,100.0%,True,-,-,-,-,-,-,74.63
2026-10-01 11:09:12,train,29635,FOREARM,49,49,49,100.0%,49,-,-,,-,False,49/49,100.0%,True,-,-,-,-,-,-,74.19
2026-10-01 11:10:55,train,31462,HAND,21,21,49,42.9%,0,-,-,,-,False,49/49,100.0%,True,-,-,-,-,-,-,73.76
2026-10-01 11:12:40,train,8577,HUMERUS,48,49,49,98.0%,0,-,-,,-,False,49/49,100.0%,True,-,-,-,-,-,-,74.61
2026-10-01 11:14:24,train,597,SHOULDER,39,39,49,79.6%,0,-,-,,-,False,49/49,100.0%,True,-,-,-,-,-,-,74.06
2026-10-01 11:16:10,train,19885,WRIST,28,28,49,57.1%,0,-,-,,-,False,49/49,100.0%,True,-,-,-,-,-,-,76.18
2026-10-01 11:17:55,train,14976,ELBOW,49,49,49,100.0%,49,-,-,,-,False,49/49,100.0%,True,-,-,-,-,-,-,74.2
2026-10-01 11:19:38,train,9867,FINGER,47,49,49,95.9%,0,-,-,,-,False,49/49,100.0%,True,-,-,-,-,-,-,73.93
2026-10-01 11:21:24,train,29636,FOREARM,45,49,49,91.8%,0,-,-,,-,False,49/49,100.0%,True,-,-,-,-,-,-,75.53
2026-10-01 11:23:08,train,31463,HAND,48,48,49,98.0%,0,-,-,,-,False,49/49,100.0%,True,-,-,-,-,-,-,73.55
2026-10-01 11:24:51,train,8578,HUMERUS,48,49,49,98.0%,0,-,-,,-,False,49/49,100.0%,True,-,-,-,-,-,-,73.73
2026-10-01 11:26:35,train,598,SHOULDER,39,49,49,79.6%,0,-,-,,-,False,49/49,100.0%,True,-,-,-,-,-,-,73.78
2026-10-01 11:28:18,train,19886,WRIST,48,49,49,98.0%,0,-,-,,-,False,49/49,100.0%,True,-,-,-,-,-,-,73.42
2026-10-01 11:30:02,train,14977,ELBOW,48,49,49,98.0%,0,-,-,,-,False,49/49,100.0%,True,-,-,-,-,-,-,73.88
2026-10-01 11:31:47,train,9868,FINGER,48,49,49,98.0%,0,-,-,,-,False,49/49,100.0%,True,-,-,-,-,-,-,74.6
2026-10-01 11:33:31,train,29637,FOREARM,49,49,49,100.0%,49,-,-,,-,False,49/49,100.0%,True,-,-,-,-,-,-,74.02
2026-10-01 11:35:16,train,31464,HAND,48,49,49,98.0%,0,-,-,,-,False,49/49,100.0%,True,-,-,-,-,-,-,75.55
2026-10-01 11:37:00,train,8579,HUMERUS,43,49,49,87.8%,0,-,-,,-,False,49/49,100.0%,True,-,-,-,-,-,-,73.67
2026-10-01 11:38:45,train,599,SHOULDER,49,49,49,100.0%,49,-,-,,-,False,49/49,100.0%,True,-,-,-,-,-,-,74.46
2026-10-01 11:40:29,train,19887,WRIST,46,49,49,93.9%,0,-,-,,-,False,49/49,100.0%,True,-,-,-,-,-,-,74.47
2026-10-01 11:42:13,train,14978,ELBOW,49,49,49,100.0%,49,-,-,,-,False,49/49,100.0%,True,-,-,-,-,-,-,73.52
2026-10-01 11:43:58,train,9869,FINGER,49,49,49,100.0%,49,-,-,,-,False,49/49,100.0%,True,-,-,-,-,-,-,75.43
2026-10-01 11:45:42,train,29638,FOREARM,44,49,49,89.8%,0,-,-,,-,False,49/49,100.0%,True,-,-,-,-,-,-,73.62
2026-10-01 11:47:26,train,31465,HAND,49,49,49,100.0%,49,-,-,,-,False,49/49,100.0%,True,-,-,-,-,-,-,73.99
2026-10-01 11:49:10,train,8580,HUMERUS,45,48,49,91.8%,0,-,-,,-,False,49/49,100.0%,True,-,-,-,-,-,-,74.18
2026-10-01 11:50:54,train,600,SHOULDER,49,49,49,100.0%,49,-,-,,-,False,49/49,100.0%,True,-,-,-,-,-,-,74.46
2026-10-01 11:52:38,train,19888,WRIST,49,49,49,100.0%,49,-,-,,-,False,49/49,100.0%,True,-,-,-,-,-,-,73.9
2026-10-01 11:54:23,train,14979,ELBOW,49,49,49,100.0%,49,-,-,,-,False,49/49,100.0%,True,-,-,-,-,-,-,74.49
2026-10-01 11:56:09,train,9870,FINGER,46,49,49,93.9%,0,-,-,,-,False,49/49,100.0%,True,-,-,-,-,-,-,76.1
2026-10-01 11:57:54,train,29639,FOREARM,49,49,49,100.0%,49,-,-,,-,False,49/49,100.0%,True,-,-,-,-,-,-,74.87
2026-10-01 11:59:38,train,31466,HAND,49,49,49,100.0%,49,-,-,,-,False,49/49,100.0%,True,-,-,-,-,-,-,74.4
2026-10-01 12:01:23,train,8581,HUMERUS,47,49,49,95.9%,0,-,-,,-,False,49/49,100.0%,True,-,-,-,-,-,-,74.63
2026-10-01 12:03:06,train,601,SHOULDER,49,49,49,100.0%,49,-,-,,-,False,49/49,100.0%,True,-,-,-,-,-,-,73.56
2026-10-01 12:04:52,train,19889,WRIST,0,46,49,0.0%,0,-,-,,-,False,49/49,100.0%,True,-,-,-,-,-,-,75.33
2026-10-01 12:06:36,train,14980,ELBOW,48,49,49,98.0%,0,-,-,,-,False,49/49,100.0%,True,-,-,-,-,-,-,74.91
2026-10-01 12:08:20,train,9871,FINGER,39,49,49,79.6%,0,-,-,,-,False,49/49,100.0%,True,-,-,-,-,-,-,73.98
2026-10-01 12:10:05,train,29640,FOREARM,49,49,49,100.0%,49,-,-,,-,False,49/49,100.0%,True,-,-,-,-,-,-,74.9
2026-10-01 12:11:51,train,31467,HAND,45,49,49,91.8%,0,-,-,,-,False,49/49,100.0%,True,-,-,-,-,-,-,75.31
2026-10-01 12:13:34,train,8582,HUMERUS,49,49,49,100.0%,49,-,-,,-,False,49/49,100.0%,True,-,-,-,-,-,-,73.21
2026-10-01 12:15:19,train,602,SHOULDER,41,48,49,83.7%,0,-,-,,-,False,49/49,100.0%,True,-,-,-,-,-,-,75.21
2026-10-01 12:17:03,train,19890,WRIST,48,49,49,98.0%,0,-,-,,-,False,49/49,100.0%,True,-,-,-,-,-,-,73.58
2026-10-01 12:18:48,train,14981,ELBOW,49,49,49,100.0%,49,-,-,,-,False,49/49,100.0%,True,-,-,-,-,-,-,74.98
2026-10-01 12:20:33,train,9872,FINGER,43,48,49,87.8%,0,-,-,,-,False,49/49,100.0%,True,-,-,-,-,-,-,74.99
2026-10-01 12:22:16,train,29641,FOREARM,45,49,49,91.8%,0,-,-,,-,False,49/49,100.0%,True,-,-,-,-,-,-,73.71
2026-10-01 12:24:01,train,31468,HAND,49,49,49,100.0%,49,-,-,,-,False,49/49,100.0%,True,-,-,-,-,-,-,74.67
2026-10-01 12:25:47,train,8583,HUMERUS,0,8,49,0.0%,0,-,-,,-,False,49/49,100.0%,True,-,-,-,-,-,-,75.66
2026-10-01 12:27:31,train,603,SHOULDER,45,49,49,91.8%,0,-,-,,-,False,49/49,100.0%,True,-,-,-,-,-,-,74.14
2026-10-01 12:29:15,train,19891,WRIST,49,49,49,100.0%,49,-,-,,-,False,49/49,100.0%,True,-,-,-,-,-,-,74.65
2026-10-01 12:30:59,train,14982,ELBOW,47,48,49,95.9%,0,-,-,,-,False,49/49,100.0%,True,-,-,-,-,-,-,73.22
2026-10-01 12:32:43,train,9873,FINGER,49,49,49,100.0%,49,-,-,,-,False,49/49,100.0%,True,-,-,-,-,-,-,74.61
2026-10-01 12:34:27,train,29642,FOREARM,48,49,49,98.0%,0,-,-,,-,False,49/49,100.0%,True,-,-,-,-,-,-,74.15
2026-10-01 12:36:13,train,31469,HAND,48,49,49,98.0%,0,-,-,,-,False,49/49,100.0%,True,-,-,-,-,-,-,75.69
2026-10-01 12:37:58,train,8584,HUMERUS,46,49,49,93.9%,0,-,-,,-,False,49/49,100.0%,True,-,-,-,-,-,-,75.01
2026-10-01 12:39:42,train,604,SHOULDER,48,49,49,98.0%,0,-,-,,-,False,49/49,100.0%,True,-,-,-,-,-,-,73.61
2026-10-01 12:41:26,train,19892,WRIST,47,49,49,95.9%,0,-,-,,-,False,49/49,100.0%,True,-,-,-,-,-,-,74.71
2026-10-01 12:43:11,train,14983,ELBOW,49,49,49,100.0%,49,-,-,,-,False,49/49,100.0%,True,-,-,-,-,-,-,74.4
2026-10-01 12:44:55,train,9874,FINGER,46,49,49,93.9%,0,-,-,,-,False,49/49,100.0%,True,-,-,-,-,-,-,74.51
2026-10-01 12:46:40,train,29643,FOREARM,48,49,49,98.0%,0,-,-,,-,False,49/49,100.0%,True,-,-,-,-,-,-,74.16
2026-10-01 12:48:23,train,31470,HAND,45,48,49,91.8%,0,-,-,,-,False,49/49,100.0%,True,-,-,-,-,-,-,73.5
2026-10-01 12:50:06,train,8585,HUMERUS,48,48,49,98.0%,0,-,-,,-,False,49/49,100.0%,True,-,-,-,-,-,-,73.28
2026-10-01 12:51:51,train,605,SHOULDER,47,48,49,95.9%,0,-,-,,-,False,49/49,100.0%,True,-,-,-,-,-,-,74.14
2026-10-01 12:53:34,train,19893,WRIST,48,49,49,98.0%,0,-,-,,-,False,49/49,100.0%,True,-,-,-,-,-,-,73.97
2026-10-01 12:55:19,train,14984,ELBOW,49,49,49,100.0%,49,-,-,,-,False,49/49,100.0%,True,-,-,-,-,-,-,74.48
2026-10-01 12:57:02,train,9875,FINGER,46,49,49,93.9%,0,-,-,,-,False,49/49,100.0%,True,-,-,-,-,-,-,73.38
2026-10-01 12:58:46,train,29644,FOREARM,45,48,49,91.8%,0,-,-,,-,False,49/49,100.0%,True,-,-,-,-,-,-,74.09
2026-10-01 13:00:32,train,31471,HAND,49,49,49,100.0%,49,-,-,,-,False,49/49,100.0%,True,-,-,-,-,-,-,75.58
2026-10-01 13:02:16,train,8586,HUMERUS,47,49,49,95.9%,0,-,-,,-,False,49/49,100.0%,True,-,-,-,-,-,-,74.47
2026-10-01 13:04:02,train,606,SHOULDER,47,49,49,95.9%,0,-,-,,-,False,49/49,100.0%,True,-,-,-,-,-,-,75.19
2026-10-01 13:05:46,train,19894,WRIST,48,48,49,98.0%,0,-,-,,-,False,49/49,100.0%,True,-,-,-,-,-,-,74.34
2026-10-01 13:07:29,train,14985,ELBOW,46,49,49,93.9%,0,-,-,,-,False,49/49,100.0%,True,-,-,-,-,-,-,72.83
2026-10-01 13:09:13,train,9876,FINGER,49,49,49,100.0%,49,-,-,,-,False,49/49,100.0%,True,-,-,-,-,-,-,74.07
2026-10-01 13:10:58,train,29645,FOREARM,46,49,49,93.9%,0,-,-,,-,False,49/49,100.0%,True,-,-,-,-,-,-,74.69
2026-10-01 13:12:42,train,31472,HAND,49,49,49,100.0%,49,-,-,,-,False,49/49,100.0%,True,-,-,-,-,-,-,74.55
2026-10-01 13:14:27,train,8587,HUMERUS,46,49,49,93.9%,0,-,-,,-,False,49/49,100.0%,True,-,-,-,-,-,-,75.02
2026-10-01 13:16:12,train,607,SHOULDER,49,49,49,100.0%,49,-,-,,-,False,49/49,100.0%,True,-,-,-,-,-,-,74.79
2026-10-01 13:17:55,train,19895,WRIST,49,49,49,100.0%,49,-,-,,-,False,49/49,100.0%,True,-,-,-,-,-,-,72.55
2026-10-01 13:19:39,train,14986,ELBOW,40,48,49,81.6%,0,-,-,,-,False,49/49,100.0%,True,-,-,-,-,-,-,74.03
2026-10-01 13:21:23,train,9877,FINGER,47,47,49,95.9%,0,-,-,,-,False,49/49,100.0%,True,-,-,-,-,-,-,74.53
2026-10-01 13:22:41,train,14987,ELBOW,47,49,49,95.9%,0,-,-,,-,False,49/49,100.0%,True,-,-,-,-,-,-,75.15
2026-10-01 13:24:24,train,9878,FINGER,47,49,49,95.9%,0,-,-,,-,False,49/49,100.0%,True,-,-,-,-,-,-,73.75
2026-10-01 13:26:08,train,29646,FOREARM,46,49,49,93.9%,0,-,-,,-,False,49/49,100.0%,True,-,-,-,-,-,-,73.94
2026-10-01 13:27:53,train,31473,HAND,49,49,49,100.0%,49,-,-,,-,False,49/49,100.0%,True,-,-,-,-,-,-,74.95
2026-10-01 13:29:39,train,8583,HUMERUS,49,49,49,100.0%,49,-,-,,-,False,49/49,100.0%,True,-,-,-,-,-,-,75.56
2026-10-01 13:31:22,train,608,SHOULDER,48,49,49,98.0%,0,-,-,,-,False,49/49,100.0%,True,-,-,-,-,-,-,73.44
2026-10-01 13:33:07,train,19889,WRIST,48,49,49,98.0%,0,-,-,,-,False,49/49,100.0%,True,-,-,-,-,-,-,74.4
2026-10-01 13:34:50,train,14988,ELBOW,48,49,49,98.0%,0,-,-,,-,False,49/49,100.0%,True,-,-,-,-,-,-,73.56
2026-10-01 13:36:34,train,9879,FINGER,49,49,49,100.0%,49,-,-,,-,False,49/49,100.0%,True,-,-,-,-,-,-,73.86
2026-10-01 13:38:17,train,29647,FOREARM,49,49,49,100.0%,49,-,-,,-,False,49/49,100.0%,True,-,-,-,-,-,-,73.15
2026-10-01 13:40:01,train,31474,HAND,48,49,49,98.0%,0,-,-,,-,False,49/49,100.0%,True,-,-,-,-,-,-,74.18
2026-10-01 13:41:46,train,8588,HUMERUS,49,49,49,100.0%,49,-,-,,-,False,49/49,100.0%,True,-,-,-,-,-,-,74.64
2026-10-01 13:43:30,train,609,SHOULDER,46,49,49,93.9%,0,-,-,,-,False,49/49,100.0%,True,-,-,-,-,-,-,74.22
2026-10-01 13:45:14,train,19896,WRIST,46,48,49,93.9%,0,-,-,,-,False,49/49,100.0%,True,-,-,-,-,-,-,73.64
2026-10-01 13:46:58,train,14989,ELBOW,37,48,49,75.5%,0,-,-,,-,False,49/49,100.0%,True,-,-,-,-,-,-,74.26
2026-10-01 13:48:42,train,9880,FINGER,49,49,49,100.0%,49,-,-,,-,False,49/49,100.0%,True,-,-,-,-,-,-,74.21
2026-10-01 13:50:26,train,29648,FOREARM,46,48,49,93.9%,0,-,-,,-,False,49/49,100.0%,True,-,-,-,-,-,-,73.79
2026-10-01 13:52:11,train,31475,HAND,49,49,49,100.0%,49,-,-,,-,False,49/49,100.0%,True,-,-,-,-,-,-,74.64
2026-10-01 13:53:54,train,8589,HUMERUS,48,49,49,98.0%,0,-,-,,-,False,49/49,100.0%,True,-,-,-,-,-,-,73.26
2026-10-01 13:55:39,train,610,SHOULDER,49,49,49,100.0%,49,-,-,,-,False,49/49,100.0%,True,-,-,-,-,-,-,75.37
2026-10-01 13:57:23,train,19897,WRIST,49,49,49,100.0%,49,-,-,,-,False,49/49,100.0%,True,-,-,-,-,-,-,73.78
2026-10-01 13:59:09,train,14990,ELBOW,49,49,49,100.0%,49,-,-,,-,False,49/49,100.0%,True,-,-,-,-,-,-,75.41
2026-10-01 14:00:53,train,9881,FINGER,44,49,49,89.8%,0,-,-,,-,False,49/49,100.0%,True,-,-,-,-,-,-,74.63
2026-10-01 14:02:38,train,29649,FOREARM,48,48,49,98.0%,0,-,-,,-,False,49/49,100.0%,True,-,-,-,-,-,-,74.88
2026-10-01 14:04:23,train,31476,HAND,49,49,49,100.0%,49,-,-,,-,False,49/49,100.0%,True,-,-,-,-,-,-,74.41
2026-10-01 14:06:06,train,8590,HUMERUS,49,49,49,100.0%,49,-,-,,-,False,49/49,100.0%,True,-,-,-,-,-,-,73.5
2026-10-01 14:07:51,train,611,SHOULDER,48,49,49,98.0%,0,-,-,,-,False,49/49,100.0%,True,-,-,-,-,-,-,75.14
2026-10-01 14:09:35,train,19898,WRIST,49,49,49,100.0%,49,-,-,,-,False,49/49,100.0%,True,-,-,-,-,-,-,74.24
2026-10-01 14:11:19,train,14991,ELBOW,47,49,49,95.9%,0,-,-,,-,False,49/49,100.0%,True,-,-,-,-,-,-,73.65
2026-10-01 14:13:04,train,9882,FINGER,49,49,49,100.0%,49,-,-,,-,False,49/49,100.0%,True,-,-,-,-,-,-,74.48
2026-10-01 14:14:48,train,29650,FOREARM,49,49,49,100.0%,49,-,-,,-,False,49/49,100.0%,True,-,-,-,-,-,-,74.06
2026-10-01 14:16:32,train,31477,HAND,48,49,49,98.0%,0,-,-,,-,False,49/49,100.0%,True,-,-,-,-,-,-,74.49
2026-10-01 14:18:17,train,8591,HUMERUS,48,49,49,98.0%,0,-,-,,-,False,49/49,100.0%,True,-,-,-,-,-,-,74.9
2026-10-01 14:20:01,train,612,SHOULDER,48,49,49,98.0%,0,-,-,,-,False,49/49,100.0%,True,-,-,-,-,-,-,73.93
2026-10-01 14:21:46,train,19899,WRIST,48,49,49,98.0%,0,-,-,,-,False,49/49,100.0%,True,-,-,-,-,-,-,75.26
2026-10-01 14:23:30,train,14992,ELBOW,49,49,49,100.0%,49,-,-,,-,False,49/49,100.0%,True,-,-,-,-,-,-,74.22
2026-10-01 14:25:16,train,9883,FINGER,49,49,49,100.0%,49,-,-,,-,False,49/49,100.0%,True,-,-,-,-,-,-,75.7
2026-10-01 14:27:01,train,29651,FOREARM,49,49,49,100.0%,49,-,-,,-,False,49/49,100.0%,True,-,-,-,-,-,-,75.02
2026-10-01 14:28:45,train,31478,HAND,48,49,49,98.0%,0,-,-,,-,False,49/49,100.0%,True,-,-,-,-,-,-,73.39
2026-10-01 14:30:28,train,8592,HUMERUS,49,49,49,100.0%,49,-,-,,-,False,49/49,100.0%,True,-,-,-,-,-,-,73.29
2026-10-01 14:32:11,train,613,SHOULDER,49,49,49,100.0%,49,-,-,,-,False,49/49,100.0%,True,-,-,-,-,-,-,73.62
2026-10-01 14:33:56,train,19900,WRIST,49,49,49,100.0%,49,-,-,,-,False,49/49,100.0%,True,-,-,-,-,-,-,74.17
2026-10-01 14:35:41,train,14993,ELBOW,47,49,49,95.9%,0,-,-,,-,False,49/49,100.0%,True,-,-,-,-,-,-,75.48
2026-10-01 14:37:26,train,9884,FINGER,49,49,49,100.0%,49,-,-,,-,False,49/49,100.0%,True,-,-,-,-,-,-,75.09
2026-10-01 14:39:11,train,29652,FOREARM,47,49,49,95.9%,0,-,-,,-,False,49/49,100.0%,True,-,-,-,-,-,-,75.26
2026-10-01 14:40:56,train,31479,HAND,47,48,49,95.9%,0,-,-,,-,False,49/49,100.0%,True,-,-,-,-,-,-,74.53
2026-10-01 14:42:39,train,8593,HUMERUS,49,49,49,100.0%,49,-,-,,-,False,49/49,100.0%,True,-,-,-,-,-,-,73.23
2026-10-01 14:44:23,train,614,SHOULDER,42,48,49,85.7%,0,-,-,,-,False,49/49,100.0%,True,-,-,-,-,-,-,74.05
2026-10-01 14:46:08,train,19901,WRIST,46,49,49,93.9%,0,-,-,,-,False,49/49,100.0%,True,-,-,-,-,-,-,74.56
2026-10-01 14:47:52,train,14994,ELBOW,48,49,49,98.0%,0,-,-,,-,False,49/49,100.0%,True,-,-,-,-,-,-,74.1
2026-10-01 14:49:36,train,9885,FINGER,48,49,49,98.0%,0,-,-,,-,False,49/49,100.0%,True,-,-,-,-,-,-,73.6
2026-10-01 14:51:20,train,29653,FOREARM,49,49,49,100.0%,49,-,-,,-,False,49/49,100.0%,True,-,-,-,-,-,-,74.15
2026-10-01 14:53:04,train,31480,HAND,49,49,49,100.0%,49,-,-,,-,False,49/49,100.0%,True,-,-,-,-,-,-,74.0
2026-10-01 14:54:49,train,8594,HUMERUS,49,49,49,100.0%,49,-,-,,-,False,49/49,100.0%,True,-,-,-,-,-,-,75.51
2026-10-01 14:56:34,train,615,SHOULDER,48,49,49,98.0%,0,-,-,,-,False,49/49,100.0%,True,-,-,-,-,-,-,75.28
2026-10-01 14:58:18,train,19902,WRIST,49,49,49,100.0%,49,-,-,,-,False,49/49,100.0%,True,-,-,-,-,-,-,73.71
2026-10-01 15:00:02,train,14995,ELBOW,49,49,49,100.0%,49,-,-,,-,False,49/49,100.0%,True,-,-,-,-,-,-,74.06
2026-10-01 15:01:47,train,9886,FINGER,49,49,49,100.0%,49,-,-,,-,False,49/49,100.0%,True,-,-,-,-,-,-,74.98
2026-10-01 15:03:32,train,29654,FOREARM,47,49,49,95.9%,0,-,-,,-,False,49/49,100.0%,True,-,-,-,-,-,-,74.76
2026-10-01 15:05:17,train,31481,HAND,47,49,49,95.9%,0,-,-,,-,False,49/49,100.0%,True,-,-,-,-,-,-,74.54
2026-10-01 15:07:01,train,8595,HUMERUS,47,49,49,95.9%,0,-,-,,-,False,49/49,100.0%,True,-,-,-,-,-,-,74.62
2026-10-01 15:08:46,train,616,SHOULDER,47,48,49,95.9%,0,-,-,,-,False,49/49,100.0%,True,-,-,-,-,-,-,74.77
2026-10-01 15:10:31,train,19903,WRIST,42,48,49,85.7%,0,-,-,,-,False,49/49,100.0%,True,-,-,-,-,-,-,75.34
2026-10-01 15:12:16,train,14996,ELBOW,48,49,49,98.0%,0,-,-,,-,False,49/49,100.0%,True,-,-,-,-,-,-,74.79
2026-10-01 15:14:01,train,9887,FINGER,41,48,49,83.7%,0,-,-,,-,False,49/49,100.0%,True,-,-,-,-,-,-,75.11
2026-10-01 15:15:46,train,29655,FOREARM,49,49,49,100.0%,49,-,-,,-,False,49/49,100.0%,True,-,-,-,-,-,-,74.9
2026-10-01 15:17:31,train,31482,HAND,49,49,49,100.0%,49,-,-,,-,False,49/49,100.0%,True,-,-,-,-,-,-,75.02
2026-10-01 15:19:16,train,8596,HUMERUS,49,49,49,100.0%,49,-,-,,-,False,49/49,100.0%,True,-,-,-,-,-,-,74.55
2026-10-01 15:21:00,train,617,SHOULDER,49,49,49,100.0%,49,-,-,,-,False,49/49,100.0%,True,-,-,-,-,-,-,74.32
2026-10-01 15:22:44,train,19904,WRIST,49,49,49,100.0%,49,-,-,,-,False,49/49,100.0%,True,-,-,-,-,-,-,74.28
2026-10-01 15:24:28,train,14997,ELBOW,47,49,49,95.9%,0,-,-,,-,False,49/49,100.0%,True,-,-,-,-,-,-,74.27
2026-10-01 15:26:13,train,9888,FINGER,49,49,49,100.0%,49,-,-,,-,False,49/49,100.0%,True,-,-,-,-,-,-,74.57
2026-10-01 15:27:58,train,29656,FOREARM,45,49,49,91.8%,0,-,-,,-,False,49/49,100.0%,True,-,-,-,-,-,-,74.97
2026-10-01 15:29:43,train,31483,HAND,48,49,49,98.0%,0,-,-,,-,False,49/49,100.0%,True,-,-,-,-,-,-,74.73
2026-10-01 15:31:27,train,8597,HUMERUS,48,49,49,98.0%,0,-,-,,-,False,49/49,100.0%,True,-,-,-,-,-,-,73.85
2026-10-01 15:33:10,train,618,SHOULDER,48,49,49,98.0%,0,-,-,,-,False,49/49,100.0%,True,-,-,-,-,-,-,73.56
2026-10-01 15:34:55,train,19905,WRIST,49,49,49,100.0%,49,-,-,,-,False,49/49,100.0%,True,-,-,-,-,-,-,74.44
2026-10-01 15:36:39,train,14998,ELBOW,49,49,49,100.0%,49,-,-,,-,False,49/49,100.0%,True,-,-,-,-,-,-,74.48
2026-10-01 15:38:24,train,9889,FINGER,47,49,49,95.9%,0,-,-,,-,False,49/49,100.0%,True,-,-,-,-,-,-,74.49
2026-10-01 15:40:07,train,29657,FOREARM,49,49,49,100.0%,49,-,-,,-,False,49/49,100.0%,True,-,-,-,-,-,-,73.51
2026-10-01 15:41:51,train,31484,HAND,49,49,49,100.0%,49,-,-,,-,False,49/49,100.0%,True,-,-,-,-,-,-,73.58
2026-10-01 15:43:35,train,8598,HUMERUS,49,49,49,100.0%,49,-,-,,-,False,49/49,100.0%,True,-,-,-,-,-,-,74.27
2026-10-01 15:45:18,train,619,SHOULDER,46,48,49,93.9%,0,-,-,,-,False,49/49,100.0%,True,-,-,-,-,-,-,73.54
2026-10-01 15:47:03,train,19906,WRIST,48,49,49,98.0%,0,-,-,,-,False,49/49,100.0%,True,-,-,-,-,-,-,74.82
2026-10-01 15:48:48,train,14999,ELBOW,49,49,49,100.0%,49,-,-,,-,False,49/49,100.0%,True,-,-,-,-,-,-,74.37
2026-10-01 15:50:33,train,9890,FINGER,49,49,49,100.0%,49,-,-,,-,False,49/49,100.0%,True,-,-,-,-,-,-,74.87
2026-10-01 15:52:16,train,29658,FOREARM,40,48,49,81.6%,0,-,-,,-,False,49/49,100.0%,True,-,-,-,-,-,-,73.42
2026-10-01 15:54:01,train,31485,HAND,49,49,49,100.0%,49,-,-,,-,False,49/49,100.0%,True,-,-,-,-,-,-,74.56
2026-10-01 15:55:44,train,8599,HUMERUS,49,49,49,100.0%,49,-,-,,-,False,49/49,100.0%,True,-,-,-,-,-,-,73.93
2026-10-01 15:57:29,train,620,SHOULDER,49,49,49,100.0%,49,-,-,,-,False,49/49,100.0%,True,-,-,-,-,-,-,74.13
2026-10-01 15:59:12,train,19907,WRIST,40,48,49,81.6%,0,-,-,,-,False,49/49,100.0%,True,-,-,-,-,-,-,73.55
2026-10-01 16:00:56,train,15000,ELBOW,48,49,49,98.0%,0,-,-,,-,False,49/49,100.0%,True,-,-,-,-,-,-,74.09
2026-10-01 16:02:40,train,9891,FINGER,40,49,49,81.6%,0,-,-,,-,False,49/49,100.0%,True,-,-,-,-,-,-,73.43
2026-10-01 16:04:23,train,29659,FOREARM,49,49,49,100.0%,49,-,-,,-,False,49/49,100.0%,True,-,-,-,-,-,-,73.62
2026-10-01 16:06:07,train,31486,HAND,49,49,49,100.0%,49,-,-,,-,False,49/49,100.0%,True,-,-,-,-,-,-,73.83
2026-10-01 16:07:53,train,8600,HUMERUS,49,49,49,100.0%,49,-,-,,-,False,49/49,100.0%,True,-,-,-,-,-,-,75.37
2026-10-01 16:09:38,train,621,SHOULDER,48,48,49,98.0%,48,-,-,,-,False,49/49,100.0%,True,-,-,-,-,-,-,75.41
2026-10-01 16:11:23,train,19908,WRIST,49,49,49,100.0%,49,-,-,,-,False,49/49,100.0%,True,-,-,-,-,-,-,75.28
2026-10-01 16:13:08,train,15001,ELBOW,48,49,49,98.0%,0,-,-,,-,False,49/49,100.0%,True,-,-,-,-,-,-,75.12
2026-10-01 16:14:52,train,9892,FINGER,48,49,49,98.0%,0,-,-,,-,False,49/49,100.0%,True,-,-,-,-,-,-,73.86
2026-10-01 16:16:09,train,15002,ELBOW,49,49,49,100.0%,49,-,-,,-,False,49/49,100.0%,True,-,-,-,-,-,-,74.44
2026-10-01 16:17:55,train,9893,FINGER,48,49,49,98.0%,0,-,-,,-,False,49/49,100.0%,True,-,-,-,-,-,-,75.91
2026-10-01 16:19:40,train,29660,FOREARM,46,49,49,93.9%,0,-,-,,-,False,49/49,100.0%,True,-,-,-,-,-,-,75.1
2026-10-01 16:21:25,train,31487,HAND,49,49,49,100.0%,49,-,-,,-,False,49/49,100.0%,True,-,-,-,-,-,-,74.67
2026-10-01 16:23:08,train,8601,HUMERUS,49,49,49,100.0%,49,-,-,,-,False,49/49,100.0%,True,-,-,-,-,-,-,73.54
2026-10-01 16:24:52,train,622,SHOULDER,49,49,49,100.0%,49,-,-,,-,False,49/49,100.0%,True,-,-,-,-,-,-,74.22
2026-10-01 16:26:37,train,19909,WRIST,48,49,49,98.0%,0,-,-,,-,False,49/49,100.0%,True,-,-,-,-,-,-,74.14
2026-10-01 16:28:21,train,15003,ELBOW,48,49,49,98.0%,0,-,-,,-,False,49/49,100.0%,True,-,-,-,-,-,-,74.41
2026-10-01 16:30:06,train,9894,FINGER,47,49,49,95.9%,0,-,-,,-,False,49/49,100.0%,True,-,-,-,-,-,-,74.89
2026-10-01 16:31:50,train,29661,FOREARM,41,48,49,83.7%,0,-,-,,-,False,49/49,100.0%,True,-,-,-,-,-,-,74.64
2026-10-01 16:33:35,train,31488,HAND,48,49,49,98.0%,0,-,-,,-,False,49/49,100.0%,True,-,-,-,-,-,-,74.95
2026-10-01 16:35:19,train,8602,HUMERUS,49,49,49,100.0%,49,-,-,,-,False,49/49,100.0%,True,-,-,-,-,-,-,74.06
2026-10-01 16:37:03,train,623,SHOULDER,49,49,49,100.0%,49,-,-,,-,False,49/49,100.0%,True,-,-,-,-,-,-,73.21
2026-10-01 16:38:47,train,19910,WRIST,49,49,49,100.0%,49,-,-,,-,False,49/49,100.0%,True,-,-,-,-,-,-,74.83
2026-10-01 16:40:32,train,15004,ELBOW,49,49,49,100.0%,49,-,-,,-,False,49/49,100.0%,True,-,-,-,-,-,-,74.91
2026-10-01 16:42:17,train,9895,FINGER,21,23,49,42.9%,0,-,-,,-,False,49/49,100.0%,True,-,-,-,-,-,-,74.49
2026-10-01 16:44:01,train,29662,FOREARM,48,49,49,98.0%,0,-,-,,-,False,49/49,100.0%,True,-,-,-,-,-,-,74.45
2026-10-01 16:45:46,train,31489,HAND,49,49,49,100.0%,49,-,-,,-,False,49/49,100.0%,True,-,-,-,-,-,-,74.58
2026-10-01 16:47:31,train,8603,HUMERUS,44,49,49,89.8%,0,-,-,,-,False,49/49,100.0%,True,-,-,-,-,-,-,75.12
2026-10-01 16:49:17,train,624,SHOULDER,43,49,49,87.8%,0,-,-,,-,False,49/49,100.0%,True,-,-,-,-,-,-,75.47
2026-10-01 16:51:01,train,19911,WRIST,48,49,49,98.0%,0,-,-,,-,False,49/49,100.0%,True,-,-,-,-,-,-,73.97
2026-10-01 16:52:45,train,15005,ELBOW,47,49,49,95.9%,0,-,-,,-,False,49/49,100.0%,True,-,-,-,-,-,-,74.4
2026-10-01 16:54:29,train,9896,FINGER,49,49,49,100.0%,49,-,-,,-,False,49/49,100.0%,True,-,-,-,-,-,-,73.78
2026-10-01 16:56:13,train,29663,FOREARM,46,49,49,93.9%,0,-,-,,-,False,49/49,100.0%,True,-,-,-,-,-,-,73.84
2026-10-01 16:57:57,train,31490,HAND,49,49,49,100.0%,49,-,-,,-,False,49/49,100.0%,True,-,-,-,-,-,-,74.93
2026-10-01 16:59:41,train,8604,HUMERUS,41,48,49,83.7%,0,-,-,,-,False,49/49,100.0%,True,-,-,-,-,-,-,73.63
2026-10-01 17:01:27,train,625,SHOULDER,47,49,49,95.9%,0,-,-,,-,False,49/49,100.0%,True,-,-,-,-,-,-,75.62
2026-10-01 17:03:11,train,19912,WRIST,44,49,49,89.8%,0,-,-,,-,False,49/49,100.0%,True,-,-,-,-,-,-,73.97
2026-10-01 17:04:55,train,15006,ELBOW,46,49,49,93.9%,0,-,-,,-,False,49/49,100.0%,True,-,-,-,-,-,-,74.46
2026-10-01 17:06:40,train,9897,FINGER,49,49,49,100.0%,49,-,-,,-,False,49/49,100.0%,True,-,-,-,-,-,-,74.56
2026-10-01 17:08:23,train,29664,FOREARM,48,49,49,98.0%,0,-,-,,-,False,49/49,100.0%,True,-,-,-,-,-,-,73.47
2026-10-01 17:10:08,train,31491,HAND,49,49,49,100.0%,49,-,-,,-,False,49/49,100.0%,True,-,-,-,-,-,-,74.58
2026-10-01 17:11:52,train,8605,HUMERUS,47,49,49,95.9%,0,-,-,,-,False,49/49,100.0%,True,-,-,-,-,-,-,74.2
2026-10-01 17:13:37,train,626,SHOULDER,49,49,49,100.0%,49,-,-,,-,False,49/49,100.0%,True,-,-,-,-,-,-,74.76
2026-10-01 17:15:22,train,19913,WRIST,49,49,49,100.0%,49,-,-,,-,False,49/49,100.0%,True,-,-,-,-,-,-,74.81
2026-10-01 17:17:06,train,15007,ELBOW,44,49,49,89.8%,0,-,-,,-,False,49/49,100.0%,True,-,-,-,-,-,-,74.38
2026-10-01 17:18:49,train,9898,FINGER,49,49,49,100.0%,49,-,-,,-,False,49/49,100.0%,True,-,-,-,-,-,-,73.5
2026-10-01 17:20:34,train,29665,FOREARM,49,49,49,100.0%,49,-,-,,-,False,49/49,100.0%,True,-,-,-,-,-,-,74.3
2026-10-01 17:22:18,train,31492,HAND,49,49,49,100.0%,49,-,-,,-,False,49/49,100.0%,True,-,-,-,-,-,-,73.9
2026-10-01 17:24:01,train,8606,HUMERUS,48,49,49,98.0%,0,-,-,,-,False,49/49,100.0%,True,-,-,-,-,-,-,73.0
2026-10-01 17:25:45,train,627,SHOULDER,49,49,49,100.0%,49,-,-,,-,False,49/49,100.0%,True,-,-,-,-,-,-,74.67
2026-10-01 17:27:29,train,19914,WRIST,48,49,49,98.0%,0,-,-,,-,False,49/49,100.0%,True,-,-,-,-,-,-,73.83
2026-10-01 17:29:14,train,15008,ELBOW,49,49,49,100.0%,49,-,-,,-,False,49/49,100.0%,True,-,-,-,-,-,-,75.27
2026-10-01 17:30:59,train,9899,FINGER,49,49,49,100.0%,49,-,-,,-,False,49/49,100.0%,True,-,-,-,-,-,-,74.3
2026-10-01 17:32:42,train,29666,FOREARM,36,48,49,73.5%,0,-,-,,-,False,49/49,100.0%,True,-,-,-,-,-,-,73.74
2026-10-01 17:34:26,train,31493,HAND,48,49,49,98.0%,0,-,-,,-,False,49/49,100.0%,True,-,-,-,-,-,-,73.89
2026-10-01 17:36:10,train,8607,HUMERUS,48,49,49,98.0%,0,-,-,,-,False,49/49,100.0%,True,-,-,-,-,-,-,74.09
2026-10-01 17:37:55,train,628,SHOULDER,33,34,49,67.3%,0,-,-,,-,False,49/49,100.0%,True,-,-,-,-,-,-,74.72
2026-10-01 17:39:38,train,19915,WRIST,47,49,49,95.9%,0,-,-,,-,False,49/49,100.0%,True,-,-,-,-,-,-,72.85
2026-10-01 17:41:22,train,15009,ELBOW,49,49,49,100.0%,49,-,-,,-,False,49/49,100.0%,True,-,-,-,-,-,-,74.1
2026-10-01 17:43:06,train,9900,FINGER,49,49,49,100.0%,49,-,-,,-,False,49/49,100.0%,True,-,-,-,-,-,-,74.18
2026-10-01 17:44:50,train,29667,FOREARM,47,49,49,95.9%,0,-,-,,-,False,49/49,100.0%,True,-,-,-,-,-,-,74.06
2026-10-01 17:46:34,train,31494,HAND,47,49,49,95.9%,0,-,-,,-,False,49/49,100.0%,True,-,-,-,-,-,-,73.39
2026-10-01 17:48:18,train,8608,HUMERUS,34,34,49,69.4%,0,-,-,,-,False,49/49,100.0%,True,-,-,-,-,-,-,74.7
2026-10-01 17:50:02,train,629,SHOULDER,23,25,49,46.9%,0,-,-,,-,False,49/49,100.0%,True,-,-,-,-,-,-,73.65
2026-10-01 17:51:46,train,19916,WRIST,49,49,49,100.0%,49,-,-,,-,False,49/49,100.0%,True,-,-,-,-,-,-,73.97
2026-10-01 17:53:31,train,15010,ELBOW,49,49,49,100.0%,49,-,-,,-,False,49/49,100.0%,True,-,-,-,-,-,-,74.52
2026-10-01 17:55:14,train,9901,FINGER,46,49,49,93.9%,0,-,-,,-,False,49/49,100.0%,True,-,-,-,-,-,-,73.29
2026-10-01 17:56:58,train,29668,FOREARM,46,49,49,93.9%,0,-,-,,-,False,49/49,100.0%,True,-,-,-,-,-,-,73.65
2026-10-01 17:58:42,train,31495,HAND,47,49,49,95.9%,0,-,-,,-,False,49/49,100.0%,True,-,-,-,-,-,-,73.99
2026-10-01 18:00:26,train,8609,HUMERUS,45,49,49,91.8%,0,-,-,,-,False,49/49,100.0%,True,-,-,-,-,-,-,74.66
2026-10-01 18:02:12,train,630,SHOULDER,41,49,49,83.7%,0,-,-,,-,False,49/49,100.0%,True,-,-,-,-,-,-,75.94
2026-10-01 18:03:56,train,19917,WRIST,49,49,49,100.0%,49,-,-,,-,False,49/49,100.0%,True,-,-,-,-,-,-,74.38
2026-10-01 18:05:41,train,15011,ELBOW,48,48,49,98.0%,1,-,-,,-,False,49/49,100.0%,True,-,-,-,-,-,-,74.5
2026-10-01 18:07:25,train,9902,FINGER,46,48,49,93.9%,0,-,-,,-,False,49/49,100.0%,True,-,-,-,-,-,-,73.69
2026-10-01 18:09:09,train,29669,FOREARM,46,49,49,93.9%,0,-,-,,-,False,49/49,100.0%,True,-,-,-,-,-,-,74.01
2026-10-01 18:10:53,train,31496,HAND,49,49,49,100.0%,49,-,-,,-,False,49/49,100.0%,True,-,-,-,-,-,-,74.45
2026-10-01 18:12:38,train,8610,HUMERUS,44,49,49,89.8%,0,-,-,,-,False,49/49,100.0%,True,-,-,-,-,-,-,74.92
2026-10-01 18:14:23,train,631,SHOULDER,46,49,49,93.9%,0,-,-,,-,False,49/49,100.0%,True,-,-,-,-,-,-,74.81
2026-10-01 18:16:07,train,19918,WRIST,48,49,49,98.0%,0,-,-,,-,False,49/49,100.0%,True,-,-,-,-,-,-,74.45
2026-10-01 18:17:52,train,15012,ELBOW,48,49,49,98.0%,0,-,-,,-,False,49/49,100.0%,True,-,-,-,-,-,-,74.25
2026-10-01 18:19:35,train,9903,FINGER,47,49,49,95.9%,0,-,-,,-,False,49/49,100.0%,True,-,-,-,-,-,-,73.45
2026-10-01 18:21:18,train,29670,FOREARM,49,49,49,100.0%,49,-,-,,-,False,49/49,100.0%,True,-,-,-,-,-,-,72.83
2026-10-01 18:23:03,train,31497,HAND,0,0,49,0.0%,0,-,-,,-,False,49/49,100.0%,True,-,-,-,-,-,-,75.51
2026-10-01 18:24:48,train,8611,HUMERUS,47,49,49,95.9%,0,-,-,,-,False,49/49,100.0%,True,-,-,-,-,-,-,74.19
2026-10-01 18:26:31,train,632,SHOULDER,49,49,49,100.0%,49,-,-,,-,False,49/49,100.0%,True,-,-,-,-,-,-,73.33
2026-10-01 18:28:16,train,19919,WRIST,46,48,49,93.9%,0,-,-,,-,False,49/49,100.0%,True,-,-,-,-,-,-,74.88
2026-10-01 18:30:00,train,15013,ELBOW,48,49,49,98.0%,0,-,-,,-,False,49/49,100.0%,True,-,-,-,-,-,-,73.93
2026-10-01 18:31:45,train,9904,FINGER,45,49,49,91.8%,0,-,-,,-,False,49/49,100.0%,True,-,-,-,-,-,-,74.8
2026-10-01 18:33:29,train,29671,FOREARM,48,49,49,98.0%,0,-,-,,-,False,49/49,100.0%,True,-,-,-,-,-,-,74.04
2026-10-01 18:35:12,train,31498,HAND,49,49,49,100.0%,49,-,-,,-,False,49/49,100.0%,True,-,-,-,-,-,-,73.31
2026-10-01 18:36:56,train,8612,HUMERUS,49,49,49,100.0%,49,-,-,,-,False,49/49,100.0%,True,-,-,-,-,-,-,74.47
2026-10-01 18:38:40,train,633,SHOULDER,49,49,49,100.0%,49,-,-,,-,False,49/49,100.0%,True,-,-,-,-,-,-,73.86
2026-10-01 18:40:24,train,19920,WRIST,47,49,49,95.9%,0,-,-,,-,False,49/49,100.0%,True,-,-,-,-,-,-,74.04
2026-10-01 18:42:09,train,15014,ELBOW,49,49,49,100.0%,49,-,-,,-,False,49/49,100.0%,True,-,-,-,-,-,-,74.38
2026-10-01 18:43:53,train,9905,FINGER,48,49,49,98.0%,0,-,-,,-,False,49/49,100.0%,True,-,-,-,-,-,-,74.63
2026-10-01 18:45:38,train,29672,FOREARM,47,49,49,95.9%,0,-,-,,-,False,49/49,100.0%,True,-,-,-,-,-,-,74.46
2026-10-01 18:47:22,train,31499,HAND,49,49,49,100.0%,49,-,-,,-,False,49/49,100.0%,True,-,-,-,-,-,-,74.18
2026-10-01 18:49:07,train,8613,HUMERUS,49,49,49,100.0%,49,-,-,,-,False,49/49,100.0%,True,-,-,-,-,-,-,74.61
2026-10-01 18:50:52,train,634,SHOULDER,45,49,49,91.8%,0,-,-,,-,False,49/49,100.0%,True,-,-,-,-,-,-,75.33
2026-10-01 18:52:36,train,19921,WRIST,48,49,49,98.0%,0,-,-,,-,False,49/49,100.0%,True,-,-,-,-,-,-,74.45
2026-10-01 18:54:20,train,15015,ELBOW,49,49,49,100.0%,49,-,-,,-,False,49/49,100.0%,True,-,-,-,-,-,-,73.81
2026-10-01 18:56:04,train,9906,FINGER,47,49,49,95.9%,0,-,-,,-,False,49/49,100.0%,True,-,-,-,-,-,-,74.26
2026-10-01 18:57:49,train,29673,FOREARM,47,48,49,95.9%,1,-,-,,-,False,49/49,100.0%,True,-,-,-,-,-,-,74.52
2026-10-01 18:59:36,train,31500,HAND,49,49,49,100.0%,49,-,-,,-,False,49/49,100.0%,True,-,-,-,-,-,-,76.64
2026-10-01 19:01:22,train,8614,HUMERUS,47,49,49,95.9%,0,-,-,,-,False,49/49,100.0%,True,-,-,-,-,-,-,76.38
2026-10-01 19:03:06,train,635,SHOULDER,48,49,49,98.0%,0,-,-,,-,False,49/49,100.0%,True,-,-,-,-,-,-,74.26
2026-10-01 19:04:51,train,19922,WRIST,48,49,49,98.0%,0,-,-,,-,False,49/49,100.0%,True,-,-,-,-,-,-,74.54
2026-10-01 19:06:35,train,15016,ELBOW,47,49,49,95.9%,0,-,-,,-,False,49/49,100.0%,True,-,-,-,-,-,-,74.62
2026-10-01 19:08:19,train,9907,FINGER,49,49,49,100.0%,49,-,-,,-,False,49/49,100.0%,True,-,-,-,-,-,-,73.71
2026-10-01 19:09:34,train,15017,ELBOW,48,49,49,98.0%,0,-,-,,-,False,49/49,100.0%,True,-,-,-,-,-,-,73.17
2026-10-01 19:11:18,train,9908,FINGER,49,49,49,100.0%,49,-,-,,-,False,49/49,100.0%,True,-,-,-,-,-,-,73.78
2026-10-01 19:13:03,train,29674,FOREARM,49,49,49,100.0%,49,-,-,,-,False,49/49,100.0%,True,-,-,-,-,-,-,74.95
2026-10-01 19:14:47,train,31497,HAND,49,49,49,100.0%,49,-,-,,-,False,49/49,100.0%,True,-,-,-,-,-,-,73.46
2026-10-01 19:16:31,train,8615,HUMERUS,49,49,49,100.0%,49,-,-,,-,False,49/49,100.0%,True,-,-,-,-,-,-,74.55
2026-10-01 19:18:15,train,636,SHOULDER,49,49,49,100.0%,49,-,-,,-,False,49/49,100.0%,True,-,-,-,-,-,-,73.85
2026-10-01 19:19:59,train,19923,WRIST,49,49,49,100.0%,49,-,-,,-,False,49/49,100.0%,True,-,-,-,-,-,-,73.69
2026-10-01 19:21:43,train,15018,ELBOW,47,49,49,95.9%,0,-,-,,-,False,49/49,100.0%,True,-,-,-,-,-,-,74.46
2026-10-01 19:23:26,train,9909,FINGER,47,49,49,95.9%,0,-,-,,-,False,49/49,100.0%,True,-,-,-,-,-,-,73.29
2026-10-01 19:25:11,train,29675,FOREARM,0,0,49,0.0%,0,-,-,,-,False,49/49,100.0%,True,-,-,-,-,-,-,74.93
2026-10-01 19:26:55,train,31501,HAND,49,49,49,100.0%,49,-,-,,-,False,49/49,100.0%,True,-,-,-,-,-,-,73.63
2026-10-01 19:28:38,train,8616,HUMERUS,48,49,49,98.0%,0,-,-,,-,False,49/49,100.0%,True,-,-,-,-,-,-,73.14
2026-10-01 19:30:23,train,637,SHOULDER,49,49,49,100.0%,49,-,-,,-,False,49/49,100.0%,True,-,-,-,-,-,-,74.63
2026-10-01 19:32:06,train,19924,WRIST,47,49,49,95.9%,0,-,-,,-,False,49/49,100.0%,True,-,-,-,-,-,-,73.55
2026-10-01 19:33:51,train,15019,ELBOW,49,49,49,100.0%,49,-,-,,-,False,49/49,100.0%,True,-,-,-,-,-,-,74.42
2026-10-01 19:35:36,train,9910,FINGER,49,49,49,100.0%,49,-,-,,-,False,49/49,100.0%,True,-,-,-,-,-,-,75.67
2026-10-01 19:37:20,train,29676,FOREARM,48,48,49,98.0%,48,-,-,,-,False,49/49,100.0%,True,-,-,-,-,-,-,73.13
2026-10-01 19:39:04,train,31502,HAND,49,49,49,100.0%,49,-,-,,-,False,49/49,100.0%,True,-,-,-,-,-,-,74.97
2026-10-01 19:40:48,train,8617,HUMERUS,49,49,49,100.0%,49,-,-,,-,False,49/49,100.0%,True,-,-,-,-,-,-,73.82
2026-10-01 19:42:32,train,638,SHOULDER,46,49,49,93.9%,0,-,-,,-,False,49/49,100.0%,True,-,-,-,-,-,-,74.13
2026-10-01 19:44:17,train,19925,WRIST,49,49,49,100.0%,49,-,-,,-,False,49/49,100.0%,True,-,-,-,-,-,-,74.21
2026-10-01 19:46:00,train,15020,ELBOW,48,49,49,98.0%,0,-,-,,-,False,49/49,100.0%,True,-,-,-,-,-,-,73.62
2026-10-01 19:47:44,train,9911,FINGER,43,49,49,87.8%,0,-,-,,-,False,49/49,100.0%,True,-,-,-,-,-,-,74.04
2026-10-01 19:49:28,train,29677,FOREARM,48,49,49,98.0%,0,-,-,,-,False,49/49,100.0%,True,-,-,-,-,-,-,73.64
2026-10-01 19:51:12,train,31503,HAND,47,49,49,95.9%,0,-,-,,-,False,49/49,100.0%,True,-,-,-,-,-,-,73.6
2026-10-01 19:52:55,train,8618,HUMERUS,48,49,49,98.0%,0,-,-,,-,False,49/49,100.0%,True,-,-,-,-,-,-,73.39
2026-10-01 19:54:39,train,639,SHOULDER,48,48,49,98.0%,1,-,-,,-,False,49/49,100.0%,True,-,-,-,-,-,-,74.36
2026-10-01 19:56:23,train,19926,WRIST,49,49,49,100.0%,49,-,-,,-,False,49/49,100.0%,True,-,-,-,-,-,-,73.63
2026-10-01 19:58:07,train,15021,ELBOW,43,49,49,87.8%,0,-,-,,-,False,49/49,100.0%,True,-,-,-,-,-,-,73.88
2026-10-01 19:59:49,train,9912,FINGER,48,49,49,98.0%,0,-,-,,-,False,49/49,100.0%,True,-,-,-,-,-,-,72.29
2026-10-01 20:01:34,train,29678,FOREARM,0,49,49,0.0%,0,-,-,,-,False,49/49,100.0%,True,-,-,-,-,-,-,74.83
2026-10-01 20:03:18,train,31504,HAND,48,49,49,98.0%,0,-,-,,-,False,49/49,100.0%,True,-,-,-,-,-,-,74.27
2026-10-01 20:05:02,train,8619,HUMERUS,49,49,49,100.0%,49,-,-,,-,False,49/49,100.0%,True,-,-,-,-,-,-,74.14
2026-10-01 20:06:47,train,640,SHOULDER,49,49,49,100.0%,49,-,-,,-,False,49/49,100.0%,True,-,-,-,-,-,-,74.26
2026-10-01 20:08:30,train,19927,WRIST,49,49,49,100.0%,49,-,-,,-,False,49/49,100.0%,True,-,-,-,-,-,-,73.39
2026-10-01 20:10:14,train,15022,ELBOW,48,49,49,98.0%,0,-,-,,-,False,49/49,100.0%,True,-,-,-,-,-,-,74.44
2026-10-01 20:11:58,train,9913,FINGER,45,49,49,91.8%,0,-,-,,-,False,49/49,100.0%,True,-,-,-,-,-,-,73.89
2026-10-01 20:13:42,train,29679,FOREARM,48,48,49,98.0%,0,-,-,,-,False,49/49,100.0%,True,-,-,-,-,-,-,73.63
2026-10-01 20:15:28,train,31505,HAND,49,49,49,100.0%,49,-,-,,-,False,49/49,100.0%,True,-,-,-,-,-,-,76.42
2026-10-01 20:17:13,train,8620,HUMERUS,48,49,49,98.0%,0,-,-,,-,False,49/49,100.0%,True,-,-,-,-,-,-,75.09
2026-10-01 20:18:58,train,641,SHOULDER,44,49,49,89.8%,0,-,-,,-,False,49/49,100.0%,True,-,-,-,-,-,-,74.43
2026-10-01 20:20:42,train,19928,WRIST,48,49,49,98.0%,0,-,-,,-,False,49/49,100.0%,True,-,-,-,-,-,-,73.79
2026-10-01 20:22:26,train,15023,ELBOW,49,49,49,100.0%,49,-,-,,-,False,49/49,100.0%,True,-,-,-,-,-,-,74.07
2026-10-01 20:24:10,train,9914,FINGER,49,49,49,100.0%,49,-,-,,-,False,49/49,100.0%,True,-,-,-,-,-,-,74.64
2026-10-01 20:25:55,train,29680,FOREARM,48,49,49,98.0%,0,-,-,,-,False,49/49,100.0%,True,-,-,-,-,-,-,74.71
2026-10-01 20:27:39,train,31506,HAND,49,49,49,100.0%,49,-,-,,-,False,49/49,100.0%,True,-,-,-,-,-,-,74.0
2026-10-01 20:29:24,train,8621,HUMERUS,48,49,49,98.0%,0,-,-,,-,False,49/49,100.0%,True,-,-,-,-,-,-,74.63
2026-10-01 20:31:07,train,642,SHOULDER,46,49,49,93.9%,0,-,-,,-,False,49/49,100.0%,True,-,-,-,-,-,-,73.71
2026-10-01 20:32:52,train,19929,WRIST,48,49,49,98.0%,0,-,-,,-,False,49/49,100.0%,True,-,-,-,-,-,-,74.07
2026-10-01 20:34:36,train,15024,ELBOW,48,49,49,98.0%,0,-,-,,-,False,49/49,100.0%,True,-,-,-,-,-,-,74.9
2026-10-01 20:36:20,train,9915,FINGER,49,49,49,100.0%,49,-,-,,-,False,49/49,100.0%,True,-,-,-,-,-,-,74.02
2026-10-01 20:38:04,train,29681,FOREARM,49,49,49,100.0%,49,-,-,,-,False,49/49,100.0%,True,-,-,-,-,-,-,73.3
2026-10-01 20:39:47,train,31507,HAND,49,49,49,100.0%,49,-,-,,-,False,49/49,100.0%,True,-,-,-,-,-,-,73.67
2026-10-01 20:41:32,train,8622,HUMERUS,20,49,49,40.8%,0,-,-,,-,False,49/49,100.0%,True,-,-,-,-,-,-,74.1
2026-10-01 20:43:15,train,643,SHOULDER,49,49,49,100.0%,49,-,-,,-,False,49/49,100.0%,True,-,-,-,-,-,-,73.87
2026-10-01 20:44:59,train,19930,WRIST,49,49,49,100.0%,49,-,-,,-,False,49/49,100.0%,True,-,-,-,-,-,-,74.03
2026-10-01 20:46:43,train,15025,ELBOW,48,49,49,98.0%,0,-,-,,-,False,49/49,100.0%,True,-,-,-,-,-,-,73.71
2026-10-01 20:48:28,train,9916,FINGER,47,49,49,95.9%,0,-,-,,-,False,49/49,100.0%,True,-,-,-,-,-,-,75.01
2026-10-01 20:50:12,train,29682,FOREARM,0,0,49,0.0%,0,-,-,,-,False,49/49,100.0%,True,-,-,-,-,-,-,73.68
2026-10-01 20:51:55,train,31508,HAND,47,49,49,95.9%,0,-,-,,-,False,49/49,100.0%,True,-,-,-,-,-,-,73.49
2026-10-01 20:53:39,train,8623,HUMERUS,42,49,49,85.7%,0,-,-,,-,False,49/49,100.0%,True,-,-,-,-,-,-,73.79
2026-10-01 20:55:22,train,644,SHOULDER,48,49,49,98.0%,0,-,-,,-,False,49/49,100.0%,True,-,-,-,-,-,-,73.16
2026-10-01 20:57:06,train,19931,WRIST,49,49,49,100.0%,49,-,-,,-,False,49/49,100.0%,True,-,-,-,-,-,-,74.14
2026-10-01 20:58:52,train,15026,ELBOW,49,49,49,100.0%,49,-,-,,-,False,49/49,100.0%,True,-,-,-,-,-,-,75.27
2026-10-01 21:00:36,train,9917,FINGER,48,49,49,98.0%,0,-,-,,-,False,49/49,100.0%,True,-,-,-,-,-,-,74.49
2026-10-01 21:02:20,train,29683,FOREARM,49,49,49,100.0%,49,-,-,,-,False,49/49,100.0%,True,-,-,-,-,-,-,73.37
2026-10-01 21:04:04,train,31509,HAND,49,49,49,100.0%,49,-,-,,-,False,49/49,100.0%,True,-,-,-,-,-,-,74.5
2026-10-01 21:05:48,train,8624,HUMERUS,48,49,49,98.0%,0,-,-,,-,False,49/49,100.0%,True,-,-,-,-,-,-,74.08
2026-10-01 21:07:32,train,645,SHOULDER,42,49,49,85.7%,0,-,-,,-,False,49/49,100.0%,True,-,-,-,-,-,-,73.77
2026-10-01 21:09:16,train,19932,WRIST,49,49,49,100.0%,49,-,-,,-,False,49/49,100.0%,True,-,-,-,-,-,-,74.12
2026-10-01 21:11:01,train,15027,ELBOW,49,49,49,100.0%,49,-,-,,-,False,49/49,100.0%,True,-,-,-,-,-,-,75.01
2026-10-01 21:12:44,train,9918,FINGER,46,48,49,93.9%,0,-,-,,-,False,49/49,100.0%,True,-,-,-,-,-,-,73.15
2026-10-01 21:14:29,train,29684,FOREARM,43,49,49,87.8%,0,-,-,,-,False,49/49,100.0%,True,-,-,-,-,-,-,74.95
2026-10-01 21:16:14,train,31510,HAND,49,49,49,100.0%,49,-,-,,-,False,49/49,100.0%,True,-,-,-,-,-,-,75.01
2026-10-01 21:17:59,train,8625,HUMERUS,48,49,49,98.0%,0,-,-,,-,False,49/49,100.0%,True,-,-,-,-,-,-,74.36
2026-10-01 21:19:43,train,646,SHOULDER,49,49,49,100.0%,49,-,-,,-,False,49/49,100.0%,True,-,-,-,-,-,-,74.68
2026-10-01 21:21:26,train,19933,WRIST,49,49,49,100.0%,49,-,-,,-,False,49/49,100.0%,True,-,-,-,-,-,-,73.22
2026-10-01 21:23:10,train,15028,ELBOW,48,49,49,98.0%,0,-,-,,-,False,49/49,100.0%,True,-,-,-,-,-,-,73.82
2026-10-01 21:24:55,train,9919,FINGER,46,49,49,93.9%,0,-,-,,-,False,49/49,100.0%,True,-,-,-,-,-,-,74.68
2026-10-01 21:26:39,train,29685,FOREARM,49,49,49,100.0%,49,-,-,,-,False,49/49,100.0%,True,-,-,-,-,-,-,73.91
2026-10-01 21:28:24,train,31511,HAND,48,49,49,98.0%,0,-,-,,-,False,49/49,100.0%,True,-,-,-,-,-,-,74.92
2026-10-01 21:30:08,train,8626,HUMERUS,49,49,49,100.0%,49,-,-,,-,False,49/49,100.0%,True,-,-,-,-,-,-,74.14
2026-10-01 21:31:52,train,647,SHOULDER,49,49,49,100.0%,49,-,-,,-,False,49/49,100.0%,True,-,-,-,-,-,-,74.54
2026-10-01 21:33:37,train,19934,WRIST,49,49,49,100.0%,49,-,-,,-,False,49/49,100.0%,True,-,-,-,-,-,-,74.58
2026-10-01 21:35:21,train,15029,ELBOW,48,49,49,98.0%,0,-,-,,-,False,49/49,100.0%,True,-,-,-,-,-,-,73.82
2026-10-01 21:37:05,train,9920,FINGER,49,49,49,100.0%,49,-,-,,-,False,49/49,100.0%,True,-,-,-,-,-,-,74.5
2026-10-01 21:38:50,train,29686,FOREARM,49,49,49,100.0%,49,-,-,,-,False,49/49,100.0%,True,-,-,-,-,-,-,74.82
2026-10-01 21:40:35,train,31512,HAND,47,49,49,95.9%,0,-,-,,-,False,49/49,100.0%,True,-,-,-,-,-,-,74.35
2026-10-01 21:42:19,train,8627,HUMERUS,47,49,49,95.9%,0,-,-,,-,False,49/49,100.0%,True,-,-,-,-,-,-,74.58
2026-10-01 21:44:03,train,648,SHOULDER,48,49,49,98.0%,0,-,-,,-,False,49/49,100.0%,True,-,-,-,-,-,-,74.33
2026-10-01 21:45:48,train,19935,WRIST,12,48,49,24.5%,0,-,-,,-,False,49/49,100.0%,True,-,-,-,-,-,-,74.78
2026-10-01 21:47:32,train,15030,ELBOW,47,49,49,95.9%,0,-,-,,-,False,49/49,100.0%,True,-,-,-,-,-,-,73.77
2026-10-01 21:49:16,train,9921,FINGER,48,49,49,98.0%,0,-,-,,-,False,49/49,100.0%,True,-,-,-,-,-,-,73.67
2026-10-01 21:51:00,train,29687,FOREARM,49,49,49,100.0%,49,-,-,,-,False,49/49,100.0%,True,-,-,-,-,-,-,73.91
2026-10-01 21:52:43,train,31513,HAND,48,49,49,98.0%,0,-,-,,-,False,49/49,100.0%,True,-,-,-,-,-,-,73.64
2026-10-01 21:54:28,train,8628,HUMERUS,48,49,49,98.0%,0,-,-,,-,False,49/49,100.0%,True,-,-,-,-,-,-,74.33
2026-10-01 21:56:11,train,649,SHOULDER,47,49,49,95.9%,0,-,-,,-,False,49/49,100.0%,True,-,-,-,-,-,-,73.82
2026-10-01 21:57:55,train,19936,WRIST,49,49,49,100.0%,49,-,-,,-,False,49/49,100.0%,True,-,-,-,-,-,-,73.97
2026-10-01 21:59:40,train,15031,ELBOW,48,49,49,98.0%,0,-,-,,-,False,49/49,100.0%,True,-,-,-,-,-,-,75.09
2026-10-01 22:01:25,train,9922,FINGER,49,49,49,100.0%,49,-,-,,-,False,49/49,100.0%,True,-,-,-,-,-,-,74.39
2026-10-01 22:02:42,train,15032,ELBOW,45,48,49,91.8%,0,-,-,,-,False,49/49,100.0%,True,-,-,-,-,-,-,74.83
2026-10-01 22:04:27,train,9923,FINGER,49,49,49,100.0%,49,-,-,,-,False,49/49,100.0%,True,-,-,-,-,-,-,75.17
2026-10-01 22:06:11,train,29675,FOREARM,49,49,49,100.0%,49,-,-,,-,False,49/49,100.0%,True,-,-,-,-,-,-,73.94
2026-10-01 22:07:55,train,31514,HAND,46,49,49,93.9%,0,-,-,,-,False,49/49,100.0%,True,-,-,-,-,-,-,74.29
2026-10-01 22:09:39,train,8629,HUMERUS,47,48,49,95.9%,0,-,-,,-,False,49/49,100.0%,True,-,-,-,-,-,-,73.73
2026-10-01 22:11:24,train,650,SHOULDER,48,49,49,98.0%,0,-,-,,-,False,49/49,100.0%,True,-,-,-,-,-,-,74.56
2026-10-01 22:13:07,train,19937,WRIST,48,49,49,98.0%,0,-,-,,-,False,49/49,100.0%,True,-,-,-,-,-,-,73.78
2026-10-01 22:14:52,train,15033,ELBOW,48,49,49,98.0%,0,-,-,,-,False,49/49,100.0%,True,-,-,-,-,-,-,74.13
2026-10-01 22:16:36,train,9924,FINGER,49,49,49,100.0%,49,-,-,,-,False,49/49,100.0%,True,-,-,-,-,-,-,74.06
2026-10-01 22:18:19,train,29678,FOREARM,49,49,49,100.0%,49,-,-,,-,False,49/49,100.0%,True,-,-,-,-,-,-,73.63
2026-10-01 22:20:03,train,31515,HAND,49,49,49,100.0%,49,-,-,,-,False,49/49,100.0%,True,-,-,-,-,-,-,73.63
2026-10-01 22:21:48,train,8630,HUMERUS,49,49,49,100.0%,49,-,-,,-,False,49/49,100.0%,True,-,-,-,-,-,-,74.74
2026-10-01 22:23:31,train,651,SHOULDER,49,49,49,100.0%,49,-,-,,-,False,49/49,100.0%,True,-,-,-,-,-,-,73.75
2026-10-01 22:25:16,train,19938,WRIST,48,49,49,98.0%,0,-,-,,-,False,49/49,100.0%,True,-,-,-,-,-,-,74.58
2026-10-01 22:26:59,train,15034,ELBOW,48,49,49,98.0%,0,-,-,,-,False,49/49,100.0%,True,-,-,-,-,-,-,73.36
2026-10-01 22:28:42,train,9925,FINGER,49,49,49,100.0%,49,-,-,,-,False,49/49,100.0%,True,-,-,-,-,-,-,73.16
2026-10-01 22:30:27,train,29682,FOREARM,49,49,49,100.0%,49,-,-,,-,False,49/49,100.0%,True,-,-,-,-,-,-,74.5
2026-10-01 22:32:12,train,31516,HAND,48,49,49,98.0%,0,-,-,,-,False,49/49,100.0%,True,-,-,-,-,-,-,75.3
2026-10-01 22:33:56,train,8631,HUMERUS,43,49,49,87.8%,0,-,-,,-,False,49/49,100.0%,True,-,-,-,-,-,-,73.81
2026-10-01 22:35:40,train,652,SHOULDER,49,49,49,100.0%,49,-,-,,-,False,49/49,100.0%,True,-,-,-,-,-,-,73.82
2026-10-01 22:37:25,train,19939,WRIST,49,49,49,100.0%,49,-,-,,-,False,49/49,100.0%,True,-,-,-,-,-,-,75.32
2026-10-01 22:39:10,train,15035,ELBOW,46,49,49,93.9%,0,-,-,,-,False,49/49,100.0%,True,-,-,-,-,-,-,74.46
2026-10-01 22:40:54,train,9926,FINGER,49,49,49,100.0%,49,-,-,,-,False,49/49,100.0%,True,-,-,-,-,-,-,74.16
2026-10-01 22:42:37,train,29688,FOREARM,48,49,49,98.0%,0,-,-,,-,False,49/49,100.0%,True,-,-,-,-,-,-,73.26
2026-10-01 22:44:21,train,31517,HAND,49,49,49,100.0%,49,-,-,,-,False,49/49,100.0%,True,-,-,-,-,-,-,73.48
2026-10-01 22:46:04,train,8632,HUMERUS,48,49,49,98.0%,0,-,-,,-,False,49/49,100.0%,True,-,-,-,-,-,-,73.48
2026-10-01 22:47:47,train,653,SHOULDER,47,49,49,95.9%,0,-,-,,-,False,49/49,100.0%,True,-,-,-,-,-,-,73.41
2026-10-01 22:49:31,train,19940,WRIST,49,49,49,100.0%,49,-,-,,-,False,49/49,100.0%,True,-,-,-,-,-,-,73.91
2026-10-01 22:51:15,train,15036,ELBOW,46,49,49,93.9%,0,-,-,,-,False,49/49,100.0%,True,-,-,-,-,-,-,73.69
2026-10-01 22:52:59,train,9927,FINGER,47,49,49,95.9%,0,-,-,,-,False,49/49,100.0%,True,-,-,-,-,-,-,73.99
2026-10-01 22:54:42,train,29689,FOREARM,38,48,49,77.6%,0,-,-,,-,False,49/49,100.0%,True,-,-,-,-,-,-,73.07
2026-10-01 22:56:26,train,31518,HAND,49,49,49,100.0%,49,-,-,,-,False,49/49,100.0%,True,-,-,-,-,-,-,74.39
2026-10-01 22:58:11,train,8633,HUMERUS,47,49,49,95.9%,0,-,-,,-,False,49/49,100.0%,True,-,-,-,-,-,-,74.2
2026-10-01 22:59:55,train,654,SHOULDER,48,49,49,98.0%,0,-,-,,-,False,49/49,100.0%,True,-,-,-,-,-,-,74.45
2026-10-01 23:01:39,train,19941,WRIST,49,49,49,100.0%,49,-,-,,-,False,49/49,100.0%,True,-,-,-,-,-,-,74.12
2026-10-01 23:03:24,train,15037,ELBOW,49,49,49,100.0%,49,-,-,,-,False,49/49,100.0%,True,-,-,-,-,-,-,74.85
2026-10-01 23:05:09,train,9928,FINGER,46,49,49,93.9%,0,-,-,,-,False,49/49,100.0%,True,-,-,-,-,-,-,74.58
2026-10-01 23:06:54,train,29690,FOREARM,48,48,49,98.0%,0,-,-,,-,False,49/49,100.0%,True,-,-,-,-,-,-,75.32
2026-10-01 23:08:38,train,31519,HAND,49,49,49,100.0%,49,-,-,,-,False,49/49,100.0%,True,-,-,-,-,-,-,73.79
2026-10-01 23:10:22,train,8634,HUMERUS,46,49,49,93.9%,0,-,-,,-,False,49/49,100.0%,True,-,-,-,-,-,-,74.56
2026-10-01 23:12:07,train,655,SHOULDER,47,48,49,95.9%,0,-,-,,-,False,49/49,100.0%,True,-,-,-,-,-,-,74.35
2026-10-01 23:13:51,train,19942,WRIST,48,49,49,98.0%,0,-,-,,-,False,49/49,100.0%,True,-,-,-,-,-,-,73.82
2026-10-01 23:15:36,train,15038,ELBOW,47,49,49,95.9%,0,-,-,,-,False,49/49,100.0%,True,-,-,-,-,-,-,75.14
2026-10-01 23:17:20,train,9929,FINGER,49,49,49,100.0%,49,-,-,,-,False,49/49,100.0%,True,-,-,-,-,-,-,74.08
2026-10-01 23:19:03,train,29691,FOREARM,48,49,49,98.0%,0,-,-,,-,False,49/49,100.0%,True,-,-,-,-,-,-,73.41
2026-10-01 23:20:48,train,31520,HAND,47,49,49,95.9%,0,-,-,,-,False,49/49,100.0%,True,-,-,-,-,-,-,74.56
2026-10-01 23:22:32,train,8635,HUMERUS,49,49,49,100.0%,49,-,-,,-,False,49/49,100.0%,True,-,-,-,-,-,-,74.71
2026-10-01 23:24:17,train,656,SHOULDER,48,49,49,98.0%,0,-,-,,-,False,49/49,100.0%,True,-,-,-,-,-,-,74.77
2026-10-01 23:26:02,train,19943,WRIST,47,49,49,95.9%,0,-,-,,-,False,49/49,100.0%,True,-,-,-,-,-,-,74.77
2026-10-01 23:27:46,train,15039,ELBOW,48,49,49,98.0%,0,-,-,,-,False,49/49,100.0%,True,-,-,-,-,-,-,74.22
2026-10-01 23:29:30,train,9930,FINGER,48,49,49,98.0%,0,-,-,,-,False,49/49,100.0%,True,-,-,-,-,-,-,74.06
2026-10-01 23:31:14,train,29692,FOREARM,49,49,49,100.0%,49,-,-,,-,False,49/49,100.0%,True,-,-,-,-,-,-,74.02
2026-10-01 23:32:59,train,31521,HAND,44,49,49,89.8%,0,-,-,,-,False,49/49,100.0%,True,-,-,-,-,-,-,74.24
2026-10-01 23:34:43,train,8636,HUMERUS,44,44,49,89.8%,0,-,-,,-,False,49/49,100.0%,True,-,-,-,-,-,-,74.09
2026-10-01 23:36:28,train,657,SHOULDER,49,49,49,100.0%,49,-,-,,-,False,49/49,100.0%,True,-,-,-,-,-,-,75.67
2026-10-01 23:38:12,train,19944,WRIST,49,49,49,100.0%,49,-,-,,-,False,49/49,100.0%,True,-,-,-,-,-,-,74.07
2026-10-01 23:39:57,train,15040,ELBOW,49,49,49,100.0%,49,-,-,,-,False,49/49,100.0%,True,-,-,-,-,-,-,74.47
2026-10-01 23:41:41,train,9931,FINGER,44,49,49,89.8%,0,-,-,,-,False,49/49,100.0%,True,-,-,-,-,-,-,73.83
2026-10-01 23:43:25,train,29693,FOREARM,43,48,49,87.8%,0,-,-,,-,False,49/49,100.0%,True,-,-,-,-,-,-,74.63
2026-10-01 23:45:10,train,31522,HAND,47,49,49,95.9%,0,-,-,,-,False,49/49,100.0%,True,-,-,-,-,-,-,74.53
2026-10-01 23:46:54,train,8637,HUMERUS,48,49,49,98.0%,0,-,-,,-,False,49/49,100.0%,True,-,-,-,-,-,-,73.99
2026-10-01 23:48:38,train,658,SHOULDER,49,49,49,100.0%,49,-,-,,-,False,49/49,100.0%,True,-,-,-,-,-,-,74.08
2026-10-01 23:50:21,train,19945,WRIST,48,49,49,98.0%,0,-,-,,-,False,49/49,100.0%,True,-,-,-,-,-,-,73.0
2026-10-01 23:52:05,train,15041,ELBOW,43,48,49,87.8%,0,-,-,,-,False,49/49,100.0%,True,-,-,-,-,-,-,73.87
2026-10-01 23:53:49,train,9932,FINGER,48,48,49,98.0%,0,-,-,,-,False,49/49,100.0%,True,-,-,-,-,-,-,73.79
2026-10-01 23:55:33,train,29694,FOREARM,49,49,49,100.0%,49,-,-,,-,False,49/49,100.0%,True,-,-,-,-,-,-,74.03
2026-10-01 23:57:17,train,31523,HAND,46,49,49,93.9%,0,-,-,,-,False,49/49,100.0%,True,-,-,-,-,-,-,74.62
2026-10-01 23:59:01,train,8638,HUMERUS,48,49,49,98.0%,0,-,-,,-,False,49/49,100.0%,True,-,-,-,-,-,-,74.18
2026-10-02 00:00:47,train,659,SHOULDER,49,49,49,100.0%,49,-,-,,-,False,49/49,100.0%,True,-,-,-,-,-,-,75.42
2026-10-02 00:02:32,train,19946,WRIST,49,49,49,100.0%,49,-,-,,-,False,49/49,100.0%,True,-,-,-,-,-,-,74.84
2026-10-02 00:04:16,train,15042,ELBOW,46,49,49,93.9%,0,-,-,,-,False,49/49,100.0%,True,-,-,-,-,-,-,73.96
2026-10-02 00:05:59,train,9933,FINGER,48,49,49,98.0%,0,-,-,,-,False,49/49,100.0%,True,-,-,-,-,-,-,73.44
2026-10-02 00:07:43,train,29695,FOREARM,48,49,49,98.0%,0,-,-,,-,False,49/49,100.0%,True,-,-,-,-,-,-,73.89
2026-10-02 00:09:27,train,31524,HAND,49,49,49,100.0%,49,-,-,,-,False,49/49,100.0%,True,-,-,-,-,-,-,73.64
2026-10-02 00:11:10,train,8639,HUMERUS,47,49,49,95.9%,0,-,-,,-,False,49/49,100.0%,True,-,-,-,-,-,-,73.68
2026-10-02 00:12:55,train,660,SHOULDER,49,49,49,100.0%,49,-,-,,-,False,49/49,100.0%,True,-,-,-,-,-,-,74.56
2026-10-02 00:14:38,train,19947,WRIST,27,49,49,55.1%,0,-,-,,-,False,49/49,100.0%,True,-,-,-,-,-,-,73.61
2026-10-02 00:16:21,train,15043,ELBOW,49,49,49,100.0%,49,-,-,,-,False,49/49,100.0%,True,-,-,-,-,-,-,72.42
2026-10-02 00:18:08,train,9934,FINGER,48,49,49,98.0%,0,-,-,,-,False,49/49,100.0%,True,-,-,-,-,-,-,77.27
2026-10-02 00:19:54,train,29696,FOREARM,49,49,49,100.0%,49,-,-,,-,False,49/49,100.0%,True,-,-,-,-,-,-,75.4
2026-10-02 00:21:38,train,31525,HAND,37,49,49,75.5%,0,-,-,,-,False,49/49,100.0%,True,-,-,-,-,-,-,74.38
2026-10-02 00:23:22,train,8640,HUMERUS,45,49,49,91.8%,0,-,-,,-,False,49/49,100.0%,True,-,-,-,-,-,-,74.08
2026-10-02 00:25:06,train,661,SHOULDER,49,49,49,100.0%,49,-,-,,-,False,49/49,100.0%,True,-,-,-,-,-,-,74.47
2026-10-02 00:26:51,train,19948,WRIST,49,49,49,100.0%,49,-,-,,-,False,49/49,100.0%,True,-,-,-,-,-,-,74.03
2026-10-02 00:28:36,train,15044,ELBOW,47,49,49,95.9%,0,-,-,,-,False,49/49,100.0%,True,-,-,-,-,-,-,75.63
2026-10-02 00:30:20,train,9935,FINGER,46,49,49,93.9%,0,-,-,,-,False,49/49,100.0%,True,-,-,-,-,-,-,74.27
2026-10-02 00:32:06,train,29697,FOREARM,49,49,49,100.0%,49,-,-,,-,False,49/49,100.0%,True,-,-,-,-,-,-,75.58
2026-10-02 00:33:51,train,31526,HAND,49,49,49,100.0%,49,-,-,,-,False,49/49,100.0%,True,-,-,-,-,-,-,74.52
2026-10-02 00:35:34,train,8641,HUMERUS,49,49,49,100.0%,49,-,-,,-,False,49/49,100.0%,True,-,-,-,-,-,-,73.18
2026-10-02 00:37:18,train,662,SHOULDER,49,49,49,100.0%,49,-,-,,-,False,49/49,100.0%,True,-,-,-,-,-,-,74.22
2026-10-02 00:39:03,train,19949,WRIST,49,49,49,100.0%,49,-,-,,-,False,49/49,100.0%,True,-,-,-,-,-,-,75.07
2026-10-02 00:40:48,train,15045,ELBOW,28,28,49,57.1%,0,-,-,,-,False,49/49,100.0%,True,-,-,-,-,-,-,74.71
2026-10-02 00:42:31,train,9936,FINGER,49,49,49,100.0%,49,-,-,,-,False,49/49,100.0%,True,-,-,-,-,-,-,73.3
2026-10-02 00:44:15,train,29698,FOREARM,48,49,49,98.0%,0,-,-,,-,False,49/49,100.0%,True,-,-,-,-,-,-,73.56
2026-10-02 00:45:58,train,31527,HAND,48,49,49,98.0%,0,-,-,,-,False,49/49,100.0%,True,-,-,-,-,-,-,73.73
2026-10-02 00:47:43,train,8642,HUMERUS,49,49,49,100.0%,49,-,-,,-,False,49/49,100.0%,True,-,-,-,-,-,-,74.8
2026-10-02 00:49:29,train,663,SHOULDER,49,49,49,100.0%,49,-,-,,-,False,49/49,100.0%,True,-,-,-,-,-,-,75.6
2026-10-02 00:51:13,train,19950,WRIST,45,49,49,91.8%,0,-,-,,-,False,49/49,100.0%,True,-,-,-,-,-,-,74.56
2026-10-02 00:52:58,train,15046,ELBOW,47,49,49,95.9%,0,-,-,,-,False,49/49,100.0%,True,-,-,-,-,-,-,74.9
2026-10-02 00:54:43,train,9937,FINGER,44,49,49,89.8%,0,-,-,,-,False,49/49,100.0%,True,-,-,-,-,-,-,74.62
2026-10-02 00:55:59,train,15047,ELBOW,49,49,49,100.0%,49,-,-,,-,False,49/49,100.0%,True,-,-,-,-,-,-,73.8
2026-10-02 00:57:43,train,9938,FINGER,48,49,49,98.0%,0,-,-,,-,False,49/49,100.0%,True,-,-,-,-,-,-,74.6
2026-10-02 00:59:28,train,29699,FOREARM,49,49,49,100.0%,49,-,-,,-,False,49/49,100.0%,True,-,-,-,-,-,-,74.63
2026-10-02 01:01:12,train,31528,HAND,49,49,49,100.0%,49,-,-,,-,False,49/49,100.0%,True,-,-,-,-,-,-,73.83
2026-10-02 01:02:56,train,8643,HUMERUS,47,49,49,95.9%,0,-,-,,-,False,49/49,100.0%,True,-,-,-,-,-,-,73.96
2026-10-02 01:04:39,train,664,SHOULDER,49,49,49,100.0%,49,-,-,,-,False,49/49,100.0%,True,-,-,-,-,-,-,73.29
2026-10-02 01:06:22,train,19951,WRIST,48,49,49,98.0%,0,-,-,,-,False,49/49,100.0%,True,-,-,-,-,-,-,73.17
2026-10-02 01:08:07,train,15048,ELBOW,49,49,49,100.0%,49,-,-,,-,False,49/49,100.0%,True,-,-,-,-,-,-,74.59
2026-10-02 01:09:52,train,9939,FINGER,47,49,49,95.9%,0,-,-,,-,False,49/49,100.0%,True,-,-,-,-,-,-,75.06
2026-10-02 01:11:36,train,29700,FOREARM,49,49,49,100.0%,49,-,-,,-,False,49/49,100.0%,True,-,-,-,-,-,-,74.14
2026-10-02 01:13:21,train,31529,HAND,49,49,49,100.0%,49,-,-,,-,False,49/49,100.0%,True,-,-,-,-,-,-,74.4
2026-10-02 01:15:04,train,8644,HUMERUS,49,49,49,100.0%,49,-,-,,-,False,49/49,100.0%,True,-,-,-,-,-,-,73.14
2026-10-02 01:16:49,train,665,SHOULDER,21,30,49,42.9%,0,-,-,,-,False,49/49,100.0%,True,-,-,-,-,-,-,75.62
2026-10-02 01:18:34,train,19952,WRIST,49,49,49,100.0%,49,-,-,,-,False,49/49,100.0%,True,-,-,-,-,-,-,74.82
2026-10-02 01:20:18,train,15049,ELBOW,49,49,49,100.0%,49,-,-,,-,False,49/49,100.0%,True,-,-,-,-,-,-,74.08
2026-10-02 01:22:02,train,9940,FINGER,49,49,49,100.0%,49,-,-,,-,False,49/49,100.0%,True,-,-,-,-,-,-,73.98
2026-10-02 01:23:46,train,29701,FOREARM,47,49,49,95.9%,0,-,-,,-,False,49/49,100.0%,True,-,-,-,-,-,-,73.46
2026-10-02 01:25:29,train,31530,HAND,47,49,49,95.9%,0,-,-,,-,False,49/49,100.0%,True,-,-,-,-,-,-,73.59
2026-10-02 01:27:14,train,8645,HUMERUS,45,49,49,91.8%,0,-,-,,-,False,49/49,100.0%,True,-,-,-,-,-,-,74.61
2026-10-02 01:28:58,train,666,SHOULDER,49,49,49,100.0%,49,-,-,,-,False,49/49,100.0%,True,-,-,-,-,-,-,74.28
2026-10-02 01:30:42,train,19953,WRIST,49,49,49,100.0%,49,-,-,,-,False,49/49,100.0%,True,-,-,-,-,-,-,73.6
2026-10-02 01:32:26,train,15050,ELBOW,48,49,49,98.0%,0,-,-,,-,False,49/49,100.0%,True,-,-,-,-,-,-,74.73
2026-10-02 01:34:10,train,9941,FINGER,49,49,49,100.0%,49,-,-,,-,False,49/49,100.0%,True,-,-,-,-,-,-,73.14
2026-10-02 01:35:54,train,29702,FOREARM,47,49,49,95.9%,0,-,-,,-,False,49/49,100.0%,True,-,-,-,-,-,-,74.81
2026-10-02 01:37:39,train,31531,HAND,47,49,49,95.9%,0,-,-,,-,False,49/49,100.0%,True,-,-,-,-,-,-,74.31
2026-10-02 01:39:23,train,8646,HUMERUS,48,49,49,98.0%,0,-,-,,-,False,49/49,100.0%,True,-,-,-,-,-,-,74.29
2026-10-02 01:41:07,train,667,SHOULDER,48,49,49,98.0%,0,-,-,,-,False,49/49,100.0%,True,-,-,-,-,-,-,73.84
2026-10-02 01:42:51,train,19954,WRIST,48,49,49,98.0%,0,-,-,,-,False,49/49,100.0%,True,-,-,-,-,-,-,74.33
2026-10-02 01:44:35,train,15051,ELBOW,49,49,49,100.0%,49,-,-,,-,False,49/49,100.0%,True,-,-,-,-,-,-,74.13
2026-10-02 01:46:20,train,9942,FINGER,49,49,49,100.0%,49,-,-,,-,False,49/49,100.0%,True,-,-,-,-,-,-,74.49
2026-10-02 01:48:04,train,29703,FOREARM,49,49,49,100.0%,49,-,-,,-,False,49/49,100.0%,True,-,-,-,-,-,-,74.14
2026-10-02 01:49:47,train,31532,HAND,47,49,49,95.9%,0,-,-,,-,False,49/49,100.0%,True,-,-,-,-,-,-,73.5
2026-10-02 01:51:31,train,8647,HUMERUS,48,49,49,98.0%,0,-,-,,-,False,49/49,100.0%,True,-,-,-,-,-,-,74.05
2026-10-02 01:53:16,train,668,SHOULDER,48,49,49,98.0%,0,-,-,,-,False,49/49,100.0%,True,-,-,-,-,-,-,74.1
2026-10-02 01:55:00,train,19955,WRIST,47,47,49,95.9%,0,-,-,,-,False,49/49,100.0%,True,-,-,-,-,-,-,74.48
2026-10-02 01:56:44,train,15052,ELBOW,48,49,49,98.0%,0,-,-,,-,False,49/49,100.0%,True,-,-,-,-,-,-,73.61
2026-10-02 01:58:28,train,9943,FINGER,47,49,49,95.9%,0,-,-,,-,False,49/49,100.0%,True,-,-,-,-,-,-,74.08
2026-10-02 02:00:12,train,29704,FOREARM,49,49,49,100.0%,49,-,-,,-,False,49/49,100.0%,True,-,-,-,-,-,-,74.34
2026-10-02 02:01:56,train,31533,HAND,46,49,49,93.9%,0,-,-,,-,False,49/49,100.0%,True,-,-,-,-,-,-,73.88
2026-10-02 02:03:40,train,8648,HUMERUS,48,49,49,98.0%,0,-,-,,-,False,49/49,100.0%,True,-,-,-,-,-,-,74.09
2026-10-02 02:05:25,train,669,SHOULDER,49,49,49,100.0%,49,-,-,,-,False,49/49,100.0%,True,-,-,-,-,-,-,74.55
2026-10-02 02:07:08,train,19956,WRIST,49,49,49,100.0%,49,-,-,,-,False,49/49,100.0%,True,-,-,-,-,-,-,73.49
2026-10-02 02:08:53,train,15053,ELBOW,49,49,49,100.0%,49,-,-,,-,False,49/49,100.0%,True,-,-,-,-,-,-,74.96
2026-10-02 02:10:37,train,9944,FINGER,49,49,49,100.0%,49,-,-,,-,False,49/49,100.0%,True,-,-,-,-,-,-,74.1
2026-10-02 02:12:22,train,29705,FOREARM,48,49,49,98.0%,0,-,-,,-,False,49/49,100.0%,True,-,-,-,-,-,-,74.8
2026-10-02 02:14:06,train,31534,HAND,48,49,49,98.0%,0,-,-,,-,False,49/49,100.0%,True,-,-,-,-,-,-,74.53
2026-10-02 02:15:50,train,8649,HUMERUS,49,49,49,100.0%,49,-,-,,-,False,49/49,100.0%,True,-,-,-,-,-,-,73.96
2026-10-02 02:17:34,train,670,SHOULDER,49,49,49,100.0%,49,-,-,,-,False,49/49,100.0%,True,-,-,-,-,-,-,74.03
2026-10-02 02:19:19,train,19957,WRIST,46,49,49,93.9%,0,-,-,,-,False,49/49,100.0%,True,-,-,-,-,-,-,74.54
2026-10-02 02:21:03,train,15054,ELBOW,44,49,49,89.8%,0,-,-,,-,False,49/49,100.0%,True,-,-,-,-,-,-,74.48
2026-10-02 02:22:49,train,9945,FINGER,45,49,49,91.8%,0,-,-,,-,False,49/49,100.0%,True,-,-,-,-,-,-,75.94
2026-10-02 02:24:33,train,29706,FOREARM,46,48,49,93.9%,0,-,-,,-,False,49/49,100.0%,True,-,-,-,-,-,-,74.09
2026-10-02 02:26:19,train,31535,HAND,49,49,49,100.0%,49,-,-,,-,False,49/49,100.0%,True,-,-,-,-,-,-,75.03
2026-10-02 02:28:03,train,8650,HUMERUS,49,49,49,100.0%,49,-,-,,-,False,49/49,100.0%,True,-,-,-,-,-,-,74.6
2026-10-02 02:29:46,train,671,SHOULDER,43,49,49,87.8%,0,-,-,,-,False,49/49,100.0%,True,-,-,-,-,-,-,73.27
2026-10-02 02:31:32,train,19958,WRIST,44,49,49,89.8%,0,-,-,,-,False,49/49,100.0%,True,-,-,-,-,-,-,75.17
2026-10-02 02:33:15,train,15055,ELBOW,49,49,49,100.0%,49,-,-,,-,False,49/49,100.0%,True,-,-,-,-,-,-,73.32
2026-10-02 02:34:59,train,9946,FINGER,49,49,49,100.0%,49,-,-,,-,False,49/49,100.0%,True,-,-,-,-,-,-,74.09
2026-10-02 02:36:43,train,29707,FOREARM,49,49,49,100.0%,49,-,-,,-,False,49/49,100.0%,True,-,-,-,-,-,-,73.72
2026-10-02 02:38:27,train,31536,HAND,48,49,49,98.0%,0,-,-,,-,False,49/49,100.0%,True,-,-,-,-,-,-,74.47
2026-10-02 02:40:12,train,8651,HUMERUS,49,49,49,100.0%,49,-,-,,-,False,49/49,100.0%,True,-,-,-,-,-,-,74.36
2026-10-02 02:41:56,train,672,SHOULDER,49,49,49,100.0%,49,-,-,,-,False,49/49,100.0%,True,-,-,-,-,-,-,74.51
2026-10-02 02:43:40,train,19959,WRIST,47,49,49,95.9%,0,-,-,,-,False,49/49,100.0%,True,-,-,-,-,-,-,74.34
2026-10-02 02:45:25,train,15056,ELBOW,48,49,49,98.0%,0,-,-,,-,False,49/49,100.0%,True,-,-,-,-,-,-,74.81
2026-10-02 02:47:10,train,9947,FINGER,46,49,49,93.9%,0,-,-,,-,False,49/49,100.0%,True,-,-,-,-,-,-,75.23
2026-10-02 02:48:55,train,29708,FOREARM,49,49,49,100.0%,49,-,-,,-,False,49/49,100.0%,True,-,-,-,-,-,-,74.99
2026-10-02 02:50:40,train,31537,HAND,49,49,49,100.0%,49,-,-,,-,False,49/49,100.0%,True,-,-,-,-,-,-,74.52
2026-10-02 02:52:23,train,8652,HUMERUS,47,49,49,95.9%,0,-,-,,-,False,49/49,100.0%,True,-,-,-,-,-,-,73.29
2026-10-02 02:54:09,train,673,SHOULDER,49,49,49,100.0%,49,-,-,,-,False,49/49,100.0%,True,-,-,-,-,-,-,75.41
2026-10-02 02:55:52,train,19960,WRIST,49,49,49,100.0%,49,-,-,,-,False,49/49,100.0%,True,-,-,-,-,-,-,73.84
2026-10-02 02:57:38,train,15057,ELBOW,49,49,49,100.0%,49,-,-,,-,False,49/49,100.0%,True,-,-,-,-,-,-,75.14
2026-10-02 02:59:22,train,9948,FINGER,48,49,49,98.0%,0,-,-,,-,False,49/49,100.0%,True,-,-,-,-,-,-,74.23
2026-10-02 03:01:07,train,29709,FOREARM,49,49,49,100.0%,49,-,-,,-,False,49/49,100.0%,True,-,-,-,-,-,-,74.69
2026-10-02 03:02:51,train,31538,HAND,47,49,49,95.9%,0,-,-,,-,False,49/49,100.0%,True,-,-,-,-,-,-,74.3
2026-10-02 03:04:35,train,8653,HUMERUS,48,49,49,98.0%,0,-,-,,-,False,49/49,100.0%,True,-,-,-,-,-,-,74.26
2026-10-02 03:06:20,train,674,SHOULDER,49,49,49,100.0%,49,-,-,,-,False,49/49,100.0%,True,-,-,-,-,-,-,74.41
2026-10-02 03:08:05,train,19961,WRIST,49,49,49,100.0%,49,-,-,,-,False,49/49,100.0%,True,-,-,-,-,-,-,75.61
2026-10-02 03:09:50,train,15058,ELBOW,48,49,49,98.0%,0,-,-,,-,False,49/49,100.0%,True,-,-,-,-,-,-,74.78
2026-10-02 03:11:34,train,9949,FINGER,49,49,49,100.0%,49,-,-,,-,False,49/49,100.0%,True,-,-,-,-,-,-,74.24
2026-10-02 03:13:18,train,29710,FOREARM,44,49,49,89.8%,0,-,-,,-,False,49/49,100.0%,True,-,-,-,-,-,-,74.3
2026-10-02 03:15:03,train,31539,HAND,47,49,49,95.9%,0,-,-,,-,False,49/49,100.0%,True,-,-,-,-,-,-,74.25
2026-10-02 03:16:47,train,8654,HUMERUS,48,49,49,98.0%,0,-,-,,-,False,49/49,100.0%,True,-,-,-,-,-,-,74.35
2026-10-02 03:18:31,train,675,SHOULDER,48,49,49,98.0%,0,-,-,,-,False,49/49,100.0%,True,-,-,-,-,-,-,74.07
2026-10-02 03:20:15,train,19962,WRIST,49,49,49,100.0%,49,-,-,,-,False,49/49,100.0%,True,-,-,-,-,-,-,73.82
2026-10-02 03:21:58,train,15059,ELBOW,49,49,49,100.0%,49,-,-,,-,False,49/49,100.0%,True,-,-,-,-,-,-,73.16
2026-10-02 03:23:44,train,9950,FINGER,48,49,49,98.0%,0,-,-,,-,False,49/49,100.0%,True,-,-,-,-,-,-,76.35
2026-10-02 03:25:29,train,29711,FOREARM,49,49,49,100.0%,49,-,-,,-,False,49/49,100.0%,True,-,-,-,-,-,-,74.44
2026-10-02 03:27:13,train,31540,HAND,48,49,49,98.0%,0,-,-,,-,False,49/49,100.0%,True,-,-,-,-,-,-,74.47
2026-10-02 03:28:58,train,8655,HUMERUS,48,49,49,98.0%,0,-,-,,-,False,49/49,100.0%,True,-,-,-,-,-,-,74.16
2026-10-02 03:30:42,train,676,SHOULDER,49,49,49,100.0%,49,-,-,,-,False,49/49,100.0%,True,-,-,-,-,-,-,74.02
2026-10-02 03:32:25,train,19963,WRIST,48,49,49,98.0%,0,-,-,,-,False,49/49,100.0%,True,-,-,-,-,-,-,73.52
2026-10-02 03:34:09,train,15060,ELBOW,49,49,49,100.0%,49,-,-,,-,False,49/49,100.0%,True,-,-,-,-,-,-,73.48
2026-10-02 03:35:54,train,9951,FINGER,47,49,49,95.9%,0,-,-,,-,False,49/49,100.0%,True,-,-,-,-,-,-,75.08
2026-10-02 03:37:38,train,29712,FOREARM,46,49,49,93.9%,0,-,-,,-,False,49/49,100.0%,True,-,-,-,-,-,-,74.19
2026-10-02 03:39:22,train,31541,HAND,49,49,49,100.0%,49,-,-,,-,False,49/49,100.0%,True,-,-,-,-,-,-,74.53
2026-10-02 03:41:06,train,8656,HUMERUS,47,49,49,95.9%,0,-,-,,-,False,49/49,100.0%,True,-,-,-,-,-,-,73.88
2026-10-02 03:42:51,train,677,SHOULDER,41,49,49,83.7%,0,-,-,,-,False,49/49,100.0%,True,-,-,-,-,-,-,74.9
2026-10-02 03:44:36,train,19964,WRIST,49,49,49,100.0%,49,-,-,,-,False,49/49,100.0%,True,-,-,-,-,-,-,74.89
2026-10-02 03:46:20,train,15061,ELBOW,48,48,49,98.0%,1,-,-,,-,False,49/49,100.0%,True,-,-,-,-,-,-,74.05
2026-10-02 03:48:04,train,9952,FINGER,49,49,49,100.0%,49,-,-,,-,False,49/49,100.0%,True,-,-,-,-,-,-,73.85
2026-10-02 03:49:20,train,15062,ELBOW,48,49,49,98.0%,0,-,-,,-,False,49/49,100.0%,True,-,-,-,-,-,-,73.53
2026-10-02 03:51:03,train,9953,FINGER,49,49,49,100.0%,49,-,-,,-,False,49/49,100.0%,True,-,-,-,-,-,-,73.74
2026-10-02 03:52:47,train,29713,FOREARM,48,49,49,98.0%,0,-,-,,-,False,49/49,100.0%,True,-,-,-,-,-,-,73.27
2026-10-02 03:54:31,train,31542,HAND,49,49,49,100.0%,49,-,-,,-,False,49/49,100.0%,True,-,-,-,-,-,-,73.9
2026-10-02 03:56:15,train,8657,HUMERUS,49,49,49,100.0%,49,-,-,,-,False,49/49,100.0%,True,-,-,-,-,-,-,74.59
2026-10-02 03:57:59,train,678,SHOULDER,49,49,49,100.0%,49,-,-,,-,False,49/49,100.0%,True,-,-,-,-,-,-,73.58
2026-10-02 03:59:42,train,19965,WRIST,49,49,49,100.0%,49,-,-,,-,False,49/49,100.0%,True,-,-,-,-,-,-,73.67
2026-10-02 04:01:27,train,15063,ELBOW,49,49,49,100.0%,49,-,-,,-,False,49/49,100.0%,True,-,-,-,-,-,-,74.64
2026-10-02 04:03:11,train,9954,FINGER,48,49,49,98.0%,0,-,-,,-,False,49/49,100.0%,True,-,-,-,-,-,-,73.65
2026-10-02 04:04:54,train,29714,FOREARM,43,49,49,87.8%,0,-,-,,-,False,49/49,100.0%,True,-,-,-,-,-,-,73.55
2026-10-02 04:06:38,train,31543,HAND,49,49,49,100.0%,49,-,-,,-,False,49/49,100.0%,True,-,-,-,-,-,-,73.48
2026-10-02 04:08:21,train,8658,HUMERUS,48,49,49,98.0%,0,-,-,,-,False,49/49,100.0%,True,-,-,-,-,-,-,73.43
2026-10-02 04:10:06,train,679,SHOULDER,48,48,49,98.0%,1,-,-,,-,False,49/49,100.0%,True,-,-,-,-,-,-,74.35
2026-10-02 04:11:50,train,19966,WRIST,48,49,49,98.0%,0,-,-,,-,False,49/49,100.0%,True,-,-,-,-,-,-,74.59
2026-10-02 04:13:34,train,15064,ELBOW,49,49,49,100.0%,49,-,-,,-,False,49/49,100.0%,True,-,-,-,-,-,-,73.94
2026-10-02 04:15:19,train,9955,FINGER,49,49,49,100.0%,49,-,-,,-,False,49/49,100.0%,True,-,-,-,-,-,-,75.01
2026-10-02 04:17:03,train,29715,FOREARM,48,49,49,98.0%,0,-,-,,-,False,49/49,100.0%,True,-,-,-,-,-,-,73.8
2026-10-02 04:18:47,train,31544,HAND,48,49,49,98.0%,0,-,-,,-,False,49/49,100.0%,True,-,-,-,-,-,-,74.01
2026-10-02 04:20:31,train,8659,HUMERUS,48,49,49,98.0%,0,-,-,,-,False,49/49,100.0%,True,-,-,-,-,-,-,73.93
2026-10-02 04:22:15,train,680,SHOULDER,48,49,49,98.0%,0,-,-,,-,False,49/49,100.0%,True,-,-,-,-,-,-,74.32
2026-10-02 04:23:59,train,19967,WRIST,49,49,49,100.0%,49,-,-,,-,False,49/49,100.0%,True,-,-,-,-,-,-,74.28
2026-10-02 04:25:44,train,15065,ELBOW,49,49,49,100.0%,49,-,-,,-,False,49/49,100.0%,True,-,-,-,-,-,-,74.44
2026-10-02 04:27:28,train,9956,FINGER,47,49,49,95.9%,0,-,-,,-,False,49/49,100.0%,True,-,-,-,-,-,-,74.34
2026-10-02 04:29:12,train,29716,FOREARM,48,49,49,98.0%,0,-,-,,-,False,49/49,100.0%,True,-,-,-,-,-,-,74.25
2026-10-02 04:30:57,train,31545,HAND,49,49,49,100.0%,49,-,-,,-,False,49/49,100.0%,True,-,-,-,-,-,-,74.01
2026-10-02 04:32:40,train,8660,HUMERUS,44,49,49,89.8%,0,-,-,,-,False,49/49,100.0%,True,-,-,-,-,-,-,73.64
2026-10-02 04:34:25,train,681,SHOULDER,47,49,49,95.9%,0,-,-,,-,False,49/49,100.0%,True,-,-,-,-,-,-,74.6
2026-10-02 04:36:10,train,19968,WRIST,49,49,49,100.0%,49,-,-,,-,False,49/49,100.0%,True,-,-,-,-,-,-,74.79
2026-10-02 04:37:53,train,15066,ELBOW,43,49,49,87.8%,0,-,-,,-,False,49/49,100.0%,True,-,-,-,-,-,-,73.82
2026-10-02 04:39:37,train,9957,FINGER,48,49,49,98.0%,0,-,-,,-,False,49/49,100.0%,True,-,-,-,-,-,-,73.67
2026-10-02 04:41:20,train,29717,FOREARM,49,49,49,100.0%,49,-,-,,-,False,49/49,100.0%,True,-,-,-,-,-,-,73.28
2026-10-02 04:43:05,train,31546,HAND,49,49,49,100.0%,49,-,-,,-,False,49/49,100.0%,True,-,-,-,-,-,-,74.59
2026-10-02 04:44:48,train,8661,HUMERUS,49,49,49,100.0%,49,-,-,,-,False,49/49,100.0%,True,-,-,-,-,-,-,73.31
2026-10-02 04:46:33,train,682,SHOULDER,48,49,49,98.0%,0,-,-,,-,False,49/49,100.0%,True,-,-,-,-,-,-,74.81
2026-10-02 04:48:16,train,19969,WRIST,48,49,49,98.0%,0,-,-,,-,False,49/49,100.0%,True,-,-,-,-,-,-,73.38
2026-10-02 04:50:01,train,15067,ELBOW,45,49,49,91.8%,0,-,-,,-,False,49/49,100.0%,True,-,-,-,-,-,-,74.84
2026-10-02 04:51:46,train,9958,FINGER,48,49,49,98.0%,0,-,-,,-,False,49/49,100.0%,True,-,-,-,-,-,-,74.89
2026-10-02 04:53:31,train,29718,FOREARM,47,49,49,95.9%,0,-,-,,-,False,49/49,100.0%,True,-,-,-,-,-,-,74.71
2026-10-02 04:55:15,train,31547,HAND,44,49,49,89.8%,0,-,-,,-,False,49/49,100.0%,True,-,-,-,-,-,-,74.36
2026-10-02 04:57:00,train,8662,HUMERUS,48,48,49,98.0%,0,-,-,,-,False,49/49,100.0%,True,-,-,-,-,-,-,74.76
2026-10-02 04:58:45,train,683,SHOULDER,49,49,49,100.0%,49,-,-,,-,False,49/49,100.0%,True,-,-,-,-,-,-,74.56
2026-10-02 05:00:29,train,19970,WRIST,46,49,49,93.9%,0,-,-,,-,False,49/49,100.0%,True,-,-,-,-,-,-,74.47
2026-10-02 05:02:13,train,15068,ELBOW,45,49,49,91.8%,0,-,-,,-,False,49/49,100.0%,True,-,-,-,-,-,-,74.09
2026-10-02 05:03:57,train,9959,FINGER,49,49,49,100.0%,49,-,-,,-,False,49/49,100.0%,True,-,-,-,-,-,-,73.63
2026-10-02 05:05:40,train,29719,FOREARM,49,49,49,100.0%,49,-,-,,-,False,49/49,100.0%,True,-,-,-,-,-,-,73.46
2026-10-02 05:07:26,train,31548,HAND,49,49,49,100.0%,49,-,-,,-,False,49/49,100.0%,True,-,-,-,-,-,-,75.63
2026-10-02 05:09:09,train,8663,HUMERUS,49,49,49,100.0%,49,-,-,,-,False,49/49,100.0%,True,-,-,-,-,-,-,73.67
2026-10-02 05:10:52,train,684,SHOULDER,47,49,49,95.9%,0,-,-,,-,False,49/49,100.0%,True,-,-,-,-,-,-,72.87
2026-10-02 05:12:38,train,19971,WRIST,49,49,49,100.0%,49,-,-,,-,False,49/49,100.0%,True,-,-,-,-,-,-,75.84
2026-10-02 05:14:22,train,15069,ELBOW,49,49,49,100.0%,49,-,-,,-,False,49/49,100.0%,True,-,-,-,-,-,-,74.31
2026-10-02 05:16:06,train,9960,FINGER,49,49,49,100.0%,49,-,-,,-,False,49/49,100.0%,True,-,-,-,-,-,-,73.75
2026-10-02 05:17:51,train,29720,FOREARM,48,49,49,98.0%,0,-,-,,-,False,49/49,100.0%,True,-,-,-,-,-,-,74.46
2026-10-02 05:19:35,train,31549,HAND,48,49,49,98.0%,0,-,-,,-,False,49/49,100.0%,True,-,-,-,-,-,-,74.36
2026-10-02 05:21:19,train,8664,HUMERUS,49,49,49,100.0%,49,-,-,,-,False,49/49,100.0%,True,-,-,-,-,-,-,74.33
2026-10-02 05:23:03,train,685,SHOULDER,49,49,49,100.0%,49,-,-,,-,False,49/49,100.0%,True,-,-,-,-,-,-,73.84
2026-10-02 05:24:47,train,19972,WRIST,48,49,49,98.0%,0,-,-,,-,False,49/49,100.0%,True,-,-,-,-,-,-,73.66
2026-10-02 05:26:30,train,15070,ELBOW,14,40,49,28.6%,0,-,-,,-,False,49/49,100.0%,True,-,-,-,-,-,-,73.33
2026-10-02 05:28:14,train,9961,FINGER,49,49,49,100.0%,49,-,-,,-,False,49/49,100.0%,True,-,-,-,-,-,-,73.81
2026-10-02 05:29:57,train,29721,FOREARM,47,49,49,95.9%,0,-,-,,-,False,49/49,100.0%,True,-,-,-,-,-,-,73.27
2026-10-02 05:31:42,train,31550,HAND,48,49,49,98.0%,0,-,-,,-,False,49/49,100.0%,True,-,-,-,-,-,-,74.79
2026-10-02 05:33:26,train,8665,HUMERUS,47,49,49,95.9%,0,-,-,,-,False,49/49,100.0%,True,-,-,-,-,-,-,74.11
2026-10-02 05:35:11,train,686,SHOULDER,0,0,49,0.0%,0,-,-,,-,False,49/49,100.0%,True,-,-,-,-,-,-,74.44
2026-10-02 05:36:54,train,19973,WRIST,49,49,49,100.0%,49,-,-,,-,False,49/49,100.0%,True,-,-,-,-,-,-,73.4
2026-10-02 05:38:38,train,15071,ELBOW,48,49,49,98.0%,0,-,-,,-,False,49/49,100.0%,True,-,-,-,-,-,-,74.43
2026-10-02 05:40:23,train,9962,FINGER,48,49,49,98.0%,0,-,-,,-,False,49/49,100.0%,True,-,-,-,-,-,-,74.2
2026-10-02 05:42:08,train,29722,FOREARM,49,49,49,100.0%,49,-,-,,-,False,49/49,100.0%,True,-,-,-,-,-,-,75.03
2026-10-02 05:43:51,train,31551,HAND,43,49,49,87.8%,0,-,-,,-,False,49/49,100.0%,True,-,-,-,-,-,-,73.25
2026-10-02 05:45:34,train,8666,HUMERUS,48,49,49,98.0%,0,-,-,,-,False,49/49,100.0%,True,-,-,-,-,-,-,73.11
2026-10-02 05:47:18,train,687,SHOULDER,47,49,49,95.9%,0,-,-,,-,False,49/49,100.0%,True,-,-,-,-,-,-,73.67
2026-10-02 05:49:01,train,19974,WRIST,49,49,49,100.0%,49,-,-,,-,False,49/49,100.0%,True,-,-,-,-,-,-,73.37
2026-10-02 05:50:46,train,15072,ELBOW,48,49,49,98.0%,0,-,-,,-,False,49/49,100.0%,True,-,-,-,-,-,-,74.43
2026-10-02 05:52:29,train,9963,FINGER,49,49,49,100.0%,49,-,-,,-,False,49/49,100.0%,True,-,-,-,-,-,-,73.26
2026-10-02 05:54:13,train,29723,FOREARM,48,49,49,98.0%,0,-,-,,-,False,49/49,100.0%,True,-,-,-,-,-,-,73.81
2026-10-02 05:55:56,train,31552,HAND,48,49,49,98.0%,0,-,-,,-,False,49/49,100.0%,True,-,-,-,-,-,-,73.85
2026-10-02 05:57:41,train,8667,HUMERUS,49,49,49,100.0%,49,-,-,,-,False,49/49,100.0%,True,-,-,-,-,-,-,74.54
2026-10-02 05:59:26,train,688,SHOULDER,48,49,49,98.0%,0,-,-,,-,False,49/49,100.0%,True,-,-,-,-,-,-,74.59
2026-10-02 06:01:10,train,19975,WRIST,46,49,49,93.9%,0,-,-,,-,False,49/49,100.0%,True,-,-,-,-,-,-,73.99
2026-10-02 06:02:53,train,15073,ELBOW,49,49,49,100.0%,49,-,-,,-,False,49/49,100.0%,True,-,-,-,-,-,-,73.73
2026-10-02 06:04:39,train,9964,FINGER,48,49,49,98.0%,0,-,-,,-,False,49/49,100.0%,True,-,-,-,-,-,-,75.25
2026-10-02 06:06:23,train,29724,FOREARM,45,49,49,91.8%,0,-,-,,-,False,49/49,100.0%,True,-,-,-,-,-,-,74.29
2026-10-02 06:08:08,train,31553,HAND,48,48,49,98.0%,1,-,-,,-,False,49/49,100.0%,True,-,-,-,-,-,-,75.1
2026-10-02 06:09:52,train,8668,HUMERUS,49,49,49,100.0%,49,-,-,,-,False,49/49,100.0%,True,-,-,-,-,-,-,73.72
2026-10-02 06:11:36,train,689,SHOULDER,48,49,49,98.0%,0,-,-,,-,False,49/49,100.0%,True,-,-,-,-,-,-,74.37
2026-10-02 06:13:20,train,19976,WRIST,46,48,49,93.9%,0,-,-,,-,False,49/49,100.0%,True,-,-,-,-,-,-,74.16
2026-10-02 06:15:04,train,15074,ELBOW,49,49,49,100.0%,49,-,-,,-,False,49/49,100.0%,True,-,-,-,-,-,-,73.93
2026-10-02 06:16:48,train,9965,FINGER,47,48,49,95.9%,0,-,-,,-,False,49/49,100.0%,True,-,-,-,-,-,-,73.43
2026-10-02 06:18:33,train,29725,FOREARM,49,49,49,100.0%,49,-,-,,-,False,49/49,100.0%,True,-,-,-,-,-,-,75.42
2026-10-02 06:20:19,train,31554,HAND,47,49,49,95.9%,0,-,-,,-,False,49/49,100.0%,True,-,-,-,-,-,-,75.73
2026-10-02 06:22:04,train,8669,HUMERUS,46,49,49,93.9%,0,-,-,,-,False,49/49,100.0%,True,-,-,-,-,-,-,75.13
2026-10-02 06:23:49,train,690,SHOULDER,45,49,49,91.8%,0,-,-,,-,False,49/49,100.0%,True,-,-,-,-,-,-,74.82
2026-10-02 06:25:34,train,19977,WRIST,49,49,49,100.0%,49,-,-,,-,False,49/49,100.0%,True,-,-,-,-,-,-,75.05
2026-10-02 06:27:18,train,15075,ELBOW,48,49,49,98.0%,0,-,-,,-,False,49/49,100.0%,True,-,-,-,-,-,-,74.03
2026-10-02 06:29:03,train,9966,FINGER,49,49,49,100.0%,49,-,-,,-,False,49/49,100.0%,True,-,-,-,-,-,-,74.96
2026-10-02 06:30:48,train,29726,FOREARM,48,49,49,98.0%,0,-,-,,-,False,49/49,100.0%,True,-,-,-,-,-,-,75.17
2026-10-02 06:32:32,train,31555,HAND,1,49,49,2.0%,0,-,-,,-,False,49/49,100.0%,True,-,-,-,-,-,-,73.83
2026-10-02 06:34:17,train,8670,HUMERUS,44,49,49,89.8%,0,-,-,,-,False,49/49,100.0%,True,-,-,-,-,-,-,74.89
2026-10-02 06:36:00,train,691,SHOULDER,49,49,49,100.0%,49,-,-,,-,False,49/49,100.0%,True,-,-,-,-,-,-,73.8
2026-10-02 06:37:45,train,19978,WRIST,49,49,49,100.0%,49,-,-,,-,False,49/49,100.0%,True,-,-,-,-,-,-,74.9
2026-10-02 06:39:29,train,15076,ELBOW,46,49,49,93.9%,0,-,-,,-,False,49/49,100.0%,True,-,-,-,-,-,-,73.76
2026-10-02 06:41:14,train,9967,FINGER,48,49,49,98.0%,0,-,-,,-,False,49/49,100.0%,True,-,-,-,-,-,-,74.91
2026-10-02 06:42:30,train,15077,ELBOW,48,48,49,98.0%,0,-,-,,-,False,49/49,100.0%,True,-,-,-,-,-,-,73.32
2026-10-02 06:44:13,train,9968,FINGER,49,49,49,100.0%,49,-,-,,-,False,49/49,100.0%,True,-,-,-,-,-,-,73.7
2026-10-02 06:45:57,train,29727,FOREARM,49,49,49,100.0%,49,-,-,,-,False,49/49,100.0%,True,-,-,-,-,-,-,73.87
2026-10-02 06:47:41,train,31556,HAND,0,0,49,0.0%,0,-,-,,-,False,49/49,100.0%,True,-,-,-,-,-,-,74.39
2026-10-02 06:49:25,train,8671,HUMERUS,49,49,49,100.0%,49,-,-,,-,False,49/49,100.0%,True,-,-,-,-,-,-,73.9
2026-10-02 06:51:09,train,686,SHOULDER,48,49,49,98.0%,0,-,-,,-,False,49/49,100.0%,True,-,-,-,-,-,-,73.67
2026-10-02 06:52:53,train,19979,WRIST,46,49,49,93.9%,0,-,-,,-,False,49/49,100.0%,True,-,-,-,-,-,-,74.15
2026-10-02 06:54:37,train,15078,ELBOW,49,49,49,100.0%,49,-,-,,-,False,49/49,100.0%,True,-,-,-,-,-,-,73.82
2026-10-02 06:56:21,train,9969,FINGER,43,49,49,87.8%,0,-,-,,-,False,49/49,100.0%,True,-,-,-,-,-,-,73.86
2026-10-02 06:58:05,train,29728,FOREARM,49,49,49,100.0%,49,-,-,,-,False,49/49,100.0%,True,-,-,-,-,-,-,73.64
2026-10-02 06:59:49,train,31557,HAND,47,49,49,95.9%,0,-,-,,-,False,49/49,100.0%,True,-,-,-,-,-,-,74.15
2026-10-02 07:01:33,train,8672,HUMERUS,48,49,49,98.0%,0,-,-,,-,False,49/49,100.0%,True,-,-,-,-,-,-,74.19
2026-10-02 07:03:17,train,692,SHOULDER,43,43,49,87.8%,0,-,-,,-,False,49/49,100.0%,True,-,-,-,-,-,-,73.94
2026-10-02 07:05:00,train,19980,WRIST,49,49,49,100.0%,49,-,-,,-,False,49/49,100.0%,True,-,-,-,-,-,-,73.39
2026-10-02 07:06:45,train,15079,ELBOW,48,49,49,98.0%,0,-,-,,-,False,49/49,100.0%,True,-,-,-,-,-,-,74.84
2026-10-02 07:08:30,train,9970,FINGER,49,49,49,100.0%,49,-,-,,-,False,49/49,100.0%,True,-,-,-,-,-,-,74.56
2026-10-02 07:10:14,train,29729,FOREARM,49,49,49,100.0%,49,-,-,,-,False,49/49,100.0%,True,-,-,-,-,-,-,74.73
2026-10-02 07:11:59,train,31558,HAND,48,49,49,98.0%,0,-,-,,-,False,49/49,100.0%,True,-,-,-,-,-,-,74.19
2026-10-02 07:13:42,train,8673,HUMERUS,47,49,49,95.9%,0,-,-,,-,False,49/49,100.0%,True,-,-,-,-,-,-,73.78
2026-10-02 07:15:27,train,693,SHOULDER,49,49,49,100.0%,49,-,-,,-,False,49/49,100.0%,True,-,-,-,-,-,-,74.8
2026-10-02 07:17:12,train,19981,WRIST,47,49,49,95.9%,0,-,-,,-,False,49/49,100.0%,True,-,-,-,-,-,-,74.52
2026-10-02 07:18:58,train,15080,ELBOW,48,48,49,98.0%,0,-,-,,-,False,49/49,100.0%,True,-,-,-,-,-,-,75.96
2026-10-02 07:20:42,train,9971,FINGER,48,49,49,98.0%,0,-,-,,-,False,49/49,100.0%,True,-,-,-,-,-,-,74.2
2026-10-02 07:22:26,train,29730,FOREARM,49,49,49,100.0%,49,-,-,,-,False,49/49,100.0%,True,-,-,-,-,-,-,74.15
2026-10-02 07:24:11,train,31559,HAND,46,49,49,93.9%,0,-,-,,-,False,49/49,100.0%,True,-,-,-,-,-,-,74.74
2026-10-02 07:25:55,train,8674,HUMERUS,49,49,49,100.0%,49,-,-,,-,False,49/49,100.0%,True,-,-,-,-,-,-,74.22
2026-10-02 07:27:39,train,694,SHOULDER,49,49,49,100.0%,49,-,-,,-,False,49/49,100.0%,True,-,-,-,-,-,-,74.11
2026-10-02 07:29:24,train,19982,WRIST,49,49,49,100.0%,49,-,-,,-,False,49/49,100.0%,True,-,-,-,-,-,-,74.51
2026-10-02 07:31:07,train,15081,ELBOW,49,49,49,100.0%,49,-,-,,-,False,49/49,100.0%,True,-,-,-,-,-,-,73.68
2026-10-02 07:32:51,train,9972,FINGER,49,49,49,100.0%,49,-,-,,-,False,49/49,100.0%,True,-,-,-,-,-,-,74.27
2026-10-02 07:34:36,train,29731,FOREARM,48,49,49,98.0%,0,-,-,,-,False,49/49,100.0%,True,-,-,-,-,-,-,74.7
2026-10-02 07:36:20,train,31560,HAND,48,49,49,98.0%,0,-,-,,-,False,49/49,100.0%,True,-,-,-,-,-,-,74.02
2026-10-02 07:38:05,train,8675,HUMERUS,49,49,49,100.0%,49,-,-,,-,False,49/49,100.0%,True,-,-,-,-,-,-,74.7
2026-10-02 07:39:49,train,695,SHOULDER,49,49,49,100.0%,49,-,-,,-,False,49/49,100.0%,True,-,-,-,-,-,-,74.55
2026-10-02 07:41:34,train,19983,WRIST,49,49,49,100.0%,49,-,-,,-,False,49/49,100.0%,True,-,-,-,-,-,-,74.96
2026-10-02 07:43:19,train,15082,ELBOW,49,49,49,100.0%,49,-,-,,-,False,49/49,100.0%,True,-,-,-,-,-,-,75.02
2026-10-02 07:45:03,train,9973,FINGER,49,49,49,100.0%,49,-,-,,-,False,49/49,100.0%,True,-,-,-,-,-,-,74.0
2026-10-02 07:46:47,train,29732,FOREARM,49,49,49,100.0%,49,-,-,,-,False,49/49,100.0%,True,-,-,-,-,-,-,73.37
2026-10-02 07:48:31,train,31561,HAND,49,49,49,100.0%,49,-,-,,-,False,49/49,100.0%,True,-,-,-,-,-,-,74.04
2026-10-02 07:50:16,train,8676,HUMERUS,47,49,49,95.9%,0,-,-,,-,False,49/49,100.0%,True,-,-,-,-,-,-,74.65
2026-10-02 07:52:00,train,696,SHOULDER,49,49,49,100.0%,49,-,-,,-,False,49/49,100.0%,True,-,-,-,-,-,-,74.11
2026-10-02 07:53:44,train,19984,WRIST,46,48,49,93.9%,0,-,-,,-,False,49/49,100.0%,True,-,-,-,-,-,-,74.52
2026-10-02 07:55:30,train,15083,ELBOW,0,24,49,0.0%,0,-,-,,-,False,49/49,100.0%,True,-,-,-,-,-,-,76.16
2026-10-02 07:57:15,train,9974,FINGER,49,49,49,100.0%,49,-,-,,-,False,49/49,100.0%,True,-,-,-,-,-,-,74.25
2026-10-02 07:58:59,train,29733,FOREARM,48,49,49,98.0%,0,-,-,,-,False,49/49,100.0%,True,-,-,-,-,-,-,74.52
2026-10-02 08:00:44,train,31562,HAND,49,49,49,100.0%,49,-,-,,-,False,49/49,100.0%,True,-,-,-,-,-,-,74.49
2026-10-02 08:02:28,train,8677,HUMERUS,49,49,49,100.0%,49,-,-,,-,False,49/49,100.0%,True,-,-,-,-,-,-,74.05
2026-10-02 08:04:13,train,697,SHOULDER,49,49,49,100.0%,49,-,-,,-,False,49/49,100.0%,True,-,-,-,-,-,-,75.38
2026-10-02 08:05:57,train,19985,WRIST,49,49,49,100.0%,49,-,-,,-,False,49/49,100.0%,True,-,-,-,-,-,-,74.22
2026-10-02 08:07:41,train,15084,ELBOW,49,49,49,100.0%,49,-,-,,-,False,49/49,100.0%,True,-,-,-,-,-,-,73.36
2026-10-02 08:09:26,train,9975,FINGER,42,48,49,85.7%,0,-,-,,-,False,49/49,100.0%,True,-,-,-,-,-,-,75.13
2026-10-02 08:11:10,train,29734,FOREARM,49,49,49,100.0%,49,-,-,,-,False,49/49,100.0%,True,-,-,-,-,-,-,74.66
2026-10-02 08:12:55,train,31563,HAND,49,49,49,100.0%,49,-,-,,-,False,49/49,100.0%,True,-,-,-,-,-,-,75.01
2026-10-02 08:14:40,train,8678,HUMERUS,48,49,49,98.0%,0,-,-,,-,False,49/49,100.0%,True,-,-,-,-,-,-,74.29
2026-10-02 08:16:23,train,698,SHOULDER,49,49,49,100.0%,49,-,-,,-,False,49/49,100.0%,True,-,-,-,-,-,-,73.76
2026-10-02 08:18:08,train,19986,WRIST,49,49,49,100.0%,49,-,-,,-,False,49/49,100.0%,True,-,-,-,-,-,-,74.12
2026-10-02 08:19:52,train,15085,ELBOW,48,49,49,98.0%,0,-,-,,-,False,49/49,100.0%,True,-,-,-,-,-,-,74.17
2026-10-02 08:21:36,train,9976,FINGER,49,49,49,100.0%,49,-,-,,-,False,49/49,100.0%,True,-,-,-,-,-,-,74.15
2026-10-02 08:23:21,train,29735,FOREARM,47,49,49,95.9%,0,-,-,,-,False,49/49,100.0%,True,-,-,-,-,-,-,75.06
2026-10-02 08:25:04,train,31564,HAND,49,49,49,100.0%,49,-,-,,-,False,49/49,100.0%,True,-,-,-,-,-,-,73.26
2026-10-02 08:26:48,train,8679,HUMERUS,48,49,49,98.0%,0,-,-,,-,False,49/49,100.0%,True,-,-,-,-,-,-,74.04
2026-10-02 08:28:33,train,699,SHOULDER,48,49,49,98.0%,0,-,-,,-,False,49/49,100.0%,True,-,-,-,-,-,-,74.58
2026-10-02 08:30:16,train,19987,WRIST,49,49,49,100.0%,49,-,-,,-,False,49/49,100.0%,True,-,-,-,-,-,-,73.34
2026-10-02 08:32:01,train,15086,ELBOW,49,49,49,100.0%,49,-,-,,-,False,49/49,100.0%,True,-,-,-,-,-,-,74.4
2026-10-02 08:33:44,train,9977,FINGER,49,49,49,100.0%,49,-,-,,-,False,49/49,100.0%,True,-,-,-,-,-,-,73.42
2026-10-02 08:35:28,train,29736,FOREARM,49,49,49,100.0%,49,-,-,,-,False,49/49,100.0%,True,-,-,-,-,-,-,74.24
2026-10-02 08:37:14,train,31565,HAND,49,49,49,100.0%,49,-,-,,-,False,49/49,100.0%,True,-,-,-,-,-,-,75.45
2026-10-02 08:38:57,train,8680,HUMERUS,46,49,49,93.9%,0,-,-,,-,False,49/49,100.0%,True,-,-,-,-,-,-,73.43
2026-10-02 08:40:43,train,700,SHOULDER,49,49,49,100.0%,49,-,-,,-,False,49/49,100.0%,True,-,-,-,-,-,-,75.89
2026-10-02 08:42:28,train,19988,WRIST,48,49,49,98.0%,0,-,-,,-,False,49/49,100.0%,True,-,-,-,-,-,-,74.53
2026-10-02 08:44:12,train,15087,ELBOW,47,49,49,95.9%,0,-,-,,-,False,49/49,100.0%,True,-,-,-,-,-,-,74.45
2026-10-02 08:45:56,train,9978,FINGER,49,49,49,100.0%,49,-,-,,-,False,49/49,100.0%,True,-,-,-,-,-,-,73.83
2026-10-02 08:47:39,train,29737,FOREARM,48,48,49,98.0%,1,-,-,,-,False,49/49,100.0%,True,-,-,-,-,-,-,73.53
2026-10-02 08:49:23,train,31566,HAND,49,49,49,100.0%,49,-,-,,-,False,49/49,100.0%,True,-,-,-,-,-,-,73.6
2026-10-02 08:51:07,train,8681,HUMERUS,49,49,49,100.0%,49,-,-,,-,False,49/49,100.0%,True,-,-,-,-,-,-,73.58
2026-10-02 08:52:50,train,701,SHOULDER,49,49,49,100.0%,49,-,-,,-,False,49/49,100.0%,True,-,-,-,-,-,-,73.83
2026-10-02 08:54:35,train,19989,WRIST,47,49,49,95.9%,0,-,-,,-,False,49/49,100.0%,True,-,-,-,-,-,-,74.32
2026-10-02 08:56:19,train,15088,ELBOW,49,49,49,100.0%,49,-,-,,-,False,49/49,100.0%,True,-,-,-,-,-,-,74.08
2026-10-02 08:58:02,train,9979,FINGER,49,49,49,100.0%,49,-,-,,-,False,49/49,100.0%,True,-,-,-,-,-,-,73.63
2026-10-02 08:59:46,train,29738,FOREARM,48,49,49,98.0%,0,-,-,,-,False,49/49,100.0%,True,-,-,-,-,-,-,73.79
2026-10-02 09:01:30,train,31567,HAND,42,49,49,85.7%,0,-,-,,-,False,49/49,100.0%,True,-,-,-,-,-,-,74.27
2026-10-02 09:03:16,train,8682,HUMERUS,48,49,49,98.0%,0,-,-,,-,False,49/49,100.0%,True,-,-,-,-,-,-,75.26
2026-10-02 09:05:00,train,702,SHOULDER,49,49,49,100.0%,49,-,-,,-,False,49/49,100.0%,True,-,-,-,-,-,-,73.99
2026-10-02 09:06:43,train,19990,WRIST,45,49,49,91.8%,0,-,-,,-,False,49/49,100.0%,True,-,-,-,-,-,-,73.51
2026-10-02 09:08:28,train,15089,ELBOW,49,49,49,100.0%,49,-,-,,-,False,49/49,100.0%,True,-,-,-,-,-,-,74.31
2026-10-02 09:10:12,train,9980,FINGER,47,49,49,95.9%,0,-,-,,-,False,49/49,100.0%,True,-,-,-,-,-,-,74.28
2026-10-02 09:11:56,train,29739,FOREARM,48,49,49,98.0%,0,-,-,,-,False,49/49,100.0%,True,-,-,-,-,-,-,74.49
2026-10-02 09:13:40,train,31568,HAND,49,49,49,100.0%,49,-,-,,-,False,49/49,100.0%,True,-,-,-,-,-,-,73.92
2026-10-02 09:15:24,train,8683,HUMERUS,49,49,49,100.0%,49,-,-,,-,False,49/49,100.0%,True,-,-,-,-,-,-,74.0
2026-10-02 09:17:09,train,703,SHOULDER,47,49,49,95.9%,0,-,-,,-,False,49/49,100.0%,True,-,-,-,-,-,-,74.32
2026-10-02 09:18:53,train,19991,WRIST,0,0,49,0.0%,0,-,-,,-,False,49/49,100.0%,True,-,-,-,-,-,-,74.17
2026-10-02 09:20:36,train,15090,ELBOW,46,49,49,93.9%,0,-,-,,-,False,49/49,100.0%,True,-,-,-,-,-,-,73.62
2026-10-02 09:22:20,train,9981,FINGER,49,49,49,100.0%,49,-,-,,-,False,49/49,100.0%,True,-,-,-,-,-,-,73.7
2026-10-02 09:24:04,train,29740,FOREARM,43,49,49,87.8%,0,-,-,,-,False,49/49,100.0%,True,-,-,-,-,-,-,73.94
2026-10-02 09:25:48,train,31569,HAND,44,49,49,89.8%,0,-,-,,-,False,49/49,100.0%,True,-,-,-,-,-,-,74.33
2026-10-02 09:27:32,train,8684,HUMERUS,49,49,49,100.0%,49,-,-,,-,False,49/49,100.0%,True,-,-,-,-,-,-,73.65
2026-10-02 09:29:16,train,704,SHOULDER,49,49,49,100.0%,49,-,-,,-,False,49/49,100.0%,True,-,-,-,-,-,-,74.19
2026-10-02 09:31:00,train,19992,WRIST,49,49,49,100.0%,49,-,-,,-,False,49/49,100.0%,True,-,-,-,-,-,-,73.84
2026-10-02 09:32:44,train,15091,ELBOW,49,49,49,100.0%,49,-,-,,-,False,49/49,100.0%,True,-,-,-,-,-,-,74.12
2026-10-02 09:34:29,train,9982,FINGER,48,49,49,98.0%,0,-,-,,-,False,49/49,100.0%,True,-,-,-,-,-,-,74.54
2026-10-02 09:35:45,train,15083,ELBOW,49,49,49,100.0%,49,-,-,,-,False,49/49,100.0%,True,-,-,-,-,-,-,73.99
2026-10-02 09:37:29,train,9983,FINGER,49,49,49,100.0%,49,-,-,,-,False,49/49,100.0%,True,-,-,-,-,-,-,74.35
2026-10-02 09:39:13,train,29741,FOREARM,49,49,49,100.0%,49,-,-,,-,False,49/49,100.0%,True,-,-,-,-,-,-,73.82
2026-10-02 09:40:57,train,31556,HAND,48,49,49,98.0%,0,-,-,,-,False,49/49,100.0%,True,-,-,-,-,-,-,74.1
2026-10-02 09:42:41,train,8685,HUMERUS,46,49,49,93.9%,0,-,-,,-,False,49/49,100.0%,True,-,-,-,-,-,-,73.52
2026-10-02 09:44:24,train,705,SHOULDER,49,49,49,100.0%,49,-,-,,-,False,49/49,100.0%,True,-,-,-,-,-,-,73.28
2026-10-02 09:46:08,train,19991,WRIST,48,48,49,98.0%,0,-,-,,-,False,49/49,100.0%,True,-,-,-,-,-,-,74.46
2026-10-02 09:47:53,train,15092,ELBOW,46,48,49,93.9%,0,-,-,,-,False,49/49,100.0%,True,-,-,-,-,-,-,74.92
2026-10-02 09:49:37,train,9984,FINGER,49,49,49,100.0%,49,-,-,,-,False,49/49,100.0%,True,-,-,-,-,-,-,73.75
2026-10-02 09:51:21,train,29742,FOREARM,48,49,49,98.0%,0,-,-,,-,False,49/49,100.0%,True,-,-,-,-,-,-,74.32
2026-10-02 09:53:05,train,31570,HAND,49,49,49,100.0%,49,-,-,,-,False,49/49,100.0%,True,-,-,-,-,-,-,73.83
2026-10-02 09:54:49,train,8686,HUMERUS,48,49,49,98.0%,0,-,-,,-,False,49/49,100.0%,True,-,-,-,-,-,-,74.04
2026-10-02 09:56:32,train,706,SHOULDER,46,49,49,93.9%,0,-,-,,-,False,49/49,100.0%,True,-,-,-,-,-,-,73.16
2026-10-02 09:58:16,train,19993,WRIST,47,49,49,95.9%,0,-,-,,-,False,49/49,100.0%,True,-,-,-,-,-,-,73.24
2026-10-02 10:00:00,train,15093,ELBOW,44,49,49,89.8%,0,-,-,,-,False,49/49,100.0%,True,-,-,-,-,-,-,74.41
2026-10-02 10:01:43,train,9985,FINGER,49,49,49,100.0%,49,-,-,,-,False,49/49,100.0%,True,-,-,-,-,-,-,73.09
2026-10-02 10:03:28,train,29743,FOREARM,48,49,49,98.0%,0,-,-,,-,False,49/49,100.0%,True,-,-,-,-,-,-,74.92
2026-10-02 10:05:14,train,31571,HAND,48,49,49,98.0%,0,-,-,,-,False,49/49,100.0%,True,-,-,-,-,-,-,75.57
2026-10-02 10:06:58,train,8687,HUMERUS,49,49,49,100.0%,49,-,-,,-,False,49/49,100.0%,True,-,-,-,-,-,-,74.42
2026-10-02 10:08:43,train,707,SHOULDER,47,49,49,95.9%,0,-,-,,-,False,49/49,100.0%,True,-,-,-,-,-,-,74.47
2026-10-02 10:10:27,train,19994,WRIST,47,49,49,95.9%,0,-,-,,-,False,49/49,100.0%,True,-,-,-,-,-,-,74.07
2026-10-02 10:12:11,train,15094,ELBOW,48,49,49,98.0%,0,-,-,,-,False,49/49,100.0%,True,-,-,-,-,-,-,74.18
2026-10-02 10:13:54,train,9986,FINGER,49,49,49,100.0%,49,-,-,,-,False,49/49,100.0%,True,-,-,-,-,-,-,72.98
2026-10-02 10:15:38,train,29744,FOREARM,45,49,49,91.8%,0,-,-,,-,False,49/49,100.0%,True,-,-,-,-,-,-,74.26
2026-10-02 10:17:23,train,31572,HAND,49,49,49,100.0%,49,-,-,,-,False,49/49,100.0%,True,-,-,-,-,-,-,75.39
2026-10-02 10:19:08,train,8688,HUMERUS,49,49,49,100.0%,49,-,-,,-,False,49/49,100.0%,True,-,-,-,-,-,-,74.35
2026-10-02 10:20:53,train,708,SHOULDER,49,49,49,100.0%,49,-,-,,-,False,49/49,100.0%,True,-,-,-,-,-,-,75.36
2026-10-02 10:22:37,train,19995,WRIST,46,49,49,93.9%,0,-,-,,-,False,49/49,100.0%,True,-,-,-,-,-,-,73.97
2026-10-02 10:24:24,train,15095,ELBOW,38,49,49,77.6%,0,-,-,,-,False,49/49,100.0%,True,-,-,-,-,-,-,77.03
2026-10-02 10:26:09,train,9987,FINGER,42,49,49,85.7%,0,-,-,,-,False,49/49,100.0%,True,-,-,-,-,-,-,74.6
2026-10-02 10:27:53,train,29745,FOREARM,48,49,49,98.0%,0,-,-,,-,False,49/49,100.0%,True,-,-,-,-,-,-,74.03
2026-10-02 10:29:38,train,31573,HAND,34,48,49,69.4%,0,-,-,,-,False,49/49,100.0%,True,-,-,-,-,-,-,74.94
2026-10-02 10:31:22,train,8689,HUMERUS,48,49,49,98.0%,0,-,-,,-,False,49/49,100.0%,True,-,-,-,-,-,-,74.45
2026-10-02 10:33:07,train,709,SHOULDER,49,49,49,100.0%,49,-,-,,-,False,49/49,100.0%,True,-,-,-,-,-,-,75.04
2026-10-02 10:34:51,train,19996,WRIST,48,49,49,98.0%,0,-,-,,-,False,49/49,100.0%,True,-,-,-,-,-,-,74.27
2026-10-02 10:36:36,train,15096,ELBOW,49,49,49,100.0%,49,-,-,,-,False,49/49,100.0%,True,-,-,-,-,-,-,74.8
2026-10-02 10:38:21,train,9988,FINGER,49,49,49,100.0%,49,-,-,,-,False,49/49,100.0%,True,-,-,-,-,-,-,74.29
2026-10-02 10:40:04,train,29746,FOREARM,49,49,49,100.0%,49,-,-,,-,False,49/49,100.0%,True,-,-,-,-,-,-,73.61
2026-10-02 10:41:48,train,31574,HAND,48,49,49,98.0%,0,-,-,,-,False,49/49,100.0%,True,-,-,-,-,-,-,73.89
2026-10-02 10:43:32,train,8690,HUMERUS,44,49,49,89.8%,0,-,-,,-,False,49/49,100.0%,True,-,-,-,-,-,-,74.31
2026-10-02 10:45:17,train,710,SHOULDER,46,49,49,93.9%,0,-,-,,-,False,49/49,100.0%,True,-,-,-,-,-,-,74.81
2026-10-02 10:47:02,train,19997,WRIST,48,49,49,98.0%,0,-,-,,-,False,49/49,100.0%,True,-,-,-,-,-,-,74.66
2026-10-02 10:48:47,train,15097,ELBOW,49,49,49,100.0%,49,-,-,,-,False,49/49,100.0%,True,-,-,-,-,-,-,74.75
2026-10-02 10:50:31,train,9989,FINGER,49,49,49,100.0%,49,-,-,,-,False,49/49,100.0%,True,-,-,-,-,-,-,74.06
2026-10-02 10:52:15,train,29747,FOREARM,49,49,49,100.0%,49,-,-,,-,False,49/49,100.0%,True,-,-,-,-,-,-,74.55
2026-10-02 10:53:58,train,31575,HAND,44,49,49,89.8%,0,-,-,,-,False,49/49,100.0%,True,-,-,-,-,-,-,73.26
2026-10-02 10:55:44,train,8691,HUMERUS,49,49,49,100.0%,49,-,-,,-,False,49/49,100.0%,True,-,-,-,-,-,-,75.24
2026-10-02 10:57:30,train,711,SHOULDER,47,49,49,95.9%,0,-,-,,-,False,49/49,100.0%,True,-,-,-,-,-,-,76.59
2026-10-02 10:59:15,train,19998,WRIST,48,49,49,98.0%,0,-,-,,-,False,49/49,100.0%,True,-,-,-,-,-,-,74.48
2026-10-02 11:01:00,train,15098,ELBOW,46,49,49,93.9%,0,-,-,,-,False,49/49,100.0%,True,-,-,-,-,-,-,75.21
2026-10-02 11:02:45,train,9990,FINGER,44,48,49,89.8%,0,-,-,,-,False,49/49,100.0%,True,-,-,-,-,-,-,74.58
2026-10-02 11:04:29,train,29748,FOREARM,47,49,49,95.9%,0,-,-,,-,False,49/49,100.0%,True,-,-,-,-,-,-,74.81
2026-10-02 11:06:14,train,31576,HAND,13,13,49,26.5%,0,-,-,,-,False,49/49,100.0%,True,-,-,-,-,-,-,75.1
2026-10-02 11:07:58,train,8692,HUMERUS,46,49,49,93.9%,0,-,-,,-,False,49/49,100.0%,True,-,-,-,-,-,-,73.96
2026-10-02 11:09:43,train,712,SHOULDER,49,49,49,100.0%,49,-,-,,-,False,49/49,100.0%,True,-,-,-,-,-,-,74.39
2026-10-02 11:11:26,train,19999,WRIST,49,49,49,100.0%,49,-,-,,-,False,49/49,100.0%,True,-,-,-,-,-,-,73.32
2026-10-02 11:13:11,train,15099,ELBOW,49,49,49,100.0%,49,-,-,,-,False,49/49,100.0%,True,-,-,-,-,-,-,74.99
2026-10-02 11:14:55,train,9991,FINGER,48,49,49,98.0%,0,-,-,,-,False,49/49,100.0%,True,-,-,-,-,-,-,74.07
2026-10-02 11:16:39,train,29749,FOREARM,49,49,49,100.0%,49,-,-,,-,False,49/49,100.0%,True,-,-,-,-,-,-,74.0
2026-10-02 11:18:23,train,31577,HAND,49,49,49,100.0%,49,-,-,,-,False,49/49,100.0%,True,-,-,-,-,-,-,74.23
2026-10-02 11:20:07,train,8693,HUMERUS,49,49,49,100.0%,49,-,-,,-,False,49/49,100.0%,True,-,-,-,-,-,-,73.67
2026-10-02 11:21:52,train,713,SHOULDER,47,49,49,95.9%,0,-,-,,-,False,49/49,100.0%,True,-,-,-,-,-,-,75.31
2026-10-02 11:23:36,train,20000,WRIST,49,49,49,100.0%,49,-,-,,-,False,49/49,100.0%,True,-,-,-,-,-,-,73.94
2026-10-02 11:25:20,train,15100,ELBOW,49,49,49,100.0%,49,-,-,,-,False,49/49,100.0%,True,-,-,-,-,-,-,73.88
2026-10-02 11:27:05,train,9992,FINGER,48,49,49,98.0%,0,-,-,,-,False,49/49,100.0%,True,-,-,-,-,-,-,74.68
2026-10-02 11:28:50,train,29750,FOREARM,48,49,49,98.0%,0,-,-,,-,False,49/49,100.0%,True,-,-,-,-,-,-,75.49
2026-10-02 11:30:35,train,31578,HAND,48,49,49,98.0%,0,-,-,,-,False,49/49,100.0%,True,-,-,-,-,-,-,74.81
2026-10-02 11:32:19,train,8694,HUMERUS,48,49,49,98.0%,0,-,-,,-,False,49/49,100.0%,True,-,-,-,-,-,-,73.49
2026-10-02 11:34:04,train,714,SHOULDER,48,49,49,98.0%,0,-,-,,-,False,49/49,100.0%,True,-,-,-,-,-,-,74.94
2026-10-02 11:35:47,train,20001,WRIST,49,49,49,100.0%,49,-,-,,-,False,49/49,100.0%,True,-,-,-,-,-,-,73.67
2026-10-02 11:37:32,train,15101,ELBOW,49,49,49,100.0%,49,-,-,,-,False,49/49,100.0%,True,-,-,-,-,-,-,74.32
2026-10-02 11:39:16,train,9993,FINGER,49,49,49,100.0%,49,-,-,,-,False,49/49,100.0%,True,-,-,-,-,-,-,74.81
2026-10-02 11:41:00,train,29751,FOREARM,49,49,49,100.0%,49,-,-,,-,False,49/49,100.0%,True,-,-,-,-,-,-,73.84
2026-10-02 11:42:45,train,31579,HAND,48,49,49,98.0%,0,-,-,,-,False,49/49,100.0%,True,-,-,-,-,-,-,74.56
2026-10-02 11:44:30,train,8695,HUMERUS,49,49,49,100.0%,49,-,-,,-,False,49/49,100.0%,True,-,-,-,-,-,-,74.88
2026-10-02 11:46:14,train,715,SHOULDER,0,23,49,0.0%,0,-,-,,-,False,49/49,100.0%,True,-,-,-,-,-,-,74.5
2026-10-02 11:47:59,train,20002,WRIST,48,49,49,98.0%,0,-,-,,-,False,49/49,100.0%,True,-,-,-,-,-,-,75.08
2026-10-02 11:49:44,train,15102,ELBOW,49,49,49,100.0%,49,-,-,,-,False,49/49,100.0%,True,-,-,-,-,-,-,75.04
2026-10-02 11:51:28,train,9994,FINGER,49,49,49,100.0%,49,-,-,,-,False,49/49,100.0%,True,-,-,-,-,-,-,73.98
2026-10-02 11:53:12,train,29752,FOREARM,47,49,49,95.9%,0,-,-,,-,False,49/49,100.0%,True,-,-,-,-,-,-,73.95
2026-10-02 11:54:56,train,31580,HAND,47,49,49,95.9%,0,-,-,,-,False,49/49,100.0%,True,-,-,-,-,-,-,74.16
2026-10-02 11:56:40,train,8696,HUMERUS,49,49,49,100.0%,49,-,-,,-,False,49/49,100.0%,True,-,-,-,-,-,-,73.15
2026-10-02 11:58:23,train,716,SHOULDER,45,49,49,91.8%,0,-,-,,-,False,49/49,100.0%,True,-,-,-,-,-,-,73.31
2026-10-02 12:00:07,train,20003,WRIST,49,49,49,100.0%,49,-,-,,-,False,49/49,100.0%,True,-,-,-,-,-,-,73.86
2026-10-02 12:01:50,train,15103,ELBOW,49,49,49,100.0%,49,-,-,,-,False,49/49,100.0%,True,-,-,-,-,-,-,73.13
2026-10-02 12:03:35,train,9995,FINGER,48,49,49,98.0%,0,-,-,,-,False,49/49,100.0%,True,-,-,-,-,-,-,75.13
2026-10-02 12:05:19,train,29753,FOREARM,49,49,49,100.0%,49,-,-,,-,False,49/49,100.0%,True,-,-,-,-,-,-,73.85
2026-10-02 12:07:03,train,31581,HAND,44,48,49,89.8%,0,-,-,,-,False,49/49,100.0%,True,-,-,-,-,-,-,73.96
2026-10-02 12:08:49,train,8697,HUMERUS,49,49,49,100.0%,49,-,-,,-,False,49/49,100.0%,True,-,-,-,-,-,-,75.89
2026-10-02 12:10:32,train,717,SHOULDER,49,49,49,100.0%,49,-,-,,-,False,49/49,100.0%,True,-,-,-,-,-,-,73.69
2026-10-02 12:12:18,train,20004,WRIST,49,49,49,100.0%,49,-,-,,-,False,49/49,100.0%,True,-,-,-,-,-,-,75.21
2026-10-02 12:14:02,train,15104,ELBOW,49,49,49,100.0%,49,-,-,,-,False,49/49,100.0%,True,-,-,-,-,-,-,74.05
2026-10-02 12:15:46,train,9996,FINGER,49,49,49,100.0%,49,-,-,,-,False,49/49,100.0%,True,-,-,-,-,-,-,74.17
2026-10-02 12:17:31,train,29754,FOREARM,48,49,49,98.0%,0,-,-,,-,False,49/49,100.0%,True,-,-,-,-,-,-,75.15
2026-10-02 12:19:15,train,31582,HAND,49,49,49,100.0%,49,-,-,,-,False,49/49,100.0%,True,-,-,-,-,-,-,73.53
2026-10-02 12:20:58,train,8698,HUMERUS,49,49,49,100.0%,49,-,-,,-,False,49/49,100.0%,True,-,-,-,-,-,-,73.75
2026-10-02 12:22:43,train,718,SHOULDER,48,49,49,98.0%,0,-,-,,-,False,49/49,100.0%,True,-,-,-,-,-,-,74.71
2026-10-02 12:24:28,train,20005,WRIST,48,49,49,98.0%,0,-,-,,-,False,49/49,100.0%,True,-,-,-,-,-,-,74.97
2026-10-02 12:26:14,train,15105,ELBOW,47,49,49,95.9%,0,-,-,,-,False,49/49,100.0%,True,-,-,-,-,-,-,76.51
2026-10-02 12:28:00,train,9997,FINGER,49,49,49,100.0%,49,-,-,,-,False,49/49,100.0%,True,-,-,-,-,-,-,75.16
2026-10-02 12:29:16,train,15106,ELBOW,49,49,49,100.0%,49,-,-,,-,False,49/49,100.0%,True,-,-,-,-,-,-,73.66
2026-10-02 12:30:59,train,9998,FINGER,48,49,49,98.0%,0,-,-,,-,False,49/49,100.0%,True,-,-,-,-,-,-,73.81
2026-10-02 12:32:44,train,29755,FOREARM,48,49,49,98.0%,0,-,-,,-,False,49/49,100.0%,True,-,-,-,-,-,-,74.31
2026-10-02 12:34:28,train,31583,HAND,47,49,49,95.9%,0,-,-,,-,False,49/49,100.0%,True,-,-,-,-,-,-,74.21
2026-10-02 12:36:13,train,8699,HUMERUS,49,49,49,100.0%,49,-,-,,-,False,49/49,100.0%,True,-,-,-,-,-,-,74.65
2026-10-02 12:37:57,train,715,SHOULDER,45,48,49,91.8%,0,-,-,,-,False,49/49,100.0%,True,-,-,-,-,-,-,74.12
2026-10-02 12:39:41,train,20006,WRIST,49,49,49,100.0%,49,-,-,,-,False,49/49,100.0%,True,-,-,-,-,-,-,74.56
2026-10-02 12:41:25,train,15107,ELBOW,13,13,49,26.5%,0,-,-,,-,False,49/49,100.0%,True,-,-,-,-,-,-,73.84
2026-10-02 12:43:09,train,9999,FINGER,48,49,49,98.0%,0,-,-,,-,False,49/49,100.0%,True,-,-,-,-,-,-,73.74
2026-10-02 12:44:53,train,29756,FOREARM,48,49,49,98.0%,0,-,-,,-,False,49/49,100.0%,True,-,-,-,-,-,-,73.94
2026-10-02 12:46:37,train,31584,HAND,49,49,49,100.0%,49,-,-,,-,False,49/49,100.0%,True,-,-,-,-,-,-,74.08
2026-10-02 12:48:22,train,8700,HUMERUS,49,49,49,100.0%,49,-,-,,-,False,49/49,100.0%,True,-,-,-,-,-,-,75.53
2026-10-02 12:50:07,train,719,SHOULDER,49,49,49,100.0%,49,-,-,,-,False,49/49,100.0%,True,-,-,-,-,-,-,74.45
2026-10-02 12:51:51,train,20007,WRIST,48,48,49,98.0%,1,-,-,,-,False,49/49,100.0%,True,-,-,-,-,-,-,73.71
2026-10-02 12:53:34,train,15108,ELBOW,47,49,49,95.9%,0,-,-,,-,False,49/49,100.0%,True,-,-,-,-,-,-,73.73
2026-10-02 12:55:18,train,10000,FINGER,40,48,49,81.6%,0,-,-,,-,False,49/49,100.0%,True,-,-,-,-,-,-,74.1
2026-10-02 12:57:02,train,29757,FOREARM,49,49,49,100.0%,49,-,-,,-,False,49/49,100.0%,True,-,-,-,-,-,-,73.77
2026-10-02 12:58:48,train,31585,HAND,0,0,49,0.0%,0,-,-,,-,False,49/49,100.0%,True,-,-,-,-,-,-,75.48
2026-10-02 13:00:32,train,8701,HUMERUS,49,49,49,100.0%,49,-,-,,-,False,49/49,100.0%,True,-,-,-,-,-,-,74.0
2026-10-02 13:02:16,train,720,SHOULDER,46,48,49,93.9%,0,-,-,,-,False,49/49,100.0%,True,-,-,-,-,-,-,74.86
2026-10-02 13:04:00,train,20008,WRIST,49,49,49,100.0%,49,-,-,,-,False,49/49,100.0%,True,-,-,-,-,-,-,73.98
2026-10-02 13:05:45,train,15109,ELBOW,48,49,49,98.0%,0,-,-,,-,False,49/49,100.0%,True,-,-,-,-,-,-,74.55
2026-10-02 13:07:29,train,10001,FINGER,49,49,49,100.0%,49,-,-,,-,False,49/49,100.0%,True,-,-,-,-,-,-,74.41
2026-10-02 13:09:14,train,29758,FOREARM,46,49,49,93.9%,0,-,-,,-,False,49/49,100.0%,True,-,-,-,-,-,-,74.64
2026-10-02 13:10:58,train,31586,HAND,49,49,49,100.0%,49,-,-,,-,False,49/49,100.0%,True,-,-,-,-,-,-,73.76
2026-10-02 13:12:42,train,8702,HUMERUS,49,49,49,100.0%,49,-,-,,-,False,49/49,100.0%,True,-,-,-,-,-,-,74.29
2026-10-02 13:14:26,train,721,SHOULDER,49,49,49,100.0%,49,-,-,,-,False,49/49,100.0%,True,-,-,-,-,-,-,74.13
2026-10-02 13:16:10,train,20009,WRIST,49,49,49,100.0%,49,-,-,,-,False,49/49,100.0%,True,-,-,-,-,-,-,74.02
2026-10-02 13:17:55,train,15110,ELBOW,49,49,49,100.0%,49,-,-,,-,False,49/49,100.0%,True,-,-,-,-,-,-,74.37
2026-10-02 13:19:39,train,10002,FINGER,45,49,49,91.8%,0,-,-,,-,False,49/49,100.0%,True,-,-,-,-,-,-,74.23
2026-10-02 13:21:24,train,29759,FOREARM,48,49,49,98.0%,0,-,-,,-,False,49/49,100.0%,True,-,-,-,-,-,-,74.96
2026-10-02 13:23:08,train,31587,HAND,49,49,49,100.0%,49,-,-,,-,False,49/49,100.0%,True,-,-,-,-,-,-,73.97
2026-10-02 13:24:53,train,8703,HUMERUS,48,49,49,98.0%,0,-,-,,-,False,49/49,100.0%,True,-,-,-,-,-,-,74.85
2026-10-02 13:26:38,train,722,SHOULDER,46,48,49,93.9%,0,-,-,,-,False,49/49,100.0%,True,-,-,-,-,-,-,75.6
2026-10-02 13:28:22,train,20010,WRIST,49,49,49,100.0%,49,-,-,,-,False,49/49,100.0%,True,-,-,-,-,-,-,73.78
2026-10-02 13:30:07,train,15111,ELBOW,48,49,49,98.0%,0,-,-,,-,False,49/49,100.0%,True,-,-,-,-,-,-,75.35
2026-10-02 13:31:52,train,10003,FINGER,49,49,49,100.0%,49,-,-,,-,False,49/49,100.0%,True,-,-,-,-,-,-,74.96
2026-10-02 13:33:37,train,29760,FOREARM,49,49,49,100.0%,49,-,-,,-,False,49/49,100.0%,True,-,-,-,-,-,-,74.46
2026-10-02 13:35:22,train,31588,HAND,49,49,49,100.0%,49,-,-,,-,False,49/49,100.0%,True,-,-,-,-,-,-,75.55
2026-10-02 13:37:06,train,8704,HUMERUS,48,49,49,98.0%,0,-,-,,-,False,49/49,100.0%,True,-,-,-,-,-,-,73.62
2026-10-02 13:38:49,train,723,SHOULDER,49,49,49,100.0%,49,-,-,,-,False,49/49,100.0%,True,-,-,-,-,-,-,73.3
2026-10-02 13:40:33,train,20011,WRIST,48,49,49,98.0%,0,-,-,,-,False,49/49,100.0%,True,-,-,-,-,-,-,74.17
2026-10-02 13:42:19,train,15112,ELBOW,47,49,49,95.9%,0,-,-,,-,False,49/49,100.0%,True,-,-,-,-,-,-,75.05
2026-10-02 13:44:03,train,10004,FINGER,49,49,49,100.0%,49,-,-,,-,False,49/49,100.0%,True,-,-,-,-,-,-,74.47
2026-10-02 13:45:47,train,29761,FOREARM,44,48,49,89.8%,0,-,-,,-,False,49/49,100.0%,True,-,-,-,-,-,-,74.12
2026-10-02 13:47:32,train,31589,HAND,49,49,49,100.0%,49,-,-,,-,False,49/49,100.0%,True,-,-,-,-,-,-,74.82
2026-10-02 13:49:16,train,8705,HUMERUS,49,49,49,100.0%,49,-,-,,-,False,49/49,100.0%,True,-,-,-,-,-,-,74.23
2026-10-02 13:51:00,train,724,SHOULDER,48,48,49,98.0%,0,-,-,,-,False,49/49,100.0%,True,-,-,-,-,-,-,74.27
2026-10-02 13:52:45,train,20012,WRIST,48,49,49,98.0%,0,-,-,,-,False,49/49,100.0%,True,-,-,-,-,-,-,74.48
2026-10-02 13:54:29,train,15113,ELBOW,48,49,49,98.0%,0,-,-,,-,False,49/49,100.0%,True,-,-,-,-,-,-,74.48
2026-10-02 13:56:14,train,10005,FINGER,49,49,49,100.0%,49,-,-,,-,False,49/49,100.0%,True,-,-,-,-,-,-,75.08
2026-10-02 13:57:59,train,29762,FOREARM,47,49,49,95.9%,0,-,-,,-,False,49/49,100.0%,True,-,-,-,-,-,-,74.65
2026-10-02 13:59:43,train,31590,HAND,0,18,49,0.0%,0,-,-,,-,False,49/49,100.0%,True,-,-,-,-,-,-,73.9
2026-10-02 14:01:28,train,8706,HUMERUS,48,49,49,98.0%,0,-,-,,-,False,49/49,100.0%,True,-,-,-,-,-,-,74.51
2026-10-02 14:03:11,train,725,SHOULDER,48,49,49,98.0%,0,-,-,,-,False,49/49,100.0%,True,-,-,-,-,-,-,73.27
2026-10-02 14:04:57,train,20013,WRIST,48,49,49,98.0%,0,-,-,,-,False,49/49,100.0%,True,-,-,-,-,-,-,75.69
2026-10-02 14:06:40,train,15114,ELBOW,46,48,49,93.9%,0,-,-,,-,False,49/49,100.0%,True,-,-,-,-,-,-,73.4
2026-10-02 14:08:24,train,10006,FINGER,49,49,49,100.0%,49,-,-,,-,False,49/49,100.0%,True,-,-,-,-,-,-,74.08
2026-10-02 14:10:09,train,29763,FOREARM,48,49,49,98.0%,0,-,-,,-,False,49/49,100.0%,True,-,-,-,-,-,-,74.71
2026-10-02 14:11:53,train,31591,HAND,48,49,49,98.0%,0,-,-,,-,False,49/49,100.0%,True,-,-,-,-,-,-,74.5
2026-10-02 14:13:38,train,8707,HUMERUS,46,46,49,93.9%,0,-,-,,-,False,49/49,100.0%,True,-,-,-,-,-,-,75.18
2026-10-02 14:15:23,train,726,SHOULDER,49,49,49,100.0%,49,-,-,,-,False,49/49,100.0%,True,-,-,-,-,-,-,74.69
2026-10-02 14:17:07,train,20014,WRIST,49,49,49,100.0%,49,-,-,,-,False,49/49,100.0%,True,-,-,-,-,-,-,74.15
2026-10-02 14:18:52,train,15115,ELBOW,49,49,49,100.0%,49,-,-,,-,False,49/49,100.0%,True,-,-,-,-,-,-,74.62
2026-10-02 14:20:36,train,10007,FINGER,49,49,49,100.0%,49,-,-,,-,False,49/49,100.0%,True,-,-,-,-,-,-,74.41
2026-10-02 14:22:20,train,29764,FOREARM,49,49,49,100.0%,49,-,-,,-,False,49/49,100.0%,True,-,-,-,-,-,-,74.14
2026-10-02 14:24:04,train,31592,HAND,49,49,49,100.0%,49,-,-,,-,False,49/49,100.0%,True,-,-,-,-,-,-,74.11
2026-10-02 14:25:49,train,8708,HUMERUS,49,49,49,100.0%,49,-,-,,-,False,49/49,100.0%,True,-,-,-,-,-,-,74.51
2026-10-02 14:27:34,train,727,SHOULDER,46,49,49,93.9%,0,-,-,,-,False,49/49,100.0%,True,-,-,-,-,-,-,75.33
2026-10-02 14:29:19,train,20015,WRIST,0,40,49,0.0%,0,-,-,,-,False,49/49,100.0%,True,-,-,-,-,-,-,74.59
2026-10-02 14:31:03,train,15116,ELBOW,48,49,49,98.0%,0,-,-,,-,False,49/49,100.0%,True,-,-,-,-,-,-,73.93
2026-10-02 14:32:47,train,10008,FINGER,48,49,49,98.0%,0,-,-,,-,False,49/49,100.0%,True,-,-,-,-,-,-,74.11
2026-10-02 14:34:31,train,29765,FOREARM,45,49,49,91.8%,0,-,-,,-,False,49/49,100.0%,True,-,-,-,-,-,-,74.2
2026-10-02 14:36:15,train,31593,HAND,48,49,49,98.0%,0,-,-,,-,False,49/49,100.0%,True,-,-,-,-,-,-,73.72
2026-10-02 14:37:58,train,8709,HUMERUS,48,49,49,98.0%,0,-,-,,-,False,49/49,100.0%,True,-,-,-,-,-,-,73.54
2026-10-02 14:39:42,train,728,SHOULDER,49,49,49,100.0%,49,-,-,,-,False,49/49,100.0%,True,-,-,-,-,-,-,73.55
2026-10-02 14:41:27,train,20016,WRIST,49,49,49,100.0%,49,-,-,,-,False,49/49,100.0%,True,-,-,-,-,-,-,74.56
2026-10-02 14:43:10,train,15117,ELBOW,49,49,49,100.0%,49,-,-,,-,False,49/49,100.0%,True,-,-,-,-,-,-,73.44
2026-10-02 14:44:53,train,10009,FINGER,49,49,49,100.0%,49,-,-,,-,False,49/49,100.0%,True,-,-,-,-,-,-,73.49
2026-10-02 14:46:39,train,29766,FOREARM,48,49,49,98.0%,0,-,-,,-,False,49/49,100.0%,True,-,-,-,-,-,-,75.18
2026-10-02 14:48:23,train,31594,HAND,47,49,49,95.9%,0,-,-,,-,False,49/49,100.0%,True,-,-,-,-,-,-,74.36
2026-10-02 14:50:07,train,8710,HUMERUS,48,49,49,98.0%,0,-,-,,-,False,49/49,100.0%,True,-,-,-,-,-,-,74.33
2026-10-02 14:51:52,train,729,SHOULDER,48,48,49,98.0%,0,-,-,,-,False,49/49,100.0%,True,-,-,-,-,-,-,74.18
2026-10-02 14:53:35,train,20017,WRIST,42,49,49,85.7%,0,-,-,,-,False,49/49,100.0%,True,-,-,-,-,-,-,73.13
2026-10-02 14:55:19,train,15118,ELBOW,48,49,49,98.0%,0,-,-,,-,False,49/49,100.0%,True,-,-,-,-,-,-,74.76
2026-10-02 14:57:04,train,10010,FINGER,48,49,49,98.0%,0,-,-,,-,False,49/49,100.0%,True,-,-,-,-,-,-,74.13
2026-10-02 14:58:47,train,29767,FOREARM,47,49,49,95.9%,0,-,-,,-,False,49/49,100.0%,True,-,-,-,-,-,-,73.67
2026-10-02 15:00:31,train,31595,HAND,47,49,49,95.9%,0,-,-,,-,False,49/49,100.0%,True,-,-,-,-,-,-,73.42
2026-10-02 15:02:16,train,8711,HUMERUS,47,49,49,95.9%,0,-,-,,-,False,49/49,100.0%,True,-,-,-,-,-,-,75.36
2026-10-02 15:04:00,train,730,SHOULDER,49,49,49,100.0%,49,-,-,,-,False,49/49,100.0%,True,-,-,-,-,-,-,73.5
2026-10-02 15:05:44,train,20018,WRIST,43,48,49,87.8%,0,-,-,,-,False,49/49,100.0%,True,-,-,-,-,-,-,74.14
2026-10-02 15:07:28,train,15119,ELBOW,49,49,49,100.0%,49,-,-,,-,False,49/49,100.0%,True,-,-,-,-,-,-,74.04
2026-10-02 15:09:12,train,10011,FINGER,49,49,49,100.0%,49,-,-,,-,False,49/49,100.0%,True,-,-,-,-,-,-,74.5
2026-10-02 15:10:56,train,29768,FOREARM,49,49,49,100.0%,49,-,-,,-,False,49/49,100.0%,True,-,-,-,-,-,-,74.08
2026-10-02 15:12:41,train,31596,HAND,49,49,49,100.0%,49,-,-,,-,False,49/49,100.0%,True,-,-,-,-,-,-,74.5
2026-10-02 15:14:24,train,8712,HUMERUS,48,49,49,98.0%,0,-,-,,-,False,49/49,100.0%,True,-,-,-,-,-,-,73.36
2026-10-02 15:16:08,train,731,SHOULDER,49,49,49,100.0%,49,-,-,,-,False,49/49,100.0%,True,-,-,-,-,-,-,74.07
2026-10-02 15:17:53,train,20019,WRIST,49,49,49,100.0%,49,-,-,,-,False,49/49,100.0%,True,-,-,-,-,-,-,75.15
2026-10-02 15:19:37,train,15120,ELBOW,45,49,49,91.8%,0,-,-,,-,False,49/49,100.0%,True,-,-,-,-,-,-,74.14
2026-10-02 15:21:22,train,10012,FINGER,48,49,49,98.0%,0,-,-,,-,False,49/49,100.0%,True,-,-,-,-,-,-,74.06
2026-10-02 15:22:38,train,15121,ELBOW,49,49,49,100.0%,49,-,-,,-,False,49/49,100.0%,True,-,-,-,-,-,-,74.33
2026-10-02 15:24:22,train,10013,FINGER,49,49,49,100.0%,49,-,-,,-,False,49/49,100.0%,True,-,-,-,-,-,-,74.22
2026-10-02 15:26:06,train,29769,FOREARM,49,49,49,100.0%,49,-,-,,-,False,49/49,100.0%,True,-,-,-,-,-,-,73.96
2026-10-02 15:27:50,train,31585,HAND,49,49,49,100.0%,49,-,-,,-,False,49/49,100.0%,True,-,-,-,-,-,-,74.03
2026-10-02 15:29:34,train,8713,HUMERUS,48,49,49,98.0%,0,-,-,,-,False,49/49,100.0%,True,-,-,-,-,-,-,74.09
2026-10-02 15:31:19,train,732,SHOULDER,42,49,49,85.7%,0,-,-,,-,False,49/49,100.0%,True,-,-,-,-,-,-,74.18
2026-10-02 15:33:03,train,20015,WRIST,47,49,49,95.9%,0,-,-,,-,False,49/49,100.0%,True,-,-,-,-,-,-,74.49
2026-10-02 15:34:49,train,15122,ELBOW,46,48,49,93.9%,0,-,-,,-,False,49/49,100.0%,True,-,-,-,-,-,-,75.69
2026-10-02 15:36:32,train,10014,FINGER,49,49,49,100.0%,49,-,-,,-,False,49/49,100.0%,True,-,-,-,-,-,-,73.63
2026-10-02 15:38:16,train,29770,FOREARM,48,48,49,98.0%,0,-,-,,-,False,49/49,100.0%,True,-,-,-,-,-,-,73.62
2026-10-02 15:40:00,train,31590,HAND,48,49,49,98.0%,0,-,-,,-,False,49/49,100.0%,True,-,-,-,-,-,-,74.3
2026-10-02 15:41:44,train,8714,HUMERUS,49,49,49,100.0%,49,-,-,,-,False,49/49,100.0%,True,-,-,-,-,-,-,74.1
2026-10-02 15:43:28,train,733,SHOULDER,49,49,49,100.0%,49,-,-,,-,False,49/49,100.0%,True,-,-,-,-,-,-,73.72
2026-10-02 15:45:12,train,20020,WRIST,49,49,49,100.0%,49,-,-,,-,False,49/49,100.0%,True,-,-,-,-,-,-,74.14
2026-10-02 15:46:57,train,15123,ELBOW,47,49,49,95.9%,0,-,-,,-,False,49/49,100.0%,True,-,-,-,-,-,-,74.61
2026-10-02 15:48:42,train,10015,FINGER,48,49,49,98.0%,0,-,-,,-,False,49/49,100.0%,True,-,-,-,-,-,-,75.26
2026-10-02 15:50:26,train,29771,FOREARM,48,49,49,98.0%,0,-,-,,-,False,49/49,100.0%,True,-,-,-,-,-,-,73.59
2026-10-02 15:52:09,train,31597,HAND,48,49,49,98.0%,0,-,-,,-,False,49/49,100.0%,True,-,-,-,-,-,-,72.75
2026-10-02 15:53:52,train,8715,HUMERUS,48,49,49,98.0%,0,-,-,,-,False,49/49,100.0%,True,-,-,-,-,-,-,73.47
2026-10-02 15:55:36,train,734,SHOULDER,49,49,49,100.0%,49,-,-,,-,False,49/49,100.0%,True,-,-,-,-,-,-,73.92
2026-10-02 15:57:22,train,20021,WRIST,49,49,49,100.0%,49,-,-,,-,False,49/49,100.0%,True,-,-,-,-,-,-,75.91
2026-10-02 15:59:07,train,15124,ELBOW,49,49,49,100.0%,49,-,-,,-,False,49/49,100.0%,True,-,-,-,-,-,-,75.36
2026-10-02 16:00:51,train,10016,FINGER,49,49,49,100.0%,49,-,-,,-,False,49/49,100.0%,True,-,-,-,-,-,-,74.09
2026-10-02 16:02:36,train,29772,FOREARM,49,49,49,100.0%,49,-,-,,-,False,49/49,100.0%,True,-,-,-,-,-,-,74.35
2026-10-02 16:04:20,train,31598,HAND,49,49,49,100.0%,49,-,-,,-,False,49/49,100.0%,True,-,-,-,-,-,-,74.08
2026-10-02 16:06:03,train,8716,HUMERUS,48,49,49,98.0%,0,-,-,,-,False,49/49,100.0%,True,-,-,-,-,-,-,73.74
2026-10-02 16:07:49,train,735,SHOULDER,46,49,49,93.9%,0,-,-,,-,False,49/49,100.0%,True,-,-,-,-,-,-,75.59
2026-10-02 16:09:33,train,20022,WRIST,49,49,49,100.0%,49,-,-,,-,False,49/49,100.0%,True,-,-,-,-,-,-,74.09
2026-10-02 16:11:17,train,15125,ELBOW,49,49,49,100.0%,49,-,-,,-,False,49/49,100.0%,True,-,-,-,-,-,-,73.69
2026-10-02 16:13:01,train,10017,FINGER,42,49,49,85.7%,0,-,-,,-,False,49/49,100.0%,True,-,-,-,-,-,-,73.85
2026-10-02 16:14:44,train,29773,FOREARM,49,49,49,100.0%,49,-,-,,-,False,49/49,100.0%,True,-,-,-,-,-,-,73.71
2026-10-02 16:16:29,train,31599,HAND,48,49,49,98.0%,0,-,-,,-,False,49/49,100.0%,True,-,-,-,-,-,-,74.3
2026-10-02 16:18:13,train,8717,HUMERUS,49,49,49,100.0%,49,-,-,,-,False,49/49,100.0%,True,-,-,-,-,-,-,74.16
2026-10-02 16:19:58,train,736,SHOULDER,48,49,49,98.0%,0,-,-,,-,False,49/49,100.0%,True,-,-,-,-,-,-,74.88
2026-10-02 16:21:43,train,20023,WRIST,48,49,49,98.0%,0,-,-,,-,False,49/49,100.0%,True,-,-,-,-,-,-,74.96
2026-10-02 16:23:26,train,15126,ELBOW,49,49,49,100.0%,49,-,-,,-,False,49/49,100.0%,True,-,-,-,-,-,-,73.72
2026-10-02 16:25:11,train,10018,FINGER,49,49,49,100.0%,49,-,-,,-,False,49/49,100.0%,True,-,-,-,-,-,-,74.92
2026-10-02 16:26:56,train,29774,FOREARM,0,19,49,0.0%,0,-,-,,-,False,49/49,100.0%,True,-,-,-,-,-,-,74.28
2026-10-02 16:28:39,train,31600,HAND,0,42,49,0.0%,0,-,-,,-,False,49/49,100.0%,True,-,-,-,-,-,-,73.75
2026-10-02 16:30:24,train,8718,HUMERUS,49,49,49,100.0%,49,-,-,,-,False,49/49,100.0%,True,-,-,-,-,-,-,74.96
2026-10-02 16:32:08,train,737,SHOULDER,49,49,49,100.0%,49,-,-,,-,False,49/49,100.0%,True,-,-,-,-,-,-,73.8
2026-10-02 16:33:52,train,20024,WRIST,47,49,49,95.9%,0,-,-,,-,False,49/49,100.0%,True,-,-,-,-,-,-,73.68
2026-10-02 16:35:37,train,15127,ELBOW,49,49,49,100.0%,49,-,-,,-,False,49/49,100.0%,True,-,-,-,-,-,-,74.81
2026-10-02 16:37:21,train,10019,FINGER,47,49,49,95.9%,0,-,-,,-,False,49/49,100.0%,True,-,-,-,-,-,-,74.19
2026-10-02 16:39:06,train,29775,FOREARM,47,49,49,95.9%,0,-,-,,-,False,49/49,100.0%,True,-,-,-,-,-,-,74.77
2026-10-02 16:40:50,train,31601,HAND,48,48,49,98.0%,48,-,-,,-,False,49/49,100.0%,True,-,-,-,-,-,-,74.62
2026-10-02 16:42:34,train,8719,HUMERUS,49,49,49,100.0%,49,-,-,,-,False,49/49,100.0%,True,-,-,-,-,-,-,73.7
2026-10-02 16:44:18,train,738,SHOULDER,47,49,49,95.9%,0,-,-,,-,False,49/49,100.0%,True,-,-,-,-,-,-,74.22
2026-10-02 16:46:02,train,20025,WRIST,49,49,49,100.0%,49,-,-,,-,False,49/49,100.0%,True,-,-,-,-,-,-,73.65
2026-10-02 16:47:46,train,15128,ELBOW,48,48,49,98.0%,48,-,-,,-,False,49/49,100.0%,True,-,-,-,-,-,-,74.52
2026-10-02 16:49:31,train,10020,FINGER,44,49,49,89.8%,0,-,-,,-,False,49/49,100.0%,True,-,-,-,-,-,-,74.33
2026-10-02 16:51:15,train,29776,FOREARM,47,49,49,95.9%,0,-,-,,-,False,49/49,100.0%,True,-,-,-,-,-,-,74.61
2026-10-02 16:53:01,train,31602,HAND,47,49,49,95.9%,0,-,-,,-,False,49/49,100.0%,True,-,-,-,-,-,-,75.3
2026-10-02 16:54:44,train,8720,HUMERUS,45,49,49,91.8%,0,-,-,,-,False,49/49,100.0%,True,-,-,-,-,-,-,73.46
2026-10-02 16:56:29,train,739,SHOULDER,49,49,49,100.0%,49,-,-,,-,False,49/49,100.0%,True,-,-,-,-,-,-,74.92
2026-10-02 16:58:14,train,20026,WRIST,49,49,49,100.0%,49,-,-,,-,False,49/49,100.0%,True,-,-,-,-,-,-,75.43
2026-10-02 16:59:58,train,15129,ELBOW,49,49,49,100.0%,49,-,-,,-,False,49/49,100.0%,True,-,-,-,-,-,-,73.68
2026-10-02 17:01:42,train,10021,FINGER,1,38,49,2.0%,0,-,-,,-,False,49/49,100.0%,True,-,-,-,-,-,-,73.96
2026-10-02 17:03:26,train,29777,FOREARM,49,49,49,100.0%,49,-,-,,-,False,49/49,100.0%,True,-,-,-,-,-,-,73.8
2026-10-02 17:05:09,train,31603,HAND,49,49,49,100.0%,49,-,-,,-,False,49/49,100.0%,True,-,-,-,-,-,-,73.72
2026-10-02 17:06:55,train,8721,HUMERUS,49,49,49,100.0%,49,-,-,,-,False,49/49,100.0%,True,-,-,-,-,-,-,75.21
2026-10-02 17:08:38,train,740,SHOULDER,43,49,49,87.8%,0,-,-,,-,False,49/49,100.0%,True,-,-,-,-,-,-,73.67
2026-10-02 17:10:23,train,20027,WRIST,49,49,49,100.0%,49,-,-,,-,False,49/49,100.0%,True,-,-,-,-,-,-,74.59
2026-10-02 17:12:06,train,15130,ELBOW,49,49,49,100.0%,49,-,-,,-,False,49/49,100.0%,True,-,-,-,-,-,-,73.45
2026-10-02 17:13:51,train,10022,FINGER,45,49,49,91.8%,0,-,-,,-,False,49/49,100.0%,True,-,-,-,-,-,-,74.25
2026-10-02 17:15:35,train,29778,FOREARM,45,49,49,91.8%,0,-,-,,-,False,49/49,100.0%,True,-,-,-,-,-,-,73.97
2026-10-02 17:17:19,train,31604,HAND,49,49,49,100.0%,49,-,-,,-,False,49/49,100.0%,True,-,-,-,-,-,-,74.07
2026-10-02 17:19:08,train,8722,HUMERUS,46,49,49,93.9%,0,-,-,,-,False,49/49,100.0%,True,-,-,-,-,-,-,78.84
2026-10-02 17:20:52,train,741,SHOULDER,48,49,49,98.0%,0,-,-,,-,False,49/49,100.0%,True,-,-,-,-,-,-,74.31
2026-10-02 17:22:36,train,20028,WRIST,36,49,49,73.5%,0,-,-,,-,False,49/49,100.0%,True,-,-,-,-,-,-,74.35
2026-10-02 17:24:20,train,15131,ELBOW,39,49,49,79.6%,0,-,-,,-,False,49/49,100.0%,True,-,-,-,-,-,-,74.01
2026-10-02 17:26:04,train,10023,FINGER,47,49,49,95.9%,0,-,-,,-,False,49/49,100.0%,True,-,-,-,-,-,-,74.11
2026-10-02 17:27:49,train,29779,FOREARM,49,49,49,100.0%,49,-,-,,-,False,49/49,100.0%,True,-,-,-,-,-,-,74.54
2026-10-02 17:29:35,train,31605,HAND,45,49,49,91.8%,0,-,-,,-,False,49/49,100.0%,True,-,-,-,-,-,-,75.7
2026-10-02 17:31:18,train,8723,HUMERUS,42,49,49,85.7%,0,-,-,,-,False,49/49,100.0%,True,-,-,-,-,-,-,73.23
2026-10-02 17:33:03,train,742,SHOULDER,49,49,49,100.0%,49,-,-,,-,False,49/49,100.0%,True,-,-,-,-,-,-,75.07
2026-10-02 17:34:47,train,20029,WRIST,45,49,49,91.8%,0,-,-,,-,False,49/49,100.0%,True,-,-,-,-,-,-,73.81
2026-10-02 17:36:31,train,15132,ELBOW,48,49,49,98.0%,0,-,-,,-,False,49/49,100.0%,True,-,-,-,-,-,-,74.46
2026-10-02 17:38:15,train,10024,FINGER,49,49,49,100.0%,49,-,-,,-,False,49/49,100.0%,True,-,-,-,-,-,-,74.05
2026-10-02 17:39:59,train,29780,FOREARM,49,49,49,100.0%,49,-,-,,-,False,49/49,100.0%,True,-,-,-,-,-,-,73.95
2026-10-02 17:41:44,train,31606,HAND,49,49,49,100.0%,49,-,-,,-,False,49/49,100.0%,True,-,-,-,-,-,-,75.15
2026-10-02 17:43:29,train,8724,HUMERUS,49,49,49,100.0%,49,-,-,,-,False,49/49,100.0%,True,-,-,-,-,-,-,74.41
2026-10-02 17:45:14,train,743,SHOULDER,48,49,49,98.0%,0,-,-,,-,False,49/49,100.0%,True,-,-,-,-,-,-,75.42
2026-10-02 17:46:59,train,20030,WRIST,43,49,49,87.8%,0,-,-,,-,False,49/49,100.0%,True,-,-,-,-,-,-,74.93
2026-10-02 17:48:44,train,15133,ELBOW,47,49,49,95.9%,0,-,-,,-,False,49/49,100.0%,True,-,-,-,-,-,-,74.51
2026-10-02 17:50:27,train,10025,FINGER,48,49,49,98.0%,0,-,-,,-,False,49/49,100.0%,True,-,-,-,-,-,-,73.58
2026-10-02 17:52:11,train,29781,FOREARM,49,49,49,100.0%,49,-,-,,-,False,49/49,100.0%,True,-,-,-,-,-,-,73.54
2026-10-02 17:53:56,train,31607,HAND,49,49,49,100.0%,49,-,-,,-,False,49/49,100.0%,True,-,-,-,-,-,-,75.27
2026-10-02 17:55:40,train,8725,HUMERUS,49,49,49,100.0%,49,-,-,,-,False,49/49,100.0%,True,-,-,-,-,-,-,74.15
2026-10-02 17:57:24,train,744,SHOULDER,49,49,49,100.0%,49,-,-,,-,False,49/49,100.0%,True,-,-,-,-,-,-,74.32
2026-10-02 17:59:09,train,20031,WRIST,47,48,49,95.9%,0,-,-,,-,False,49/49,100.0%,True,-,-,-,-,-,-,74.24
2026-10-02 18:00:53,train,15134,ELBOW,47,49,49,95.9%,0,-,-,,-,False,49/49,100.0%,True,-,-,-,-,-,-,73.84
2026-10-02 18:02:36,train,10026,FINGER,49,49,49,100.0%,49,-,-,,-,False,49/49,100.0%,True,-,-,-,-,-,-,73.7
2026-10-02 18:04:21,train,29782,FOREARM,49,49,49,100.0%,49,-,-,,-,False,49/49,100.0%,True,-,-,-,-,-,-,75.03
2026-10-02 18:06:05,train,31608,HAND,49,49,49,100.0%,49,-,-,,-,False,49/49,100.0%,True,-,-,-,-,-,-,73.62
2026-10-02 18:07:49,train,8726,HUMERUS,45,49,49,91.8%,0,-,-,,-,False,49/49,100.0%,True,-,-,-,-,-,-,74.51
2026-10-02 18:09:34,train,745,SHOULDER,48,49,49,98.0%,0,-,-,,-,False,49/49,100.0%,True,-,-,-,-,-,-,74.53
2026-10-02 18:11:19,train,20032,WRIST,48,49,49,98.0%,0,-,-,,-,False,49/49,100.0%,True,-,-,-,-,-,-,75.26
2026-10-02 18:13:03,train,15135,ELBOW,48,49,49,98.0%,0,-,-,,-,False,49/49,100.0%,True,-,-,-,-,-,-,74.29
2026-10-02 18:14:48,train,10027,FINGER,48,49,49,98.0%,0,-,-,,-,False,49/49,100.0%,True,-,-,-,-,-,-,74.65
2026-10-02 18:16:04,train,15136,ELBOW,49,49,49,100.0%,49,-,-,,-,False,49/49,100.0%,True,-,-,-,-,-,-,73.55
2026-10-02 18:17:48,train,10028,FINGER,48,49,49,98.0%,0,-,-,,-,False,49/49,100.0%,True,-,-,-,-,-,-,73.76
2026-10-02 18:19:32,train,29774,FOREARM,49,49,49,100.0%,49,-,-,,-,False,49/49,100.0%,True,-,-,-,-,-,-,73.9
2026-10-02 18:21:15,train,31600,HAND,45,48,49,91.8%,0,-,-,,-,False,49/49,100.0%,True,-,-,-,-,-,-,73.55
2026-10-02 18:22:59,train,8727,HUMERUS,48,49,49,98.0%,0,-,-,,-,False,49/49,100.0%,True,-,-,-,-,-,-,74.01
2026-10-02 18:24:45,train,746,SHOULDER,47,49,49,95.9%,0,-,-,,-,False,49/49,100.0%,True,-,-,-,-,-,-,75.42
2026-10-02 18:26:28,train,20033,WRIST,49,49,49,100.0%,49,-,-,,-,False,49/49,100.0%,True,-,-,-,-,-,-,73.57
2026-10-02 18:28:13,train,15137,ELBOW,49,49,49,100.0%,49,-,-,,-,False,49/49,100.0%,True,-,-,-,-,-,-,75.35
2026-10-02 18:29:57,train,10029,FINGER,49,49,49,100.0%,49,-,-,,-,False,49/49,100.0%,True,-,-,-,-,-,-,73.46
2026-10-02 18:31:41,train,29783,FOREARM,49,49,49,100.0%,49,-,-,,-,False,49/49,100.0%,True,-,-,-,-,-,-,73.68
2026-10-02 18:33:25,train,31609,HAND,49,49,49,100.0%,49,-,-,,-,False,49/49,100.0%,True,-,-,-,-,-,-,74.51
2026-10-02 18:35:09,train,8728,HUMERUS,48,48,49,98.0%,29,-,-,,-,False,49/49,100.0%,True,-,-,-,-,-,-,73.74
2026-10-02 18:36:53,train,747,SHOULDER,48,49,49,98.0%,0,-,-,,-,False,49/49,100.0%,True,-,-,-,-,-,-,74.18
2026-10-02 18:38:38,train,20034,WRIST,49,49,49,100.0%,49,-,-,,-,False,49/49,100.0%,True,-,-,-,-,-,-,74.81
2026-10-02 18:40:22,train,15138,ELBOW,49,49,49,100.0%,49,-,-,,-,False,49/49,100.0%,True,-,-,-,-,-,-,74.52
2026-10-02 18:42:07,train,10030,FINGER,48,49,49,98.0%,0,-,-,,-,False,49/49,100.0%,True,-,-,-,-,-,-,74.33
2026-10-02 18:43:52,train,29784,FOREARM,47,49,49,95.9%,0,-,-,,-,False,49/49,100.0%,True,-,-,-,-,-,-,74.96
2026-10-02 18:45:35,train,31610,HAND,48,49,49,98.0%,0,-,-,,-,False,49/49,100.0%,True,-,-,-,-,-,-,73.27
2026-10-02 18:47:18,train,8729,HUMERUS,49,49,49,100.0%,49,-,-,,-,False,49/49,100.0%,True,-,-,-,-,-,-,73.31
2026-10-02 18:49:02,train,748,SHOULDER,48,49,49,98.0%,0,-,-,,-,False,49/49,100.0%,True,-,-,-,-,-,-,73.7
2026-10-02 18:50:46,train,20035,WRIST,49,49,49,100.0%,49,-,-,,-,False,49/49,100.0%,True,-,-,-,-,-,-,74.24
2026-10-02 18:52:30,train,15139,ELBOW,42,49,49,85.7%,0,-,-,,-,False,49/49,100.0%,True,-,-,-,-,-,-,73.41
2026-10-02 18:54:13,train,10031,FINGER,49,49,49,100.0%,49,-,-,,-,False,49/49,100.0%,True,-,-,-,-,-,-,73.28
2026-10-02 18:55:58,train,29785,FOREARM,48,49,49,98.0%,0,-,-,,-,False,49/49,100.0%,True,-,-,-,-,-,-,75.45
2026-10-02 18:57:43,train,31611,HAND,43,49,49,87.8%,0,-,-,,-,False,49/49,100.0%,True,-,-,-,-,-,-,74.87
2026-10-02 18:59:26,train,8730,HUMERUS,49,49,49,100.0%,49,-,-,,-,False,49/49,100.0%,True,-,-,-,-,-,-,73.26
2026-10-02 19:01:10,train,749,SHOULDER,47,49,49,95.9%,0,-,-,,-,False,49/49,100.0%,True,-,-,-,-,-,-,73.97
2026-10-02 19:02:55,train,20036,WRIST,49,49,49,100.0%,49,-,-,,-,False,49/49,100.0%,True,-,-,-,-,-,-,74.47
2026-10-02 19:04:40,train,15140,ELBOW,48,49,49,98.0%,0,-,-,,-,False,49/49,100.0%,True,-,-,-,-,-,-,74.91
2026-10-02 19:06:23,train,10032,FINGER,46,49,49,93.9%,0,-,-,,-,False,49/49,100.0%,True,-,-,-,-,-,-,73.47
2026-10-02 19:08:08,train,29786,FOREARM,49,49,49,100.0%,49,-,-,,-,False,49/49,100.0%,True,-,-,-,-,-,-,74.41
2026-10-02 19:09:51,train,31612,HAND,49,49,49,100.0%,49,-,-,,-,False,49/49,100.0%,True,-,-,-,-,-,-,73.62
2026-10-02 19:11:35,train,8731,HUMERUS,48,49,49,98.0%,0,-,-,,-,False,49/49,100.0%,True,-,-,-,-,-,-,74.02
2026-10-02 19:13:21,train,750,SHOULDER,44,49,49,89.8%,0,-,-,,-,False,49/49,100.0%,True,-,-,-,-,-,-,75.16
2026-10-02 19:15:05,train,20037,WRIST,42,48,49,85.7%,0,-,-,,-,False,49/49,100.0%,True,-,-,-,-,-,-,74.37
2026-10-02 19:16:48,train,15141,ELBOW,48,49,49,98.0%,0,-,-,,-,False,49/49,100.0%,True,-,-,-,-,-,-,73.28
2026-10-02 19:18:32,train,10033,FINGER,49,49,49,100.0%,49,-,-,,-,False,49/49,100.0%,True,-,-,-,-,-,-,73.91
2026-10-02 19:20:17,train,29787,FOREARM,48,49,49,98.0%,0,-,-,,-,False,49/49,100.0%,True,-,-,-,-,-,-,74.43
2026-10-02 19:22:00,train,31613,HAND,44,49,49,89.8%,0,-,-,,-,False,49/49,100.0%,True,-,-,-,-,-,-,73.96
2026-10-02 19:23:43,train,8732,HUMERUS,49,49,49,100.0%,49,-,-,,-,False,49/49,100.0%,True,-,-,-,-,-,-,72.88
2026-10-02 19:25:28,train,751,SHOULDER,48,49,49,98.0%,0,-,-,,-,False,49/49,100.0%,True,-,-,-,-,-,-,74.19
2026-10-02 19:27:11,train,20038,WRIST,48,49,49,98.0%,0,-,-,,-,False,49/49,100.0%,True,-,-,-,-,-,-,73.66
2026-10-02 19:28:55,train,15142,ELBOW,48,49,49,98.0%,0,-,-,,-,False,49/49,100.0%,True,-,-,-,-,-,-,73.77
2026-10-02 19:30:39,train,10034,FINGER,45,45,49,91.8%,0,-,-,,-,False,49/49,100.0%,True,-,-,-,-,-,-,73.56
2026-10-02 19:32:24,train,29788,FOREARM,49,49,49,100.0%,49,-,-,,-,False,49/49,100.0%,True,-,-,-,-,-,-,75.66
2026-10-02 19:34:07,train,31614,HAND,43,49,49,87.8%,0,-,-,,-,False,49/49,100.0%,True,-,-,-,-,-,-,73.29
2026-10-02 19:35:52,train,8733,HUMERUS,46,49,49,93.9%,0,-,-,,-,False,49/49,100.0%,True,-,-,-,-,-,-,74.17
2026-10-02 19:37:36,train,752,SHOULDER,0,0,49,0.0%,0,-,-,,-,False,49/49,100.0%,True,-,-,-,-,-,-,74.25
2026-10-02 19:39:19,train,20039,WRIST,48,49,49,98.0%,0,-,-,,-,False,49/49,100.0%,True,-,-,-,-,-,-,73.12
2026-10-02 19:41:03,train,15143,ELBOW,49,49,49,100.0%,49,-,-,,-,False,49/49,100.0%,True,-,-,-,-,-,-,74.0
2026-10-02 19:42:46,train,10035,FINGER,48,49,49,98.0%,0,-,-,,-,False,49/49,100.0%,True,-,-,-,-,-,-,73.36
2026-10-02 19:44:30,train,29789,FOREARM,49,49,49,100.0%,49,-,-,,-,False,49/49,100.0%,True,-,-,-,-,-,-,74.03
2026-10-02 19:46:15,train,31615,HAND,48,49,49,98.0%,0,-,-,,-,False,49/49,100.0%,True,-,-,-,-,-,-,74.43
2026-10-02 19:47:59,train,8734,HUMERUS,47,49,49,95.9%,0,-,-,,-,False,49/49,100.0%,True,-,-,-,-,-,-,74.07
2026-10-02 19:49:44,train,753,SHOULDER,49,49,49,100.0%,49,-,-,,-,False,49/49,100.0%,True,-,-,-,-,-,-,74.95
2026-10-02 19:51:27,train,20040,WRIST,48,49,49,98.0%,0,-,-,,-,False,49/49,100.0%,True,-,-,-,-,-,-,73.48
2026-10-02 19:53:11,train,15144,ELBOW,46,49,49,93.9%,0,-,-,,-,False,49/49,100.0%,True,-,-,-,-,-,-,73.68
2026-10-02 19:54:55,train,10036,FINGER,48,49,49,98.0%,0,-,-,,-,False,49/49,100.0%,True,-,-,-,-,-,-,74.16
2026-10-02 19:56:39,train,29790,FOREARM,49,49,49,100.0%,49,-,-,,-,False,49/49,100.0%,True,-,-,-,-,-,-,74.07
2026-10-02 19:58:24,train,31616,HAND,49,49,49,100.0%,49,-,-,,-,False,49/49,100.0%,True,-,-,-,-,-,-,74.53
2026-10-02 20:00:07,train,8735,HUMERUS,49,49,49,100.0%,49,-,-,,-,False,49/49,100.0%,True,-,-,-,-,-,-,73.32
2026-10-02 20:01:52,train,754,SHOULDER,47,48,49,95.9%,0,-,-,,-,False,49/49,100.0%,True,-,-,-,-,-,-,74.59
2026-10-02 20:03:35,train,20041,WRIST,49,49,49,100.0%,49,-,-,,-,False,49/49,100.0%,True,-,-,-,-,-,-,73.47
2026-10-02 20:05:20,train,15145,ELBOW,48,49,49,98.0%,0,-,-,,-,False,49/49,100.0%,True,-,-,-,-,-,-,75.01
2026-10-02 20:07:04,train,10037,FINGER,49,49,49,100.0%,49,-,-,,-,False,49/49,100.0%,True,-,-,-,-,-,-,73.77
2026-10-02 20:08:48,train,29791,FOREARM,49,49,49,100.0%,49,-,-,,-,False,49/49,100.0%,True,-,-,-,-,-,-,73.81
2026-10-02 20:10:32,train,31617,HAND,49,49,49,100.0%,49,-,-,,-,False,49/49,100.0%,True,-,-,-,-,-,-,74.29
2026-10-02 20:12:16,train,8736,HUMERUS,49,49,49,100.0%,49,-,-,,-,False,49/49,100.0%,True,-,-,-,-,-,-,74.07
2026-10-02 20:14:01,train,755,SHOULDER,49,49,49,100.0%,49,-,-,,-,False,49/49,100.0%,True,-,-,-,-,-,-,74.77
2026-10-02 20:15:45,train,20042,WRIST,49,49,49,100.0%,49,-,-,,-,False,49/49,100.0%,True,-,-,-,-,-,-,73.66
2026-10-02 20:17:30,train,15146,ELBOW,0,0,49,0.0%,0,-,-,,-,False,49/49,100.0%,True,-,-,-,-,-,-,75.18
2026-10-02 20:19:15,train,10038,FINGER,49,49,49,100.0%,49,-,-,,-,False,49/49,100.0%,True,-,-,-,-,-,-,74.76
2026-10-02 20:20:58,train,29792,FOREARM,49,49,49,100.0%,49,-,-,,-,False,49/49,100.0%,True,-,-,-,-,-,-,73.72
2026-10-02 20:22:43,train,31618,HAND,49,49,49,100.0%,49,-,-,,-,False,49/49,100.0%,True,-,-,-,-,-,-,74.98
2026-10-02 20:24:28,train,8737,HUMERUS,46,49,49,93.9%,0,-,-,,-,False,49/49,100.0%,True,-,-,-,-,-,-,74.38
2026-10-02 20:26:12,train,756,SHOULDER,49,49,49,100.0%,49,-,-,,-,False,49/49,100.0%,True,-,-,-,-,-,-,74.39
2026-10-02 20:27:56,train,20043,WRIST,46,49,49,93.9%,0,-,-,,-,False,49/49,100.0%,True,-,-,-,-,-,-,73.92
2026-10-02 20:29:40,train,15147,ELBOW,49,49,49,100.0%,49,-,-,,-,False,49/49,100.0%,True,-,-,-,-,-,-,74.39
2026-10-02 20:31:24,train,10039,FINGER,47,49,49,95.9%,0,-,-,,-,False,49/49,100.0%,True,-,-,-,-,-,-,73.8
2026-10-02 20:33:09,train,29793,FOREARM,49,49,49,100.0%,49,-,-,,-,False,49/49,100.0%,True,-,-,-,-,-,-,74.46
2026-10-02 20:34:53,train,31619,HAND,49,49,49,100.0%,49,-,-,,-,False,49/49,100.0%,True,-,-,-,-,-,-,74.28
2026-10-02 20:36:36,train,8738,HUMERUS,46,49,49,93.9%,0,-,-,,-,False,49/49,100.0%,True,-,-,-,-,-,-,73.43
2026-10-02 20:38:21,train,757,SHOULDER,48,49,49,98.0%,0,-,-,,-,False,49/49,100.0%,True,-,-,-,-,-,-,74.39
2026-10-02 20:40:05,train,20044,WRIST,49,49,49,100.0%,49,-,-,,-,False,49/49,100.0%,True,-,-,-,-,-,-,74.42
2026-10-02 20:41:50,train,15148,ELBOW,49,49,49,100.0%,49,-,-,,-,False,49/49,100.0%,True,-,-,-,-,-,-,74.83
2026-10-02 20:43:35,train,10040,FINGER,47,49,49,95.9%,0,-,-,,-,False,49/49,100.0%,True,-,-,-,-,-,-,75.05
2026-10-02 20:45:19,train,29794,FOREARM,49,49,49,100.0%,49,-,-,,-,False,49/49,100.0%,True,-,-,-,-,-,-,74.49
2026-10-02 20:47:03,train,31620,HAND,49,49,49,100.0%,49,-,-,,-,False,49/49,100.0%,True,-,-,-,-,-,-,73.45
2026-10-02 20:48:48,train,8739,HUMERUS,47,49,49,95.9%,0,-,-,,-,False,49/49,100.0%,True,-,-,-,-,-,-,75.16
2026-10-02 20:50:33,train,758,SHOULDER,0,0,49,0.0%,0,-,-,,-,False,49/49,100.0%,True,-,-,-,-,-,-,75.2
2026-10-02 20:52:17,train,20045,WRIST,49,49,49,100.0%,49,-,-,,-,False,49/49,100.0%,True,-,-,-,-,-,-,73.76
2026-10-02 20:54:02,train,15149,ELBOW,47,49,49,95.9%,0,-,-,,-,False,49/49,100.0%,True,-,-,-,-,-,-,75.11
2026-10-02 20:55:46,train,10041,FINGER,48,49,49,98.0%,0,-,-,,-,False,49/49,100.0%,True,-,-,-,-,-,-,74.33
2026-10-02 20:57:31,train,29795,FOREARM,46,49,49,93.9%,0,-,-,,-,False,49/49,100.0%,True,-,-,-,-,-,-,74.44
2026-10-02 20:59:14,train,31621,HAND,49,49,49,100.0%,49,-,-,,-,False,49/49,100.0%,True,-,-,-,-,-,-,73.46
2026-10-02 21:00:59,train,8740,HUMERUS,47,49,49,95.9%,0,-,-,,-,False,49/49,100.0%,True,-,-,-,-,-,-,74.82
2026-10-02 21:02:44,train,759,SHOULDER,48,49,49,98.0%,0,-,-,,-,False,49/49,100.0%,True,-,-,-,-,-,-,74.36
2026-10-02 21:04:28,train,20046,WRIST,48,49,49,98.0%,0,-,-,,-,False,49/49,100.0%,True,-,-,-,-,-,-,74.2
2026-10-02 21:06:12,train,15150,ELBOW,49,49,49,100.0%,49,-,-,,-,False,49/49,100.0%,True,-,-,-,-,-,-,73.94
2026-10-02 21:07:57,train,10042,FINGER,44,49,49,89.8%,0,-,-,,-,False,49/49,100.0%,True,-,-,-,-,-,-,74.96
2026-10-02 21:09:12,train,15146,ELBOW,49,49,49,100.0%,49,-,-,,-,False,49/49,100.0%,True,-,-,-,-,-,-,73.16
2026-10-02 21:10:56,train,10043,FINGER,49,49,49,100.0%,49,-,-,,-,False,49/49,100.0%,True,-,-,-,-,-,-,74.24
2026-10-02 21:12:42,train,29796,FOREARM,23,35,49,46.9%,0,-,-,,-,False,49/49,100.0%,True,-,-,-,-,-,-,75.25
2026-10-02 21:14:25,train,31622,HAND,48,49,49,98.0%,0,-,-,,-,False,49/49,100.0%,True,-,-,-,-,-,-,72.98
2026-10-02 21:16:09,train,8741,HUMERUS,49,49,49,100.0%,49,-,-,,-,False,49/49,100.0%,True,-,-,-,-,-,-,74.54
2026-10-02 21:17:53,train,752,SHOULDER,49,49,49,100.0%,49,-,-,,-,False,49/49,100.0%,True,-,-,-,-,-,-,74.07
2026-10-02 21:19:37,train,20047,WRIST,49,49,49,100.0%,49,-,-,,-,False,49/49,100.0%,True,-,-,-,-,-,-,74.01
2026-10-02 21:21:21,train,15151,ELBOW,49,49,49,100.0%,49,-,-,,-,False,49/49,100.0%,True,-,-,-,-,-,-,74.28
2026-10-02 21:23:10,train,10044,FINGER,48,49,49,98.0%,0,-,-,,-,False,49/49,100.0%,True,-,-,-,-,-,-,78.03
2026-10-02 21:24:54,train,29797,FOREARM,49,49,49,100.0%,49,-,-,,-,False,49/49,100.0%,True,-,-,-,-,-,-,74.57
2026-10-02 21:26:38,train,31623,HAND,41,49,49,83.7%,0,-,-,,-,False,49/49,100.0%,True,-,-,-,-,-,-,74.13
2026-10-02 21:28:22,train,8742,HUMERUS,49,49,49,100.0%,49,-,-,,-,False,49/49,100.0%,True,-,-,-,-,-,-,74.11
2026-10-02 21:30:07,train,758,SHOULDER,44,49,49,89.8%,0,-,-,,-,False,49/49,100.0%,True,-,-,-,-,-,-,74.62
2026-10-02 21:31:51,train,20048,WRIST,49,49,49,100.0%,49,-,-,,-,False,49/49,100.0%,True,-,-,-,-,-,-,73.9
2026-10-02 21:33:37,train,15152,ELBOW,45,49,49,91.8%,0,-,-,,-,False,49/49,100.0%,True,-,-,-,-,-,-,76.39
2026-10-02 21:35:22,train,10045,FINGER,48,49,49,98.0%,0,-,-,,-,False,49/49,100.0%,True,-,-,-,-,-,-,74.63
2026-10-02 21:37:07,train,29798,FOREARM,49,49,49,100.0%,49,-,-,,-,False,49/49,100.0%,True,-,-,-,-,-,-,75.06
2026-10-02 21:38:52,train,31624,HAND,49,49,49,100.0%,49,-,-,,-,False,49/49,100.0%,True,-,-,-,-,-,-,75.01
2026-10-02 21:40:36,train,8743,HUMERUS,48,49,49,98.0%,0,-,-,,-,False,49/49,100.0%,True,-,-,-,-,-,-,74.04
2026-10-02 21:42:19,train,760,SHOULDER,49,49,49,100.0%,49,-,-,,-,False,49/49,100.0%,True,-,-,-,-,-,-,73.19
2026-10-02 21:44:03,train,20049,WRIST,44,49,49,89.8%,0,-,-,,-,False,49/49,100.0%,True,-,-,-,-,-,-,74.29
2026-10-02 21:45:48,train,15153,ELBOW,49,49,49,100.0%,49,-,-,,-,False,49/49,100.0%,True,-,-,-,-,-,-,74.39
2026-10-02 21:47:31,train,10046,FINGER,49,49,49,100.0%,49,-,-,,-,False,49/49,100.0%,True,-,-,-,-,-,-,73.45
2026-10-02 21:49:15,train,29799,FOREARM,48,49,49,98.0%,0,-,-,,-,False,49/49,100.0%,True,-,-,-,-,-,-,73.89
2026-10-02 21:51:00,train,31625,HAND,47,49,49,95.9%,0,-,-,,-,False,49/49,100.0%,True,-,-,-,-,-,-,74.48
2026-10-02 21:52:44,train,8744,HUMERUS,45,49,49,91.8%,0,-,-,,-,False,49/49,100.0%,True,-,-,-,-,-,-,74.38
2026-10-02 21:54:28,train,761,SHOULDER,49,49,49,100.0%,49,-,-,,-,False,49/49,100.0%,True,-,-,-,-,-,-,74.0
2026-10-02 21:56:13,train,20050,WRIST,49,49,49,100.0%,49,-,-,,-,False,49/49,100.0%,True,-,-,-,-,-,-,74.82
2026-10-02 21:57:57,train,15154,ELBOW,49,49,49,100.0%,49,-,-,,-,False,49/49,100.0%,True,-,-,-,-,-,-,73.67
2026-10-02 21:59:41,train,10047,FINGER,48,49,49,98.0%,0,-,-,,-,False,49/49,100.0%,True,-,-,-,-,-,-,74.37
2026-10-02 22:01:26,train,29800,FOREARM,49,49,49,100.0%,49,-,-,,-,False,49/49,100.0%,True,-,-,-,-,-,-,74.96
2026-10-02 22:03:10,train,31626,HAND,49,49,49,100.0%,49,-,-,,-,False,49/49,100.0%,True,-,-,-,-,-,-,73.92
2026-10-02 22:04:54,train,8745,HUMERUS,49,49,49,100.0%,49,-,-,,-,False,49/49,100.0%,True,-,-,-,-,-,-,74.18
2026-10-02 22:06:39,train,762,SHOULDER,49,49,49,100.0%,49,-,-,,-,False,49/49,100.0%,True,-,-,-,-,-,-,74.73
2026-10-02 22:08:23,train,20051,WRIST,49,49,49,100.0%,49,-,-,,-,False,49/49,100.0%,True,-,-,-,-,-,-,74.31
2026-10-02 22:10:08,train,15155,ELBOW,48,48,49,98.0%,30,-,-,,-,False,49/49,100.0%,True,-,-,-,-,-,-,75.23
2026-10-02 22:11:53,train,10048,FINGER,49,49,49,100.0%,49,-,-,,-,False,49/49,100.0%,True,-,-,-,-,-,-,75.17
2026-10-02 22:13:37,train,29801,FOREARM,46,49,49,93.9%,0,-,-,,-,False,49/49,100.0%,True,-,-,-,-,-,-,73.25
2026-10-02 22:15:21,train,31627,HAND,49,49,49,100.0%,49,-,-,,-,False,49/49,100.0%,True,-,-,-,-,-,-,74.32
2026-10-02 22:17:05,train,8746,HUMERUS,47,49,49,95.9%,0,-,-,,-,False,49/49,100.0%,True,-,-,-,-,-,-,74.01
2026-10-02 22:18:49,train,763,SHOULDER,48,49,49,98.0%,0,-,-,,-,False,49/49,100.0%,True,-,-,-,-,-,-,73.68
2026-10-02 22:20:32,train,20052,WRIST,49,49,49,100.0%,49,-,-,,-,False,49/49,100.0%,True,-,-,-,-,-,-,73.23
2026-10-02 22:22:15,train,15156,ELBOW,43,48,49,87.8%,0,-,-,,-,False,49/49,100.0%,True,-,-,-,-,-,-,73.24
2026-10-02 22:24:01,train,10049,FINGER,46,49,49,93.9%,0,-,-,,-,False,49/49,100.0%,True,-,-,-,-,-,-,76.12
2026-10-02 22:25:45,train,29802,FOREARM,49,49,49,100.0%,49,-,-,,-,False,49/49,100.0%,True,-,-,-,-,-,-,74.22
2026-10-02 22:27:30,train,31628,HAND,48,49,49,98.0%,0,-,-,,-,False,49/49,100.0%,True,-,-,-,-,-,-,74.42
2026-10-02 22:29:16,train,8747,HUMERUS,47,49,49,95.9%,0,-,-,,-,False,49/49,100.0%,True,-,-,-,-,-,-,75.74
2026-10-02 22:31:00,train,764,SHOULDER,0,30,49,0.0%,0,-,-,,-,False,49/49,100.0%,True,-,-,-,-,-,-,73.94
2026-10-02 22:32:44,train,20053,WRIST,48,49,49,98.0%,0,-,-,,-,False,49/49,100.0%,True,-,-,-,-,-,-,74.42
2026-10-02 22:34:30,train,15157,ELBOW,41,48,49,83.7%,0,-,-,,-,False,49/49,100.0%,True,-,-,-,-,-,-,76.14
2026-10-02 22:36:15,train,10050,FINGER,49,49,49,100.0%,49,-,-,,-,False,49/49,100.0%,True,-,-,-,-,-,-,74.88
2026-10-02 22:37:59,train,29803,FOREARM,49,49,49,100.0%,49,-,-,,-,False,49/49,100.0%,True,-,-,-,-,-,-,73.99
2026-10-02 22:39:45,train,31629,HAND,48,48,49,98.0%,1,-,-,,-,False,49/49,100.0%,True,-,-,-,-,-,-,76.06
2026-10-02 22:41:30,train,8748,HUMERUS,49,49,49,100.0%,49,-,-,,-,False,49/49,100.0%,True,-,-,-,-,-,-,75.11
2026-10-02 22:43:15,train,765,SHOULDER,48,49,49,98.0%,0,-,-,,-,False,49/49,100.0%,True,-,-,-,-,-,-,75.2
2026-10-02 22:44:59,train,20054,WRIST,48,49,49,98.0%,0,-,-,,-,False,49/49,100.0%,True,-,-,-,-,-,-,73.62
2026-10-02 22:46:43,train,15158,ELBOW,47,49,49,95.9%,0,-,-,,-,False,49/49,100.0%,True,-,-,-,-,-,-,74.3
2026-10-02 22:48:27,train,10051,FINGER,47,49,49,95.9%,0,-,-,,-,False,49/49,100.0%,True,-,-,-,-,-,-,73.4
2026-10-02 22:50:11,train,29804,FOREARM,48,49,49,98.0%,0,-,-,,-,False,49/49,100.0%,True,-,-,-,-,-,-,73.77
2026-10-02 22:51:55,train,31630,HAND,49,49,49,100.0%,49,-,-,,-,False,49/49,100.0%,True,-,-,-,-,-,-,74.14
2026-10-02 22:53:39,train,8749,HUMERUS,48,49,49,98.0%,0,-,-,,-,False,49/49,100.0%,True,-,-,-,-,-,-,74.46
2026-10-02 22:55:25,train,766,SHOULDER,41,48,49,83.7%,0,-,-,,-,False,49/49,100.0%,True,-,-,-,-,-,-,75.55
2026-10-02 22:57:09,train,20055,WRIST,49,49,49,100.0%,49,-,-,,-,False,49/49,100.0%,True,-,-,-,-,-,-,74.16
2026-10-02 22:58:53,train,15159,ELBOW,0,0,49,0.0%,0,-,-,,-,False,49/49,100.0%,True,-,-,-,-,-,-,74.56
2026-10-02 23:00:37,train,10052,FINGER,45,49,49,91.8%,0,-,-,,-,False,49/49,100.0%,True,-,-,-,-,-,-,74.03
2026-10-02 23:02:22,train,29805,FOREARM,47,49,49,95.9%,0,-,-,,-,False,49/49,100.0%,True,-,-,-,-,-,-,74.14
2026-10-02 23:04:07,train,31631,HAND,48,49,49,98.0%,0,-,-,,-,False,49/49,100.0%,True,-,-,-,-,-,-,75.08
2026-10-02 23:05:51,train,8750,HUMERUS,49,49,49,100.0%,49,-,-,,-,False,49/49,100.0%,True,-,-,-,-,-,-,74.54
2026-10-02 23:07:36,train,767,SHOULDER,49,49,49,100.0%,49,-,-,,-,False,49/49,100.0%,True,-,-,-,-,-,-,74.81
2026-10-02 23:09:21,train,20056,WRIST,45,49,49,91.8%,0,-,-,,-,False,49/49,100.0%,True,-,-,-,-,-,-,75.39
2026-10-02 23:11:06,train,15160,ELBOW,48,49,49,98.0%,0,-,-,,-,False,49/49,100.0%,True,-,-,-,-,-,-,74.63
2026-10-02 23:12:49,train,10053,FINGER,48,49,49,98.0%,0,-,-,,-,False,49/49,100.0%,True,-,-,-,-,-,-,73.39
2026-10-02 23:14:34,train,29806,FOREARM,45,49,49,91.8%,0,-,-,,-,False,49/49,100.0%,True,-,-,-,-,-,-,74.52
2026-10-02 23:16:18,train,31632,HAND,49,49,49,100.0%,49,-,-,,-,False,49/49,100.0%,True,-,-,-,-,-,-,73.72
2026-10-02 23:18:02,train,8751,HUMERUS,49,49,49,100.0%,49,-,-,,-,False,49/49,100.0%,True,-,-,-,-,-,-,74.59
2026-10-02 23:19:46,train,768,SHOULDER,49,49,49,100.0%,49,-,-,,-,False,49/49,100.0%,True,-,-,-,-,-,-,74.27
2026-10-02 23:21:31,train,20057,WRIST,48,48,49,98.0%,0,-,-,,-,False,49/49,100.0%,True,-,-,-,-,-,-,74.49
2026-10-02 23:23:15,train,15161,ELBOW,48,48,49,98.0%,0,-,-,,-,False,49/49,100.0%,True,-,-,-,-,-,-,74.02
2026-10-02 23:25:00,train,10054,FINGER,48,49,49,98.0%,0,-,-,,-,False,49/49,100.0%,True,-,-,-,-,-,-,74.66
2026-10-02 23:26:44,train,29807,FOREARM,48,49,49,98.0%,0,-,-,,-,False,49/49,100.0%,True,-,-,-,-,-,-,73.95
2026-10-02 23:28:28,train,31633,HAND,49,49,49,100.0%,49,-,-,,-,False,49/49,100.0%,True,-,-,-,-,-,-,73.89
2026-10-02 23:30:12,train,8752,HUMERUS,49,49,49,100.0%,49,-,-,,-,False,49/49,100.0%,True,-,-,-,-,-,-,74.15
2026-10-02 23:31:56,train,769,SHOULDER,49,49,49,100.0%,49,-,-,,-,False,49/49,100.0%,True,-,-,-,-,-,-,74.73
2026-10-02 23:33:40,train,20058,WRIST,48,49,49,98.0%,0,-,-,,-,False,49/49,100.0%,True,-,-,-,-,-,-,73.68
2026-10-02 23:35:24,train,15162,ELBOW,49,49,49,100.0%,49,-,-,,-,False,49/49,100.0%,True,-,-,-,-,-,-,73.94
2026-10-02 23:37:08,train,10055,FINGER,48,49,49,98.0%,0,-,-,,-,False,49/49,100.0%,True,-,-,-,-,-,-,74.12
2026-10-02 23:38:52,train,29808,FOREARM,48,49,49,98.0%,0,-,-,,-,False,49/49,100.0%,True,-,-,-,-,-,-,74.17
2026-10-02 23:40:36,train,31634,HAND,48,49,49,98.0%,0,-,-,,-,False,49/49,100.0%,True,-,-,-,-,-,-,74.06
2026-10-02 23:42:20,train,8753,HUMERUS,48,48,49,98.0%,0,-,-,,-,False,49/49,100.0%,True,-,-,-,-,-,-,73.71
2026-10-02 23:44:04,train,770,SHOULDER,49,49,49,100.0%,49,-,-,,-,False,49/49,100.0%,True,-,-,-,-,-,-,74.11
2026-10-02 23:45:48,train,20059,WRIST,45,49,49,91.8%,0,-,-,,-,False,49/49,100.0%,True,-,-,-,-,-,-,73.49
2026-10-02 23:47:32,train,15163,ELBOW,47,49,49,95.9%,0,-,-,,-,False,49/49,100.0%,True,-,-,-,-,-,-,74.53
2026-10-02 23:49:18,train,10056,FINGER,48,49,49,98.0%,0,-,-,,-,False,49/49,100.0%,True,-,-,-,-,-,-,75.32
2026-10-02 23:51:01,train,29809,FOREARM,42,48,49,85.7%,0,-,-,,-,False,49/49,100.0%,True,-,-,-,-,-,-,73.67
2026-10-02 23:52:45,train,31635,HAND,49,49,49,100.0%,49,-,-,,-,False,49/49,100.0%,True,-,-,-,-,-,-,74.0
2026-10-02 23:54:29,train,8754,HUMERUS,48,49,49,98.0%,0,-,-,,-,False,49/49,100.0%,True,-,-,-,-,-,-,74.28
2026-10-02 23:56:14,train,771,SHOULDER,49,49,49,100.0%,49,-,-,,-,False,49/49,100.0%,True,-,-,-,-,-,-,74.6
2026-10-02 23:57:58,train,20060,WRIST,48,49,49,98.0%,0,-,-,,-,False,49/49,100.0%,True,-,-,-,-,-,-,74.4
2026-10-02 23:59:45,train,15164,ELBOW,48,49,49,98.0%,0,-,-,,-,False,49/49,100.0%,True,-,-,-,-,-,-,76.91
2026-10-03 00:01:29,train,10057,FINGER,48,49,49,98.0%,0,-,-,,-,False,49/49,100.0%,True,-,-,-,-,-,-,73.66
2026-10-03 00:02:45,train,15159,ELBOW,48,49,49,98.0%,0,-,-,,-,False,49/49,100.0%,True,-,-,-,-,-,-,73.36
2026-10-03 00:04:29,train,10058,FINGER,49,49,49,100.0%,49,-,-,,-,False,49/49,100.0%,True,-,-,-,-,-,-,74.3
2026-10-03 00:06:13,train,29810,FOREARM,45,48,49,91.8%,0,-,-,,-,False,49/49,100.0%,True,-,-,-,-,-,-,73.77
2026-10-03 00:07:57,train,31636,HAND,48,49,49,98.0%,0,-,-,,-,False,49/49,100.0%,True,-,-,-,-,-,-,73.86
2026-10-03 00:09:41,train,8755,HUMERUS,48,49,49,98.0%,0,-,-,,-,False,49/49,100.0%,True,-,-,-,-,-,-,74.06
2026-10-03 00:11:25,train,764,SHOULDER,8,16,49,16.3%,0,-,-,,-,False,49/49,100.0%,True,-,-,-,-,-,-,74.17
2026-10-03 00:13:08,train,20061,WRIST,49,49,49,100.0%,49,-,-,,-,False,49/49,100.0%,True,-,-,-,-,-,-,73.33
2026-10-03 00:14:52,train,15165,ELBOW,47,49,49,95.9%,0,-,-,,-,False,49/49,100.0%,True,-,-,-,-,-,-,73.49
2026-10-03 00:16:36,train,10059,FINGER,49,49,49,100.0%,49,-,-,,-,False,49/49,100.0%,True,-,-,-,-,-,-,74.81
2026-10-03 00:18:21,train,29811,FOREARM,49,49,49,100.0%,49,-,-,,-,False,49/49,100.0%,True,-,-,-,-,-,-,74.02
2026-10-03 00:20:04,train,31637,HAND,48,48,49,98.0%,1,-,-,,-,False,49/49,100.0%,True,-,-,-,-,-,-,73.71
2026-10-03 00:21:47,train,8756,HUMERUS,46,49,49,93.9%,0,-,-,,-,False,49/49,100.0%,True,-,-,-,-,-,-,72.95
2026-10-03 00:23:31,train,772,SHOULDER,49,49,49,100.0%,49,-,-,,-,False,49/49,100.0%,True,-,-,-,-,-,-,73.62
2026-10-03 00:25:15,train,20062,WRIST,48,49,49,98.0%,0,-,-,,-,False,49/49,100.0%,True,-,-,-,-,-,-,73.8
2026-10-03 00:26:59,train,15166,ELBOW,48,49,49,98.0%,0,-,-,,-,False,49/49,100.0%,True,-,-,-,-,-,-,74.57
2026-10-03 00:28:43,train,10060,FINGER,49,49,49,100.0%,49,-,-,,-,False,49/49,100.0%,True,-,-,-,-,-,-,73.95
2026-10-03 00:30:28,train,29812,FOREARM,49,49,49,100.0%,49,-,-,,-,False,49/49,100.0%,True,-,-,-,-,-,-,75.08
2026-10-03 00:32:13,train,31638,HAND,47,49,49,95.9%,0,-,-,,-,False,49/49,100.0%,True,-,-,-,-,-,-,74.34
2026-10-03 00:33:56,train,8757,HUMERUS,48,49,49,98.0%,0,-,-,,-,False,49/49,100.0%,True,-,-,-,-,-,-,73.36
2026-10-03 00:35:40,train,773,SHOULDER,47,49,49,95.9%,0,-,-,,-,False,49/49,100.0%,True,-,-,-,-,-,-,74.47
2026-10-03 00:37:24,train,20063,WRIST,48,49,49,98.0%,0,-,-,,-,False,49/49,100.0%,True,-,-,-,-,-,-,73.46
2026-10-03 00:39:07,train,15167,ELBOW,49,49,49,100.0%,49,-,-,,-,False,49/49,100.0%,True,-,-,-,-,-,-,73.54
2026-10-03 00:40:52,train,10061,FINGER,48,49,49,98.0%,0,-,-,,-,False,49/49,100.0%,True,-,-,-,-,-,-,74.81
2026-10-03 00:42:37,train,29813,FOREARM,47,49,49,95.9%,0,-,-,,-,False,49/49,100.0%,True,-,-,-,-,-,-,75.2
2026-10-03 00:44:21,train,31639,HAND,46,49,49,93.9%,0,-,-,,-,False,49/49,100.0%,True,-,-,-,-,-,-,73.81
2026-10-03 00:46:06,train,8758,HUMERUS,47,49,49,95.9%,0,-,-,,-,False,49/49,100.0%,True,-,-,-,-,-,-,74.99
2026-10-03 00:47:51,train,774,SHOULDER,44,49,49,89.8%,0,-,-,,-,False,49/49,100.0%,True,-,-,-,-,-,-,74.33
2026-10-03 00:49:35,train,20064,WRIST,49,49,49,100.0%,49,-,-,,-,False,49/49,100.0%,True,-,-,-,-,-,-,74.59
2026-10-03 00:51:20,train,15168,ELBOW,39,48,49,79.6%,0,-,-,,-,False,49/49,100.0%,True,-,-,-,-,-,-,74.66
2026-10-03 00:53:04,train,10062,FINGER,48,48,49,98.0%,0,-,-,,-,False,49/49,100.0%,True,-,-,-,-,-,-,73.78
2026-10-03 00:54:47,train,29814,FOREARM,49,49,49,100.0%,49,-,-,,-,False,49/49,100.0%,True,-,-,-,-,-,-,73.66
2026-10-03 00:56:31,train,31640,HAND,49,49,49,100.0%,49,-,-,,-,False,49/49,100.0%,True,-,-,-,-,-,-,73.78
2026-10-03 00:58:15,train,8759,HUMERUS,49,49,49,100.0%,49,-,-,,-,False,49/49,100.0%,True,-,-,-,-,-,-,73.65
2026-10-03 00:59:59,train,775,SHOULDER,48,49,49,98.0%,0,-,-,,-,False,49/49,100.0%,True,-,-,-,-,-,-,73.96
2026-10-03 01:01:42,train,20065,WRIST,49,49,49,100.0%,49,-,-,,-,False,49/49,100.0%,True,-,-,-,-,-,-,73.73
2026-10-03 01:03:27,train,15169,ELBOW,48,48,49,98.0%,0,-,-,,-,False,49/49,100.0%,True,-,-,-,-,-,-,75.06
2026-10-03 01:05:12,train,10063,FINGER,47,49,49,95.9%,0,-,-,,-,False,49/49,100.0%,True,-,-,-,-,-,-,74.92
2026-10-03 01:06:57,train,29815,FOREARM,49,49,49,100.0%,49,-,-,,-,False,49/49,100.0%,True,-,-,-,-,-,-,74.66
2026-10-03 01:08:41,train,31641,HAND,49,49,49,100.0%,49,-,-,,-,False,49/49,100.0%,True,-,-,-,-,-,-,74.48
2026-10-03 01:10:26,train,8760,HUMERUS,49,49,49,100.0%,49,-,-,,-,False,49/49,100.0%,True,-,-,-,-,-,-,74.33
2026-10-03 01:12:09,train,776,SHOULDER,49,49,49,100.0%,49,-,-,,-,False,49/49,100.0%,True,-,-,-,-,-,-,73.65
2026-10-03 01:13:53,train,20066,WRIST,48,49,49,98.0%,0,-,-,,-,False,49/49,100.0%,True,-,-,-,-,-,-,73.55
2026-10-03 01:15:37,train,15170,ELBOW,49,49,49,100.0%,49,-,-,,-,False,49/49,100.0%,True,-,-,-,-,-,-,74.13
2026-10-03 01:17:22,train,10064,FINGER,49,49,49,100.0%,49,-,-,,-,False,49/49,100.0%,True,-,-,-,-,-,-,74.58
2026-10-03 01:19:06,train,29816,FOREARM,48,49,49,98.0%,0,-,-,,-,False,49/49,100.0%,True,-,-,-,-,-,-,74.6
2026-10-03 01:20:51,train,31642,HAND,48,49,49,98.0%,0,-,-,,-,False,49/49,100.0%,True,-,-,-,-,-,-,75.17
2026-10-03 01:22:36,train,8761,HUMERUS,49,49,49,100.0%,49,-,-,,-,False,49/49,100.0%,True,-,-,-,-,-,-,74.22
2026-10-03 01:24:20,train,777,SHOULDER,49,49,49,100.0%,49,-,-,,-,False,49/49,100.0%,True,-,-,-,-,-,-,74.63
2026-10-03 01:26:05,train,20067,WRIST,48,48,49,98.0%,0,-,-,,-,False,49/49,100.0%,True,-,-,-,-,-,-,74.29
2026-10-03 01:27:49,train,15171,ELBOW,49,49,49,100.0%,49,-,-,,-,False,49/49,100.0%,True,-,-,-,-,-,-,73.96
2026-10-03 01:29:33,train,10065,FINGER,0,6,49,0.0%,0,-,-,,-,False,49/49,100.0%,True,-,-,-,-,-,-,74.36
2026-10-03 01:31:17,train,29817,FOREARM,47,49,49,95.9%,0,-,-,,-,False,49/49,100.0%,True,-,-,-,-,-,-,73.91
2026-10-03 01:33:00,train,31643,HAND,49,49,49,100.0%,49,-,-,,-,False,49/49,100.0%,True,-,-,-,-,-,-,73.67
2026-10-03 01:34:44,train,8762,HUMERUS,48,48,49,98.0%,0,-,-,,-,False,49/49,100.0%,True,-,-,-,-,-,-,73.63
2026-10-03 01:36:28,train,778,SHOULDER,48,49,49,98.0%,0,-,-,,-,False,49/49,100.0%,True,-,-,-,-,-,-,73.39
2026-10-03 01:38:11,train,20068,WRIST,45,48,49,91.8%,0,-,-,,-,False,49/49,100.0%,True,-,-,-,-,-,-,73.92
2026-10-03 01:39:56,train,15172,ELBOW,48,49,49,98.0%,0,-,-,,-,False,49/49,100.0%,True,-,-,-,-,-,-,74.15
2026-10-03 01:41:39,train,10066,FINGER,49,49,49,100.0%,49,-,-,,-,False,49/49,100.0%,True,-,-,-,-,-,-,73.88
2026-10-03 01:43:23,train,29818,FOREARM,49,49,49,100.0%,49,-,-,,-,False,49/49,100.0%,True,-,-,-,-,-,-,73.93
2026-10-03 01:45:07,train,31644,HAND,49,49,49,100.0%,49,-,-,,-,False,49/49,100.0%,True,-,-,-,-,-,-,73.97
2026-10-03 01:46:52,train,8763,HUMERUS,48,49,49,98.0%,0,-,-,,-,False,49/49,100.0%,True,-,-,-,-,-,-,74.96
2026-10-03 01:48:37,train,779,SHOULDER,49,49,49,100.0%,49,-,-,,-,False,49/49,100.0%,True,-,-,-,-,-,-,74.56
2026-10-03 01:50:22,train,20069,WRIST,49,49,49,100.0%,49,-,-,,-,False,49/49,100.0%,True,-,-,-,-,-,-,74.97
2026-10-03 01:52:06,train,15173,ELBOW,49,49,49,100.0%,49,-,-,,-,False,49/49,100.0%,True,-,-,-,-,-,-,74.18
2026-10-03 01:53:50,train,10067,FINGER,47,49,49,95.9%,0,-,-,,-,False,49/49,100.0%,True,-,-,-,-,-,-,74.1
2026-10-03 01:55:35,train,29819,FOREARM,48,49,49,98.0%,0,-,-,,-,False,49/49,100.0%,True,-,-,-,-,-,-,75.15
2026-10-03 01:57:20,train,31645,HAND,48,49,49,98.0%,0,-,-,,-,False,49/49,100.0%,True,-,-,-,-,-,-,74.84
2026-10-03 01:59:04,train,8764,HUMERUS,0,33,49,0.0%,0,-,-,,-,False,49/49,100.0%,True,-,-,-,-,-,-,74.3
2026-10-03 02:00:50,train,780,SHOULDER,46,49,49,93.9%,0,-,-,,-,False,49/49,100.0%,True,-,-,-,-,-,-,75.41
2026-10-03 02:02:34,train,20070,WRIST,49,49,49,100.0%,49,-,-,,-,False,49/49,100.0%,True,-,-,-,-,-,-,74.45
2026-10-03 02:04:18,train,15174,ELBOW,43,48,49,87.8%,0,-,-,,-,False,49/49,100.0%,True,-,-,-,-,-,-,74.05
2026-10-03 02:06:03,train,10068,FINGER,49,49,49,100.0%,49,-,-,,-,False,49/49,100.0%,True,-,-,-,-,-,-,75.12
2026-10-03 02:07:47,train,29820,FOREARM,48,49,49,98.0%,0,-,-,,-,False,49/49,100.0%,True,-,-,-,-,-,-,73.48
2026-10-03 02:09:31,train,31646,HAND,46,47,49,93.9%,0,-,-,,-,False,49/49,100.0%,True,-,-,-,-,-,-,73.99
2026-10-03 02:11:15,train,8765,HUMERUS,49,49,49,100.0%,49,-,-,,-,False,49/49,100.0%,True,-,-,-,-,-,-,74.08
2026-10-03 02:12:59,train,781,SHOULDER,48,48,49,98.0%,1,-,-,,-,False,49/49,100.0%,True,-,-,-,-,-,-,74.25
2026-10-03 02:14:44,train,20071,WRIST,49,49,49,100.0%,49,-,-,,-,False,49/49,100.0%,True,-,-,-,-,-,-,74.58
2026-10-03 02:16:27,train,15175,ELBOW,45,49,49,91.8%,0,-,-,,-,False,49/49,100.0%,True,-,-,-,-,-,-,73.63
2026-10-03 02:18:12,train,10069,FINGER,46,49,49,93.9%,0,-,-,,-,False,49/49,100.0%,True,-,-,-,-,-,-,74.32
2026-10-03 02:19:57,train,29821,FOREARM,48,49,49,98.0%,0,-,-,,-,False,49/49,100.0%,True,-,-,-,-,-,-,75.24
2026-10-03 02:21:41,train,31647,HAND,47,49,49,95.9%,0,-,-,,-,False,49/49,100.0%,True,-,-,-,-,-,-,73.49
2026-10-03 02:23:27,train,8766,HUMERUS,48,49,49,98.0%,0,-,-,,-,False,49/49,100.0%,True,-,-,-,-,-,-,76.09
2026-10-03 02:25:11,train,782,SHOULDER,49,49,49,100.0%,49,-,-,,-,False,49/49,100.0%,True,-,-,-,-,-,-,74.33
2026-10-03 02:26:55,train,20072,WRIST,48,49,49,98.0%,0,-,-,,-,False,49/49,100.0%,True,-,-,-,-,-,-,74.51
2026-10-03 02:28:40,train,15176,ELBOW,46,49,49,93.9%,0,-,-,,-,False,49/49,100.0%,True,-,-,-,-,-,-,74.56
2026-10-03 02:30:25,train,10070,FINGER,48,49,49,98.0%,0,-,-,,-,False,49/49,100.0%,True,-,-,-,-,-,-,74.91
2026-10-03 02:32:09,train,29822,FOREARM,49,49,49,100.0%,49,-,-,,-,False,49/49,100.0%,True,-,-,-,-,-,-,74.08
2026-10-03 02:33:54,train,31648,HAND,49,49,49,100.0%,49,-,-,,-,False,49/49,100.0%,True,-,-,-,-,-,-,75.32
2026-10-03 02:35:38,train,8767,HUMERUS,48,49,49,98.0%,0,-,-,,-,False,49/49,100.0%,True,-,-,-,-,-,-,74.19
2026-10-03 02:37:23,train,783,SHOULDER,48,49,49,98.0%,0,-,-,,-,False,49/49,100.0%,True,-,-,-,-,-,-,75.0
2026-10-03 02:39:07,train,20073,WRIST,48,48,49,98.0%,0,-,-,,-,False,49/49,100.0%,True,-,-,-,-,-,-,73.94
2026-10-03 02:40:51,train,15177,ELBOW,49,49,49,100.0%,49,-,-,,-,False,49/49,100.0%,True,-,-,-,-,-,-,73.64
2026-10-03 02:42:36,train,10071,FINGER,48,48,49,98.0%,0,-,-,,-,False,49/49,100.0%,True,-,-,-,-,-,-,75.16
2026-10-03 02:44:21,train,29823,FOREARM,49,49,49,100.0%,49,-,-,,-,False,49/49,100.0%,True,-,-,-,-,-,-,74.47
2026-10-03 02:46:05,train,31649,HAND,48,49,49,98.0%,0,-,-,,-,False,49/49,100.0%,True,-,-,-,-,-,-,73.84
2026-10-03 02:47:49,train,8768,HUMERUS,44,49,49,89.8%,0,-,-,,-,False,49/49,100.0%,True,-,-,-,-,-,-,74.8
2026-10-03 02:49:33,train,784,SHOULDER,49,49,49,100.0%,49,-,-,,-,False,49/49,100.0%,True,-,-,-,-,-,-,74.11
2026-10-03 02:51:18,train,20074,WRIST,33,36,49,67.3%,0,-,-,,-,False,49/49,100.0%,True,-,-,-,-,-,-,74.38
2026-10-03 02:53:02,train,15178,ELBOW,49,49,49,100.0%,49,-,-,,-,False,49/49,100.0%,True,-,-,-,-,-,-,73.89
2026-10-03 02:54:47,train,10072,FINGER,49,49,49,100.0%,49,-,-,,-,False,49/49,100.0%,True,-,-,-,-,-,-,74.95
2026-10-03 02:56:04,train,15179,ELBOW,49,49,49,100.0%,49,-,-,,-,False,49/49,100.0%,True,-,-,-,-,-,-,74.97
2026-10-03 02:57:49,train,10065,FINGER,49,49,49,100.0%,49,-,-,,-,False,49/49,100.0%,True,-,-,-,-,-,-,74.65
2026-10-03 02:59:33,train,29824,FOREARM,49,49,49,100.0%,49,-,-,,-,False,49/49,100.0%,True,-,-,-,-,-,-,74.55
2026-10-03 03:01:18,train,31650,HAND,49,49,49,100.0%,49,-,-,,-,False,49/49,100.0%,True,-,-,-,-,-,-,74.46
2026-10-03 03:03:02,train,8764,HUMERUS,48,49,49,98.0%,0,-,-,,-,False,49/49,100.0%,True,-,-,-,-,-,-,74.14
2026-10-03 03:04:46,train,785,SHOULDER,48,48,49,98.0%,1,-,-,,-,False,49/49,100.0%,True,-,-,-,-,-,-,74.61
2026-10-03 03:06:31,train,20075,WRIST,49,49,49,100.0%,49,-,-,,-,False,49/49,100.0%,True,-,-,-,-,-,-,74.37
2026-10-03 03:08:15,train,15180,ELBOW,49,49,49,100.0%,49,-,-,,-,False,49/49,100.0%,True,-,-,-,-,-,-,73.82
2026-10-03 03:09:59,train,10073,FINGER,49,49,49,100.0%,49,-,-,,-,False,49/49,100.0%,True,-,-,-,-,-,-,74.61
2026-10-03 03:11:43,train,29825,FOREARM,49,49,49,100.0%,49,-,-,,-,False,49/49,100.0%,True,-,-,-,-,-,-,74.07
2026-10-03 03:13:27,train,31651,HAND,48,49,49,98.0%,0,-,-,,-,False,49/49,100.0%,True,-,-,-,-,-,-,74.05
2026-10-03 03:15:12,train,8769,HUMERUS,48,49,49,98.0%,0,-,-,,-,False,49/49,100.0%,True,-,-,-,-,-,-,74.85
2026-10-03 03:16:59,train,786,SHOULDER,49,49,49,100.0%,49,-,-,,-,False,49/49,100.0%,True,-,-,-,-,-,-,76.64
2026-10-03 03:18:43,train,20076,WRIST,48,48,49,98.0%,1,-,-,,-,False,49/49,100.0%,True,-,-,-,-,-,-,74.32
2026-10-03 03:20:27,train,15181,ELBOW,49,49,49,100.0%,49,-,-,,-,False,49/49,100.0%,True,-,-,-,-,-,-,73.73
2026-10-03 03:22:11,train,10074,FINGER,49,49,49,100.0%,49,-,-,,-,False,49/49,100.0%,True,-,-,-,-,-,-,73.91
2026-10-03 03:23:55,train,29826,FOREARM,49,49,49,100.0%,49,-,-,,-,False,49/49,100.0%,True,-,-,-,-,-,-,74.26
2026-10-03 03:25:40,train,31652,HAND,49,49,49,100.0%,49,-,-,,-,False,49/49,100.0%,True,-,-,-,-,-,-,74.64
2026-10-03 03:27:24,train,8770,HUMERUS,45,48,49,91.8%,0,-,-,,-,False,49/49,100.0%,True,-,-,-,-,-,-,73.91
2026-10-03 03:29:09,train,787,SHOULDER,47,49,49,95.9%,0,-,-,,-,False,49/49,100.0%,True,-,-,-,-,-,-,75.21
2026-10-03 03:30:53,train,20077,WRIST,41,49,49,83.7%,0,-,-,,-,False,49/49,100.0%,True,-,-,-,-,-,-,73.85
2026-10-03 03:32:37,train,15182,ELBOW,48,49,49,98.0%,0,-,-,,-,False,49/49,100.0%,True,-,-,-,-,-,-,74.7
2026-10-03 03:34:21,train,10075,FINGER,48,49,49,98.0%,0,-,-,,-,False,49/49,100.0%,True,-,-,-,-,-,-,74.04
2026-10-03 03:36:06,train,29827,FOREARM,49,49,49,100.0%,49,-,-,,-,False,49/49,100.0%,True,-,-,-,-,-,-,74.87
2026-10-03 03:37:51,train,31653,HAND,48,48,49,98.0%,0,-,-,,-,False,49/49,100.0%,True,-,-,-,-,-,-,75.02
2026-10-03 03:39:35,train,8771,HUMERUS,48,49,49,98.0%,0,-,-,,-,False,49/49,100.0%,True,-,-,-,-,-,-,74.05
2026-10-03 03:41:19,train,788,SHOULDER,48,49,49,98.0%,0,-,-,,-,False,49/49,100.0%,True,-,-,-,-,-,-,73.71
2026-10-03 03:43:03,train,20078,WRIST,48,49,49,98.0%,0,-,-,,-,False,49/49,100.0%,True,-,-,-,-,-,-,73.6
2026-10-03 03:44:47,train,15183,ELBOW,43,49,49,87.8%,0,-,-,,-,False,49/49,100.0%,True,-,-,-,-,-,-,74.18
2026-10-03 03:46:31,train,10076,FINGER,49,49,49,100.0%,49,-,-,,-,False,49/49,100.0%,True,-,-,-,-,-,-,73.85
2026-10-03 03:48:14,train,29828,FOREARM,48,49,49,98.0%,0,-,-,,-,False,49/49,100.0%,True,-,-,-,-,-,-,73.3
2026-10-03 03:49:59,train,31654,HAND,49,49,49,100.0%,49,-,-,,-,False,49/49,100.0%,True,-,-,-,-,-,-,75.28
2026-10-03 03:51:43,train,8772,HUMERUS,49,49,49,100.0%,49,-,-,,-,False,49/49,100.0%,True,-,-,-,-,-,-,74.24
2026-10-03 03:53:27,train,789,SHOULDER,49,49,49,100.0%,49,-,-,,-,False,49/49,100.0%,True,-,-,-,-,-,-,73.72
2026-10-03 03:55:11,train,20079,WRIST,0,3,49,0.0%,0,-,-,,-,False,49/49,100.0%,True,-,-,-,-,-,-,74.32
2026-10-03 03:56:55,train,15184,ELBOW,49,49,49,100.0%,49,-,-,,-,False,49/49,100.0%,True,-,-,-,-,-,-,73.29
2026-10-03 03:58:39,train,10077,FINGER,49,49,49,100.0%,49,-,-,,-,False,49/49,100.0%,True,-,-,-,-,-,-,73.92
2026-10-03 04:00:23,train,29829,FOREARM,49,49,49,100.0%,49,-,-,,-,False,49/49,100.0%,True,-,-,-,-,-,-,74.64
2026-10-03 04:02:07,train,31655,HAND,49,49,49,100.0%,49,-,-,,-,False,49/49,100.0%,True,-,-,-,-,-,-,74.16
2026-10-03 04:03:52,train,8773,HUMERUS,49,49,49,100.0%,49,-,-,,-,False,49/49,100.0%,True,-,-,-,-,-,-,74.45
2026-10-03 04:05:36,train,790,SHOULDER,48,49,49,98.0%,0,-,-,,-,False,49/49,100.0%,True,-,-,-,-,-,-,74.02
2026-10-03 04:07:19,train,20080,WRIST,47,49,49,95.9%,0,-,-,,-,False,49/49,100.0%,True,-,-,-,-,-,-,73.25
2026-10-03 04:09:03,train,15185,ELBOW,48,49,49,98.0%,0,-,-,,-,False,49/49,100.0%,True,-,-,-,-,-,-,74.09
2026-10-03 04:10:47,train,10078,FINGER,49,49,49,100.0%,49,-,-,,-,False,49/49,100.0%,True,-,-,-,-,-,-,73.55
2026-10-03 04:12:33,train,29830,FOREARM,49,49,49,100.0%,49,-,-,,-,False,49/49,100.0%,True,-,-,-,-,-,-,76.5
2026-10-03 04:14:18,train,31656,HAND,49,49,49,100.0%,49,-,-,,-,False,49/49,100.0%,True,-,-,-,-,-,-,74.93
2026-10-03 04:16:03,train,8774,HUMERUS,48,49,49,98.0%,0,-,-,,-,False,49/49,100.0%,True,-,-,-,-,-,-,74.24
2026-10-03 04:17:47,train,791,SHOULDER,49,49,49,100.0%,49,-,-,,-,False,49/49,100.0%,True,-,-,-,-,-,-,74.46
2026-10-03 04:19:30,train,20081,WRIST,49,49,49,100.0%,49,-,-,,-,False,49/49,100.0%,True,-,-,-,-,-,-,73.05
2026-10-03 04:21:15,train,15186,ELBOW,49,49,49,100.0%,49,-,-,,-,False,49/49,100.0%,True,-,-,-,-,-,-,74.95
2026-10-03 04:22:58,train,10079,FINGER,49,49,49,100.0%,49,-,-,,-,False,49/49,100.0%,True,-,-,-,-,-,-,73.42
2026-10-03 04:24:42,train,29831,FOREARM,46,49,49,93.9%,0,-,-,,-,False,49/49,100.0%,True,-,-,-,-,-,-,73.72
2026-10-03 04:26:27,train,31657,HAND,47,49,49,95.9%,0,-,-,,-,False,49/49,100.0%,True,-,-,-,-,-,-,74.86
2026-10-03 04:28:11,train,8775,HUMERUS,49,49,49,100.0%,49,-,-,,-,False,49/49,100.0%,True,-,-,-,-,-,-,73.97
2026-10-03 04:29:57,train,792,SHOULDER,48,49,49,98.0%,0,-,-,,-,False,49/49,100.0%,True,-,-,-,-,-,-,75.9
2026-10-03 04:31:41,train,20082,WRIST,49,49,49,100.0%,49,-,-,,-,False,49/49,100.0%,True,-,-,-,-,-,-,73.8
2026-10-03 04:33:24,train,15187,ELBOW,48,49,49,98.0%,0,-,-,,-,False,49/49,100.0%,True,-,-,-,-,-,-,73.64
2026-10-03 04:35:08,train,10080,FINGER,47,49,49,95.9%,0,-,-,,-,False,49/49,100.0%,True,-,-,-,-,-,-,73.86
2026-10-03 04:36:53,train,29832,FOREARM,48,49,49,98.0%,0,-,-,,-,False,49/49,100.0%,True,-,-,-,-,-,-,75.16
2026-10-03 04:38:37,train,31658,HAND,49,49,49,100.0%,49,-,-,,-,False,49/49,100.0%,True,-,-,-,-,-,-,73.5
2026-10-03 04:40:22,train,8776,HUMERUS,46,49,49,93.9%,0,-,-,,-,False,49/49,100.0%,True,-,-,-,-,-,-,75.17
2026-10-03 04:42:06,train,793,SHOULDER,49,49,49,100.0%,49,-,-,,-,False,49/49,100.0%,True,-,-,-,-,-,-,74.09
2026-10-03 04:43:50,train,20083,WRIST,48,49,49,98.0%,0,-,-,,-,False,49/49,100.0%,True,-,-,-,-,-,-,73.97
2026-10-03 04:45:33,train,15188,ELBOW,48,49,49,98.0%,0,-,-,,-,False,49/49,100.0%,True,-,-,-,-,-,-,73.18
2026-10-03 04:47:17,train,10081,FINGER,49,49,49,100.0%,49,-,-,,-,False,49/49,100.0%,True,-,-,-,-,-,-,73.94
2026-10-03 04:49:02,train,29833,FOREARM,48,49,49,98.0%,0,-,-,,-,False,49/49,100.0%,True,-,-,-,-,-,-,75.03
2026-10-03 04:50:45,train,31659,HAND,49,49,49,100.0%,49,-,-,,-,False,49/49,100.0%,True,-,-,-,-,-,-,72.96
2026-10-03 04:52:30,train,8777,HUMERUS,48,49,49,98.0%,0,-,-,,-,False,49/49,100.0%,True,-,-,-,-,-,-,74.53
2026-10-03 04:54:14,train,794,SHOULDER,48,49,49,98.0%,0,-,-,,-,False,49/49,100.0%,True,-,-,-,-,-,-,74.71
2026-10-03 04:55:59,train,20084,WRIST,49,49,49,100.0%,49,-,-,,-,False,49/49,100.0%,True,-,-,-,-,-,-,74.55
2026-10-03 04:57:44,train,15189,ELBOW,49,49,49,100.0%,49,-,-,,-,False,49/49,100.0%,True,-,-,-,-,-,-,74.69
2026-10-03 04:59:28,train,10082,FINGER,48,49,49,98.0%,0,-,-,,-,False,49/49,100.0%,True,-,-,-,-,-,-,74.06
2026-10-03 05:01:12,train,29834,FOREARM,48,49,49,98.0%,0,-,-,,-,False,49/49,100.0%,True,-,-,-,-,-,-,74.75
2026-10-03 05:02:58,train,31660,HAND,49,49,49,100.0%,49,-,-,,-,False,49/49,100.0%,True,-,-,-,-,-,-,75.09
2026-10-03 05:04:42,train,8778,HUMERUS,49,49,49,100.0%,49,-,-,,-,False,49/49,100.0%,True,-,-,-,-,-,-,74.95
2026-10-03 05:06:28,train,795,SHOULDER,44,49,49,89.8%,0,-,-,,-,False,49/49,100.0%,True,-,-,-,-,-,-,75.22
2026-10-03 05:08:11,train,20085,WRIST,47,48,49,95.9%,0,-,-,,-,False,49/49,100.0%,True,-,-,-,-,-,-,73.8
2026-10-03 05:09:55,train,15190,ELBOW,46,48,49,93.9%,1,-,-,,-,False,49/49,100.0%,True,-,-,-,-,-,-,73.82
2026-10-03 05:11:40,train,10083,FINGER,49,49,49,100.0%,49,-,-,,-,False,49/49,100.0%,True,-,-,-,-,-,-,75.07
2026-10-03 05:13:26,train,29835,FOREARM,48,49,49,98.0%,0,-,-,,-,False,49/49,100.0%,True,-,-,-,-,-,-,75.54
2026-10-03 05:15:11,train,31661,HAND,47,49,49,95.9%,0,-,-,,-,False,49/49,100.0%,True,-,-,-,-,-,-,74.96
2026-10-03 05:16:56,train,8779,HUMERUS,49,49,49,100.0%,49,-,-,,-,False,49/49,100.0%,True,-,-,-,-,-,-,75.54
2026-10-03 05:18:41,train,796,SHOULDER,49,49,49,100.0%,49,-,-,,-,False,49/49,100.0%,True,-,-,-,-,-,-,74.52
2026-10-03 05:20:26,train,20086,WRIST,48,48,49,98.0%,0,-,-,,-,False,49/49,100.0%,True,-,-,-,-,-,-,74.76
2026-10-03 05:22:09,train,15191,ELBOW,49,49,49,100.0%,49,-,-,,-,False,49/49,100.0%,True,-,-,-,-,-,-,72.92
2026-10-03 05:23:53,train,10084,FINGER,48,49,49,98.0%,0,-,-,,-,False,49/49,100.0%,True,-,-,-,-,-,-,74.23
2026-10-03 05:25:37,train,29836,FOREARM,49,49,49,100.0%,49,-,-,,-,False,49/49,100.0%,True,-,-,-,-,-,-,74.49
2026-10-03 05:27:22,train,31662,HAND,48,48,49,98.0%,0,-,-,,-,False,49/49,100.0%,True,-,-,-,-,-,-,74.6
2026-10-03 05:29:06,train,8780,HUMERUS,49,49,49,100.0%,49,-,-,,-,False,49/49,100.0%,True,-,-,-,-,-,-,74.13
2026-10-03 05:30:51,train,797,SHOULDER,49,49,49,100.0%,49,-,-,,-,False,49/49,100.0%,True,-,-,-,-,-,-,75.0
2026-10-03 05:32:35,train,20087,WRIST,48,49,49,98.0%,0,-,-,,-,False,49/49,100.0%,True,-,-,-,-,-,-,73.78
2026-10-03 05:34:19,train,15192,ELBOW,49,49,49,100.0%,49,-,-,,-,False,49/49,100.0%,True,-,-,-,-,-,-,74.34
2026-10-03 05:36:03,train,10085,FINGER,47,49,49,95.9%,0,-,-,,-,False,49/49,100.0%,True,-,-,-,-,-,-,73.89
2026-10-03 05:37:48,train,29837,FOREARM,49,49,49,100.0%,49,-,-,,-,False,49/49,100.0%,True,-,-,-,-,-,-,74.48
2026-10-03 05:39:31,train,31663,HAND,48,49,49,98.0%,0,-,-,,-,False,49/49,100.0%,True,-,-,-,-,-,-,73.52
2026-10-03 05:41:16,train,8781,HUMERUS,49,49,49,100.0%,49,-,-,,-,False,49/49,100.0%,True,-,-,-,-,-,-,74.94
2026-10-03 05:43:01,train,798,SHOULDER,49,49,49,100.0%,49,-,-,,-,False,49/49,100.0%,True,-,-,-,-,-,-,75.33
2026-10-03 05:44:45,train,20088,WRIST,45,49,49,91.8%,0,-,-,,-,False,49/49,100.0%,True,-,-,-,-,-,-,73.77
2026-10-03 05:46:30,train,15193,ELBOW,47,49,49,95.9%,0,-,-,,-,False,49/49,100.0%,True,-,-,-,-,-,-,74.4
2026-10-03 05:48:14,train,10086,FINGER,49,49,49,100.0%,49,-,-,,-,False,49/49,100.0%,True,-,-,-,-,-,-,74.89
2026-10-03 05:49:31,train,15194,ELBOW,49,49,49,100.0%,49,-,-,,-,False,49/49,100.0%,True,-,-,-,-,-,-,74.45
2026-10-03 05:51:16,train,10087,FINGER,49,49,49,100.0%,49,-,-,,-,False,49/49,100.0%,True,-,-,-,-,-,-,74.52
2026-10-03 05:52:59,train,29838,FOREARM,49,49,49,100.0%,49,-,-,,-,False,49/49,100.0%,True,-,-,-,-,-,-,73.63
2026-10-03 05:54:44,train,31664,HAND,49,49,49,100.0%,49,-,-,,-,False,49/49,100.0%,True,-,-,-,-,-,-,75.13
2026-10-03 05:56:28,train,8782,HUMERUS,49,49,49,100.0%,49,-,-,,-,False,49/49,100.0%,True,-,-,-,-,-,-,73.79
2026-10-03 05:58:12,train,799,SHOULDER,49,49,49,100.0%,49,-,-,,-,False,49/49,100.0%,True,-,-,-,-,-,-,74.07
2026-10-03 05:59:57,train,20079,WRIST,48,49,49,98.0%,0,-,-,,-,False,49/49,100.0%,True,-,-,-,-,-,-,75.02
2026-10-03 06:01:41,train,15195,ELBOW,49,49,49,100.0%,49,-,-,,-,False,49/49,100.0%,True,-,-,-,-,-,-,73.6
2026-10-03 06:03:24,train,10088,FINGER,49,49,49,100.0%,49,-,-,,-,False,49/49,100.0%,True,-,-,-,-,-,-,73.56
2026-10-03 06:05:09,train,29839,FOREARM,49,49,49,100.0%,49,-,-,,-,False,49/49,100.0%,True,-,-,-,-,-,-,74.19
2026-10-03 06:06:52,train,31665,HAND,49,49,49,100.0%,49,-,-,,-,False,49/49,100.0%,True,-,-,-,-,-,-,73.34
2026-10-03 06:08:36,train,8783,HUMERUS,49,49,49,100.0%,49,-,-,,-,False,49/49,100.0%,True,-,-,-,-,-,-,73.9
2026-10-03 06:10:19,train,800,SHOULDER,49,49,49,100.0%,49,-,-,,-,False,49/49,100.0%,True,-,-,-,-,-,-,73.51
2026-10-03 06:12:04,train,20089,WRIST,44,49,49,89.8%,0,-,-,,-,False,49/49,100.0%,True,-,-,-,-,-,-,74.9
2026-10-03 06:13:48,train,15196,ELBOW,48,49,49,98.0%,0,-,-,,-,False,49/49,100.0%,True,-,-,-,-,-,-,74.19
2026-10-03 06:15:34,train,10089,FINGER,48,49,49,98.0%,0,-,-,,-,False,49/49,100.0%,True,-,-,-,-,-,-,75.52
2026-10-03 06:17:17,train,29840,FOREARM,46,49,49,93.9%,0,-,-,,-,False,49/49,100.0%,True,-,-,-,-,-,-,73.49
2026-10-03 06:19:01,train,31666,HAND,49,49,49,100.0%,49,-,-,,-,False,49/49,100.0%,True,-,-,-,-,-,-,73.74
2026-10-03 06:20:45,train,8784,HUMERUS,49,49,49,100.0%,49,-,-,,-,False,49/49,100.0%,True,-,-,-,-,-,-,73.75
2026-10-03 06:22:30,train,801,SHOULDER,49,49,49,100.0%,49,-,-,,-,False,49/49,100.0%,True,-,-,-,-,-,-,74.62
2026-10-03 06:24:14,train,20090,WRIST,48,49,49,98.0%,0,-,-,,-,False,49/49,100.0%,True,-,-,-,-,-,-,74.88
2026-10-03 06:25:59,train,15197,ELBOW,49,49,49,100.0%,49,-,-,,-,False,49/49,100.0%,True,-,-,-,-,-,-,74.69
2026-10-03 06:27:43,train,10090,FINGER,48,49,49,98.0%,0,-,-,,-,False,49/49,100.0%,True,-,-,-,-,-,-,74.08
2026-10-03 06:29:28,train,29841,FOREARM,49,49,49,100.0%,49,-,-,,-,False,49/49,100.0%,True,-,-,-,-,-,-,74.62
2026-10-03 06:31:12,train,31667,HAND,42,49,49,85.7%,0,-,-,,-,False,49/49,100.0%,True,-,-,-,-,-,-,73.82
2026-10-03 06:32:56,train,8785,HUMERUS,49,49,49,100.0%,49,-,-,,-,False,49/49,100.0%,True,-,-,-,-,-,-,73.96
2026-10-03 06:34:39,train,802,SHOULDER,49,49,49,100.0%,49,-,-,,-,False,49/49,100.0%,True,-,-,-,-,-,-,73.47
2026-10-03 06:36:23,train,20091,WRIST,47,48,49,95.9%,0,-,-,,-,False,49/49,100.0%,True,-,-,-,-,-,-,73.8
2026-10-03 06:38:07,train,15198,ELBOW,40,48,49,81.6%,0,-,-,,-,False,49/49,100.0%,True,-,-,-,-,-,-,74.04
2026-10-03 06:39:52,train,10091,FINGER,49,49,49,100.0%,49,-,-,,-,False,49/49,100.0%,True,-,-,-,-,-,-,74.98
2026-10-03 06:41:36,train,29842,FOREARM,49,49,49,100.0%,49,-,-,,-,False,49/49,100.0%,True,-,-,-,-,-,-,73.93
2026-10-03 06:43:21,train,31668,HAND,48,49,49,98.0%,0,-,-,,-,False,49/49,100.0%,True,-,-,-,-,-,-,74.84
2026-10-03 06:45:05,train,8786,HUMERUS,49,49,49,100.0%,49,-,-,,-,False,49/49,100.0%,True,-,-,-,-,-,-,74.45
2026-10-03 06:46:49,train,803,SHOULDER,49,49,49,100.0%,49,-,-,,-,False,49/49,100.0%,True,-,-,-,-,-,-,73.68
2026-10-03 06:48:33,train,20092,WRIST,46,49,49,93.9%,0,-,-,,-,False,49/49,100.0%,True,-,-,-,-,-,-,73.97
2026-10-03 06:50:18,train,15199,ELBOW,49,49,49,100.0%,49,-,-,,-,False,49/49,100.0%,True,-,-,-,-,-,-,75.05
2026-10-03 06:52:01,train,10092,FINGER,48,48,49,98.0%,0,-,-,,-,False,49/49,100.0%,True,-,-,-,-,-,-,73.23
2026-10-03 06:53:46,train,29843,FOREARM,48,49,49,98.0%,0,-,-,,-,False,49/49,100.0%,True,-,-,-,-,-,-,74.52
2026-10-03 06:55:29,train,31669,HAND,49,49,49,100.0%,49,-,-,,-,False,49/49,100.0%,True,-,-,-,-,-,-,73.61
2026-10-03 06:57:15,train,8787,HUMERUS,46,48,49,93.9%,0,-,-,,-,False,49/49,100.0%,True,-,-,-,-,-,-,75.76
2026-10-03 06:59:00,train,804,SHOULDER,43,49,49,87.8%,0,-,-,,-,False,49/49,100.0%,True,-,-,-,-,-,-,75.03
2026-10-03 07:00:43,train,20093,WRIST,49,49,49,100.0%,49,-,-,,-,False,49/49,100.0%,True,-,-,-,-,-,-,73.14
2026-10-03 07:02:27,train,15200,ELBOW,49,49,49,100.0%,49,-,-,,-,False,49/49,100.0%,True,-,-,-,-,-,-,73.81
2026-10-03 07:04:12,train,10093,FINGER,48,49,49,98.0%,0,-,-,,-,False,49/49,100.0%,True,-,-,-,-,-,-,75.16
2026-10-03 07:05:56,train,29844,FOREARM,49,49,49,100.0%,49,-,-,,-,False,49/49,100.0%,True,-,-,-,-,-,-,74.18
2026-10-03 07:07:41,train,31670,HAND,49,49,49,100.0%,49,-,-,,-,False,49/49,100.0%,True,-,-,-,-,-,-,74.26
2026-10-03 07:09:25,train,8788,HUMERUS,47,49,49,95.9%,0,-,-,,-,False,49/49,100.0%,True,-,-,-,-,-,-,74.22
2026-10-03 07:11:08,train,805,SHOULDER,49,49,49,100.0%,49,-,-,,-,False,49/49,100.0%,True,-,-,-,-,-,-,73.54
2026-10-03 07:12:52,train,20094,WRIST,48,49,49,98.0%,0,-,-,,-,False,49/49,100.0%,True,-,-,-,-,-,-,74.06
2026-10-03 07:14:37,train,15201,ELBOW,48,49,49,98.0%,0,-,-,,-,False,49/49,100.0%,True,-,-,-,-,-,-,74.54
2026-10-03 07:16:22,train,10094,FINGER,47,49,49,95.9%,0,-,-,,-,False,49/49,100.0%,True,-,-,-,-,-,-,75.3
2026-10-03 07:18:07,train,29845,FOREARM,49,49,49,100.0%,49,-,-,,-,False,49/49,100.0%,True,-,-,-,-,-,-,75.09
2026-10-03 07:19:52,train,31671,HAND,49,49,49,100.0%,49,-,-,,-,False,49/49,100.0%,True,-,-,-,-,-,-,74.37
2026-10-03 07:21:35,train,8789,HUMERUS,46,49,49,93.9%,0,-,-,,-,False,49/49,100.0%,True,-,-,-,-,-,-,73.44
2026-10-03 07:23:18,train,806,SHOULDER,47,49,49,95.9%,0,-,-,,-,False,49/49,100.0%,True,-,-,-,-,-,-,73.0
2026-10-03 07:25:02,train,20095,WRIST,49,49,49,100.0%,49,-,-,,-,False,49/49,100.0%,True,-,-,-,-,-,-,73.53
2026-10-03 07:26:45,train,15202,ELBOW,48,49,49,98.0%,0,-,-,,-,False,49/49,100.0%,True,-,-,-,-,-,-,73.52
2026-10-03 07:28:29,train,10095,FINGER,48,49,49,98.0%,0,-,-,,-,False,49/49,100.0%,True,-,-,-,-,-,-,73.87
2026-10-03 07:30:14,train,29846,FOREARM,49,49,49,100.0%,49,-,-,,-,False,49/49,100.0%,True,-,-,-,-,-,-,75.43
2026-10-03 07:31:58,train,31672,HAND,48,48,49,98.0%,1,-,-,,-,False,49/49,100.0%,True,-,-,-,-,-,-,73.72
2026-10-03 07:33:43,train,8790,HUMERUS,48,48,49,98.0%,0,-,-,,-,False,49/49,100.0%,True,-,-,-,-,-,-,74.94
2026-10-03 07:35:28,train,807,SHOULDER,48,49,49,98.0%,0,-,-,,-,False,49/49,100.0%,True,-,-,-,-,-,-,74.93
2026-10-03 07:37:12,train,20096,WRIST,49,49,49,100.0%,49,-,-,,-,False,49/49,100.0%,True,-,-,-,-,-,-,74.12
2026-10-03 07:38:56,train,15203,ELBOW,44,48,49,89.8%,0,-,-,,-,False,49/49,100.0%,True,-,-,-,-,-,-,74.21
2026-10-03 07:40:40,train,10096,FINGER,46,49,49,93.9%,0,-,-,,-,False,49/49,100.0%,True,-,-,-,-,-,-,73.66
2026-10-03 07:42:24,train,29847,FOREARM,49,49,49,100.0%,49,-,-,,-,False,49/49,100.0%,True,-,-,-,-,-,-,73.51
2026-10-03 07:44:06,train,31673,HAND,49,49,49,100.0%,49,-,-,,-,False,49/49,100.0%,True,-,-,-,-,-,-,72.92
2026-10-03 07:45:50,train,8791,HUMERUS,49,49,49,100.0%,49,-,-,,-,False,49/49,100.0%,True,-,-,-,-,-,-,73.99
2026-10-03 07:47:34,train,808,SHOULDER,48,49,49,98.0%,0,-,-,,-,False,49/49,100.0%,True,-,-,-,-,-,-,73.73
2026-10-03 07:49:19,train,20097,WRIST,49,49,49,100.0%,49,-,-,,-,False,49/49,100.0%,True,-,-,-,-,-,-,75.06
2026-10-03 07:51:03,train,15204,ELBOW,0,0,49,0.0%,0,-,-,,-,False,49/49,100.0%,True,-,-,-,-,-,-,73.5
2026-10-03 07:52:48,train,10097,FINGER,48,49,49,98.0%,0,-,-,,-,False,49/49,100.0%,True,-,-,-,-,-,-,74.95
2026-10-03 07:54:33,train,29848,FOREARM,48,49,49,98.0%,0,-,-,,-,False,49/49,100.0%,True,-,-,-,-,-,-,75.64
2026-10-03 07:56:17,train,31674,HAND,49,49,49,100.0%,49,-,-,,-,False,49/49,100.0%,True,-,-,-,-,-,-,73.17
2026-10-03 07:58:02,train,8792,HUMERUS,48,49,49,98.0%,0,-,-,,-,False,49/49,100.0%,True,-,-,-,-,-,-,75.83
2026-10-03 07:59:47,train,809,SHOULDER,49,49,49,100.0%,49,-,-,,-,False,49/49,100.0%,True,-,-,-,-,-,-,74.75
2026-10-03 08:01:30,train,20098,WRIST,47,49,49,95.9%,0,-,-,,-,False,49/49,100.0%,True,-,-,-,-,-,-,72.98
2026-10-03 08:03:14,train,15205,ELBOW,42,49,49,85.7%,0,-,-,,-,False,49/49,100.0%,True,-,-,-,-,-,-,74.22
2026-10-03 08:04:58,train,10098,FINGER,47,49,49,95.9%,0,-,-,,-,False,49/49,100.0%,True,-,-,-,-,-,-,73.87
2026-10-03 08:06:42,train,29849,FOREARM,49,49,49,100.0%,49,-,-,,-,False,49/49,100.0%,True,-,-,-,-,-,-,74.3
2026-10-03 08:08:27,train,31675,HAND,45,49,49,91.8%,0,-,-,,-,False,49/49,100.0%,True,-,-,-,-,-,-,74.62
2026-10-03 08:10:10,train,8793,HUMERUS,46,49,49,93.9%,0,-,-,,-,False,49/49,100.0%,True,-,-,-,-,-,-,73.36
2026-10-03 08:11:55,train,810,SHOULDER,48,48,49,98.0%,1,-,-,,-,False,49/49,100.0%,True,-,-,-,-,-,-,74.86
2026-10-03 08:13:40,train,20099,WRIST,45,48,49,91.8%,0,-,-,,-,False,49/49,100.0%,True,-,-,-,-,-,-,74.23
2026-10-03 08:15:23,train,15206,ELBOW,44,49,49,89.8%,0,-,-,,-,False,49/49,100.0%,True,-,-,-,-,-,-,73.4
2026-10-03 08:17:07,train,10099,FINGER,45,48,49,91.8%,0,-,-,,-,False,49/49,100.0%,True,-,-,-,-,-,-,74.14
2026-10-03 08:18:51,train,29850,FOREARM,40,49,49,81.6%,0,-,-,,-,False,49/49,100.0%,True,-,-,-,-,-,-,74.04
2026-10-03 08:20:36,train,31676,HAND,49,49,49,100.0%,49,-,-,,-,False,49/49,100.0%,True,-,-,-,-,-,-,74.45
2026-10-03 08:22:20,train,8794,HUMERUS,48,48,49,98.0%,0,-,-,,-,False,49/49,100.0%,True,-,-,-,-,-,-,74.7
2026-10-03 08:24:04,train,811,SHOULDER,49,49,49,100.0%,49,-,-,,-,False,49/49,100.0%,True,-,-,-,-,-,-,74.17
2026-10-03 08:25:50,train,20100,WRIST,48,49,49,98.0%,0,-,-,,-,False,49/49,100.0%,True,-,-,-,-,-,-,75.36
2026-10-03 08:27:33,train,15207,ELBOW,49,49,49,100.0%,49,-,-,,-,False,49/49,100.0%,True,-,-,-,-,-,-,73.35
2026-10-03 08:29:18,train,10100,FINGER,47,49,49,95.9%,0,-,-,,-,False,49/49,100.0%,True,-,-,-,-,-,-,75.28
2026-10-03 08:31:03,train,29851,FOREARM,47,49,49,95.9%,0,-,-,,-,False,49/49,100.0%,True,-,-,-,-,-,-,74.2
2026-10-03 08:32:46,train,31677,HAND,49,49,49,100.0%,49,-,-,,-,False,49/49,100.0%,True,-,-,-,-,-,-,73.67
2026-10-03 08:34:31,train,8795,HUMERUS,49,49,49,100.0%,49,-,-,,-,False,49/49,100.0%,True,-,-,-,-,-,-,74.18
2026-10-03 08:36:15,train,812,SHOULDER,45,49,49,91.8%,0,-,-,,-,False,49/49,100.0%,True,-,-,-,-,-,-,74.17
2026-10-03 08:37:58,train,20101,WRIST,49,49,49,100.0%,49,-,-,,-,False,49/49,100.0%,True,-,-,-,-,-,-,73.37
2026-10-03 08:39:43,train,15208,ELBOW,47,49,49,95.9%,0,-,-,,-,False,49/49,100.0%,True,-,-,-,-,-,-,74.89
2026-10-03 08:41:26,train,10101,FINGER,48,49,49,98.0%,0,-,-,,-,False,49/49,100.0%,True,-,-,-,-,-,-,73.23
2026-10-03 08:42:43,train,15204,ELBOW,49,49,49,100.0%,49,-,-,,-,False,49/49,100.0%,True,-,-,-,-,-,-,74.45
2026-10-03 08:44:27,train,10102,FINGER,49,49,49,100.0%,49,-,-,,-,False,49/49,100.0%,True,-,-,-,-,-,-,74.32
2026-10-03 08:46:11,train,29852,FOREARM,48,49,49,98.0%,0,-,-,,-,False,49/49,100.0%,True,-,-,-,-,-,-,73.72
2026-10-03 08:47:55,train,31678,HAND,49,49,49,100.0%,49,-,-,,-,False,49/49,100.0%,True,-,-,-,-,-,-,74.59
2026-10-03 08:49:39,train,8796,HUMERUS,48,49,49,98.0%,0,-,-,,-,False,49/49,100.0%,True,-,-,-,-,-,-,73.48
2026-10-03 08:51:23,train,813,SHOULDER,48,49,49,98.0%,0,-,-,,-,False,49/49,100.0%,True,-,-,-,-,-,-,73.75
2026-10-03 08:53:06,train,20102,WRIST,47,49,49,95.9%,0,-,-,,-,False,49/49,100.0%,True,-,-,-,-,-,-,73.66
2026-10-03 08:54:51,train,15209,ELBOW,47,48,49,95.9%,0,-,-,,-,False,49/49,100.0%,True,-,-,-,-,-,-,74.5
2026-10-03 08:56:35,train,10103,FINGER,49,49,49,100.0%,49,-,-,,-,False,49/49,100.0%,True,-,-,-,-,-,-,73.79
2026-10-03 08:58:19,train,29853,FOREARM,49,49,49,100.0%,49,-,-,,-,False,49/49,100.0%,True,-,-,-,-,-,-,74.0
2026-10-03 09:00:04,train,31679,HAND,49,49,49,100.0%,49,-,-,,-,False,49/49,100.0%,True,-,-,-,-,-,-,74.92
2026-10-03 09:01:48,train,8797,HUMERUS,43,49,49,87.8%,0,-,-,,-,False,49/49,100.0%,True,-,-,-,-,-,-,74.87
2026-10-03 09:03:33,train,814,SHOULDER,48,49,49,98.0%,0,-,-,,-,False,49/49,100.0%,True,-,-,-,-,-,-,74.59
2026-10-03 09:05:18,train,20103,WRIST,49,49,49,100.0%,49,-,-,,-,False,49/49,100.0%,True,-,-,-,-,-,-,74.77
2026-10-03 09:07:03,train,15210,ELBOW,49,49,49,100.0%,49,-,-,,-,False,49/49,100.0%,True,-,-,-,-,-,-,74.71
2026-10-03 09:08:47,train,10104,FINGER,48,49,49,98.0%,0,-,-,,-,False,49/49,100.0%,True,-,-,-,-,-,-,74.91
2026-10-03 09:10:32,train,29854,FOREARM,45,49,49,91.8%,0,-,-,,-,False,49/49,100.0%,True,-,-,-,-,-,-,74.25
2026-10-03 09:12:16,train,31680,HAND,47,49,49,95.9%,0,-,-,,-,False,49/49,100.0%,True,-,-,-,-,-,-,74.25
2026-10-03 09:14:00,train,8798,HUMERUS,49,49,49,100.0%,49,-,-,,-,False,49/49,100.0%,True,-,-,-,-,-,-,73.69
2026-10-03 09:15:44,train,815,SHOULDER,49,49,49,100.0%,49,-,-,,-,False,49/49,100.0%,True,-,-,-,-,-,-,73.98
2026-10-03 09:17:27,train,20104,WRIST,49,49,49,100.0%,49,-,-,,-,False,49/49,100.0%,True,-,-,-,-,-,-,73.78
2026-10-03 09:19:12,train,15211,ELBOW,48,49,49,98.0%,0,-,-,,-,False,49/49,100.0%,True,-,-,-,-,-,-,75.1
2026-10-03 09:20:56,train,10105,FINGER,49,49,49,100.0%,49,-,-,,-,False,49/49,100.0%,True,-,-,-,-,-,-,73.35
2026-10-03 09:22:40,train,29855,FOREARM,43,49,49,87.8%,0,-,-,,-,False,49/49,100.0%,True,-,-,-,-,-,-,73.77
2026-10-03 09:24:24,train,31681,HAND,49,49,49,100.0%,49,-,-,,-,False,49/49,100.0%,True,-,-,-,-,-,-,74.18
2026-10-03 09:26:08,train,8799,HUMERUS,49,49,49,100.0%,49,-,-,,-,False,49/49,100.0%,True,-,-,-,-,-,-,73.73
2026-10-03 09:27:51,train,816,SHOULDER,49,49,49,100.0%,49,-,-,,-,False,49/49,100.0%,True,-,-,-,-,-,-,73.84
2026-10-03 09:29:36,train,20105,WRIST,48,49,49,98.0%,0,-,-,,-,False,49/49,100.0%,True,-,-,-,-,-,-,74.44
2026-10-03 09:31:20,train,15212,ELBOW,48,49,49,98.0%,0,-,-,,-,False,49/49,100.0%,True,-,-,-,-,-,-,74.53
2026-10-03 09:33:06,train,10106,FINGER,49,49,49,100.0%,49,-,-,,-,False,49/49,100.0%,True,-,-,-,-,-,-,75.22
2026-10-03 09:34:50,train,29856,FOREARM,48,49,49,98.0%,0,-,-,,-,False,49/49,100.0%,True,-,-,-,-,-,-,74.36
2026-10-03 09:36:35,train,31682,HAND,47,49,49,95.9%,0,-,-,,-,False,49/49,100.0%,True,-,-,-,-,-,-,74.89
2026-10-03 09:38:20,train,8800,HUMERUS,49,49,49,100.0%,49,-,-,,-,False,49/49,100.0%,True,-,-,-,-,-,-,74.86
2026-10-03 09:40:03,train,817,SHOULDER,49,49,49,100.0%,49,-,-,,-,False,49/49,100.0%,True,-,-,-,-,-,-,73.34
2026-10-03 09:41:47,train,20106,WRIST,49,49,49,100.0%,49,-,-,,-,False,49/49,100.0%,True,-,-,-,-,-,-,73.9
2026-10-03 09:43:30,train,15213,ELBOW,49,49,49,100.0%,49,-,-,,-,False,49/49,100.0%,True,-,-,-,-,-,-,73.25
2026-10-03 09:45:14,train,10107,FINGER,49,49,49,100.0%,49,-,-,,-,False,49/49,100.0%,True,-,-,-,-,-,-,73.39
2026-10-03 09:46:58,train,29857,FOREARM,49,49,49,100.0%,49,-,-,,-,False,49/49,100.0%,True,-,-,-,-,-,-,74.77
2026-10-03 09:48:43,train,31683,HAND,49,49,49,100.0%,49,-,-,,-,False,49/49,100.0%,True,-,-,-,-,-,-,74.19
2026-10-03 09:50:27,train,8801,HUMERUS,49,49,49,100.0%,49,-,-,,-,False,49/49,100.0%,True,-,-,-,-,-,-,74.82
2026-10-03 09:52:11,train,818,SHOULDER,47,49,49,95.9%,0,-,-,,-,False,49/49,100.0%,True,-,-,-,-,-,-,73.94
2026-10-03 09:53:56,train,20107,WRIST,46,49,49,93.9%,0,-,-,,-,False,49/49,100.0%,True,-,-,-,-,-,-,74.92
2026-10-03 09:55:41,train,15214,ELBOW,49,49,49,100.0%,49,-,-,,-,False,49/49,100.0%,True,-,-,-,-,-,-,74.8
2026-10-03 09:57:26,train,10108,FINGER,49,49,49,100.0%,49,-,-,,-,False,49/49,100.0%,True,-,-,-,-,-,-,74.95
2026-10-03 09:59:10,train,29858,FOREARM,42,48,49,85.7%,0,-,-,,-,False,49/49,100.0%,True,-,-,-,-,-,-,74.47
2026-10-03 10:00:55,train,31684,HAND,47,47,49,95.9%,0,-,-,,-,False,49/49,100.0%,True,-,-,-,-,-,-,75.04
2026-10-03 10:02:39,train,8802,HUMERUS,49,49,49,100.0%,49,-,-,,-,False,49/49,100.0%,True,-,-,-,-,-,-,73.67
2026-10-03 10:04:23,train,819,SHOULDER,40,49,49,81.6%,0,-,-,,-,False,49/49,100.0%,True,-,-,-,-,-,-,73.54
2026-10-03 10:06:07,train,20108,WRIST,48,49,49,98.0%,0,-,-,,-,False,49/49,100.0%,True,-,-,-,-,-,-,74.6
2026-10-03 10:07:52,train,15215,ELBOW,49,49,49,100.0%,49,-,-,,-,False,49/49,100.0%,True,-,-,-,-,-,-,74.43
2026-10-03 10:09:36,train,10109,FINGER,46,49,49,93.9%,0,-,-,,-,False,49/49,100.0%,True,-,-,-,-,-,-,74.51
2026-10-03 10:11:21,train,29859,FOREARM,48,49,49,98.0%,0,-,-,,-,False,49/49,100.0%,True,-,-,-,-,-,-,74.57
2026-10-03 10:13:05,train,31685,HAND,0,9,49,0.0%,0,-,-,,-,False,49/49,100.0%,True,-,-,-,-,-,-,74.12
2026-10-03 10:14:48,train,8803,HUMERUS,49,49,49,100.0%,49,-,-,,-,False,49/49,100.0%,True,-,-,-,-,-,-,73.3
2026-10-03 10:16:32,train,820,SHOULDER,45,49,49,91.8%,0,-,-,,-,False,49/49,100.0%,True,-,-,-,-,-,-,73.33
2026-10-03 10:18:16,train,20109,WRIST,49,49,49,100.0%,49,-,-,,-,False,49/49,100.0%,True,-,-,-,-,-,-,74.38
2026-10-03 10:20:01,train,15216,ELBOW,46,49,49,93.9%,0,-,-,,-,False,49/49,100.0%,True,-,-,-,-,-,-,74.9
2026-10-03 10:21:45,train,10110,FINGER,47,49,49,95.9%,0,-,-,,-,False,49/49,100.0%,True,-,-,-,-,-,-,73.8
2026-10-03 10:23:28,train,29860,FOREARM,48,49,49,98.0%,0,-,-,,-,False,49/49,100.0%,True,-,-,-,-,-,-,73.75
2026-10-03 10:25:13,train,31686,HAND,40,49,49,81.6%,0,-,-,,-,False,49/49,100.0%,True,-,-,-,-,-,-,74.77
2026-10-03 10:26:57,train,8804,HUMERUS,47,49,49,95.9%,0,-,-,,-,False,49/49,100.0%,True,-,-,-,-,-,-,74.23
2026-10-03 10:28:42,train,821,SHOULDER,46,49,49,93.9%,0,-,-,,-,False,49/49,100.0%,True,-,-,-,-,-,-,74.32
2026-10-03 10:30:25,train,20110,WRIST,49,49,49,100.0%,49,-,-,,-,False,49/49,100.0%,True,-,-,-,-,-,-,73.49
2026-10-03 10:32:10,train,15217,ELBOW,49,49,49,100.0%,49,-,-,,-,False,49/49,100.0%,True,-,-,-,-,-,-,74.45
2026-10-03 10:33:55,train,10111,FINGER,44,49,49,89.8%,0,-,-,,-,False,49/49,100.0%,True,-,-,-,-,-,-,75.38
2026-10-03 10:35:40,train,29861,FOREARM,46,48,49,93.9%,0,-,-,,-,False,49/49,100.0%,True,-,-,-,-,-,-,74.5
2026-10-03 10:37:23,train,31687,HAND,47,49,49,95.9%,0,-,-,,-,False,49/49,100.0%,True,-,-,-,-,-,-,73.69
2026-10-03 10:39:07,train,8805,HUMERUS,45,49,49,91.8%,0,-,-,,-,False,49/49,100.0%,True,-,-,-,-,-,-,73.9
2026-10-03 10:40:52,train,822,SHOULDER,49,49,49,100.0%,49,-,-,,-,False,49/49,100.0%,True,-,-,-,-,-,-,74.63
2026-10-03 10:42:36,train,20111,WRIST,48,49,49,98.0%,0,-,-,,-,False,49/49,100.0%,True,-,-,-,-,-,-,74.09
2026-10-03 10:44:21,train,15218,ELBOW,48,48,49,98.0%,0,-,-,,-,False,49/49,100.0%,True,-,-,-,-,-,-,74.97
2026-10-03 10:46:05,train,10112,FINGER,49,49,49,100.0%,49,-,-,,-,False,49/49,100.0%,True,-,-,-,-,-,-,74.69
2026-10-03 10:47:50,train,29862,FOREARM,49,49,49,100.0%,49,-,-,,-,False,49/49,100.0%,True,-,-,-,-,-,-,74.65
2026-10-03 10:49:35,train,31688,HAND,49,49,49,100.0%,49,-,-,,-,False,49/49,100.0%,True,-,-,-,-,-,-,75.07
2026-10-03 10:51:19,train,8806,HUMERUS,48,49,49,98.0%,0,-,-,,-,False,49/49,100.0%,True,-,-,-,-,-,-,73.5
2026-10-03 10:53:03,train,823,SHOULDER,36,49,49,73.5%,0,-,-,,-,False,49/49,100.0%,True,-,-,-,-,-,-,74.31
2026-10-03 10:54:46,train,20112,WRIST,47,49,49,95.9%,0,-,-,,-,False,49/49,100.0%,True,-,-,-,-,-,-,73.34
2026-10-03 10:56:31,train,15219,ELBOW,49,49,49,100.0%,49,-,-,,-,False,49/49,100.0%,True,-,-,-,-,-,-,74.55
2026-10-03 10:58:15,train,10113,FINGER,48,49,49,98.0%,0,-,-,,-,False,49/49,100.0%,True,-,-,-,-,-,-,74.1
2026-10-03 11:00:00,train,29863,FOREARM,44,49,49,89.8%,0,-,-,,-,False,49/49,100.0%,True,-,-,-,-,-,-,74.97
2026-10-03 11:01:43,train,31689,HAND,46,49,49,93.9%,0,-,-,,-,False,49/49,100.0%,True,-,-,-,-,-,-,73.38
2026-10-03 11:03:30,train,8807,HUMERUS,49,49,49,100.0%,49,-,-,,-,False,49/49,100.0%,True,-,-,-,-,-,-,76.54
2026-10-03 11:05:15,train,824,SHOULDER,49,49,49,100.0%,49,-,-,,-,False,49/49,100.0%,True,-,-,-,-,-,-,74.61
2026-10-03 11:06:59,train,20113,WRIST,49,49,49,100.0%,49,-,-,,-,False,49/49,100.0%,True,-,-,-,-,-,-,74.48
2026-10-03 11:08:45,train,15220,ELBOW,48,49,49,98.0%,0,-,-,,-,False,49/49,100.0%,True,-,-,-,-,-,-,76.02
2026-10-03 11:10:29,train,10114,FINGER,47,49,49,95.9%,0,-,-,,-,False,49/49,100.0%,True,-,-,-,-,-,-,73.5
2026-10-03 11:12:13,train,29864,FOREARM,49,49,49,100.0%,49,-,-,,-,False,49/49,100.0%,True,-,-,-,-,-,-,74.18
2026-10-03 11:13:58,train,31690,HAND,49,49,49,100.0%,49,-,-,,-,False,49/49,100.0%,True,-,-,-,-,-,-,75.12
2026-10-03 11:15:42,train,8808,HUMERUS,48,49,49,98.0%,0,-,-,,-,False,49/49,100.0%,True,-,-,-,-,-,-,74.3
2026-10-03 11:17:27,train,825,SHOULDER,45,49,49,91.8%,0,-,-,,-,False,49/49,100.0%,True,-,-,-,-,-,-,74.52
2026-10-03 11:19:11,train,20114,WRIST,45,49,49,91.8%,0,-,-,,-,False,49/49,100.0%,True,-,-,-,-,-,-,74.08
2026-10-03 11:20:56,train,15221,ELBOW,47,49,49,95.9%,0,-,-,,-,False,49/49,100.0%,True,-,-,-,-,-,-,75.39
2026-10-03 11:22:41,train,10115,FINGER,42,49,49,85.7%,0,-,-,,-,False,49/49,100.0%,True,-,-,-,-,-,-,75.05
2026-10-03 11:24:24,train,29865,FOREARM,49,49,49,100.0%,49,-,-,,-,False,49/49,100.0%,True,-,-,-,-,-,-,73.04
2026-10-03 11:26:10,train,31691,HAND,47,49,49,95.9%,0,-,-,,-,False,49/49,100.0%,True,-,-,-,-,-,-,75.32
2026-10-03 11:27:54,train,8809,HUMERUS,46,49,49,93.9%,0,-,-,,-,False,49/49,100.0%,True,-,-,-,-,-,-,74.41
2026-10-03 11:29:38,train,826,SHOULDER,46,49,49,93.9%,0,-,-,,-,False,49/49,100.0%,True,-,-,-,-,-,-,74.27
2026-10-03 11:31:23,train,20115,WRIST,40,48,49,81.6%,0,-,-,,-,False,49/49,100.0%,True,-,-,-,-,-,-,74.38
2026-10-03 11:33:07,train,15222,ELBOW,47,49,49,95.9%,0,-,-,,-,False,49/49,100.0%,True,-,-,-,-,-,-,74.87
2026-10-03 11:34:52,train,10116,FINGER,48,48,49,98.0%,0,-,-,,-,False,49/49,100.0%,True,-,-,-,-,-,-,74.87
2026-10-03 11:36:09,train,15223,ELBOW,43,49,49,87.8%,0,-,-,,-,False,49/49,100.0%,True,-,-,-,-,-,-,74.11
2026-10-03 11:37:53,train,10117,FINGER,47,49,49,95.9%,0,-,-,,-,False,49/49,100.0%,True,-,-,-,-,-,-,73.95
2026-10-03 11:39:37,train,29866,FOREARM,49,49,49,100.0%,49,-,-,,-,False,49/49,100.0%,True,-,-,-,-,-,-,74.07
2026-10-03 11:41:21,train,31685,HAND,43,49,49,87.8%,0,-,-,,-,False,49/49,100.0%,True,-,-,-,-,-,-,74.57
2026-10-03 11:43:06,train,8810,HUMERUS,0,0,49,0.0%,0,-,-,,-,False,49/49,100.0%,True,-,-,-,-,-,-,75.1
2026-10-03 11:44:50,train,827,SHOULDER,44,49,49,89.8%,0,-,-,,-,False,49/49,100.0%,True,-,-,-,-,-,-,73.87
2026-10-03 11:46:34,train,20116,WRIST,48,49,49,98.0%,0,-,-,,-,False,49/49,100.0%,True,-,-,-,-,-,-,74.06
2026-10-03 11:48:19,train,15224,ELBOW,43,49,49,87.8%,0,-,-,,-,False,49/49,100.0%,True,-,-,-,-,-,-,74.88
2026-10-03 11:50:04,train,10118,FINGER,49,49,49,100.0%,49,-,-,,-,False,49/49,100.0%,True,-,-,-,-,-,-,74.78
2026-10-03 11:51:48,train,29867,FOREARM,0,9,49,0.0%,0,-,-,,-,False,49/49,100.0%,True,-,-,-,-,-,-,73.66
2026-10-03 11:53:32,train,31692,HAND,46,49,49,93.9%,0,-,-,,-,False,49/49,100.0%,True,-,-,-,-,-,-,74.26
2026-10-03 11:55:15,train,8811,HUMERUS,45,48,49,91.8%,0,-,-,,-,False,49/49,100.0%,True,-,-,-,-,-,-,73.4
2026-10-03 11:56:59,train,828,SHOULDER,44,49,49,89.8%,0,-,-,,-,False,49/49,100.0%,True,-,-,-,-,-,-,74.01
2026-10-03 11:58:44,train,20117,WRIST,49,49,49,100.0%,49,-,-,,-,False,49/49,100.0%,True,-,-,-,-,-,-,74.8
2026-10-03 12:00:28,train,15225,ELBOW,41,49,49,83.7%,0,-,-,,-,False,49/49,100.0%,True,-,-,-,-,-,-,73.75
2026-10-03 12:02:12,train,10119,FINGER,47,48,49,95.9%,1,-,-,,-,False,49/49,100.0%,True,-,-,-,-,-,-,73.86
2026-10-03 12:03:56,train,29868,FOREARM,42,49,49,85.7%,0,-,-,,-,False,49/49,100.0%,True,-,-,-,-,-,-,74.45
2026-10-03 12:05:41,train,31693,HAND,49,49,49,100.0%,49,-,-,,-,False,49/49,100.0%,True,-,-,-,-,-,-,74.78
2026-10-03 12:07:25,train,8812,HUMERUS,46,49,49,93.9%,0,-,-,,-,False,49/49,100.0%,True,-,-,-,-,-,-,74.27
2026-10-03 12:09:10,train,829,SHOULDER,48,49,49,98.0%,0,-,-,,-,False,49/49,100.0%,True,-,-,-,-,-,-,74.93
2026-10-03 12:10:55,train,20118,WRIST,49,49,49,100.0%,49,-,-,,-,False,49/49,100.0%,True,-,-,-,-,-,-,74.92
2026-10-03 12:12:38,train,15226,ELBOW,49,49,49,100.0%,49,-,-,,-,False,49/49,100.0%,True,-,-,-,-,-,-,73.47
2026-10-03 12:14:25,train,10120,FINGER,49,49,49,100.0%,49,-,-,,-,False,49/49,100.0%,True,-,-,-,-,-,-,76.12
2026-10-03 12:16:09,train,29869,FOREARM,41,48,49,83.7%,0,-,-,,-,False,49/49,100.0%,True,-,-,-,-,-,-,74.87
2026-10-03 12:17:54,train,31694,HAND,49,49,49,100.0%,49,-,-,,-,False,49/49,100.0%,True,-,-,-,-,-,-,75.02
2026-10-03 12:19:39,train,8813,HUMERUS,43,49,49,87.8%,0,-,-,,-,False,49/49,100.0%,True,-,-,-,-,-,-,74.67
2026-10-03 12:21:23,train,830,SHOULDER,49,49,49,100.0%,49,-,-,,-,False,49/49,100.0%,True,-,-,-,-,-,-,73.51
2026-10-03 12:23:07,train,20119,WRIST,49,49,49,100.0%,49,-,-,,-,False,49/49,100.0%,True,-,-,-,-,-,-,74.74
2026-10-03 12:24:52,train,15227,ELBOW,47,48,49,95.9%,0,-,-,,-,False,49/49,100.0%,True,-,-,-,-,-,-,74.97
2026-10-03 12:26:35,train,10121,FINGER,49,49,49,100.0%,49,-,-,,-,False,49/49,100.0%,True,-,-,-,-,-,-,73.12
2026-10-03 12:28:20,train,29870,FOREARM,47,49,49,95.9%,0,-,-,,-,False,49/49,100.0%,True,-,-,-,-,-,-,74.67
2026-10-03 12:30:04,train,31695,HAND,44,49,49,89.8%,0,-,-,,-,False,49/49,100.0%,True,-,-,-,-,-,-,74.22
2026-10-03 12:31:48,train,8814,HUMERUS,49,49,49,100.0%,49,-,-,,-,False,49/49,100.0%,True,-,-,-,-,-,-,74.04
2026-10-03 12:33:32,train,831,SHOULDER,47,49,49,95.9%,0,-,-,,-,False,49/49,100.0%,True,-,-,-,-,-,-,73.75
2026-10-03 12:35:17,train,20120,WRIST,42,49,49,85.7%,0,-,-,,-,False,49/49,100.0%,True,-,-,-,-,-,-,74.46
2026-10-03 12:37:01,train,15228,ELBOW,45,49,49,91.8%,0,-,-,,-,False,49/49,100.0%,True,-,-,-,-,-,-,74.64
2026-10-03 12:38:46,train,10122,FINGER,39,48,49,79.6%,0,-,-,,-,False,49/49,100.0%,True,-,-,-,-,-,-,74.88
2026-10-03 12:40:30,train,29871,FOREARM,47,49,49,95.9%,0,-,-,,-,False,49/49,100.0%,True,-,-,-,-,-,-,73.89
2026-10-03 12:42:15,train,31696,HAND,45,49,49,91.8%,0,-,-,,-,False,49/49,100.0%,True,-,-,-,-,-,-,74.5
2026-10-03 12:43:58,train,8815,HUMERUS,47,49,49,95.9%,0,-,-,,-,False,49/49,100.0%,True,-,-,-,-,-,-,73.82
2026-10-03 12:45:42,train,832,SHOULDER,48,49,49,98.0%,0,-,-,,-,False,49/49,100.0%,True,-,-,-,-,-,-,73.77
2026-10-03 12:47:27,train,20121,WRIST,48,49,49,98.0%,0,-,-,,-,False,49/49,100.0%,True,-,-,-,-,-,-,74.41
2026-10-03 12:49:10,train,15229,ELBOW,49,49,49,100.0%,49,-,-,,-,False,49/49,100.0%,True,-,-,-,-,-,-,73.69
2026-10-03 12:50:56,train,10123,FINGER,48,49,49,98.0%,0,-,-,,-,False,49/49,100.0%,True,-,-,-,-,-,-,75.7
2026-10-03 12:52:40,train,29872,FOREARM,49,49,49,100.0%,49,-,-,,-,False,49/49,100.0%,True,-,-,-,-,-,-,74.46
2026-10-03 12:54:25,train,31697,HAND,0,10,49,0.0%,0,-,-,,-,False,49/49,100.0%,True,-,-,-,-,-,-,74.25
2026-10-03 12:56:09,train,8816,HUMERUS,11,49,49,22.4%,0,-,-,,-,False,49/49,100.0%,True,-,-,-,-,-,-,74.51
2026-10-03 12:57:54,train,833,SHOULDER,45,49,49,91.8%,0,-,-,,-,False,49/49,100.0%,True,-,-,-,-,-,-,75.07
2026-10-03 12:59:38,train,20122,WRIST,49,49,49,100.0%,49,-,-,,-,False,49/49,100.0%,True,-,-,-,-,-,-,74.19
2026-10-03 13:01:22,train,15230,ELBOW,49,49,49,100.0%,49,-,-,,-,False,49/49,100.0%,True,-,-,-,-,-,-,73.46
2026-10-03 13:03:06,train,10124,FINGER,46,49,49,93.9%,0,-,-,,-,False,49/49,100.0%,True,-,-,-,-,-,-,74.45
2026-10-03 13:04:51,train,29873,FOREARM,49,49,49,100.0%,49,-,-,,-,False,49/49,100.0%,True,-,-,-,-,-,-,74.35
2026-10-03 13:06:35,train,31698,HAND,46,49,49,93.9%,0,-,-,,-,False,49/49,100.0%,True,-,-,-,-,-,-,73.99
2026-10-03 13:08:19,train,8817,HUMERUS,45,49,49,91.8%,0,-,-,,-,False,49/49,100.0%,True,-,-,-,-,-,-,73.88
2026-10-03 13:10:03,train,834,SHOULDER,48,49,49,98.0%,0,-,-,,-,False,49/49,100.0%,True,-,-,-,-,-,-,74.09
2026-10-03 13:11:47,train,20123,WRIST,48,49,49,98.0%,0,-,-,,-,False,49/49,100.0%,True,-,-,-,-,-,-,74.63
2026-10-03 13:13:31,train,15231,ELBOW,44,49,49,89.8%,0,-,-,,-,False,49/49,100.0%,True,-,-,-,-,-,-,74.07
2026-10-03 13:15:16,train,10125,FINGER,45,49,49,91.8%,0,-,-,,-,False,49/49,100.0%,True,-,-,-,-,-,-,74.67
2026-10-03 13:16:59,train,29874,FOREARM,43,49,49,87.8%,0,-,-,,-,False,49/49,100.0%,True,-,-,-,-,-,-,73.29
2026-10-03 13:18:44,train,31699,HAND,47,49,49,95.9%,0,-,-,,-,False,49/49,100.0%,True,-,-,-,-,-,-,74.54
2026-10-03 13:20:28,train,8818,HUMERUS,49,49,49,100.0%,49,-,-,,-,False,49/49,100.0%,True,-,-,-,-,-,-,73.81
2026-10-03 13:22:11,train,835,SHOULDER,48,49,49,98.0%,0,-,-,,-,False,49/49,100.0%,True,-,-,-,-,-,-,73.61
2026-10-03 13:23:55,train,20124,WRIST,46,49,49,93.9%,0,-,-,,-,False,49/49,100.0%,True,-,-,-,-,-,-,73.55
2026-10-03 13:25:38,train,15232,ELBOW,49,49,49,100.0%,49,-,-,,-,False,49/49,100.0%,True,-,-,-,-,-,-,73.17
2026-10-03 13:27:24,train,10126,FINGER,48,49,49,98.0%,0,-,-,,-,False,49/49,100.0%,True,-,-,-,-,-,-,76.19
2026-10-03 13:29:08,train,29875,FOREARM,47,49,49,95.9%,0,-,-,,-,False,49/49,100.0%,True,-,-,-,-,-,-,74.11
2026-10-03 13:30:52,train,31700,HAND,43,49,49,87.8%,0,-,-,,-,False,49/49,100.0%,True,-,-,-,-,-,-,73.31
2026-10-03 13:32:37,train,8819,HUMERUS,48,49,49,98.0%,0,-,-,,-,False,49/49,100.0%,True,-,-,-,-,-,-,75.36
2026-10-03 13:34:21,train,836,SHOULDER,48,49,49,98.0%,0,-,-,,-,False,49/49,100.0%,True,-,-,-,-,-,-,73.69
2026-10-03 13:36:04,train,20125,WRIST,49,49,49,100.0%,49,-,-,,-,False,49/49,100.0%,True,-,-,-,-,-,-,73.78
2026-10-03 13:37:48,train,15233,ELBOW,49,49,49,100.0%,49,-,-,,-,False,49/49,100.0%,True,-,-,-,-,-,-,73.28
2026-10-03 13:39:31,train,10127,FINGER,49,49,49,100.0%,49,-,-,,-,False,49/49,100.0%,True,-,-,-,-,-,-,73.58
2026-10-03 13:41:15,train,29876,FOREARM,49,49,49,100.0%,49,-,-,,-,False,49/49,100.0%,True,-,-,-,-,-,-,74.11
2026-10-03 13:43:00,train,31701,HAND,49,49,49,100.0%,49,-,-,,-,False,49/49,100.0%,True,-,-,-,-,-,-,74.57
2026-10-03 13:44:44,train,8820,HUMERUS,41,49,49,83.7%,0,-,-,,-,False,49/49,100.0%,True,-,-,-,-,-,-,73.71
2026-10-03 13:46:29,train,837,SHOULDER,49,49,49,100.0%,49,-,-,,-,False,49/49,100.0%,True,-,-,-,-,-,-,74.79
2026-10-03 13:48:13,train,20126,WRIST,49,49,49,100.0%,49,-,-,,-,False,49/49,100.0%,True,-,-,-,-,-,-,74.41
2026-10-03 13:49:57,train,15234,ELBOW,48,48,49,98.0%,0,-,-,,-,False,49/49,100.0%,True,-,-,-,-,-,-,74.4
2026-10-03 13:51:41,train,10128,FINGER,49,49,49,100.0%,49,-,-,,-,False,49/49,100.0%,True,-,-,-,-,-,-,73.88
2026-10-03 13:53:25,train,29877,FOREARM,47,49,49,95.9%,0,-,-,,-,False,49/49,100.0%,True,-,-,-,-,-,-,74.05
2026-10-03 13:55:11,train,31702,HAND,49,49,49,100.0%,49,-,-,,-,False,49/49,100.0%,True,-,-,-,-,-,-,75.59
2026-10-03 13:56:54,train,8821,HUMERUS,49,49,49,100.0%,49,-,-,,-,False,49/49,100.0%,True,-,-,-,-,-,-,73.6
2026-10-03 13:58:38,train,838,SHOULDER,49,49,49,100.0%,49,-,-,,-,False,49/49,100.0%,True,-,-,-,-,-,-,73.84
2026-10-03 14:00:23,train,20127,WRIST,0,11,49,0.0%,0,-,-,,-,False,49/49,100.0%,True,-,-,-,-,-,-,74.65
2026-10-03 14:02:07,train,15235,ELBOW,49,49,49,100.0%,49,-,-,,-,False,49/49,100.0%,True,-,-,-,-,-,-,74.51
2026-10-03 14:03:52,train,10129,FINGER,30,49,49,61.2%,0,-,-,,-,False,49/49,100.0%,True,-,-,-,-,-,-,74.78
2026-10-03 14:05:36,train,29878,FOREARM,49,49,49,100.0%,49,-,-,,-,False,49/49,100.0%,True,-,-,-,-,-,-,73.83
2026-10-03 14:07:21,train,31703,HAND,42,49,49,85.7%,0,-,-,,-,False,49/49,100.0%,True,-,-,-,-,-,-,74.49
2026-10-03 14:09:04,train,8822,HUMERUS,48,49,49,98.0%,0,-,-,,-,False,49/49,100.0%,True,-,-,-,-,-,-,73.95
2026-10-03 14:10:48,train,839,SHOULDER,49,49,49,100.0%,49,-,-,,-,False,49/49,100.0%,True,-,-,-,-,-,-,73.89
2026-10-03 14:12:33,train,20128,WRIST,49,49,49,100.0%,49,-,-,,-,False,49/49,100.0%,True,-,-,-,-,-,-,74.79
2026-10-03 14:14:17,train,15236,ELBOW,39,49,49,79.6%,0,-,-,,-,False,49/49,100.0%,True,-,-,-,-,-,-,74.31
2026-10-03 14:16:02,train,10130,FINGER,49,49,49,100.0%,49,-,-,,-,False,49/49,100.0%,True,-,-,-,-,-,-,74.62
2026-10-03 14:17:47,train,29879,FOREARM,40,49,49,81.6%,0,-,-,,-,False,49/49,100.0%,True,-,-,-,-,-,-,74.47
2026-10-03 14:19:30,train,31704,HAND,49,49,49,100.0%,49,-,-,,-,False,49/49,100.0%,True,-,-,-,-,-,-,73.9
2026-10-03 14:21:15,train,8823,HUMERUS,40,49,49,81.6%,0,-,-,,-,False,49/49,100.0%,True,-,-,-,-,-,-,74.09
2026-10-03 14:22:58,train,840,SHOULDER,42,49,49,85.7%,0,-,-,,-,False,49/49,100.0%,True,-,-,-,-,-,-,73.72
2026-10-03 14:24:43,train,20129,WRIST,39,49,49,79.6%,0,-,-,,-,False,49/49,100.0%,True,-,-,-,-,-,-,74.92
2026-10-03 14:26:28,train,15237,ELBOW,47,49,49,95.9%,0,-,-,,-,False,49/49,100.0%,True,-,-,-,-,-,-,74.45
2026-10-03 14:28:11,train,10131,FINGER,39,49,49,79.6%,0,-,-,,-,False,49/49,100.0%,True,-,-,-,-,-,-,73.43
2026-10-03 14:29:28,train,15238,ELBOW,47,49,49,95.9%,0,-,-,,-,False,49/49,100.0%,True,-,-,-,-,-,-,74.33
2026-10-03 14:31:12,train,10132,FINGER,49,49,49,100.0%,49,-,-,,-,False,49/49,100.0%,True,-,-,-,-,-,-,74.76
2026-10-03 14:32:56,train,29867,FOREARM,45,49,49,91.8%,0,-,-,,-,False,49/49,100.0%,True,-,-,-,-,-,-,74.12
2026-10-03 14:34:41,train,31697,HAND,49,49,49,100.0%,49,-,-,,-,False,49/49,100.0%,True,-,-,-,-,-,-,74.41
2026-10-03 14:36:25,train,8810,HUMERUS,49,49,49,100.0%,49,-,-,,-,False,49/49,100.0%,True,-,-,-,-,-,-,74.27
2026-10-03 14:38:10,train,841,SHOULDER,39,49,49,79.6%,0,-,-,,-,False,49/49,100.0%,True,-,-,-,-,-,-,74.6
2026-10-03 14:39:53,train,20127,WRIST,49,49,49,100.0%,49,-,-,,-,False,49/49,100.0%,True,-,-,-,-,-,-,73.62
2026-10-03 14:41:38,train,15239,ELBOW,48,49,49,98.0%,0,-,-,,-,False,49/49,100.0%,True,-,-,-,-,-,-,74.17
2026-10-03 14:43:22,train,10133,FINGER,48,49,49,98.0%,0,-,-,,-,False,49/49,100.0%,True,-,-,-,-,-,-,74.39
2026-10-03 14:45:06,train,29880,FOREARM,49,49,49,100.0%,49,-,-,,-,False,49/49,100.0%,True,-,-,-,-,-,-,73.81
2026-10-03 14:46:51,train,31705,HAND,49,49,49,100.0%,49,-,-,,-,False,49/49,100.0%,True,-,-,-,-,-,-,74.92
2026-10-03 14:48:35,train,8824,HUMERUS,47,49,49,95.9%,0,-,-,,-,False,49/49,100.0%,True,-,-,-,-,-,-,74.53
2026-10-03 14:50:19,train,842,SHOULDER,49,49,49,100.0%,49,-,-,,-,False,49/49,100.0%,True,-,-,-,-,-,-,74.28
2026-10-03 14:52:05,train,20130,WRIST,46,49,49,93.9%,0,-,-,,-,False,49/49,100.0%,True,-,-,-,-,-,-,75.33
2026-10-03 14:53:48,train,15240,ELBOW,49,49,49,100.0%,49,-,-,,-,False,49/49,100.0%,True,-,-,-,-,-,-,72.74
2026-10-03 14:55:31,train,10134,FINGER,48,49,49,98.0%,0,-,-,,-,False,49/49,100.0%,True,-,-,-,-,-,-,73.09
2026-10-03 14:57:16,train,29881,FOREARM,48,49,49,98.0%,0,-,-,,-,False,49/49,100.0%,True,-,-,-,-,-,-,75.23
2026-10-03 14:58:59,train,31706,HAND,47,49,49,95.9%,0,-,-,,-,False,49/49,100.0%,True,-,-,-,-,-,-,73.52
2026-10-03 15:00:44,train,8825,HUMERUS,46,49,49,93.9%,0,-,-,,-,False,49/49,100.0%,True,-,-,-,-,-,-,74.56
2026-10-03 15:02:28,train,843,SHOULDER,40,49,49,81.6%,0,-,-,,-,False,49/49,100.0%,True,-,-,-,-,-,-,74.33
2026-10-03 15:04:13,train,20131,WRIST,48,49,49,98.0%,0,-,-,,-,False,49/49,100.0%,True,-,-,-,-,-,-,74.87
2026-10-03 15:05:57,train,15241,ELBOW,48,48,49,98.0%,0,-,-,,-,False,49/49,100.0%,True,-,-,-,-,-,-,74.29
2026-10-03 15:07:43,train,10135,FINGER,48,49,49,98.0%,0,-,-,,-,False,49/49,100.0%,True,-,-,-,-,-,-,75.52
2026-10-03 15:09:26,train,29882,FOREARM,48,49,49,98.0%,0,-,-,,-,False,49/49,100.0%,True,-,-,-,-,-,-,73.17
2026-10-03 15:11:11,train,31707,HAND,47,49,49,95.9%,0,-,-,,-,False,49/49,100.0%,True,-,-,-,-,-,-,74.61
2026-10-03 15:12:54,train,8826,HUMERUS,46,49,49,93.9%,0,-,-,,-,False,49/49,100.0%,True,-,-,-,-,-,-,73.73
2026-10-03 15:14:38,train,844,SHOULDER,47,48,49,95.9%,0,-,-,,-,False,49/49,100.0%,True,-,-,-,-,-,-,73.47
2026-10-03 15:16:23,train,20132,WRIST,49,49,49,100.0%,49,-,-,,-,False,49/49,100.0%,True,-,-,-,-,-,-,75.25
2026-10-03 15:18:07,train,15242,ELBOW,48,49,49,98.0%,0,-,-,,-,False,49/49,100.0%,True,-,-,-,-,-,-,73.76
2026-10-03 15:19:51,train,10136,FINGER,46,49,49,93.9%,0,-,-,,-,False,49/49,100.0%,True,-,-,-,-,-,-,74.1
2026-10-03 15:21:35,train,29883,FOREARM,49,49,49,100.0%,49,-,-,,-,False,49/49,100.0%,True,-,-,-,-,-,-,74.18
2026-10-03 15:23:20,train,31708,HAND,48,49,49,98.0%,0,-,-,,-,False,49/49,100.0%,True,-,-,-,-,-,-,74.71
2026-10-03 15:25:04,train,8827,HUMERUS,49,49,49,100.0%,49,-,-,,-,False,49/49,100.0%,True,-,-,-,-,-,-,74.31
2026-10-03 15:26:48,train,845,SHOULDER,49,49,49,100.0%,49,-,-,,-,False,49/49,100.0%,True,-,-,-,-,-,-,74.1
2026-10-03 15:28:33,train,20133,WRIST,49,49,49,100.0%,49,-,-,,-,False,49/49,100.0%,True,-,-,-,-,-,-,74.45
2026-10-03 15:30:16,train,15243,ELBOW,49,49,49,100.0%,49,-,-,,-,False,49/49,100.0%,True,-,-,-,-,-,-,73.66
2026-10-03 15:32:00,train,10137,FINGER,48,49,49,98.0%,0,-,-,,-,False,49/49,100.0%,True,-,-,-,-,-,-,73.77
2026-10-03 15:33:44,train,29884,FOREARM,44,49,49,89.8%,0,-,-,,-,False,49/49,100.0%,True,-,-,-,-,-,-,74.28
2026-10-03 15:35:29,train,31709,HAND,16,49,49,32.7%,0,-,-,,-,False,49/49,100.0%,True,-,-,-,-,-,-,74.52
2026-10-03 15:37:13,train,8828,HUMERUS,45,49,49,91.8%,0,-,-,,-,False,49/49,100.0%,True,-,-,-,-,-,-,74.24
2026-10-03 15:38:57,train,846,SHOULDER,48,49,49,98.0%,0,-,-,,-,False,49/49,100.0%,True,-,-,-,-,-,-,73.58
2026-10-03 15:40:42,train,20134,WRIST,26,26,49,53.1%,0,-,-,,-,False,49/49,100.0%,True,-,-,-,-,-,-,74.91
2026-10-03 15:42:27,train,15244,ELBOW,41,49,49,83.7%,0,-,-,,-,False,49/49,100.0%,True,-,-,-,-,-,-,75.0
2026-10-03 15:44:10,train,10138,FINGER,48,49,49,98.0%,0,-,-,,-,False,49/49,100.0%,True,-,-,-,-,-,-,73.29
2026-10-03 15:45:53,train,29885,FOREARM,48,49,49,98.0%,0,-,-,,-,False,49/49,100.0%,True,-,-,-,-,-,-,73.4
2026-10-03 15:47:39,train,31710,HAND,49,49,49,100.0%,49,-,-,,-,False,49/49,100.0%,True,-,-,-,-,-,-,75.31
2026-10-03 15:49:24,train,8829,HUMERUS,16,16,49,32.7%,0,-,-,,-,False,49/49,100.0%,True,-,-,-,-,-,-,74.89
2026-10-03 15:51:07,train,847,SHOULDER,47,49,49,95.9%,0,-,-,,-,False,49/49,100.0%,True,-,-,-,-,-,-,73.63
2026-10-03 15:52:52,train,20135,WRIST,48,49,49,98.0%,0,-,-,,-,False,49/49,100.0%,True,-,-,-,-,-,-,74.5
2026-10-03 15:54:36,train,15245,ELBOW,49,49,49,100.0%,49,-,-,,-,False,49/49,100.0%,True,-,-,-,-,-,-,74.08
2026-10-03 15:56:20,train,10139,FINGER,44,49,49,89.8%,0,-,-,,-,False,49/49,100.0%,True,-,-,-,-,-,-,73.81
2026-10-03 15:58:03,train,29886,FOREARM,49,49,49,100.0%,49,-,-,,-,False,49/49,100.0%,True,-,-,-,-,-,-,73.67
2026-10-03 15:59:49,train,31711,HAND,22,22,49,44.9%,0,-,-,,-,False,49/49,100.0%,True,-,-,-,-,-,-,76.02
2026-10-03 16:01:35,train,8830,HUMERUS,48,48,49,98.0%,48,-,-,,-,False,49/49,100.0%,True,-,-,-,-,-,-,75.64
2026-10-03 16:03:19,train,848,SHOULDER,49,49,49,100.0%,49,-,-,,-,False,49/49,100.0%,True,-,-,-,-,-,-,74.43
2026-10-03 16:05:03,train,20136,WRIST,13,13,49,26.5%,0,-,-,,-,False,49/49,100.0%,True,-,-,-,-,-,-,73.95
2026-10-03 16:06:47,train,15246,ELBOW,49,49,49,100.0%,49,-,-,,-,False,49/49,100.0%,True,-,-,-,-,-,-,73.74
2026-10-03 16:08:32,train,10140,FINGER,37,49,49,75.5%,0,-,-,,-,False,49/49,100.0%,True,-,-,-,-,-,-,74.5
2026-10-03 16:10:16,train,29887,FOREARM,49,49,49,100.0%,49,-,-,,-,False,49/49,100.0%,True,-,-,-,-,-,-,74.59
2026-10-03 16:12:00,train,31712,HAND,43,49,49,87.8%,0,-,-,,-,False,49/49,100.0%,True,-,-,-,-,-,-,74.14
2026-10-03 16:13:45,train,8831,HUMERUS,49,49,49,100.0%,49,-,-,,-,False,49/49,100.0%,True,-,-,-,-,-,-,75.13
2026-10-03 16:15:29,train,849,SHOULDER,49,49,49,100.0%,49,-,-,,-,False,49/49,100.0%,True,-,-,-,-,-,-,73.88
2026-10-03 16:17:14,train,20137,WRIST,40,49,49,81.6%,0,-,-,,-,False,49/49,100.0%,True,-,-,-,-,-,-,74.86
2026-10-03 16:18:59,train,15247,ELBOW,48,49,49,98.0%,0,-,-,,-,False,49/49,100.0%,True,-,-,-,-,-,-,74.5
2026-10-03 16:20:43,train,10141,FINGER,49,49,49,100.0%,49,-,-,,-,False,49/49,100.0%,True,-,-,-,-,-,-,74.67
2026-10-03 16:22:28,train,29888,FOREARM,36,49,49,73.5%,0,-,-,,-,False,49/49,100.0%,True,-,-,-,-,-,-,74.49
2026-10-03 16:24:12,train,31713,HAND,49,49,49,100.0%,49,-,-,,-,False,49/49,100.0%,True,-,-,-,-,-,-,73.97
2026-10-03 16:25:56,train,8832,HUMERUS,36,49,49,73.5%,0,-,-,,-,False,49/49,100.0%,True,-,-,-,-,-,-,74.34
2026-10-03 16:27:41,train,850,SHOULDER,48,49,49,98.0%,0,-,-,,-,False,49/49,100.0%,True,-,-,-,-,-,-,74.36
2026-10-03 16:29:25,train,20138,WRIST,49,49,49,100.0%,49,-,-,,-,False,49/49,100.0%,True,-,-,-,-,-,-,74.27
2026-10-03 16:31:08,train,15248,ELBOW,49,49,49,100.0%,49,-,-,,-,False,49/49,100.0%,True,-,-,-,-,-,-,73.12
2026-10-03 16:32:53,train,10142,FINGER,47,49,49,95.9%,0,-,-,,-,False,49/49,100.0%,True,-,-,-,-,-,-,75.4
2026-10-03 16:34:38,train,29889,FOREARM,48,49,49,98.0%,0,-,-,,-,False,49/49,100.0%,True,-,-,-,-,-,-,74.54
2026-10-03 16:36:23,train,31714,HAND,44,49,49,89.8%,0,-,-,,-,False,49/49,100.0%,True,-,-,-,-,-,-,75.03
2026-10-03 16:38:07,train,8833,HUMERUS,48,49,49,98.0%,0,-,-,,-,False,49/49,100.0%,True,-,-,-,-,-,-,73.64
2026-10-03 16:39:51,train,851,SHOULDER,48,49,49,98.0%,0,-,-,,-,False,49/49,100.0%,True,-,-,-,-,-,-,74.0
2026-10-03 16:41:35,train,20139,WRIST,49,49,49,100.0%,49,-,-,,-,False,49/49,100.0%,True,-,-,-,-,-,-,74.2
2026-10-03 16:43:19,train,15249,ELBOW,49,49,49,100.0%,49,-,-,,-,False,49/49,100.0%,True,-,-,-,-,-,-,73.93
2026-10-03 16:45:03,train,10143,FINGER,0,0,49,0.0%,0,-,-,,-,False,49/49,100.0%,True,-,-,-,-,-,-,74.14
2026-10-03 16:46:48,train,29890,FOREARM,48,49,49,98.0%,0,-,-,,-,False,49/49,100.0%,True,-,-,-,-,-,-,74.83
2026-10-03 16:48:33,train,31715,HAND,49,49,49,100.0%,49,-,-,,-,False,49/49,100.0%,True,-,-,-,-,-,-,75.39
2026-10-03 16:50:17,train,8834,HUMERUS,49,49,49,100.0%,49,-,-,,-,False,49/49,100.0%,True,-,-,-,-,-,-,73.52
2026-10-03 16:52:00,train,852,SHOULDER,48,49,49,98.0%,0,-,-,,-,False,49/49,100.0%,True,-,-,-,-,-,-,73.45
2026-10-03 16:53:44,train,20140,WRIST,48,49,49,98.0%,0,-,-,,-,False,49/49,100.0%,True,-,-,-,-,-,-,73.85
2026-10-03 16:55:28,train,15250,ELBOW,47,49,49,95.9%,0,-,-,,-,False,49/49,100.0%,True,-,-,-,-,-,-,74.64
2026-10-03 16:57:13,train,10144,FINGER,49,49,49,100.0%,49,-,-,,-,False,49/49,100.0%,True,-,-,-,-,-,-,74.96
2026-10-03 16:58:59,train,29891,FOREARM,44,49,49,89.8%,0,-,-,,-,False,49/49,100.0%,True,-,-,-,-,-,-,75.57
2026-10-03 17:00:42,train,31716,HAND,48,49,49,98.0%,0,-,-,,-,False,49/49,100.0%,True,-,-,-,-,-,-,73.43
2026-10-03 17:02:26,train,8835,HUMERUS,48,49,49,98.0%,0,-,-,,-,False,49/49,100.0%,True,-,-,-,-,-,-,73.85
2026-10-03 17:04:11,train,853,SHOULDER,36,49,49,73.5%,0,-,-,,-,False,49/49,100.0%,True,-,-,-,-,-,-,74.38
2026-10-03 17:05:54,train,20141,WRIST,49,49,49,100.0%,49,-,-,,-,False,49/49,100.0%,True,-,-,-,-,-,-,73.29
2026-10-03 17:07:38,train,15251,ELBOW,49,49,49,100.0%,49,-,-,,-,False,49/49,100.0%,True,-,-,-,-,-,-,73.79
2026-10-03 17:09:23,train,10145,FINGER,49,49,49,100.0%,49,-,-,,-,False,49/49,100.0%,True,-,-,-,-,-,-,75.26
2026-10-03 17:11:07,train,29892,FOREARM,49,49,49,100.0%,49,-,-,,-,False,49/49,100.0%,True,-,-,-,-,-,-,74.07
2026-10-03 17:12:53,train,31717,HAND,44,49,49,89.8%,0,-,-,,-,False,49/49,100.0%,True,-,-,-,-,-,-,75.47
2026-10-03 17:14:37,train,8836,HUMERUS,49,49,49,100.0%,49,-,-,,-,False,49/49,100.0%,True,-,-,-,-,-,-,74.36
2026-10-03 17:16:22,train,854,SHOULDER,45,49,49,91.8%,0,-,-,,-,False,49/49,100.0%,True,-,-,-,-,-,-,75.28
2026-10-03 17:18:07,train,20142,WRIST,40,49,49,81.6%,0,-,-,,-,False,49/49,100.0%,True,-,-,-,-,-,-,74.51
2026-10-03 17:19:50,train,15252,ELBOW,48,49,49,98.0%,0,-,-,,-,False,49/49,100.0%,True,-,-,-,-,-,-,73.64
2026-10-03 17:21:36,train,10146,FINGER,43,49,49,87.8%,0,-,-,,-,False,49/49,100.0%,True,-,-,-,-,-,-,75.32
2026-10-03 17:22:53,train,15253,ELBOW,25,25,49,51.0%,0,-,-,,-,False,49/49,100.0%,True,-,-,-,-,-,-,75.59
2026-10-03 17:24:37,train,10143,FINGER,49,49,49,100.0%,49,-,-,,-,False,49/49,100.0%,True,-,-,-,-,-,-,73.73
2026-10-03 17:26:22,train,29893,FOREARM,48,49,49,98.0%,0,-,-,,-,False,49/49,100.0%,True,-,-,-,-,-,-,74.91
2026-10-03 17:28:07,train,31718,HAND,49,49,49,100.0%,49,-,-,,-,False,49/49,100.0%,True,-,-,-,-,-,-,74.47
2026-10-03 17:29:50,train,8837,HUMERUS,47,49,49,95.9%,0,-,-,,-,False,49/49,100.0%,True,-,-,-,-,-,-,73.87
2026-10-03 17:31:35,train,855,SHOULDER,48,49,49,98.0%,0,-,-,,-,False,49/49,100.0%,True,-,-,-,-,-,-,74.26
2026-10-03 17:33:18,train,20143,WRIST,48,49,49,98.0%,0,-,-,,-,False,49/49,100.0%,True,-,-,-,-,-,-,73.61
2026-10-03 17:35:02,train,15254,ELBOW,49,49,49,100.0%,49,-,-,,-,False,49/49,100.0%,True,-,-,-,-,-,-,73.83
2026-10-03 17:36:47,train,10147,FINGER,43,49,49,87.8%,0,-,-,,-,False,49/49,100.0%,True,-,-,-,-,-,-,75.07
2026-10-03 17:38:30,train,29894,FOREARM,47,49,49,95.9%,0,-,-,,-,False,49/49,100.0%,True,-,-,-,-,-,-,72.89
2026-10-03 17:40:14,train,31719,HAND,35,48,49,71.4%,0,-,-,,-,False,49/49,100.0%,True,-,-,-,-,-,-,74.08
2026-10-03 17:41:58,train,8838,HUMERUS,49,49,49,100.0%,49,-,-,,-,False,49/49,100.0%,True,-,-,-,-,-,-,74.11
2026-10-03 17:43:43,train,856,SHOULDER,48,49,49,98.0%,0,-,-,,-,False,49/49,100.0%,True,-,-,-,-,-,-,74.92
2026-10-03 17:45:29,train,20144,WRIST,48,49,49,98.0%,0,-,-,,-,False,49/49,100.0%,True,-,-,-,-,-,-,76.18
2026-10-03 17:47:14,train,15255,ELBOW,47,49,49,95.9%,0,-,-,,-,False,49/49,100.0%,True,-,-,-,-,-,-,74.53
2026-10-03 17:48:59,train,10148,FINGER,47,49,49,95.9%,0,-,-,,-,False,49/49,100.0%,True,-,-,-,-,-,-,74.57
2026-10-03 17:50:43,train,29895,FOREARM,42,48,49,85.7%,0,-,-,,-,False,49/49,100.0%,True,-,-,-,-,-,-,74.19
2026-10-03 17:52:27,train,31720,HAND,47,47,49,95.9%,0,-,-,,-,False,49/49,100.0%,True,-,-,-,-,-,-,74.28
2026-10-03 17:54:11,train,8839,HUMERUS,49,49,49,100.0%,49,-,-,,-,False,49/49,100.0%,True,-,-,-,-,-,-,74.15
2026-10-03 17:55:55,train,857,SHOULDER,49,49,49,100.0%,49,-,-,,-,False,49/49,100.0%,True,-,-,-,-,-,-,74.08
2026-10-03 17:57:39,train,20145,WRIST,49,49,49,100.0%,49,-,-,,-,False,49/49,100.0%,True,-,-,-,-,-,-,74.11
2026-10-03 17:59:24,train,15256,ELBOW,49,49,49,100.0%,49,-,-,,-,False,49/49,100.0%,True,-,-,-,-,-,-,74.88
2026-10-03 18:01:09,train,10149,FINGER,48,49,49,98.0%,0,-,-,,-,False,49/49,100.0%,True,-,-,-,-,-,-,75.01
2026-10-03 18:02:54,train,29896,FOREARM,47,48,49,95.9%,1,-,-,,-,False,49/49,100.0%,True,-,-,-,-,-,-,74.93
2026-10-03 18:04:38,train,31721,HAND,49,49,49,100.0%,49,-,-,,-,False,49/49,100.0%,True,-,-,-,-,-,-,73.76
2026-10-03 18:06:23,train,8840,HUMERUS,49,49,49,100.0%,49,-,-,,-,False,49/49,100.0%,True,-,-,-,-,-,-,74.71
2026-10-03 18:08:06,train,858,SHOULDER,38,48,49,77.6%,0,-,-,,-,False,49/49,100.0%,True,-,-,-,-,-,-,73.57
2026-10-03 18:09:50,train,20146,WRIST,44,49,49,89.8%,0,-,-,,-,False,49/49,100.0%,True,-,-,-,-,-,-,74.0
2026-10-03 18:11:35,train,15257,ELBOW,47,49,49,95.9%,0,-,-,,-,False,49/49,100.0%,True,-,-,-,-,-,-,74.51
2026-10-03 18:13:20,train,10150,FINGER,48,48,49,98.0%,0,-,-,,-,False,49/49,100.0%,True,-,-,-,-,-,-,74.93
2026-10-03 18:15:04,train,29897,FOREARM,48,49,49,98.0%,0,-,-,,-,False,49/49,100.0%,True,-,-,-,-,-,-,74.31
2026-10-03 18:16:48,train,31722,HAND,49,49,49,100.0%,49,-,-,,-,False,49/49,100.0%,True,-,-,-,-,-,-,74.28
2026-10-03 18:18:32,train,8841,HUMERUS,49,49,49,100.0%,49,-,-,,-,False,49/49,100.0%,True,-,-,-,-,-,-,74.13
2026-10-03 18:20:17,train,859,SHOULDER,49,49,49,100.0%,49,-,-,,-,False,49/49,100.0%,True,-,-,-,-,-,-,74.44
2026-10-03 18:22:00,train,20147,WRIST,48,49,49,98.0%,0,-,-,,-,False,49/49,100.0%,True,-,-,-,-,-,-,73.68
2026-10-03 18:23:45,train,15258,ELBOW,0,0,49,0.0%,0,-,-,,-,False,49/49,100.0%,True,-,-,-,-,-,-,74.76
2026-10-03 18:25:30,train,10151,FINGER,49,49,49,100.0%,49,-,-,,-,False,49/49,100.0%,True,-,-,-,-,-,-,74.48
2026-10-03 18:27:13,train,29898,FOREARM,49,49,49,100.0%,49,-,-,,-,False,49/49,100.0%,True,-,-,-,-,-,-,73.72
2026-10-03 18:28:57,train,31723,HAND,40,49,49,81.6%,0,-,-,,-,False,49/49,100.0%,True,-,-,-,-,-,-,73.69
2026-10-03 18:30:41,train,8842,HUMERUS,47,49,49,95.9%,0,-,-,,-,False,49/49,100.0%,True,-,-,-,-,-,-,73.9
2026-10-03 18:32:26,train,860,SHOULDER,44,49,49,89.8%,0,-,-,,-,False,49/49,100.0%,True,-,-,-,-,-,-,75.07
2026-10-03 18:34:11,train,20148,WRIST,48,49,49,98.0%,0,-,-,,-,False,49/49,100.0%,True,-,-,-,-,-,-,74.73
2026-10-03 18:35:54,train,15259,ELBOW,49,49,49,100.0%,49,-,-,,-,False,49/49,100.0%,True,-,-,-,-,-,-,72.87
2026-10-03 18:37:39,train,10152,FINGER,45,49,49,91.8%,0,-,-,,-,False,49/49,100.0%,True,-,-,-,-,-,-,74.99
2026-10-03 18:39:23,train,29899,FOREARM,46,49,49,93.9%,0,-,-,,-,False,49/49,100.0%,True,-,-,-,-,-,-,74.3
2026-10-03 18:41:07,train,31724,HAND,47,49,49,95.9%,0,-,-,,-,False,49/49,100.0%,True,-,-,-,-,-,-,74.45
2026-10-03 18:42:52,train,8843,HUMERUS,47,47,49,95.9%,0,-,-,,-,False,49/49,100.0%,True,-,-,-,-,-,-,75.02
2026-10-03 18:44:36,train,861,SHOULDER,48,49,49,98.0%,0,-,-,,-,False,49/49,100.0%,True,-,-,-,-,-,-,73.3
2026-10-03 18:46:19,train,20149,WRIST,49,49,49,100.0%,49,-,-,,-,False,49/49,100.0%,True,-,-,-,-,-,-,73.61
2026-10-03 18:48:03,train,15260,ELBOW,42,49,49,85.7%,0,-,-,,-,False,49/49,100.0%,True,-,-,-,-,-,-,73.97
2026-10-03 18:49:48,train,10153,FINGER,46,46,49,93.9%,0,-,-,,-,False,49/49,100.0%,True,-,-,-,-,-,-,74.86
2026-10-03 18:51:33,train,29900,FOREARM,48,49,49,98.0%,0,-,-,,-,False,49/49,100.0%,True,-,-,-,-,-,-,74.31
2026-10-03 18:53:17,train,31725,HAND,49,49,49,100.0%,49,-,-,,-,False,49/49,100.0%,True,-,-,-,-,-,-,74.3
2026-10-03 18:55:01,train,8844,HUMERUS,46,49,49,93.9%,0,-,-,,-,False,49/49,100.0%,True,-,-,-,-,-,-,74.49
2026-10-03 18:56:46,train,862,SHOULDER,49,49,49,100.0%,49,-,-,,-,False,49/49,100.0%,True,-,-,-,-,-,-,74.4
2026-10-03 18:58:30,train,20150,WRIST,49,49,49,100.0%,49,-,-,,-,False,49/49,100.0%,True,-,-,-,-,-,-,74.55
2026-10-03 19:00:15,train,15261,ELBOW,37,46,49,75.5%,0,-,-,,-,False,49/49,100.0%,True,-,-,-,-,-,-,75.07
2026-10-03 19:01:59,train,10154,FINGER,43,49,49,87.8%,0,-,-,,-,False,49/49,100.0%,True,-,-,-,-,-,-,74.16
2026-10-03 19:03:43,train,29901,FOREARM,49,49,49,100.0%,49,-,-,,-,False,49/49,100.0%,True,-,-,-,-,-,-,73.53
2026-10-03 19:05:27,train,31726,HAND,48,49,49,98.0%,0,-,-,,-,False,49/49,100.0%,True,-,-,-,-,-,-,74.37
2026-10-03 19:07:11,train,8845,HUMERUS,49,49,49,100.0%,49,-,-,,-,False,49/49,100.0%,True,-,-,-,-,-,-,73.8
2026-10-03 19:08:56,train,863,SHOULDER,49,49,49,100.0%,49,-,-,,-,False,49/49,100.0%,True,-,-,-,-,-,-,74.85
2026-10-03 19:10:40,train,20151,WRIST,47,49,49,95.9%,0,-,-,,-,False,49/49,100.0%,True,-,-,-,-,-,-,74.09
2026-10-03 19:12:25,train,15262,ELBOW,28,49,49,57.1%,0,-,-,,-,False,49/49,100.0%,True,-,-,-,-,-,-,75.05
2026-10-03 19:14:10,train,10155,FINGER,44,49,49,89.8%,0,-,-,,-,False,49/49,100.0%,True,-,-,-,-,-,-,74.65
2026-10-03 19:15:53,train,29902,FOREARM,49,49,49,100.0%,49,-,-,,-,False,49/49,100.0%,True,-,-,-,-,-,-,73.47
2026-10-03 19:17:38,train,31727,HAND,49,49,49,100.0%,49,-,-,,-,False,49/49,100.0%,True,-,-,-,-,-,-,74.46
2026-10-03 19:19:22,train,8846,HUMERUS,48,49,49,98.0%,0,-,-,,-,False,49/49,100.0%,True,-,-,-,-,-,-,74.38
2026-10-03 19:21:06,train,864,SHOULDER,46,49,49,93.9%,0,-,-,,-,False,49/49,100.0%,True,-,-,-,-,-,-,74.04
2026-10-03 19:22:51,train,20152,WRIST,49,49,49,100.0%,49,-,-,,-,False,49/49,100.0%,True,-,-,-,-,-,-,74.61
2026-10-03 19:24:35,train,15263,ELBOW,49,49,49,100.0%,49,-,-,,-,False,49/49,100.0%,True,-,-,-,-,-,-,73.72
2026-10-03 19:26:19,train,10156,FINGER,46,49,49,93.9%,0,-,-,,-,False,49/49,100.0%,True,-,-,-,-,-,-,74.11
2026-10-03 19:28:03,train,29903,FOREARM,48,48,49,98.0%,0,-,-,,-,False,49/49,100.0%,True,-,-,-,-,-,-,73.91
2026-10-03 19:29:47,train,31728,HAND,45,49,49,91.8%,0,-,-,,-,False,49/49,100.0%,True,-,-,-,-,-,-,74.49
2026-10-03 19:31:31,train,8847,HUMERUS,40,49,49,81.6%,0,-,-,,-,False,49/49,100.0%,True,-,-,-,-,-,-,73.71
2026-10-03 19:33:16,train,865,SHOULDER,49,49,49,100.0%,49,-,-,,-,False,49/49,100.0%,True,-,-,-,-,-,-,75.11
2026-10-03 19:35:01,train,20153,WRIST,46,49,49,93.9%,0,-,-,,-,False,49/49,100.0%,True,-,-,-,-,-,-,74.66
2026-10-03 19:36:46,train,15264,ELBOW,45,49,49,91.8%,0,-,-,,-,False,49/49,100.0%,True,-,-,-,-,-,-,75.35
2026-10-03 19:38:31,train,10157,FINGER,47,49,49,95.9%,0,-,-,,-,False,49/49,100.0%,True,-,-,-,-,-,-,74.67
2026-10-03 19:40:14,train,29904,FOREARM,47,49,49,95.9%,0,-,-,,-,False,49/49,100.0%,True,-,-,-,-,-,-,73.83
2026-10-03 19:41:58,train,31729,HAND,43,49,49,87.8%,0,-,-,,-,False,49/49,100.0%,True,-,-,-,-,-,-,73.82
2026-10-03 19:43:42,train,8848,HUMERUS,44,49,49,89.8%,0,-,-,,-,False,49/49,100.0%,True,-,-,-,-,-,-,74.3
2026-10-03 19:45:26,train,866,SHOULDER,48,48,49,98.0%,1,-,-,,-,False,49/49,100.0%,True,-,-,-,-,-,-,74.01
2026-10-03 19:47:11,train,20154,WRIST,45,49,49,91.8%,0,-,-,,-,False,49/49,100.0%,True,-,-,-,-,-,-,74.67
2026-10-03 19:48:55,train,15265,ELBOW,48,49,49,98.0%,0,-,-,,-,False,49/49,100.0%,True,-,-,-,-,-,-,73.77
2026-10-03 19:50:39,train,10158,FINGER,49,49,49,100.0%,49,-,-,,-,False,49/49,100.0%,True,-,-,-,-,-,-,74.0
2026-10-03 19:52:23,train,29905,FOREARM,40,49,49,81.6%,0,-,-,,-,False,49/49,100.0%,True,-,-,-,-,-,-,74.27
2026-10-03 19:54:08,train,31730,HAND,48,49,49,98.0%,0,-,-,,-,False,49/49,100.0%,True,-,-,-,-,-,-,74.65
2026-10-03 19:55:53,train,8849,HUMERUS,49,49,49,100.0%,49,-,-,,-,False,49/49,100.0%,True,-,-,-,-,-,-,74.68
2026-10-03 19:57:38,train,867,SHOULDER,49,49,49,100.0%,49,-,-,,-,False,49/49,100.0%,True,-,-,-,-,-,-,75.34
2026-10-03 19:59:22,train,20155,WRIST,49,49,49,100.0%,49,-,-,,-,False,49/49,100.0%,True,-,-,-,-,-,-,74.35
2026-10-03 20:01:06,train,15266,ELBOW,44,49,49,89.8%,0,-,-,,-,False,49/49,100.0%,True,-,-,-,-,-,-,74.21
2026-10-03 20:02:51,train,10159,FINGER,48,48,49,98.0%,48,-,-,,-,False,49/49,100.0%,True,-,-,-,-,-,-,74.53
2026-10-03 20:04:35,train,29906,FOREARM,47,49,49,95.9%,0,-,-,,-,False,49/49,100.0%,True,-,-,-,-,-,-,73.95
2026-10-03 20:06:19,train,31731,HAND,49,49,49,100.0%,49,-,-,,-,False,49/49,100.0%,True,-,-,-,-,-,-,74.24
2026-10-03 20:08:04,train,8850,HUMERUS,49,49,49,100.0%,49,-,-,,-,False,49/49,100.0%,True,-,-,-,-,-,-,74.45
2026-10-03 20:09:47,train,868,SHOULDER,49,49,49,100.0%,49,-,-,,-,False,49/49,100.0%,True,-,-,-,-,-,-,73.73
2026-10-03 20:11:31,train,20156,WRIST,47,49,49,95.9%,0,-,-,,-,False,49/49,100.0%,True,-,-,-,-,-,-,73.73
2026-10-03 20:13:15,train,15267,ELBOW,48,49,49,98.0%,0,-,-,,-,False,49/49,100.0%,True,-,-,-,-,-,-,73.9
2026-10-03 20:14:58,train,10160,FINGER,49,49,49,100.0%,49,-,-,,-,False,49/49,100.0%,True,-,-,-,-,-,-,73.49
2026-10-03 20:16:15,train,15258,ELBOW,49,49,49,100.0%,49,-,-,,-,False,49/49,100.0%,True,-,-,-,-,-,-,73.85
2026-10-03 20:17:59,train,10161,FINGER,47,49,49,95.9%,0,-,-,,-,False,49/49,100.0%,True,-,-,-,-,-,-,74.68
2026-10-03 20:19:43,train,29907,FOREARM,48,49,49,98.0%,0,-,-,,-,False,49/49,100.0%,True,-,-,-,-,-,-,73.84
2026-10-03 20:21:27,train,31732,HAND,46,49,49,93.9%,0,-,-,,-,False,49/49,100.0%,True,-,-,-,-,-,-,73.69
2026-10-03 20:23:11,train,8851,HUMERUS,49,49,49,100.0%,49,-,-,,-,False,49/49,100.0%,True,-,-,-,-,-,-,73.91
2026-10-03 20:24:55,train,869,SHOULDER,48,49,49,98.0%,0,-,-,,-,False,49/49,100.0%,True,-,-,-,-,-,-,74.42
2026-10-03 20:26:39,train,20157,WRIST,39,48,49,79.6%,0,-,-,,-,False,49/49,100.0%,True,-,-,-,-,-,-,73.72
2026-10-03 20:28:23,train,15268,ELBOW,49,49,49,100.0%,49,-,-,,-,False,49/49,100.0%,True,-,-,-,-,-,-,74.02
2026-10-03 20:30:07,train,10162,FINGER,47,49,49,95.9%,0,-,-,,-,False,49/49,100.0%,True,-,-,-,-,-,-,74.29
2026-10-03 20:31:51,train,29908,FOREARM,44,49,49,89.8%,0,-,-,,-,False,49/49,100.0%,True,-,-,-,-,-,-,73.64
2026-10-03 20:33:34,train,31733,HAND,49,49,49,100.0%,49,-,-,,-,False,49/49,100.0%,True,-,-,-,-,-,-,73.49
2026-10-03 20:35:18,train,8852,HUMERUS,47,49,49,95.9%,0,-,-,,-,False,49/49,100.0%,True,-,-,-,-,-,-,73.6
2026-10-03 20:37:03,train,870,SHOULDER,43,49,49,87.8%,0,-,-,,-,False,49/49,100.0%,True,-,-,-,-,-,-,74.63
2026-10-03 20:38:46,train,20158,WRIST,49,49,49,100.0%,49,-,-,,-,False,49/49,100.0%,True,-,-,-,-,-,-,73.55
2026-10-03 20:40:31,train,15269,ELBOW,48,48,49,98.0%,1,-,-,,-,False,49/49,100.0%,True,-,-,-,-,-,-,74.97
2026-10-03 20:42:15,train,10163,FINGER,35,49,49,71.4%,0,-,-,,-,False,49/49,100.0%,True,-,-,-,-,-,-,73.99
2026-10-03 20:44:00,train,29909,FOREARM,49,49,49,100.0%,49,-,-,,-,False,49/49,100.0%,True,-,-,-,-,-,-,74.54
2026-10-03 20:45:44,train,31734,HAND,44,49,49,89.8%,0,-,-,,-,False,49/49,100.0%,True,-,-,-,-,-,-,73.83
2026-10-03 20:47:29,train,8853,HUMERUS,49,49,49,100.0%,49,-,-,,-,False,49/49,100.0%,True,-,-,-,-,-,-,75.31
2026-10-03 20:49:13,train,871,SHOULDER,49,49,49,100.0%,49,-,-,,-,False,49/49,100.0%,True,-,-,-,-,-,-,73.77
2026-10-03 20:50:56,train,20159,WRIST,49,49,49,100.0%,49,-,-,,-,False,49/49,100.0%,True,-,-,-,-,-,-,73.37
2026-10-03 20:52:40,train,15270,ELBOW,41,41,49,83.7%,0,-,-,,-,False,49/49,100.0%,True,-,-,-,-,-,-,74.17
2026-10-03 20:54:23,train,10164,FINGER,49,49,49,100.0%,49,-,-,,-,False,49/49,100.0%,True,-,-,-,-,-,-,73.18
2026-10-03 20:56:08,train,29910,FOREARM,47,49,49,95.9%,0,-,-,,-,False,49/49,100.0%,True,-,-,-,-,-,-,75.16
2026-10-03 20:57:53,train,31735,HAND,40,49,49,81.6%,0,-,-,,-,False,49/49,100.0%,True,-,-,-,-,-,-,74.54
2026-10-03 20:59:37,train,8854,HUMERUS,39,39,49,79.6%,0,-,-,,-,False,49/49,100.0%,True,-,-,-,-,-,-,74.0
2026-10-03 21:01:21,train,872,SHOULDER,49,49,49,100.0%,49,-,-,,-,False,49/49,100.0%,True,-,-,-,-,-,-,74.16
2026-10-03 21:03:06,train,20160,WRIST,49,49,49,100.0%,49,-,-,,-,False,49/49,100.0%,True,-,-,-,-,-,-,74.94
2026-10-03 21:04:51,train,15271,ELBOW,46,49,49,93.9%,0,-,-,,-,False,49/49,100.0%,True,-,-,-,-,-,-,74.57
2026-10-03 21:06:34,train,10165,FINGER,47,47,49,95.9%,0,-,-,,-,False,49/49,100.0%,True,-,-,-,-,-,-,73.58
2026-10-03 21:08:18,train,29911,FOREARM,35,49,49,71.4%,0,-,-,,-,False,49/49,100.0%,True,-,-,-,-,-,-,73.41
2026-10-03 21:10:03,train,31736,HAND,3,22,49,6.1%,0,-,-,,-,False,49/49,100.0%,True,-,-,-,-,-,-,75.31
2026-10-03 21:11:47,train,8855,HUMERUS,49,49,49,100.0%,49,-,-,,-,False,49/49,100.0%,True,-,-,-,-,-,-,74.11
2026-10-03 21:13:32,train,873,SHOULDER,49,49,49,100.0%,49,-,-,,-,False,49/49,100.0%,True,-,-,-,-,-,-,74.94
2026-10-03 21:15:16,train,20161,WRIST,45,49,49,91.8%,0,-,-,,-,False,49/49,100.0%,True,-,-,-,-,-,-,74.17
2026-10-03 21:17:01,train,15272,ELBOW,33,49,49,67.3%,0,-,-,,-,False,49/49,100.0%,True,-,-,-,-,-,-,74.56
2026-10-03 21:18:45,train,10166,FINGER,49,49,49,100.0%,49,-,-,,-,False,49/49,100.0%,True,-,-,-,-,-,-,74.02
2026-10-03 21:20:29,train,29912,FOREARM,49,49,49,100.0%,49,-,-,,-,False,49/49,100.0%,True,-,-,-,-,-,-,74.43
2026-10-03 21:22:15,train,31737,HAND,49,49,49,100.0%,49,-,-,,-,False,49/49,100.0%,True,-,-,-,-,-,-,75.31
2026-10-03 21:23:59,train,8856,HUMERUS,47,49,49,95.9%,0,-,-,,-,False,49/49,100.0%,True,-,-,-,-,-,-,74.65
2026-10-03 21:25:44,train,874,SHOULDER,47,49,49,95.9%,0,-,-,,-,False,49/49,100.0%,True,-,-,-,-,-,-,75.08
2026-10-03 21:27:30,train,20162,WRIST,49,49,49,100.0%,49,-,-,,-,False,49/49,100.0%,True,-,-,-,-,-,-,75.62
2026-10-03 21:29:13,train,15273,ELBOW,46,49,49,93.9%,0,-,-,,-,False,49/49,100.0%,True,-,-,-,-,-,-,73.37
2026-10-03 21:30:57,train,10167,FINGER,48,49,49,98.0%,0,-,-,,-,False,49/49,100.0%,True,-,-,-,-,-,-,73.89
2026-10-03 21:32:42,train,29913,FOREARM,41,49,49,83.7%,0,-,-,,-,False,49/49,100.0%,True,-,-,-,-,-,-,74.94
2026-10-03 21:34:26,train,31738,HAND,43,43,49,87.8%,0,-,-,,-,False,49/49,100.0%,True,-,-,-,-,-,-,74.02
2026-10-03 21:36:10,train,8857,HUMERUS,49,49,49,100.0%,49,-,-,,-,False,49/49,100.0%,True,-,-,-,-,-,-,74.34
2026-10-03 21:37:54,train,875,SHOULDER,23,46,49,46.9%,0,-,-,,-,False,49/49,100.0%,True,-,-,-,-,-,-,73.83
2026-10-03 21:39:38,train,20163,WRIST,48,49,49,98.0%,0,-,-,,-,False,49/49,100.0%,True,-,-,-,-,-,-,73.86
2026-10-03 21:41:23,train,15274,ELBOW,46,49,49,93.9%,0,-,-,,-,False,49/49,100.0%,True,-,-,-,-,-,-,75.27
2026-10-03 21:43:07,train,10168,FINGER,46,49,49,93.9%,0,-,-,,-,False,49/49,100.0%,True,-,-,-,-,-,-,73.27
2026-10-03 21:44:52,train,29914,FOREARM,46,49,49,93.9%,0,-,-,,-,False,49/49,100.0%,True,-,-,-,-,-,-,74.99
2026-10-03 21:46:36,train,31739,HAND,40,49,49,81.6%,0,-,-,,-,False,49/49,100.0%,True,-,-,-,-,-,-,74.37
2026-10-03 21:48:21,train,8858,HUMERUS,45,49,49,91.8%,0,-,-,,-,False,49/49,100.0%,True,-,-,-,-,-,-,74.84
2026-10-03 21:50:07,train,876,SHOULDER,47,49,49,95.9%,0,-,-,,-,False,49/49,100.0%,True,-,-,-,-,-,-,76.05
2026-10-03 21:51:51,train,20164,WRIST,49,49,49,100.0%,49,-,-,,-,False,49/49,100.0%,True,-,-,-,-,-,-,73.6
2026-10-03 21:53:36,train,15275,ELBOW,49,49,49,100.0%,49,-,-,,-,False,49/49,100.0%,True,-,-,-,-,-,-,75.21
2026-10-03 21:55:20,train,10169,FINGER,49,49,49,100.0%,49,-,-,,-,False,49/49,100.0%,True,-,-,-,-,-,-,74.58
2026-10-03 21:57:05,train,29915,FOREARM,48,49,49,98.0%,0,-,-,,-,False,49/49,100.0%,True,-,-,-,-,-,-,74.93
2026-10-03 21:58:50,train,31740,HAND,48,49,49,98.0%,0,-,-,,-,False,49/49,100.0%,True,-,-,-,-,-,-,74.46
2026-10-03 22:00:33,train,8859,HUMERUS,48,49,49,98.0%,0,-,-,,-,False,49/49,100.0%,True,-,-,-,-,-,-,73.66
2026-10-03 22:02:18,train,877,SHOULDER,49,49,49,100.0%,49,-,-,,-,False,49/49,100.0%,True,-,-,-,-,-,-,74.3
2026-10-03 22:04:03,train,20165,WRIST,48,49,49,98.0%,0,-,-,,-,False,49/49,100.0%,True,-,-,-,-,-,-,74.87
2026-10-03 22:05:47,train,15276,ELBOW,47,49,49,95.9%,0,-,-,,-,False,49/49,100.0%,True,-,-,-,-,-,-,74.02
2026-10-03 22:07:31,train,10170,FINGER,48,49,49,98.0%,0,-,-,,-,False,49/49,100.0%,True,-,-,-,-,-,-,74.14
2026-10-03 22:09:14,train,29916,FOREARM,48,48,49,98.0%,0,-,-,,-,False,49/49,100.0%,True,-,-,-,-,-,-,73.71
2026-10-03 22:10:58,train,31741,HAND,48,48,49,98.0%,1,-,-,,-,False,49/49,100.0%,True,-,-,-,-,-,-,73.96
2026-10-03 22:12:43,train,8860,HUMERUS,46,49,49,93.9%,0,-,-,,-,False,49/49,100.0%,True,-,-,-,-,-,-,74.16
2026-10-03 22:14:27,train,878,SHOULDER,44,49,49,89.8%,0,-,-,,-,False,49/49,100.0%,True,-,-,-,-,-,-,74.4
2026-10-03 22:16:11,train,20166,WRIST,41,49,49,83.7%,0,-,-,,-,False,49/49,100.0%,True,-,-,-,-,-,-,74.43
2026-10-03 22:17:56,train,15277,ELBOW,48,49,49,98.0%,0,-,-,,-,False,49/49,100.0%,True,-,-,-,-,-,-,74.57
2026-10-03 22:19:41,train,10171,FINGER,46,49,49,93.9%,0,-,-,,-,False,49/49,100.0%,True,-,-,-,-,-,-,74.96
2026-10-03 22:21:25,train,29917,FOREARM,49,49,49,100.0%,49,-,-,,-,False,49/49,100.0%,True,-,-,-,-,-,-,73.75
2026-10-03 22:23:09,train,31742,HAND,49,49,49,100.0%,49,-,-,,-,False,49/49,100.0%,True,-,-,-,-,-,-,74.75
2026-10-03 22:24:53,train,8861,HUMERUS,47,49,49,95.9%,0,-,-,,-,False,49/49,100.0%,True,-,-,-,-,-,-,73.77
2026-10-03 22:26:38,train,879,SHOULDER,48,49,49,98.0%,0,-,-,,-,False,49/49,100.0%,True,-,-,-,-,-,-,75.01
2026-10-03 22:28:22,train,20167,WRIST,46,49,49,93.9%,0,-,-,,-,False,49/49,100.0%,True,-,-,-,-,-,-,74.2
2026-10-03 22:30:07,train,15278,ELBOW,46,49,49,93.9%,0,-,-,,-,False,49/49,100.0%,True,-,-,-,-,-,-,74.71
2026-10-03 22:31:52,train,10172,FINGER,48,49,49,98.0%,0,-,-,,-,False,49/49,100.0%,True,-,-,-,-,-,-,74.93
2026-10-03 22:33:37,train,29918,FOREARM,48,49,49,98.0%,0,-,-,,-,False,49/49,100.0%,True,-,-,-,-,-,-,74.82
2026-10-03 22:35:23,train,31743,HAND,48,49,49,98.0%,0,-,-,,-,False,49/49,100.0%,True,-,-,-,-,-,-,76.23
2026-10-03 22:37:08,train,8862,HUMERUS,31,49,49,63.3%,0,-,-,,-,False,49/49,100.0%,True,-,-,-,-,-,-,75.24
2026-10-03 22:38:54,train,880,SHOULDER,32,49,49,65.3%,0,-,-,,-,False,49/49,100.0%,True,-,-,-,-,-,-,75.26
2026-10-03 22:40:37,train,20168,WRIST,48,49,49,98.0%,0,-,-,,-,False,49/49,100.0%,True,-,-,-,-,-,-,73.44
2026-10-03 22:42:20,train,15279,ELBOW,48,49,49,98.0%,0,-,-,,-,False,49/49,100.0%,True,-,-,-,-,-,-,73.34
2026-10-03 22:44:05,train,10173,FINGER,49,49,49,100.0%,49,-,-,,-,False,49/49,100.0%,True,-,-,-,-,-,-,74.31
2026-10-03 22:45:49,train,29919,FOREARM,49,49,49,100.0%,49,-,-,,-,False,49/49,100.0%,True,-,-,-,-,-,-,74.27
2026-10-03 22:47:33,train,31744,HAND,44,49,49,89.8%,0,-,-,,-,False,49/49,100.0%,True,-,-,-,-,-,-,74.17
2026-10-03 22:49:17,train,8863,HUMERUS,48,49,49,98.0%,0,-,-,,-,False,49/49,100.0%,True,-,-,-,-,-,-,74.1
2026-10-03 22:51:02,train,881,SHOULDER,49,49,49,100.0%,49,-,-,,-,False,49/49,100.0%,True,-,-,-,-,-,-,75.1
2026-10-03 22:52:46,train,20169,WRIST,39,49,49,79.6%,0,-,-,,-,False,49/49,100.0%,True,-,-,-,-,-,-,74.07
2026-10-03 22:54:31,train,15280,ELBOW,48,49,49,98.0%,0,-,-,,-,False,49/49,100.0%,True,-,-,-,-,-,-,74.69
2026-10-03 22:56:15,train,10174,FINGER,0,33,49,0.0%,0,-,-,,-,False,49/49,100.0%,True,-,-,-,-,-,-,73.56
2026-10-03 22:57:59,train,29920,FOREARM,37,49,49,75.5%,0,-,-,,-,False,49/49,100.0%,True,-,-,-,-,-,-,74.49
2026-10-03 22:59:43,train,31745,HAND,49,49,49,100.0%,49,-,-,,-,False,49/49,100.0%,True,-,-,-,-,-,-,73.88
2026-10-03 23:01:27,train,8864,HUMERUS,46,49,49,93.9%,0,-,-,,-,False,49/49,100.0%,True,-,-,-,-,-,-,74.23
2026-10-03 23:03:12,train,882,SHOULDER,46,49,49,93.9%,0,-,-,,-,False,49/49,100.0%,True,-,-,-,-,-,-,74.71
2026-10-03 23:04:55,train,20170,WRIST,44,49,49,89.8%,0,-,-,,-,False,49/49,100.0%,True,-,-,-,-,-,-,73.54
2026-10-03 23:06:40,train,15281,ELBOW,42,49,49,85.7%,0,-,-,,-,False,49/49,100.0%,True,-,-,-,-,-,-,74.24
2026-10-03 23:08:24,train,10175,FINGER,49,49,49,100.0%,49,-,-,,-,False,49/49,100.0%,True,-,-,-,-,-,-,74.46
2026-10-03 23:09:40,train,15282,ELBOW,45,48,49,91.8%,0,-,-,,-,False,49/49,100.0%,True,-,-,-,-,-,-,73.22
2026-10-03 23:11:24,train,10174,FINGER,49,49,49,100.0%,49,-,-,,-,False,49/49,100.0%,True,-,-,-,-,-,-,74.1
2026-10-03 23:13:07,train,29921,FOREARM,47,49,49,95.9%,0,-,-,,-,False,49/49,100.0%,True,-,-,-,-,-,-,73.13
2026-10-03 23:14:51,train,31746,HAND,48,49,49,98.0%,0,-,-,,-,False,49/49,100.0%,True,-,-,-,-,-,-,73.76
2026-10-03 23:16:35,train,8865,HUMERUS,49,49,49,100.0%,49,-,-,,-,False,49/49,100.0%,True,-,-,-,-,-,-,74.19
2026-10-03 23:18:18,train,883,SHOULDER,47,49,49,95.9%,0,-,-,,-,False,49/49,100.0%,True,-,-,-,-,-,-,73.18
2026-10-03 23:20:03,train,20171,WRIST,28,49,49,57.1%,0,-,-,,-,False,49/49,100.0%,True,-,-,-,-,-,-,75.14
2026-10-03 23:21:48,train,15283,ELBOW,49,49,49,100.0%,49,-,-,,-,False,49/49,100.0%,True,-,-,-,-,-,-,74.98
2026-10-03 23:23:32,train,10176,FINGER,46,49,49,93.9%,0,-,-,,-,False,49/49,100.0%,True,-,-,-,-,-,-,73.5
2026-10-03 23:25:15,train,29922,FOREARM,48,49,49,98.0%,0,-,-,,-,False,49/49,100.0%,True,-,-,-,-,-,-,73.51
2026-10-03 23:26:59,train,31747,HAND,49,49,49,100.0%,49,-,-,,-,False,49/49,100.0%,True,-,-,-,-,-,-,74.13
2026-10-03 23:28:44,train,8866,HUMERUS,43,49,49,87.8%,0,-,-,,-,False,49/49,100.0%,True,-,-,-,-,-,-,74.25
2026-10-03 23:30:28,train,884,SHOULDER,46,46,49,93.9%,0,-,-,,-,False,49/49,100.0%,True,-,-,-,-,-,-,74.26
2026-10-03 23:32:11,train,20172,WRIST,49,49,49,100.0%,49,-,-,,-,False,49/49,100.0%,True,-,-,-,-,-,-,73.33
2026-10-03 23:33:55,train,15284,ELBOW,49,49,49,100.0%,49,-,-,,-,False,49/49,100.0%,True,-,-,-,-,-,-,74.02
2026-10-03 23:35:39,train,10177,FINGER,45,49,49,91.8%,0,-,-,,-,False,49/49,100.0%,True,-,-,-,-,-,-,74.24
2026-10-03 23:37:24,train,29923,FOREARM,49,49,49,100.0%,49,-,-,,-,False,49/49,100.0%,True,-,-,-,-,-,-,74.14
2026-10-03 23:39:08,train,31748,HAND,49,49,49,100.0%,49,-,-,,-,False,49/49,100.0%,True,-,-,-,-,-,-,74.65
2026-10-03 23:40:52,train,8867,HUMERUS,49,49,49,100.0%,49,-,-,,-,False,49/49,100.0%,True,-,-,-,-,-,-,73.69
2026-10-03 23:42:36,train,885,SHOULDER,46,49,49,93.9%,0,-,-,,-,False,49/49,100.0%,True,-,-,-,-,-,-,74.56
2026-10-03 23:44:20,train,20173,WRIST,33,49,49,67.3%,0,-,-,,-,False,49/49,100.0%,True,-,-,-,-,-,-,73.61
2026-10-03 23:46:04,train,15285,ELBOW,49,49,49,100.0%,49,-,-,,-,False,49/49,100.0%,True,-,-,-,-,-,-,73.87
2026-10-03 23:47:49,train,10178,FINGER,48,49,49,98.0%,0,-,-,,-,False,49/49,100.0%,True,-,-,-,-,-,-,74.84
2026-10-03 23:49:33,train,29924,FOREARM,40,49,49,81.6%,0,-,-,,-,False,49/49,100.0%,True,-,-,-,-,-,-,74.63
2026-10-03 23:51:18,train,31749,HAND,38,49,49,77.6%,0,-,-,,-,False,49/49,100.0%,True,-,-,-,-,-,-,74.92
2026-10-03 23:53:02,train,8868,HUMERUS,38,49,49,77.6%,0,-,-,,-,False,49/49,100.0%,True,-,-,-,-,-,-,73.82
2026-10-03 23:54:46,train,886,SHOULDER,47,49,49,95.9%,0,-,-,,-,False,49/49,100.0%,True,-,-,-,-,-,-,73.91
2026-10-03 23:56:31,train,20174,WRIST,36,49,49,73.5%,0,-,-,,-,False,49/49,100.0%,True,-,-,-,-,-,-,75.13
2026-10-03 23:58:15,train,15286,ELBOW,48,49,49,98.0%,0,-,-,,-,False,49/49,100.0%,True,-,-,-,-,-,-,73.95
2026-10-03 23:59:59,train,10179,FINGER,49,49,49,100.0%,49,-,-,,-,False,49/49,100.0%,True,-,-,-,-,-,-,74.32
2026-10-04 00:01:44,train,29925,FOREARM,42,49,49,85.7%,0,-,-,,-,False,49/49,100.0%,True,-,-,-,-,-,-,74.17
2026-10-04 00:03:28,train,31750,HAND,40,48,49,81.6%,0,-,-,,-,False,49/49,100.0%,True,-,-,-,-,-,-,74.02
2026-10-04 00:05:13,train,8869,HUMERUS,49,49,49,100.0%,49,-,-,,-,False,49/49,100.0%,True,-,-,-,-,-,-,74.84
2026-10-04 00:06:57,train,887,SHOULDER,49,49,49,100.0%,49,-,-,,-,False,49/49,100.0%,True,-,-,-,-,-,-,74.49
2026-10-04 00:08:41,train,20175,WRIST,47,49,49,95.9%,0,-,-,,-,False,49/49,100.0%,True,-,-,-,-,-,-,74.14
2026-10-04 00:10:25,train,15287,ELBOW,49,49,49,100.0%,49,-,-,,-,False,49/49,100.0%,True,-,-,-,-,-,-,73.37
2026-10-04 00:12:08,train,10180,FINGER,47,48,49,95.9%,1,-,-,,-,False,49/49,100.0%,True,-,-,-,-,-,-,73.87
2026-10-04 00:13:53,train,29926,FOREARM,49,49,49,100.0%,49,-,-,,-,False,49/49,100.0%,True,-,-,-,-,-,-,74.52
2026-10-04 00:15:37,train,31751,HAND,37,49,49,75.5%,0,-,-,,-,False,49/49,100.0%,True,-,-,-,-,-,-,73.68
2026-10-04 00:17:22,train,8870,HUMERUS,42,48,49,85.7%,0,-,-,,-,False,49/49,100.0%,True,-,-,-,-,-,-,75.6
2026-10-04 00:19:07,train,888,SHOULDER,37,37,49,75.5%,0,-,-,,-,False,49/49,100.0%,True,-,-,-,-,-,-,74.65
2026-10-04 00:20:51,train,20176,WRIST,49,49,49,100.0%,49,-,-,,-,False,49/49,100.0%,True,-,-,-,-,-,-,73.68
2026-10-04 00:22:34,train,15288,ELBOW,49,49,49,100.0%,49,-,-,,-,False,49/49,100.0%,True,-,-,-,-,-,-,73.85
2026-10-04 00:24:19,train,10181,FINGER,11,11,49,22.4%,0,-,-,,-,False,49/49,100.0%,True,-,-,-,-,-,-,74.6
2026-10-04 00:26:04,train,29927,FOREARM,49,49,49,100.0%,49,-,-,,-,False,49/49,100.0%,True,-,-,-,-,-,-,74.96
2026-10-04 00:27:48,train,31752,HAND,47,49,49,95.9%,0,-,-,,-,False,49/49,100.0%,True,-,-,-,-,-,-,74.08
2026-10-04 00:29:33,train,8871,HUMERUS,39,49,49,79.6%,0,-,-,,-,False,49/49,100.0%,True,-,-,-,-,-,-,74.74
2026-10-04 00:31:17,train,889,SHOULDER,42,48,49,85.7%,0,-,-,,-,False,49/49,100.0%,True,-,-,-,-,-,-,74.21
2026-10-04 00:33:02,train,20177,WRIST,45,49,49,91.8%,0,-,-,,-,False,49/49,100.0%,True,-,-,-,-,-,-,75.14
2026-10-04 00:34:46,train,15289,ELBOW,46,49,49,93.9%,0,-,-,,-,False,49/49,100.0%,True,-,-,-,-,-,-,73.88
2026-10-04 00:36:30,train,10182,FINGER,49,49,49,100.0%,49,-,-,,-,False,49/49,100.0%,True,-,-,-,-,-,-,73.87
2026-10-04 00:38:16,train,29928,FOREARM,35,40,49,71.4%,0,-,-,,-,False,49/49,100.0%,True,-,-,-,-,-,-,76.22
2026-10-04 00:40:00,train,31753,HAND,42,48,49,85.7%,0,-,-,,-,False,49/49,100.0%,True,-,-,-,-,-,-,74.31
2026-10-04 00:41:45,train,8872,HUMERUS,45,49,49,91.8%,0,-,-,,-,False,49/49,100.0%,True,-,-,-,-,-,-,74.64
2026-10-04 00:43:29,train,890,SHOULDER,42,48,49,85.7%,0,-,-,,-,False,49/49,100.0%,True,-,-,-,-,-,-,73.87
2026-10-04 00:45:13,train,20178,WRIST,44,49,49,89.8%,0,-,-,,-,False,49/49,100.0%,True,-,-,-,-,-,-,74.57
2026-10-04 00:46:58,train,15290,ELBOW,48,49,49,98.0%,0,-,-,,-,False,49/49,100.0%,True,-,-,-,-,-,-,74.36
2026-10-04 00:48:42,train,10183,FINGER,48,49,49,98.0%,0,-,-,,-,False,49/49,100.0%,True,-,-,-,-,-,-,74.5
2026-10-04 00:50:26,train,29929,FOREARM,46,49,49,93.9%,0,-,-,,-,False,49/49,100.0%,True,-,-,-,-,-,-,74.12
2026-10-04 00:52:10,train,31754,HAND,49,49,49,100.0%,49,-,-,,-,False,49/49,100.0%,True,-,-,-,-,-,-,74.04
2026-10-04 00:53:53,train,8873,HUMERUS,42,49,49,85.7%,0,-,-,,-,False,49/49,100.0%,True,-,-,-,-,-,-,72.82
2026-10-04 00:55:39,train,891,SHOULDER,49,49,49,100.0%,49,-,-,,-,False,49/49,100.0%,True,-,-,-,-,-,-,75.6
2026-10-04 00:57:23,train,20179,WRIST,48,49,49,98.0%,0,-,-,,-,False,49/49,100.0%,True,-,-,-,-,-,-,74.27
2026-10-04 00:59:08,train,15291,ELBOW,48,49,49,98.0%,0,-,-,,-,False,49/49,100.0%,True,-,-,-,-,-,-,74.39
2026-10-04 01:00:51,train,10184,FINGER,49,49,49,100.0%,49,-,-,,-,False,49/49,100.0%,True,-,-,-,-,-,-,73.91
2026-10-04 01:02:35,train,29930,FOREARM,46,49,49,93.9%,0,-,-,,-,False,49/49,100.0%,True,-,-,-,-,-,-,73.5
2026-10-04 01:04:19,train,31755,HAND,48,49,49,98.0%,0,-,-,,-,False,49/49,100.0%,True,-,-,-,-,-,-,74.25
2026-10-04 01:06:03,train,8874,HUMERUS,46,48,49,93.9%,0,-,-,,-,False,49/49,100.0%,True,-,-,-,-,-,-,73.7
2026-10-04 01:07:47,train,892,SHOULDER,45,49,49,91.8%,0,-,-,,-,False,49/49,100.0%,True,-,-,-,-,-,-,74.47
2026-10-04 01:09:32,train,20180,WRIST,41,48,49,83.7%,0,-,-,,-,False,49/49,100.0%,True,-,-,-,-,-,-,74.44
2026-10-04 01:11:16,train,15292,ELBOW,33,33,49,67.3%,0,-,-,,-,False,49/49,100.0%,True,-,-,-,-,-,-,74.2
2026-10-04 01:13:00,train,10185,FINGER,45,49,49,91.8%,0,-,-,,-,False,49/49,100.0%,True,-,-,-,-,-,-,74.4
2026-10-04 01:14:45,train,29931,FOREARM,48,49,49,98.0%,0,-,-,,-,False,49/49,100.0%,True,-,-,-,-,-,-,74.62
2026-10-04 01:16:30,train,31756,HAND,47,49,49,95.9%,0,-,-,,-,False,49/49,100.0%,True,-,-,-,-,-,-,74.89
2026-10-04 01:18:15,train,8875,HUMERUS,42,49,49,85.7%,0,-,-,,-,False,49/49,100.0%,True,-,-,-,-,-,-,74.98
2026-10-04 01:19:58,train,893,SHOULDER,37,49,49,75.5%,0,-,-,,-,False,49/49,100.0%,True,-,-,-,-,-,-,73.24
2026-10-04 01:21:43,train,20181,WRIST,46,46,49,93.9%,0,-,-,,-,False,49/49,100.0%,True,-,-,-,-,-,-,74.63
2026-10-04 01:23:28,train,15293,ELBOW,39,49,49,79.6%,0,-,-,,-,False,49/49,100.0%,True,-,-,-,-,-,-,74.78
2026-10-04 01:25:12,train,10186,FINGER,43,49,49,87.8%,0,-,-,,-,False,49/49,100.0%,True,-,-,-,-,-,-,74.0
2026-10-04 01:26:56,train,29932,FOREARM,48,49,49,98.0%,0,-,-,,-,False,49/49,100.0%,True,-,-,-,-,-,-,74.87
2026-10-04 01:28:41,train,31757,HAND,48,49,49,98.0%,0,-,-,,-,False,49/49,100.0%,True,-,-,-,-,-,-,74.53
2026-10-04 01:30:24,train,8876,HUMERUS,48,49,49,98.0%,0,-,-,,-,False,49/49,100.0%,True,-,-,-,-,-,-,73.4
2026-10-04 01:32:08,train,894,SHOULDER,36,49,49,73.5%,0,-,-,,-,False,49/49,100.0%,True,-,-,-,-,-,-,74.08
2026-10-04 01:33:52,train,20182,WRIST,48,49,49,98.0%,0,-,-,,-,False,49/49,100.0%,True,-,-,-,-,-,-,73.68
2026-10-04 01:35:37,train,15294,ELBOW,46,49,49,93.9%,0,-,-,,-,False,49/49,100.0%,True,-,-,-,-,-,-,75.01
2026-10-04 01:37:22,train,10187,FINGER,49,49,49,100.0%,49,-,-,,-,False,49/49,100.0%,True,-,-,-,-,-,-,75.08
2026-10-04 01:39:06,train,29933,FOREARM,41,49,49,83.7%,0,-,-,,-,False,49/49,100.0%,True,-,-,-,-,-,-,73.82
2026-10-04 01:40:52,train,31758,HAND,48,49,49,98.0%,0,-,-,,-,False,49/49,100.0%,True,-,-,-,-,-,-,75.49
2026-10-04 01:42:35,train,8877,HUMERUS,48,49,49,98.0%,0,-,-,,-,False,49/49,100.0%,True,-,-,-,-,-,-,73.57
2026-10-04 01:44:19,train,895,SHOULDER,48,49,49,98.0%,0,-,-,,-,False,49/49,100.0%,True,-,-,-,-,-,-,73.84
2026-10-04 01:46:04,train,20183,WRIST,46,49,49,93.9%,0,-,-,,-,False,49/49,100.0%,True,-,-,-,-,-,-,74.82
2026-10-04 01:47:48,train,15295,ELBOW,49,49,49,100.0%,49,-,-,,-,False,49/49,100.0%,True,-,-,-,-,-,-,73.9
2026-10-04 01:49:32,train,10188,FINGER,49,49,49,100.0%,49,-,-,,-,False,49/49,100.0%,True,-,-,-,-,-,-,73.88
2026-10-04 01:51:17,train,29934,FOREARM,6,49,49,12.2%,0,-,-,,-,False,49/49,100.0%,True,-,-,-,-,-,-,75.0
2026-10-04 01:53:02,train,31759,HAND,49,49,49,100.0%,49,-,-,,-,False,49/49,100.0%,True,-,-,-,-,-,-,75.12
2026-10-04 01:54:46,train,8878,HUMERUS,38,49,49,77.6%,0,-,-,,-,False,49/49,100.0%,True,-,-,-,-,-,-,74.17
2026-10-04 01:56:31,train,896,SHOULDER,39,49,49,79.6%,0,-,-,,-,False,49/49,100.0%,True,-,-,-,-,-,-,74.79
2026-10-04 01:58:15,train,20184,WRIST,46,49,49,93.9%,0,-,-,,-,False,49/49,100.0%,True,-,-,-,-,-,-,74.67
2026-10-04 02:00:00,train,15296,ELBOW,48,49,49,98.0%,0,-,-,,-,False,49/49,100.0%,True,-,-,-,-,-,-,74.35
2026-10-04 02:01:44,train,10189,FINGER,45,49,49,91.8%,0,-,-,,-,False,49/49,100.0%,True,-,-,-,-,-,-,74.78
2026-10-04 02:03:00,train,15297,ELBOW,41,49,49,83.7%,0,-,-,,-,False,49/49,100.0%,True,-,-,-,-,-,-,73.45
2026-10-04 02:04:46,train,10190,FINGER,36,49,49,73.5%,0,-,-,,-,False,49/49,100.0%,True,-,-,-,-,-,-,75.8
2026-10-04 02:06:30,train,29935,FOREARM,48,49,49,98.0%,0,-,-,,-,False,49/49,100.0%,True,-,-,-,-,-,-,73.91
2026-10-04 02:08:15,train,31760,HAND,49,49,49,100.0%,49,-,-,,-,False,49/49,100.0%,True,-,-,-,-,-,-,74.73
2026-10-04 02:10:02,train,8879,HUMERUS,49,49,49,100.0%,49,-,-,,-,False,49/49,100.0%,True,-,-,-,-,-,-,77.09
2026-10-04 02:11:45,train,897,SHOULDER,48,48,49,98.0%,0,-,-,,-,False,49/49,100.0%,True,-,-,-,-,-,-,73.69
2026-10-04 02:13:29,train,20185,WRIST,47,49,49,95.9%,0,-,-,,-,False,49/49,100.0%,True,-,-,-,-,-,-,73.74
2026-10-04 02:15:13,train,15298,ELBOW,49,49,49,100.0%,49,-,-,,-,False,49/49,100.0%,True,-,-,-,-,-,-,73.78
2026-10-04 02:16:57,train,10191,FINGER,49,49,49,100.0%,49,-,-,,-,False,49/49,100.0%,True,-,-,-,-,-,-,73.82
2026-10-04 02:18:41,train,29936,FOREARM,49,49,49,100.0%,49,-,-,,-,False,49/49,100.0%,True,-,-,-,-,-,-,74.77
2026-10-04 02:20:26,train,31761,HAND,47,49,49,95.9%,0,-,-,,-,False,49/49,100.0%,True,-,-,-,-,-,-,75.0
2026-10-04 02:22:11,train,8880,HUMERUS,46,49,49,93.9%,0,-,-,,-,False,49/49,100.0%,True,-,-,-,-,-,-,74.55
2026-10-04 02:23:56,train,898,SHOULDER,49,49,49,100.0%,49,-,-,,-,False,49/49,100.0%,True,-,-,-,-,-,-,75.06
2026-10-04 02:25:41,train,20186,WRIST,48,49,49,98.0%,0,-,-,,-,False,49/49,100.0%,True,-,-,-,-,-,-,74.43
2026-10-04 02:27:24,train,15299,ELBOW,45,49,49,91.8%,0,-,-,,-,False,49/49,100.0%,True,-,-,-,-,-,-,73.39
2026-10-04 02:29:09,train,10192,FINGER,49,49,49,100.0%,49,-,-,,-,False,49/49,100.0%,True,-,-,-,-,-,-,75.15
2026-10-04 02:30:54,train,29937,FOREARM,49,49,49,100.0%,49,-,-,,-,False,49/49,100.0%,True,-,-,-,-,-,-,75.07
2026-10-04 02:32:38,train,31762,HAND,49,49,49,100.0%,49,-,-,,-,False,49/49,100.0%,True,-,-,-,-,-,-,74.31
2026-10-04 02:34:23,train,8881,HUMERUS,48,49,49,98.0%,0,-,-,,-,False,49/49,100.0%,True,-,-,-,-,-,-,74.98
2026-10-04 02:36:08,train,899,SHOULDER,48,49,49,98.0%,0,-,-,,-,False,49/49,100.0%,True,-,-,-,-,-,-,75.02
2026-10-04 02:37:53,train,20187,WRIST,48,49,49,98.0%,0,-,-,,-,False,49/49,100.0%,True,-,-,-,-,-,-,74.61
2026-10-04 02:39:37,train,15300,ELBOW,47,49,49,95.9%,0,-,-,,-,False,49/49,100.0%,True,-,-,-,-,-,-,74.05
2026-10-04 02:41:23,train,10193,FINGER,48,49,49,98.0%,0,-,-,,-,False,49/49,100.0%,True,-,-,-,-,-,-,76.31
2026-10-04 02:43:07,train,29938,FOREARM,44,49,49,89.8%,0,-,-,,-,False,49/49,100.0%,True,-,-,-,-,-,-,74.02
2026-10-04 02:44:51,train,31763,HAND,49,49,49,100.0%,49,-,-,,-,False,49/49,100.0%,True,-,-,-,-,-,-,73.79
2026-10-04 02:46:35,train,8882,HUMERUS,49,49,49,100.0%,49,-,-,,-,False,49/49,100.0%,True,-,-,-,-,-,-,73.96
2026-10-04 02:48:20,train,900,SHOULDER,47,47,49,95.9%,0,-,-,,-,False,49/49,100.0%,True,-,-,-,-,-,-,75.03
2026-10-04 02:50:04,train,20188,WRIST,48,49,49,98.0%,0,-,-,,-,False,49/49,100.0%,True,-,-,-,-,-,-,73.49
2026-10-04 02:51:48,train,15301,ELBOW,49,49,49,100.0%,49,-,-,,-,False,49/49,100.0%,True,-,-,-,-,-,-,74.28
2026-10-04 02:53:32,train,10194,FINGER,49,49,49,100.0%,49,-,-,,-,False,49/49,100.0%,True,-,-,-,-,-,-,73.53
2026-10-04 02:55:15,train,29939,FOREARM,0,13,49,0.0%,0,-,-,,-,False,49/49,100.0%,True,-,-,-,-,-,-,73.75
2026-10-04 02:57:00,train,31764,HAND,47,48,49,95.9%,0,-,-,,-,False,49/49,100.0%,True,-,-,-,-,-,-,74.84
2026-10-04 02:58:44,train,8883,HUMERUS,49,49,49,100.0%,49,-,-,,-,False,49/49,100.0%,True,-,-,-,-,-,-,73.7
2026-10-04 03:00:28,train,901,SHOULDER,47,49,49,95.9%,0,-,-,,-,False,49/49,100.0%,True,-,-,-,-,-,-,74.35
2026-10-04 03:02:13,train,20189,WRIST,48,49,49,98.0%,0,-,-,,-,False,49/49,100.0%,True,-,-,-,-,-,-,74.71
2026-10-04 03:03:57,train,15302,ELBOW,0,27,49,0.0%,0,-,-,,-,False,49/49,100.0%,True,-,-,-,-,-,-,74.26
2026-10-04 03:05:42,train,10195,FINGER,49,49,49,100.0%,49,-,-,,-,False,49/49,100.0%,True,-,-,-,-,-,-,74.73
2026-10-04 03:07:27,train,29940,FOREARM,49,49,49,100.0%,49,-,-,,-,False,49/49,100.0%,True,-,-,-,-,-,-,74.96
2026-10-04 03:09:11,train,31765,HAND,46,49,49,93.9%,0,-,-,,-,False,49/49,100.0%,True,-,-,-,-,-,-,73.82
2026-10-04 03:10:55,train,8884,HUMERUS,49,49,49,100.0%,49,-,-,,-,False,49/49,100.0%,True,-,-,-,-,-,-,73.92
2026-10-04 03:12:38,train,902,SHOULDER,49,49,49,100.0%,49,-,-,,-,False,49/49,100.0%,True,-,-,-,-,-,-,73.84
2026-10-04 03:14:23,train,20190,WRIST,49,49,49,100.0%,49,-,-,,-,False,49/49,100.0%,True,-,-,-,-,-,-,74.64
2026-10-04 03:16:07,train,15303,ELBOW,48,48,49,98.0%,0,-,-,,-,False,49/49,100.0%,True,-,-,-,-,-,-,73.6
2026-10-04 03:17:50,train,10196,FINGER,46,49,49,93.9%,0,-,-,,-,False,49/49,100.0%,True,-,-,-,-,-,-,73.38
2026-10-04 03:19:35,train,29941,FOREARM,47,49,49,95.9%,0,-,-,,-,False,49/49,100.0%,True,-,-,-,-,-,-,74.56
2026-10-04 03:21:18,train,31766,HAND,0,0,49,0.0%,0,-,-,,-,False,49/49,100.0%,True,-,-,-,-,-,-,73.75
2026-10-04 03:23:02,train,8885,HUMERUS,49,49,49,100.0%,49,-,-,,-,False,49/49,100.0%,True,-,-,-,-,-,-,74.12
2026-10-04 03:24:47,train,903,SHOULDER,49,49,49,100.0%,49,-,-,,-,False,49/49,100.0%,True,-,-,-,-,-,-,74.49
2026-10-04 03:26:31,train,20191,WRIST,0,0,49,0.0%,0,-,-,,-,False,49/49,100.0%,True,-,-,-,-,-,-,73.71
2026-10-04 03:28:16,train,15304,ELBOW,49,49,49,100.0%,49,-,-,,-,False,49/49,100.0%,True,-,-,-,-,-,-,75.12
2026-10-04 03:30:00,train,10197,FINGER,48,49,49,98.0%,0,-,-,,-,False,49/49,100.0%,True,-,-,-,-,-,-,73.96
2026-10-04 03:31:43,train,29942,FOREARM,45,48,49,91.8%,0,-,-,,-,False,49/49,100.0%,True,-,-,-,-,-,-,73.75
2026-10-04 03:33:28,train,31767,HAND,49,49,49,100.0%,49,-,-,,-,False,49/49,100.0%,True,-,-,-,-,-,-,74.12
2026-10-04 03:35:12,train,8886,HUMERUS,49,49,49,100.0%,49,-,-,,-,False,49/49,100.0%,True,-,-,-,-,-,-,74.33
2026-10-04 03:36:56,train,904,SHOULDER,49,49,49,100.0%,49,-,-,,-,False,49/49,100.0%,True,-,-,-,-,-,-,74.16
2026-10-04 03:38:41,train,20192,WRIST,48,49,49,98.0%,0,-,-,,-,False,49/49,100.0%,True,-,-,-,-,-,-,74.78
2026-10-04 03:40:25,train,15305,ELBOW,40,49,49,81.6%,0,-,-,,-,False,49/49,100.0%,True,-,-,-,-,-,-,73.73
2026-10-04 03:42:08,train,10198,FINGER,48,49,49,98.0%,0,-,-,,-,False,49/49,100.0%,True,-,-,-,-,-,-,73.46
2026-10-04 03:43:52,train,29943,FOREARM,47,49,49,95.9%,0,-,-,,-,False,49/49,100.0%,True,-,-,-,-,-,-,73.98
2026-10-04 03:45:36,train,31768,HAND,49,49,49,100.0%,49,-,-,,-,False,49/49,100.0%,True,-,-,-,-,-,-,73.46
2026-10-04 03:47:20,train,8887,HUMERUS,44,49,49,89.8%,0,-,-,,-,False,49/49,100.0%,True,-,-,-,-,-,-,74.93
2026-10-04 03:49:04,train,905,SHOULDER,48,49,49,98.0%,0,-,-,,-,False,49/49,100.0%,True,-,-,-,-,-,-,73.72
2026-10-04 03:50:49,train,20193,WRIST,49,49,49,100.0%,49,-,-,,-,False,49/49,100.0%,True,-,-,-,-,-,-,74.34
2026-10-04 03:52:33,train,15306,ELBOW,49,49,49,100.0%,49,-,-,,-,False,49/49,100.0%,True,-,-,-,-,-,-,74.6
2026-10-04 03:54:17,train,10199,FINGER,49,49,49,100.0%,49,-,-,,-,False,49/49,100.0%,True,-,-,-,-,-,-,73.75
2026-10-04 03:56:02,train,29944,FOREARM,46,49,49,93.9%,0,-,-,,-,False,49/49,100.0%,True,-,-,-,-,-,-,74.64
2026-10-04 03:57:46,train,31769,HAND,49,49,49,100.0%,49,-,-,,-,False,49/49,100.0%,True,-,-,-,-,-,-,74.18
2026-10-04 03:59:30,train,8888,HUMERUS,49,49,49,100.0%,49,-,-,,-,False,49/49,100.0%,True,-,-,-,-,-,-,74.46
2026-10-04 04:01:15,train,906,SHOULDER,38,48,49,77.6%,0,-,-,,-,False,49/49,100.0%,True,-,-,-,-,-,-,75.06
2026-10-04 04:02:59,train,20194,WRIST,48,49,49,98.0%,0,-,-,,-,False,49/49,100.0%,True,-,-,-,-,-,-,74.11
2026-10-04 04:04:44,train,15307,ELBOW,45,49,49,91.8%,0,-,-,,-,False,49/49,100.0%,True,-,-,-,-,-,-,74.98
2026-10-04 04:06:27,train,10200,FINGER,49,49,49,100.0%,49,-,-,,-,False,49/49,100.0%,True,-,-,-,-,-,-,72.67
2026-10-04 04:08:11,train,29945,FOREARM,49,49,49,100.0%,49,-,-,,-,False,49/49,100.0%,True,-,-,-,-,-,-,74.36
2026-10-04 04:09:55,train,31770,HAND,49,49,49,100.0%,49,-,-,,-,False,49/49,100.0%,True,-,-,-,-,-,-,74.03
2026-10-04 04:11:40,train,8889,HUMERUS,27,49,49,55.1%,0,-,-,,-,False,49/49,100.0%,True,-,-,-,-,-,-,74.83
2026-10-04 04:13:28,train,907,SHOULDER,49,49,49,100.0%,49,-,-,,-,False,49/49,100.0%,True,-,-,-,-,-,-,77.69
2026-10-04 04:15:12,train,20195,WRIST,49,49,49,100.0%,49,-,-,,-,False,49/49,100.0%,True,-,-,-,-,-,-,74.45
2026-10-04 04:16:57,train,15308,ELBOW,49,49,49,100.0%,49,-,-,,-,False,49/49,100.0%,True,-,-,-,-,-,-,74.18
2026-10-04 04:18:41,train,10201,FINGER,49,49,49,100.0%,49,-,-,,-,False,49/49,100.0%,True,-,-,-,-,-,-,74.68
2026-10-04 04:20:26,train,29946,FOREARM,49,49,49,100.0%,49,-,-,,-,False,49/49,100.0%,True,-,-,-,-,-,-,74.69
2026-10-04 04:22:11,train,31771,HAND,43,49,49,87.8%,0,-,-,,-,False,49/49,100.0%,True,-,-,-,-,-,-,74.66
2026-10-04 04:23:54,train,8890,HUMERUS,44,49,49,89.8%,0,-,-,,-,False,49/49,100.0%,True,-,-,-,-,-,-,73.89
2026-10-04 04:25:38,train,908,SHOULDER,47,49,49,95.9%,0,-,-,,-,False,49/49,100.0%,True,-,-,-,-,-,-,73.74
2026-10-04 04:27:24,train,20196,WRIST,47,49,49,95.9%,0,-,-,,-,False,49/49,100.0%,True,-,-,-,-,-,-,75.84
2026-10-04 04:29:09,train,15309,ELBOW,45,49,49,91.8%,0,-,-,,-,False,49/49,100.0%,True,-,-,-,-,-,-,75.17
2026-10-04 04:30:53,train,10202,FINGER,49,49,49,100.0%,49,-,-,,-,False,49/49,100.0%,True,-,-,-,-,-,-,74.09
2026-10-04 04:32:38,train,29947,FOREARM,41,48,49,83.7%,0,-,-,,-,False,49/49,100.0%,True,-,-,-,-,-,-,74.65
2026-10-04 04:34:22,train,31772,HAND,47,49,49,95.9%,0,-,-,,-,False,49/49,100.0%,True,-,-,-,-,-,-,74.19
2026-10-04 04:36:06,train,8891,HUMERUS,46,49,49,93.9%,0,-,-,,-,False,49/49,100.0%,True,-,-,-,-,-,-,74.34
2026-10-04 04:37:51,train,909,SHOULDER,31,48,49,63.3%,0,-,-,,-,False,49/49,100.0%,True,-,-,-,-,-,-,74.92
2026-10-04 04:39:36,train,20197,WRIST,44,48,49,89.8%,0,-,-,,-,False,49/49,100.0%,True,-,-,-,-,-,-,74.56
2026-10-04 04:41:21,train,15310,ELBOW,48,49,49,98.0%,0,-,-,,-,False,49/49,100.0%,True,-,-,-,-,-,-,74.64
2026-10-04 04:43:05,train,10203,FINGER,40,49,49,81.6%,0,-,-,,-,False,49/49,100.0%,True,-,-,-,-,-,-,74.2
2026-10-04 04:44:49,train,29948,FOREARM,42,49,49,85.7%,0,-,-,,-,False,49/49,100.0%,True,-,-,-,-,-,-,74.54
2026-10-04 04:46:34,train,31773,HAND,48,49,49,98.0%,0,-,-,,-,False,49/49,100.0%,True,-,-,-,-,-,-,74.6
2026-10-04 04:48:18,train,8892,HUMERUS,30,49,49,61.2%,0,-,-,,-,False,49/49,100.0%,True,-,-,-,-,-,-,73.8
2026-10-04 04:50:02,train,910,SHOULDER,37,49,49,75.5%,0,-,-,,-,False,49/49,100.0%,True,-,-,-,-,-,-,74.1
2026-10-04 04:51:46,train,20198,WRIST,46,48,49,93.9%,0,-,-,,-,False,49/49,100.0%,True,-,-,-,-,-,-,73.87
2026-10-04 04:53:29,train,15311,ELBOW,49,49,49,100.0%,49,-,-,,-,False,49/49,100.0%,True,-,-,-,-,-,-,73.77
2026-10-04 04:55:13,train,10204,FINGER,49,49,49,100.0%,49,-,-,,-,False,49/49,100.0%,True,-,-,-,-,-,-,73.67
2026-10-04 04:56:30,train,15302,ELBOW,48,49,49,98.0%,0,-,-,,-,False,49/49,100.0%,True,-,-,-,-,-,-,74.25
2026-10-04 04:58:14,train,10205,FINGER,25,49,49,51.0%,0,-,-,,-,False,49/49,100.0%,True,-,-,-,-,-,-,74.67
2026-10-04 05:00:00,train,29939,FOREARM,48,49,49,98.0%,0,-,-,,-,False,49/49,100.0%,True,-,-,-,-,-,-,75.22
2026-10-04 05:01:43,train,31766,HAND,48,49,49,98.0%,0,-,-,,-,False,49/49,100.0%,True,-,-,-,-,-,-,73.78
2026-10-04 05:03:29,train,8893,HUMERUS,49,49,49,100.0%,49,-,-,,-,False,49/49,100.0%,True,-,-,-,-,-,-,75.4
2026-10-04 05:05:14,train,911,SHOULDER,40,49,49,81.6%,0,-,-,,-,False,49/49,100.0%,True,-,-,-,-,-,-,74.74
2026-10-04 05:06:58,train,20191,WRIST,49,49,49,100.0%,49,-,-,,-,False,49/49,100.0%,True,-,-,-,-,-,-,74.43
2026-10-04 05:08:43,train,15312,ELBOW,48,48,49,98.0%,0,-,-,,-,False,49/49,100.0%,True,-,-,-,-,-,-,75.09
2026-10-04 05:10:28,train,10206,FINGER,34,49,49,69.4%,0,-,-,,-,False,49/49,100.0%,True,-,-,-,-,-,-,75.07
2026-10-04 05:12:12,train,29949,FOREARM,49,49,49,100.0%,49,-,-,,-,False,49/49,100.0%,True,-,-,-,-,-,-,73.97
2026-10-04 05:13:56,train,31774,HAND,48,48,49,98.0%,48,-,-,,-,False,49/49,100.0%,True,-,-,-,-,-,-,74.36
2026-10-04 05:15:41,train,8894,HUMERUS,38,49,49,77.6%,0,-,-,,-,False,49/49,100.0%,True,-,-,-,-,-,-,74.18
2026-10-04 05:17:25,train,912,SHOULDER,34,49,49,69.4%,0,-,-,,-,False,49/49,100.0%,True,-,-,-,-,-,-,74.08
2026-10-04 05:19:09,train,20199,WRIST,49,49,49,100.0%,49,-,-,,-,False,49/49,100.0%,True,-,-,-,-,-,-,74.41
2026-10-04 05:20:52,train,15313,ELBOW,34,49,49,69.4%,0,-,-,,-,False,49/49,100.0%,True,-,-,-,-,-,-,73.32
2026-10-04 05:22:37,train,10207,FINGER,45,49,49,91.8%,0,-,-,,-,False,49/49,100.0%,True,-,-,-,-,-,-,74.5
2026-10-04 05:24:20,train,29950,FOREARM,33,49,49,67.3%,0,-,-,,-,False,49/49,100.0%,True,-,-,-,-,-,-,73.56
2026-10-04 05:26:06,train,31775,HAND,49,49,49,100.0%,49,-,-,,-,False,49/49,100.0%,True,-,-,-,-,-,-,75.06
2026-10-04 05:27:50,train,8895,HUMERUS,49,49,49,100.0%,49,-,-,,-,False,49/49,100.0%,True,-,-,-,-,-,-,74.72
2026-10-04 05:29:34,train,913,SHOULDER,45,49,49,91.8%,0,-,-,,-,False,49/49,100.0%,True,-,-,-,-,-,-,74.12
2026-10-04 05:31:19,train,20200,WRIST,38,49,49,77.6%,0,-,-,,-,False,49/49,100.0%,True,-,-,-,-,-,-,74.25
2026-10-04 05:33:03,train,15314,ELBOW,49,49,49,100.0%,49,-,-,,-,False,49/49,100.0%,True,-,-,-,-,-,-,74.49
2026-10-04 05:34:48,train,10208,FINGER,46,49,49,93.9%,0,-,-,,-,False,49/49,100.0%,True,-,-,-,-,-,-,74.64
2026-10-04 05:36:32,train,29951,FOREARM,0,32,49,0.0%,0,-,-,,-,False,49/49,100.0%,True,-,-,-,-,-,-,73.89
2026-10-04 05:38:16,train,31776,HAND,36,48,49,73.5%,0,-,-,,-,False,49/49,100.0%,True,-,-,-,-,-,-,74.65
2026-10-04 05:40:00,train,8896,HUMERUS,49,49,49,100.0%,49,-,-,,-,False,49/49,100.0%,True,-,-,-,-,-,-,74.09
2026-10-04 05:41:45,train,914,SHOULDER,46,49,49,93.9%,0,-,-,,-,False,49/49,100.0%,True,-,-,-,-,-,-,74.22
2026-10-04 05:43:28,train,20201,WRIST,45,49,49,91.8%,0,-,-,,-,False,49/49,100.0%,True,-,-,-,-,-,-,73.12
2026-10-04 05:45:12,train,15315,ELBOW,49,49,49,100.0%,49,-,-,,-,False,49/49,100.0%,True,-,-,-,-,-,-,74.56
2026-10-04 05:46:56,train,10209,FINGER,45,49,49,91.8%,0,-,-,,-,False,49/49,100.0%,True,-,-,-,-,-,-,73.7
2026-10-04 05:48:41,train,29952,FOREARM,49,49,49,100.0%,49,-,-,,-,False,49/49,100.0%,True,-,-,-,-,-,-,74.95
2026-10-04 05:50:26,train,31777,HAND,49,49,49,100.0%,49,-,-,,-,False,49/49,100.0%,True,-,-,-,-,-,-,75.11
2026-10-04 05:52:11,train,8897,HUMERUS,47,49,49,95.9%,0,-,-,,-,False,49/49,100.0%,True,-,-,-,-,-,-,74.98
2026-10-04 05:53:57,train,915,SHOULDER,49,49,49,100.0%,49,-,-,,-,False,49/49,100.0%,True,-,-,-,-,-,-,76.01
2026-10-04 05:55:42,train,20202,WRIST,48,49,49,98.0%,0,-,-,,-,False,49/49,100.0%,True,-,-,-,-,-,-,74.94
2026-10-04 05:57:28,train,15316,ELBOW,49,49,49,100.0%,49,-,-,,-,False,49/49,100.0%,True,-,-,-,-,-,-,76.1
2026-10-04 05:59:12,train,10210,FINGER,48,49,49,98.0%,0,-,-,,-,False,49/49,100.0%,True,-,-,-,-,-,-,73.89
2026-10-04 06:00:56,train,29953,FOREARM,48,49,49,98.0%,0,-,-,,-,False,49/49,100.0%,True,-,-,-,-,-,-,74.47
2026-10-04 06:02:42,train,31778,HAND,48,49,49,98.0%,0,-,-,,-,False,49/49,100.0%,True,-,-,-,-,-,-,75.23
2026-10-04 06:04:27,train,8898,HUMERUS,47,48,49,95.9%,0,-,-,,-,False,49/49,100.0%,True,-,-,-,-,-,-,75.08
2026-10-04 06:06:11,train,916,SHOULDER,32,49,49,65.3%,0,-,-,,-,False,49/49,100.0%,True,-,-,-,-,-,-,74.72
2026-10-04 06:07:56,train,20203,WRIST,0,32,49,0.0%,0,-,-,,-,False,49/49,100.0%,True,-,-,-,-,-,-,74.74
2026-10-04 06:09:41,train,15317,ELBOW,41,49,49,83.7%,0,-,-,,-,False,49/49,100.0%,True,-,-,-,-,-,-,74.47
2026-10-04 06:11:25,train,10211,FINGER,49,49,49,100.0%,49,-,-,,-,False,49/49,100.0%,True,-,-,-,-,-,-,74.35
2026-10-04 06:13:10,train,29954,FOREARM,49,49,49,100.0%,49,-,-,,-,False,49/49,100.0%,True,-,-,-,-,-,-,75.3
2026-10-04 06:14:55,train,31779,HAND,38,46,49,77.6%,0,-,-,,-,False,49/49,100.0%,True,-,-,-,-,-,-,74.57
2026-10-04 06:16:40,train,8899,HUMERUS,43,49,49,87.8%,0,-,-,,-,False,49/49,100.0%,True,-,-,-,-,-,-,75.57
2026-10-04 06:18:25,train,917,SHOULDER,48,49,49,98.0%,0,-,-,,-,False,49/49,100.0%,True,-,-,-,-,-,-,74.47
2026-10-04 06:20:08,train,20204,WRIST,49,49,49,100.0%,49,-,-,,-,False,49/49,100.0%,True,-,-,-,-,-,-,73.56
2026-10-04 06:21:53,train,15318,ELBOW,49,49,49,100.0%,49,-,-,,-,False,49/49,100.0%,True,-,-,-,-,-,-,74.58
2026-10-04 06:23:38,train,10212,FINGER,48,49,49,98.0%,0,-,-,,-,False,49/49,100.0%,True,-,-,-,-,-,-,74.44
2026-10-04 06:25:21,train,29955,FOREARM,44,49,49,89.8%,0,-,-,,-,False,49/49,100.0%,True,-,-,-,-,-,-,73.74
2026-10-04 06:27:06,train,31780,HAND,48,48,49,98.0%,1,-,-,,-,False,49/49,100.0%,True,-,-,-,-,-,-,74.86
2026-10-04 06:28:50,train,8900,HUMERUS,47,49,49,95.9%,0,-,-,,-,False,49/49,100.0%,True,-,-,-,-,-,-,74.23
2026-10-04 06:30:35,train,918,SHOULDER,49,49,49,100.0%,49,-,-,,-,False,49/49,100.0%,True,-,-,-,-,-,-,75.06
2026-10-04 06:32:21,train,20205,WRIST,49,49,49,100.0%,49,-,-,,-,False,49/49,100.0%,True,-,-,-,-,-,-,75.19
2026-10-04 06:34:05,train,15319,ELBOW,45,49,49,91.8%,0,-,-,,-,False,49/49,100.0%,True,-,-,-,-,-,-,74.5
2026-10-04 06:35:50,train,10213,FINGER,48,49,49,98.0%,0,-,-,,-,False,49/49,100.0%,True,-,-,-,-,-,-,75.09
2026-10-04 06:37:34,train,29956,FOREARM,44,44,49,89.8%,0,-,-,,-,False,49/49,100.0%,True,-,-,-,-,-,-,74.14
2026-10-04 06:39:18,train,31781,HAND,46,49,49,93.9%,0,-,-,,-,False,49/49,100.0%,True,-,-,-,-,-,-,74.05
2026-10-04 06:41:03,train,8901,HUMERUS,48,49,49,98.0%,0,-,-,,-,False,49/49,100.0%,True,-,-,-,-,-,-,74.36
2026-10-04 06:42:47,train,919,SHOULDER,48,49,49,98.0%,0,-,-,,-,False,49/49,100.0%,True,-,-,-,-,-,-,74.36
2026-10-04 06:44:31,train,20206,WRIST,49,49,49,100.0%,49,-,-,,-,False,49/49,100.0%,True,-,-,-,-,-,-,74.04
2026-10-04 06:46:16,train,15320,ELBOW,49,49,49,100.0%,49,-,-,,-,False,49/49,100.0%,True,-,-,-,-,-,-,74.78
2026-10-04 06:48:00,train,10214,FINGER,46,49,49,93.9%,0,-,-,,-,False,49/49,100.0%,True,-,-,-,-,-,-,73.96
2026-10-04 06:49:44,train,29957,FOREARM,0,0,49,0.0%,0,-,-,,-,False,49/49,100.0%,True,-,-,-,-,-,-,74.1
2026-10-04 06:51:28,train,31782,HAND,49,49,49,100.0%,49,-,-,,-,False,49/49,100.0%,True,-,-,-,-,-,-,73.94
2026-10-04 06:53:14,train,8902,HUMERUS,46,49,49,93.9%,0,-,-,,-,False,49/49,100.0%,True,-,-,-,-,-,-,76.1
2026-10-04 06:54:58,train,920,SHOULDER,48,49,49,98.0%,0,-,-,,-,False,49/49,100.0%,True,-,-,-,-,-,-,74.16
2026-10-04 06:56:41,train,20207,WRIST,48,49,49,98.0%,0,-,-,,-,False,49/49,100.0%,True,-,-,-,-,-,-,72.82
2026-10-04 06:58:24,train,15321,ELBOW,47,49,49,95.9%,0,-,-,,-,False,49/49,100.0%,True,-,-,-,-,-,-,73.35
2026-10-04 07:00:08,train,10215,FINGER,49,49,49,100.0%,49,-,-,,-,False,49/49,100.0%,True,-,-,-,-,-,-,74.02
2026-10-04 07:01:52,train,29958,FOREARM,47,49,49,95.9%,0,-,-,,-,False,49/49,100.0%,True,-,-,-,-,-,-,73.64
2026-10-04 07:03:36,train,31783,HAND,35,49,49,71.4%,0,-,-,,-,False,49/49,100.0%,True,-,-,-,-,-,-,74.27
2026-10-04 07:05:21,train,8903,HUMERUS,49,49,49,100.0%,49,-,-,,-,False,49/49,100.0%,True,-,-,-,-,-,-,74.73
2026-10-04 07:07:05,train,921,SHOULDER,49,49,49,100.0%,49,-,-,,-,False,49/49,100.0%,True,-,-,-,-,-,-,74.36
2026-10-04 07:08:50,train,20208,WRIST,47,49,49,95.9%,0,-,-,,-,False,49/49,100.0%,True,-,-,-,-,-,-,74.97
2026-10-04 07:10:35,train,15322,ELBOW,48,49,49,98.0%,0,-,-,,-,False,49/49,100.0%,True,-,-,-,-,-,-,74.55
2026-10-04 07:12:19,train,10216,FINGER,47,49,49,95.9%,0,-,-,,-,False,49/49,100.0%,True,-,-,-,-,-,-,74.06
2026-10-04 07:14:04,train,29959,FOREARM,44,49,49,89.8%,0,-,-,,-,False,49/49,100.0%,True,-,-,-,-,-,-,74.99
2026-10-04 07:15:48,train,31784,HAND,47,49,49,95.9%,0,-,-,,-,False,49/49,100.0%,True,-,-,-,-,-,-,73.72
2026-10-04 07:17:31,train,8904,HUMERUS,43,49,49,87.8%,0,-,-,,-,False,49/49,100.0%,True,-,-,-,-,-,-,73.52
2026-10-04 07:19:15,train,922,SHOULDER,48,49,49,98.0%,0,-,-,,-,False,49/49,100.0%,True,-,-,-,-,-,-,74.17
2026-10-04 07:21:01,train,20209,WRIST,47,49,49,95.9%,0,-,-,,-,False,49/49,100.0%,True,-,-,-,-,-,-,75.18
2026-10-04 07:22:44,train,15323,ELBOW,49,49,49,100.0%,49,-,-,,-,False,49/49,100.0%,True,-,-,-,-,-,-,73.73
2026-10-04 07:24:28,train,10217,FINGER,47,49,49,95.9%,0,-,-,,-,False,49/49,100.0%,True,-,-,-,-,-,-,73.7
2026-10-04 07:26:12,train,29960,FOREARM,49,49,49,100.0%,49,-,-,,-,False,49/49,100.0%,True,-,-,-,-,-,-,73.64
2026-10-04 07:27:56,train,31785,HAND,42,49,49,85.7%,0,-,-,,-,False,49/49,100.0%,True,-,-,-,-,-,-,74.09
2026-10-04 07:29:40,train,8905,HUMERUS,49,49,49,100.0%,49,-,-,,-,False,49/49,100.0%,True,-,-,-,-,-,-,74.34
2026-10-04 07:31:24,train,923,SHOULDER,39,49,49,79.6%,0,-,-,,-,False,49/49,100.0%,True,-,-,-,-,-,-,73.74
2026-10-04 07:33:07,train,20210,WRIST,45,49,49,91.8%,0,-,-,,-,False,49/49,100.0%,True,-,-,-,-,-,-,73.52
2026-10-04 07:34:52,train,15324,ELBOW,48,49,49,98.0%,0,-,-,,-,False,49/49,100.0%,True,-,-,-,-,-,-,74.63
2026-10-04 07:36:36,train,10218,FINGER,47,49,49,95.9%,0,-,-,,-,False,49/49,100.0%,True,-,-,-,-,-,-,74.07
2026-10-04 07:38:21,train,29961,FOREARM,49,49,49,100.0%,49,-,-,,-,False,49/49,100.0%,True,-,-,-,-,-,-,75.37
2026-10-04 07:40:05,train,31786,HAND,44,49,49,89.8%,0,-,-,,-,False,49/49,100.0%,True,-,-,-,-,-,-,73.68
2026-10-04 07:41:49,train,8906,HUMERUS,46,49,49,93.9%,0,-,-,,-,False,49/49,100.0%,True,-,-,-,-,-,-,74.24
2026-10-04 07:43:34,train,924,SHOULDER,31,49,49,63.3%,0,-,-,,-,False,49/49,100.0%,True,-,-,-,-,-,-,74.71
2026-10-04 07:45:19,train,20211,WRIST,48,49,49,98.0%,0,-,-,,-,False,49/49,100.0%,True,-,-,-,-,-,-,74.86
2026-10-04 07:47:03,train,15325,ELBOW,49,49,49,100.0%,49,-,-,,-,False,49/49,100.0%,True,-,-,-,-,-,-,74.08
2026-10-04 07:48:47,train,10219,FINGER,49,49,49,100.0%,49,-,-,,-,False,49/49,100.0%,True,-,-,-,-,-,-,74.1
2026-10-04 07:50:04,train,15326,ELBOW,49,49,49,100.0%,49,-,-,,-,False,49/49,100.0%,True,-,-,-,-,-,-,74.48
2026-10-04 07:51:48,train,10220,FINGER,48,49,49,98.0%,0,-,-,,-,False,49/49,100.0%,True,-,-,-,-,-,-,74.46
2026-10-04 07:53:32,train,29951,FOREARM,47,49,49,95.9%,0,-,-,,-,False,49/49,100.0%,True,-,-,-,-,-,-,73.34
2026-10-04 07:55:16,train,31787,HAND,49,49,49,100.0%,49,-,-,,-,False,49/49,100.0%,True,-,-,-,-,-,-,73.97
2026-10-04 07:57:00,train,8907,HUMERUS,45,49,49,91.8%,0,-,-,,-,False,49/49,100.0%,True,-,-,-,-,-,-,73.84
2026-10-04 07:58:43,train,925,SHOULDER,48,49,49,98.0%,0,-,-,,-,False,49/49,100.0%,True,-,-,-,-,-,-,73.48
2026-10-04 08:00:27,train,20203,WRIST,48,49,49,98.0%,0,-,-,,-,False,49/49,100.0%,True,-,-,-,-,-,-,74.38
2026-10-04 08:02:11,train,15327,ELBOW,47,49,49,95.9%,0,-,-,,-,False,49/49,100.0%,True,-,-,-,-,-,-,73.73
2026-10-04 08:03:54,train,10221,FINGER,47,49,49,95.9%,0,-,-,,-,False,49/49,100.0%,True,-,-,-,-,-,-,73.3
2026-10-04 08:05:39,train,29957,FOREARM,46,49,49,93.9%,0,-,-,,-,False,49/49,100.0%,True,-,-,-,-,-,-,74.57
2026-10-04 08:07:23,train,31788,HAND,45,49,49,91.8%,0,-,-,,-,False,49/49,100.0%,True,-,-,-,-,-,-,74.29
2026-10-04 08:09:08,train,8908,HUMERUS,44,49,49,89.8%,0,-,-,,-,False,49/49,100.0%,True,-,-,-,-,-,-,74.58
2026-10-04 08:10:52,train,926,SHOULDER,49,49,49,100.0%,49,-,-,,-,False,49/49,100.0%,True,-,-,-,-,-,-,73.79
2026-10-04 08:12:35,train,20212,WRIST,42,49,49,85.7%,0,-,-,,-,False,49/49,100.0%,True,-,-,-,-,-,-,73.12
2026-10-04 08:14:19,train,15328,ELBOW,48,49,49,98.0%,0,-,-,,-,False,49/49,100.0%,True,-,-,-,-,-,-,73.77
2026-10-04 08:16:02,train,10222,FINGER,48,49,49,98.0%,0,-,-,,-,False,49/49,100.0%,True,-,-,-,-,-,-,73.6
2026-10-04 08:17:47,train,29962,FOREARM,49,49,49,100.0%,49,-,-,,-,False,49/49,100.0%,True,-,-,-,-,-,-,74.97
2026-10-04 08:19:31,train,31789,HAND,37,49,49,75.5%,0,-,-,,-,False,49/49,100.0%,True,-,-,-,-,-,-,74.13
2026-10-04 08:21:16,train,8909,HUMERUS,48,49,49,98.0%,0,-,-,,-,False,49/49,100.0%,True,-,-,-,-,-,-,74.35
2026-10-04 08:22:59,train,927,SHOULDER,48,49,49,98.0%,0,-,-,,-,False,49/49,100.0%,True,-,-,-,-,-,-,73.82
2026-10-04 08:24:44,train,20213,WRIST,35,48,49,71.4%,0,-,-,,-,False,49/49,100.0%,True,-,-,-,-,-,-,74.52
2026-10-04 08:26:29,train,15329,ELBOW,49,49,49,100.0%,49,-,-,,-,False,49/49,100.0%,True,-,-,-,-,-,-,75.15
2026-10-04 08:28:14,train,10223,FINGER,48,49,49,98.0%,0,-,-,,-,False,49/49,100.0%,True,-,-,-,-,-,-,75.15
2026-10-04 08:29:59,train,29963,FOREARM,42,49,49,85.7%,0,-,-,,-,False,49/49,100.0%,True,-,-,-,-,-,-,75.15
2026-10-04 08:31:44,train,31790,HAND,49,49,49,100.0%,49,-,-,,-,False,49/49,100.0%,True,-,-,-,-,-,-,74.25
2026-10-04 08:33:27,train,8910,HUMERUS,47,49,49,95.9%,0,-,-,,-,False,49/49,100.0%,True,-,-,-,-,-,-,73.51
2026-10-04 08:35:11,train,928,SHOULDER,48,49,49,98.0%,0,-,-,,-,False,49/49,100.0%,True,-,-,-,-,-,-,74.02
2026-10-04 08:36:57,train,20214,WRIST,49,49,49,100.0%,49,-,-,,-,False,49/49,100.0%,True,-,-,-,-,-,-,75.29
2026-10-04 08:38:41,train,15330,ELBOW,49,49,49,100.0%,49,-,-,,-,False,49/49,100.0%,True,-,-,-,-,-,-,74.95
2026-10-04 08:40:27,train,10224,FINGER,49,49,49,100.0%,49,-,-,,-,False,49/49,100.0%,True,-,-,-,-,-,-,75.15
2026-10-04 08:42:11,train,29964,FOREARM,48,49,49,98.0%,0,-,-,,-,False,49/49,100.0%,True,-,-,-,-,-,-,74.5
2026-10-04 08:43:56,train,31791,HAND,0,0,49,0.0%,0,-,-,,-,False,49/49,100.0%,True,-,-,-,-,-,-,75.08
2026-10-04 08:45:41,train,8911,HUMERUS,47,48,49,95.9%,0,-,-,,-,False,49/49,100.0%,True,-,-,-,-,-,-,74.65
2026-10-04 08:47:26,train,929,SHOULDER,48,49,49,98.0%,0,-,-,,-,False,49/49,100.0%,True,-,-,-,-,-,-,75.23
2026-10-04 08:49:11,train,20215,WRIST,47,49,49,95.9%,0,-,-,,-,False,49/49,100.0%,True,-,-,-,-,-,-,75.19
2026-10-04 08:50:56,train,15331,ELBOW,49,49,49,100.0%,49,-,-,,-,False,49/49,100.0%,True,-,-,-,-,-,-,74.9
2026-10-04 08:52:40,train,10225,FINGER,49,49,49,100.0%,49,-,-,,-,False,49/49,100.0%,True,-,-,-,-,-,-,73.38
2026-10-04 08:54:24,train,29965,FOREARM,33,49,49,67.3%,0,-,-,,-,False,49/49,100.0%,True,-,-,-,-,-,-,74.15
2026-10-04 08:56:09,train,31792,HAND,48,49,49,98.0%,0,-,-,,-,False,49/49,100.0%,True,-,-,-,-,-,-,74.89
2026-10-04 08:57:52,train,8912,HUMERUS,48,49,49,98.0%,0,-,-,,-,False,49/49,100.0%,True,-,-,-,-,-,-,73.31
2026-10-04 08:59:36,train,930,SHOULDER,47,49,49,95.9%,0,-,-,,-,False,49/49,100.0%,True,-,-,-,-,-,-,74.29
2026-10-04 09:01:20,train,20216,WRIST,38,49,49,77.6%,0,-,-,,-,False,49/49,100.0%,True,-,-,-,-,-,-,74.04
2026-10-04 09:03:06,train,15332,ELBOW,49,49,49,100.0%,49,-,-,,-,False,49/49,100.0%,True,-,-,-,-,-,-,76.19
2026-10-04 09:04:51,train,10226,FINGER,45,49,49,91.8%,0,-,-,,-,False,49/49,100.0%,True,-,-,-,-,-,-,74.11
2026-10-04 09:06:36,train,29966,FOREARM,49,49,49,100.0%,49,-,-,,-,False,49/49,100.0%,True,-,-,-,-,-,-,75.44
2026-10-04 09:08:20,train,31793,HAND,49,49,49,100.0%,49,-,-,,-,False,49/49,100.0%,True,-,-,-,-,-,-,74.35
2026-10-04 09:10:04,train,8913,HUMERUS,48,49,49,98.0%,0,-,-,,-,False,49/49,100.0%,True,-,-,-,-,-,-,73.72
2026-10-04 09:11:48,train,931,SHOULDER,45,49,49,91.8%,0,-,-,,-,False,49/49,100.0%,True,-,-,-,-,-,-,74.01
2026-10-04 09:13:32,train,20217,WRIST,49,49,49,100.0%,49,-,-,,-,False,49/49,100.0%,True,-,-,-,-,-,-,73.8
2026-10-04 09:15:16,train,15333,ELBOW,47,49,49,95.9%,0,-,-,,-,False,49/49,100.0%,True,-,-,-,-,-,-,74.49
2026-10-04 09:17:01,train,10227,FINGER,23,49,49,46.9%,0,-,-,,-,False,49/49,100.0%,True,-,-,-,-,-,-,74.51
2026-10-04 09:18:45,train,29967,FOREARM,46,49,49,93.9%,0,-,-,,-,False,49/49,100.0%,True,-,-,-,-,-,-,73.69
2026-10-04 09:20:28,train,31794,HAND,39,49,49,79.6%,0,-,-,,-,False,49/49,100.0%,True,-,-,-,-,-,-,73.44
2026-10-04 09:22:15,train,8914,HUMERUS,31,49,49,63.3%,0,-,-,,-,False,49/49,100.0%,True,-,-,-,-,-,-,77.17
2026-10-04 09:23:59,train,932,SHOULDER,48,49,49,98.0%,0,-,-,,-,False,49/49,100.0%,True,-,-,-,-,-,-,73.8
2026-10-04 09:25:43,train,20218,WRIST,48,49,49,98.0%,0,-,-,,-,False,49/49,100.0%,True,-,-,-,-,-,-,74.0
2026-10-04 09:27:28,train,15334,ELBOW,49,49,49,100.0%,49,-,-,,-,False,49/49,100.0%,True,-,-,-,-,-,-,74.61
2026-10-04 09:29:13,train,10228,FINGER,0,18,49,0.0%,0,-,-,,-,False,49/49,100.0%,True,-,-,-,-,-,-,74.97
2026-10-04 09:30:57,train,29968,FOREARM,49,49,49,100.0%,49,-,-,,-,False,49/49,100.0%,True,-,-,-,-,-,-,74.26
2026-10-04 09:32:42,train,31795,HAND,49,49,49,100.0%,49,-,-,,-,False,49/49,100.0%,True,-,-,-,-,-,-,75.41
2026-10-04 09:34:27,train,8915,HUMERUS,48,48,49,98.0%,0,-,-,,-,False,49/49,100.0%,True,-,-,-,-,-,-,74.34
2026-10-04 09:36:11,train,933,SHOULDER,44,49,49,89.8%,0,-,-,,-,False,49/49,100.0%,True,-,-,-,-,-,-,74.31
2026-10-04 09:37:54,train,20219,WRIST,49,49,49,100.0%,49,-,-,,-,False,49/49,100.0%,True,-,-,-,-,-,-,73.48
2026-10-04 09:39:39,train,15335,ELBOW,47,49,49,95.9%,0,-,-,,-,False,49/49,100.0%,True,-,-,-,-,-,-,74.89
2026-10-04 09:41:24,train,10229,FINGER,48,49,49,98.0%,0,-,-,,-,False,49/49,100.0%,True,-,-,-,-,-,-,74.89
2026-10-04 09:43:08,train,29969,FOREARM,49,49,49,100.0%,49,-,-,,-,False,49/49,100.0%,True,-,-,-,-,-,-,74.23
2026-10-04 09:44:53,train,31796,HAND,28,49,49,57.1%,0,-,-,,-,False,49/49,100.0%,True,-,-,-,-,-,-,74.47
2026-10-04 09:46:37,train,8916,HUMERUS,44,49,49,89.8%,0,-,-,,-,False,49/49,100.0%,True,-,-,-,-,-,-,74.66
2026-10-04 09:48:21,train,934,SHOULDER,44,49,49,89.8%,0,-,-,,-,False,49/49,100.0%,True,-,-,-,-,-,-,73.59
2026-10-04 09:50:06,train,20220,WRIST,45,48,49,91.8%,0,-,-,,-,False,49/49,100.0%,True,-,-,-,-,-,-,74.62
2026-10-04 09:51:50,train,15336,ELBOW,41,49,49,83.7%,0,-,-,,-,False,49/49,100.0%,True,-,-,-,-,-,-,74.54
2026-10-04 09:53:36,train,10230,FINGER,34,49,49,69.4%,0,-,-,,-,False,49/49,100.0%,True,-,-,-,-,-,-,75.73
2026-10-04 09:55:20,train,29970,FOREARM,46,49,49,93.9%,0,-,-,,-,False,49/49,100.0%,True,-,-,-,-,-,-,73.57
2026-10-04 09:57:06,train,31797,HAND,49,49,49,100.0%,49,-,-,,-,False,49/49,100.0%,True,-,-,-,-,-,-,76.31
2026-10-04 09:58:51,train,8917,HUMERUS,49,49,49,100.0%,49,-,-,,-,False,49/49,100.0%,True,-,-,-,-,-,-,74.69
2026-10-04 10:00:34,train,935,SHOULDER,41,49,49,83.7%,0,-,-,,-,False,49/49,100.0%,True,-,-,-,-,-,-,73.98
2026-10-04 10:02:19,train,20221,WRIST,35,39,49,71.4%,0,-,-,,-,False,49/49,100.0%,True,-,-,-,-,-,-,74.41
2026-10-04 10:04:04,train,15337,ELBOW,49,49,49,100.0%,49,-,-,,-,False,49/49,100.0%,True,-,-,-,-,-,-,74.61
2026-10-04 10:05:48,train,10231,FINGER,32,49,49,65.3%,0,-,-,,-,False,49/49,100.0%,True,-,-,-,-,-,-,74.88
2026-10-04 10:07:32,train,29971,FOREARM,38,49,49,77.6%,0,-,-,,-,False,49/49,100.0%,True,-,-,-,-,-,-,74.09
2026-10-04 10:09:16,train,31798,HAND,49,49,49,100.0%,49,-,-,,-,False,49/49,100.0%,True,-,-,-,-,-,-,73.65
2026-10-04 10:11:01,train,8918,HUMERUS,47,49,49,95.9%,0,-,-,,-,False,49/49,100.0%,True,-,-,-,-,-,-,74.73
2026-10-04 10:12:44,train,936,SHOULDER,43,49,49,87.8%,0,-,-,,-,False,49/49,100.0%,True,-,-,-,-,-,-,73.37
2026-10-04 10:14:28,train,20222,WRIST,49,49,49,100.0%,49,-,-,,-,False,49/49,100.0%,True,-,-,-,-,-,-,73.72
2026-10-04 10:16:13,train,15338,ELBOW,42,49,49,85.7%,0,-,-,,-,False,49/49,100.0%,True,-,-,-,-,-,-,74.92
2026-10-04 10:17:57,train,10232,FINGER,24,49,49,49.0%,0,-,-,,-,False,49/49,100.0%,True,-,-,-,-,-,-,73.89
2026-10-04 10:19:41,train,29972,FOREARM,49,49,49,100.0%,49,-,-,,-,False,49/49,100.0%,True,-,-,-,-,-,-,74.17
2026-10-04 10:21:25,train,31799,HAND,47,49,49,95.9%,0,-,-,,-,False,49/49,100.0%,True,-,-,-,-,-,-,74.38
2026-10-04 10:23:09,train,8919,HUMERUS,12,48,49,24.5%,0,-,-,,-,False,49/49,100.0%,True,-,-,-,-,-,-,73.26
2026-10-04 10:24:53,train,937,SHOULDER,48,49,49,98.0%,0,-,-,,-,False,49/49,100.0%,True,-,-,-,-,-,-,73.91
2026-10-04 10:26:37,train,20223,WRIST,20,49,49,40.8%,0,-,-,,-,False,49/49,100.0%,True,-,-,-,-,-,-,74.97
2026-10-04 10:28:22,train,15339,ELBOW,42,49,49,85.7%,0,-,-,,-,False,49/49,100.0%,True,-,-,-,-,-,-,74.08
2026-10-04 10:30:05,train,10233,FINGER,48,49,49,98.0%,0,-,-,,-,False,49/49,100.0%,True,-,-,-,-,-,-,73.93
2026-10-04 10:31:50,train,29973,FOREARM,46,49,49,93.9%,0,-,-,,-,False,49/49,100.0%,True,-,-,-,-,-,-,74.45
2026-10-04 10:33:34,train,31800,HAND,48,49,49,98.0%,0,-,-,,-,False,49/49,100.0%,True,-,-,-,-,-,-,74.12
2026-10-04 10:35:18,train,8920,HUMERUS,48,48,49,98.0%,48,-,-,,-,False,49/49,100.0%,True,-,-,-,-,-,-,73.8
2026-10-04 10:37:03,train,938,SHOULDER,48,49,49,98.0%,0,-,-,,-,False,49/49,100.0%,True,-,-,-,-,-,-,74.82
2026-10-04 10:38:47,train,20224,WRIST,42,49,49,85.7%,0,-,-,,-,False,49/49,100.0%,True,-,-,-,-,-,-,74.54
2026-10-04 10:40:32,train,15340,ELBOW,8,48,49,16.3%,0,-,-,,-,False,49/49,100.0%,True,-,-,-,-,-,-,74.29
2026-10-04 10:42:16,train,10234,FINGER,49,49,49,100.0%,49,-,-,,-,False,49/49,100.0%,True,-,-,-,-,-,-,74.88
2026-10-04 10:43:33,train,15341,ELBOW,28,49,49,57.1%,0,-,-,,-,False,49/49,100.0%,True,-,-,-,-,-,-,74.77
2026-10-04 10:45:18,train,10228,FINGER,48,49,49,98.0%,0,-,-,,-,False,49/49,100.0%,True,-,-,-,-,-,-,74.51
2026-10-04 10:47:02,train,29974,FOREARM,47,49,49,95.9%,0,-,-,,-,False,49/49,100.0%,True,-,-,-,-,-,-,74.32
2026-10-04 10:48:47,train,31791,HAND,45,49,49,91.8%,0,-,-,,-,False,49/49,100.0%,True,-,-,-,-,-,-,74.43
2026-10-04 10:50:31,train,8921,HUMERUS,46,49,49,93.9%,0,-,-,,-,False,49/49,100.0%,True,-,-,-,-,-,-,74.06
2026-10-04 10:52:14,train,939,SHOULDER,46,49,49,93.9%,0,-,-,,-,False,49/49,100.0%,True,-,-,-,-,-,-,73.81
2026-10-04 10:53:59,train,20225,WRIST,48,49,49,98.0%,0,-,-,,-,False,49/49,100.0%,True,-,-,-,-,-,-,74.38
2026-10-04 10:55:43,train,15342,ELBOW,49,49,49,100.0%,49,-,-,,-,False,49/49,100.0%,True,-,-,-,-,-,-,73.92
2026-10-04 10:57:27,train,10235,FINGER,49,49,49,100.0%,49,-,-,,-,False,49/49,100.0%,True,-,-,-,-,-,-,74.52
2026-10-04 10:59:11,train,29975,FOREARM,49,49,49,100.0%,49,-,-,,-,False,49/49,100.0%,True,-,-,-,-,-,-,74.18
2026-10-04 11:00:56,train,31801,HAND,46,48,49,93.9%,0,-,-,,-,False,49/49,100.0%,True,-,-,-,-,-,-,74.55
2026-10-04 11:02:41,train,8922,HUMERUS,46,49,49,93.9%,0,-,-,,-,False,49/49,100.0%,True,-,-,-,-,-,-,74.63
2026-10-04 11:04:24,train,940,SHOULDER,49,49,49,100.0%,49,-,-,,-,False,49/49,100.0%,True,-,-,-,-,-,-,73.51
2026-10-04 11:06:09,train,20226,WRIST,47,49,49,95.9%,0,-,-,,-,False,49/49,100.0%,True,-,-,-,-,-,-,75.02
2026-10-04 11:07:53,train,15343,ELBOW,49,49,49,100.0%,49,-,-,,-,False,49/49,100.0%,True,-,-,-,-,-,-,73.82
2026-10-04 11:09:37,train,10236,FINGER,47,49,49,95.9%,0,-,-,,-,False,49/49,100.0%,True,-,-,-,-,-,-,74.17
2026-10-04 11:11:22,train,29976,FOREARM,48,49,49,98.0%,0,-,-,,-,False,49/49,100.0%,True,-,-,-,-,-,-,74.99
2026-10-04 11:13:06,train,31802,HAND,48,49,49,98.0%,0,-,-,,-,False,49/49,100.0%,True,-,-,-,-,-,-,73.61
2026-10-04 11:14:51,train,8923,HUMERUS,47,49,49,95.9%,0,-,-,,-,False,49/49,100.0%,True,-,-,-,-,-,-,74.91
2026-10-04 11:16:34,train,941,SHOULDER,49,49,49,100.0%,49,-,-,,-,False,49/49,100.0%,True,-,-,-,-,-,-,73.49
2026-10-04 11:18:18,train,20227,WRIST,48,48,49,98.0%,1,-,-,,-,False,49/49,100.0%,True,-,-,-,-,-,-,74.03
2026-10-04 11:20:03,train,15344,ELBOW,0,0,49,0.0%,0,-,-,,-,False,49/49,100.0%,True,-,-,-,-,-,-,74.77
2026-10-04 11:21:47,train,10237,FINGER,48,49,49,98.0%,0,-,-,,-,False,49/49,100.0%,True,-,-,-,-,-,-,74.39
2026-10-04 11:23:32,train,29977,FOREARM,49,49,49,100.0%,49,-,-,,-,False,49/49,100.0%,True,-,-,-,-,-,-,74.4
2026-10-04 11:25:16,train,31803,HAND,49,49,49,100.0%,49,-,-,,-,False,49/49,100.0%,True,-,-,-,-,-,-,73.71
2026-10-04 11:27:01,train,8924,HUMERUS,41,41,49,83.7%,0,-,-,,-,False,49/49,100.0%,True,-,-,-,-,-,-,75.29
2026-10-04 11:28:45,train,942,SHOULDER,49,49,49,100.0%,49,-,-,,-,False,49/49,100.0%,True,-,-,-,-,-,-,73.85
2026-10-04 11:30:29,train,20228,WRIST,49,49,49,100.0%,49,-,-,,-,False,49/49,100.0%,True,-,-,-,-,-,-,74.6
2026-10-04 11:32:14,train,15345,ELBOW,49,49,49,100.0%,49,-,-,,-,False,49/49,100.0%,True,-,-,-,-,-,-,74.6
2026-10-04 11:33:59,train,10238,FINGER,0,0,49,0.0%,0,-,-,,-,False,49/49,100.0%,True,-,-,-,-,-,-,74.87
2026-10-04 11:35:44,train,29978,FOREARM,45,49,49,91.8%,0,-,-,,-,False,49/49,100.0%,True,-,-,-,-,-,-,75.2
2026-10-04 11:37:28,train,31804,HAND,49,49,49,100.0%,49,-,-,,-,False,49/49,100.0%,True,-,-,-,-,-,-,74.1
2026-10-04 11:39:12,train,8925,HUMERUS,48,49,49,98.0%,0,-,-,,-,False,49/49,100.0%,True,-,-,-,-,-,-,74.2
2026-10-04 11:40:56,train,943,SHOULDER,30,49,49,61.2%,0,-,-,,-,False,49/49,100.0%,True,-,-,-,-,-,-,73.62
2026-10-04 11:42:41,train,20229,WRIST,42,49,49,85.7%,0,-,-,,-,False,49/49,100.0%,True,-,-,-,-,-,-,75.0
2026-10-04 11:44:25,train,15346,ELBOW,46,49,49,93.9%,0,-,-,,-,False,49/49,100.0%,True,-,-,-,-,-,-,73.75
2026-10-04 11:46:08,train,10239,FINGER,39,49,49,79.6%,0,-,-,,-,False,49/49,100.0%,True,-,-,-,-,-,-,73.89
2026-10-04 11:47:54,train,29979,FOREARM,42,49,49,85.7%,0,-,-,,-,False,49/49,100.0%,True,-,-,-,-,-,-,75.3
2026-10-04 11:49:39,train,31805,HAND,49,49,49,100.0%,49,-,-,,-,False,49/49,100.0%,True,-,-,-,-,-,-,75.06
2026-10-04 11:51:22,train,8926,HUMERUS,49,49,49,100.0%,49,-,-,,-,False,49/49,100.0%,True,-,-,-,-,-,-,73.61
2026-10-04 11:53:08,train,944,SHOULDER,48,49,49,98.0%,0,-,-,,-,False,49/49,100.0%,True,-,-,-,-,-,-,75.12
2026-10-04 11:54:53,train,20230,WRIST,47,49,49,95.9%,0,-,-,,-,False,49/49,100.0%,True,-,-,-,-,-,-,75.5
2026-10-04 11:56:37,train,15347,ELBOW,48,49,49,98.0%,0,-,-,,-,False,49/49,100.0%,True,-,-,-,-,-,-,73.54
2026-10-04 11:58:21,train,10240,FINGER,35,49,49,71.4%,0,-,-,,-,False,49/49,100.0%,True,-,-,-,-,-,-,74.59
2026-10-04 12:00:05,train,29980,FOREARM,31,49,49,63.3%,0,-,-,,-,False,49/49,100.0%,True,-,-,-,-,-,-,73.82
2026-10-04 12:01:50,train,31806,HAND,47,49,49,95.9%,0,-,-,,-,False,49/49,100.0%,True,-,-,-,-,-,-,75.35
2026-10-04 12:03:35,train,8927,HUMERUS,49,49,49,100.0%,49,-,-,,-,False,49/49,100.0%,True,-,-,-,-,-,-,74.13
2026-10-04 12:05:19,train,945,SHOULDER,46,48,49,93.9%,0,-,-,,-,False,49/49,100.0%,True,-,-,-,-,-,-,73.98
2026-10-04 12:07:03,train,20231,WRIST,48,48,49,98.0%,0,-,-,,-,False,49/49,100.0%,True,-,-,-,-,-,-,74.2
2026-10-04 12:08:46,train,15348,ELBOW,47,49,49,95.9%,0,-,-,,-,False,49/49,100.0%,True,-,-,-,-,-,-,73.49
2026-10-04 12:10:31,train,10241,FINGER,32,49,49,65.3%,0,-,-,,-,False,49/49,100.0%,True,-,-,-,-,-,-,75.19
2026-10-04 12:12:16,train,29981,FOREARM,45,48,49,91.8%,0,-,-,,-,False,49/49,100.0%,True,-,-,-,-,-,-,74.19
2026-10-04 12:14:02,train,31807,HAND,48,49,49,98.0%,0,-,-,,-,False,49/49,100.0%,True,-,-,-,-,-,-,76.04
2026-10-04 12:15:46,train,8928,HUMERUS,36,36,49,73.5%,0,-,-,,-,False,49/49,100.0%,True,-,-,-,-,-,-,74.63
2026-10-04 12:17:31,train,946,SHOULDER,0,28,49,0.0%,0,-,-,,-,False,49/49,100.0%,True,-,-,-,-,-,-,74.45
2026-10-04 12:19:15,train,20232,WRIST,30,47,49,61.2%,0,-,-,,-,False,49/49,100.0%,True,-,-,-,-,-,-,74.35
2026-10-04 12:20:59,train,15349,ELBOW,20,48,49,40.8%,0,-,-,,-,False,49/49,100.0%,True,-,-,-,-,-,-,74.32
2026-10-04 12:22:44,train,10242,FINGER,49,49,49,100.0%,49,-,-,,-,False,49/49,100.0%,True,-,-,-,-,-,-,74.47
2026-10-04 12:24:29,train,29982,FOREARM,49,49,49,100.0%,49,-,-,,-,False,49/49,100.0%,True,-,-,-,-,-,-,74.86
2026-10-04 12:26:14,train,31808,HAND,45,48,49,91.8%,0,-,-,,-,False,49/49,100.0%,True,-,-,-,-,-,-,75.34
2026-10-04 12:27:59,train,8929,HUMERUS,49,49,49,100.0%,49,-,-,,-,False,49/49,100.0%,True,-,-,-,-,-,-,75.1
2026-10-04 12:29:43,train,947,SHOULDER,46,49,49,93.9%,0,-,-,,-,False,49/49,100.0%,True,-,-,-,-,-,-,74.03
2026-10-04 12:31:27,train,20233,WRIST,45,49,49,91.8%,0,-,-,,-,False,49/49,100.0%,True,-,-,-,-,-,-,74.05
2026-10-04 12:33:12,train,15350,ELBOW,47,49,49,95.9%,0,-,-,,-,False,49/49,100.0%,True,-,-,-,-,-,-,74.47
2026-10-04 12:34:57,train,10243,FINGER,49,49,49,100.0%,49,-,-,,-,False,49/49,100.0%,True,-,-,-,-,-,-,75.24
2026-10-04 12:36:41,train,29983,FOREARM,33,49,49,67.3%,0,-,-,,-,False,49/49,100.0%,True,-,-,-,-,-,-,74.18
2026-10-04 12:38:26,train,31809,HAND,48,49,49,98.0%,0,-,-,,-,False,49/49,100.0%,True,-,-,-,-,-,-,74.86
2026-10-04 12:40:11,train,8930,HUMERUS,41,49,49,83.7%,0,-,-,,-,False,49/49,100.0%,True,-,-,-,-,-,-,75.01
2026-10-04 12:41:56,train,948,SHOULDER,47,49,49,95.9%,0,-,-,,-,False,49/49,100.0%,True,-,-,-,-,-,-,74.59
2026-10-04 12:43:41,train,20234,WRIST,47,49,49,95.9%,0,-,-,,-,False,49/49,100.0%,True,-,-,-,-,-,-,75.84
2026-10-04 12:45:25,train,15351,ELBOW,47,49,49,95.9%,0,-,-,,-,False,49/49,100.0%,True,-,-,-,-,-,-,73.78
2026-10-04 12:47:09,train,10244,FINGER,49,49,49,100.0%,49,-,-,,-,False,49/49,100.0%,True,-,-,-,-,-,-,74.24
