src_gpa=0x12ac29000 (gfn=0x12ac29), dst_gpa=0x1150b1000 (gfn=0x1150b1)
is_swap_back=1, nr_times=1
[1/2] Queuing KVM_SWAP_GUEST_PAGES (gfn1=0x12ac29 gfn2=0x1150b1)...
[1/2] Swap queued; vcpu0 kicked — waiting for svm_vcpu_run() to execute it...
[2/2] Polling KVM_USP_SWAP_STATUS (timeout 30s)...
[2/2] Swap complete after 51343 poll iterations.
Page swap complete — check dmesg for kernel details.
src_gpa=0x12ac29000 (gfn=0x12ac29), dst_gpa=0x1150b7000 (gfn=0x1150b7)
is_swap_back=1, nr_times=1
[1/2] Queuing KVM_SWAP_GUEST_PAGES (gfn1=0x12ac29 gfn2=0x1150b7)...
[1/2] Swap queued; vcpu0 kicked — waiting for svm_vcpu_run() to execute it...
[2/2] Polling KVM_USP_SWAP_STATUS (timeout 30s)...
[2/2] Swap complete after 45086 poll iterations.
Page swap complete — check dmesg for kernel details.
src_gpa=0x12ac29000 (gfn=0x12ac29), dst_gpa=0x1150af000 (gfn=0x1150af)
is_swap_back=1, nr_times=1
[1/2] Queuing KVM_SWAP_GUEST_PAGES (gfn1=0x12ac29 gfn2=0x1150af)...
[1/2] Swap queued; vcpu0 kicked — waiting for svm_vcpu_run() to execute it...
[2/2] Polling KVM_USP_SWAP_STATUS (timeout 30s)...
[2/2] Swap complete after 56769 poll iterations.
Page swap complete — check dmesg for kernel details.
src_gpa=0x12ac29000 (gfn=0x12ac29), dst_gpa=0x115546000 (gfn=0x115546)
is_swap_back=1, nr_times=1
[1/2] Queuing KVM_SWAP_GUEST_PAGES (gfn1=0x12ac29 gfn2=0x115546)...
[1/2] Swap queued; vcpu0 kicked — waiting for svm_vcpu_run() to execute it...
[2/2] Polling KVM_USP_SWAP_STATUS (timeout 30s)...
[2/2] Swap complete after 51052 poll iterations.
Page swap complete — check dmesg for kernel details.
src_gpa=0x12ac29000 (gfn=0x12ac29), dst_gpa=0x11554d000 (gfn=0x11554d)
is_swap_back=1, nr_times=1
[1/2] Queuing KVM_SWAP_GUEST_PAGES (gfn1=0x12ac29 gfn2=0x11554d)...
[1/2] Swap queued; vcpu0 kicked — waiting for svm_vcpu_run() to execute it...
[2/2] Polling KVM_USP_SWAP_STATUS (timeout 30s)...
[2/2] Swap complete after 44151 poll iterations.
Page swap complete — check dmesg for kernel details.
src_gpa=0x12ac29000 (gfn=0x12ac29), dst_gpa=0x115554000 (gfn=0x115554)
is_swap_back=1, nr_times=1
[1/2] Queuing KVM_SWAP_GUEST_PAGES (gfn1=0x12ac29 gfn2=0x115554)...
[1/2] Swap queued; vcpu0 kicked — waiting for svm_vcpu_run() to execute it...
[2/2] Polling KVM_USP_SWAP_STATUS (timeout 30s)...
[2/2] Swap complete after 46937 poll iterations.
Page swap complete — check dmesg for kernel details.
src_gpa=0x12ac29000 (gfn=0x12ac29), dst_gpa=0x11555b000 (gfn=0x11555b)
is_swap_back=1, nr_times=1
[1/2] Queuing KVM_SWAP_GUEST_PAGES (gfn1=0x12ac29 gfn2=0x11555b)...
[1/2] Swap queued; vcpu0 kicked — waiting for svm_vcpu_run() to execute it...
[2/2] Polling KVM_USP_SWAP_STATUS (timeout 30s)...
[2/2] Swap complete after 51270 poll iterations.
Page swap complete — check dmesg for kernel details.
src_gpa=0x12ac29000 (gfn=0x12ac29), dst_gpa=0x115562000 (gfn=0x115562)
is_swap_back=1, nr_times=1
[1/2] Queuing KVM_SWAP_GUEST_PAGES (gfn1=0x12ac29 gfn2=0x115562)...
[1/2] Swap queued; vcpu0 kicked — waiting for svm_vcpu_run() to execute it...
[2/2] Polling KVM_USP_SWAP_STATUS (timeout 30s)...
[2/2] Swap complete after 45782 poll iterations.
Page swap complete — check dmesg for kernel details.
src_gpa=0x12ac29000 (gfn=0x12ac29), dst_gpa=0x11556a000 (gfn=0x11556a)
is_swap_back=1, nr_times=1
[1/2] Queuing KVM_SWAP_GUEST_PAGES (gfn1=0x12ac29 gfn2=0x11556a)...
[1/2] Swap queued; vcpu0 kicked — waiting for svm_vcpu_run() to execute it...
[2/2] Polling KVM_USP_SWAP_STATUS (timeout 30s)...
[2/2] Swap complete after 53721 poll iterations.
Page swap complete — check dmesg for kernel details.
src_gpa=0x12ac29000 (gfn=0x12ac29), dst_gpa=0x115571000 (gfn=0x115571)
is_swap_back=1, nr_times=1
[1/2] Queuing KVM_SWAP_GUEST_PAGES (gfn1=0x12ac29 gfn2=0x115571)...
[1/2] Swap queued; vcpu0 kicked — waiting for svm_vcpu_run() to execute it...
[2/2] Polling KVM_USP_SWAP_STATUS (timeout 30s)...
[2/2] Swap complete after 49186 poll iterations.
Page swap complete — check dmesg for kernel details.
src_gpa=0x12ac29000 (gfn=0x12ac29), dst_gpa=0x115578000 (gfn=0x115578)
is_swap_back=1, nr_times=1
[1/2] Queuing KVM_SWAP_GUEST_PAGES (gfn1=0x12ac29 gfn2=0x115578)...
[1/2] Swap queued; vcpu0 kicked — waiting for svm_vcpu_run() to execute it...
[2/2] Polling KVM_USP_SWAP_STATUS (timeout 30s)...
[2/2] Swap complete after 46949 poll iterations.
Page swap complete — check dmesg for kernel details.
src_gpa=0x12ac29000 (gfn=0x12ac29), dst_gpa=0x11557f000 (gfn=0x11557f)
is_swap_back=1, nr_times=1
[1/2] Queuing KVM_SWAP_GUEST_PAGES (gfn1=0x12ac29 gfn2=0x11557f)...
[1/2] Swap queued; vcpu0 kicked — waiting for svm_vcpu_run() to execute it...
[2/2] Polling KVM_USP_SWAP_STATUS (timeout 30s)...
[2/2] Swap complete after 52793 poll iterations.
Page swap complete — check dmesg for kernel details.
src_gpa=0x12ac29000 (gfn=0x12ac29), dst_gpa=0x1159c6000 (gfn=0x1159c6)
is_swap_back=1, nr_times=1
[1/2] Queuing KVM_SWAP_GUEST_PAGES (gfn1=0x12ac29 gfn2=0x1159c6)...
[1/2] Swap queued; vcpu0 kicked — waiting for svm_vcpu_run() to execute it...
[2/2] Polling KVM_USP_SWAP_STATUS (timeout 30s)...
[2/2] Swap complete after 41011 poll iterations.
Page swap complete — check dmesg for kernel details.
src_gpa=0x12ac29000 (gfn=0x12ac29), dst_gpa=0x121e95000 (gfn=0x121e95)
is_swap_back=1, nr_times=1
[1/2] Queuing KVM_SWAP_GUEST_PAGES (gfn1=0x12ac29 gfn2=0x121e95)...
[1/2] Swap queued; vcpu0 kicked — waiting for svm_vcpu_run() to execute it...
[2/2] Polling KVM_USP_SWAP_STATUS (timeout 30s)...
[2/2] Swap complete after 44969 poll iterations.
Page swap complete — check dmesg for kernel details.
src_gpa=0x12ac29000 (gfn=0x12ac29), dst_gpa=0x121ecc000 (gfn=0x121ecc)
is_swap_back=1, nr_times=1
[1/2] Queuing KVM_SWAP_GUEST_PAGES (gfn1=0x12ac29 gfn2=0x121ecc)...
[1/2] Swap queued; vcpu0 kicked — waiting for svm_vcpu_run() to execute it...
[2/2] Polling KVM_USP_SWAP_STATUS (timeout 30s)...
[2/2] Swap complete after 45835 poll iterations.
Page swap complete — check dmesg for kernel details.
src_gpa=0x12ac29000 (gfn=0x12ac29), dst_gpa=0x121eec000 (gfn=0x121eec)
is_swap_back=1, nr_times=1
[1/2] Queuing KVM_SWAP_GUEST_PAGES (gfn1=0x12ac29 gfn2=0x121eec)...
[1/2] Swap queued; vcpu0 kicked — waiting for svm_vcpu_run() to execute it...
[2/2] Polling KVM_USP_SWAP_STATUS (timeout 30s)...
[2/2] Swap complete after 52066 poll iterations.
Page swap complete — check dmesg for kernel details.
src_gpa=0x12ac29000 (gfn=0x12ac29), dst_gpa=0x107a93000 (gfn=0x107a93)
is_swap_back=1, nr_times=1
[1/2] Queuing KVM_SWAP_GUEST_PAGES (gfn1=0x12ac29 gfn2=0x107a93)...
[1/2] Swap queued; vcpu0 kicked — waiting for svm_vcpu_run() to execute it...
[2/2] Polling KVM_USP_SWAP_STATUS (timeout 30s)...
[2/2] Swap complete after 45177 poll iterations.
Page swap complete — check dmesg for kernel details.
src_gpa=0x12ac29000 (gfn=0x12ac29), dst_gpa=0x107a8b000 (gfn=0x107a8b)
is_swap_back=1, nr_times=1
[1/2] Queuing KVM_SWAP_GUEST_PAGES (gfn1=0x12ac29 gfn2=0x107a8b)...
[1/2] Swap queued; vcpu0 kicked — waiting for svm_vcpu_run() to execute it...
[2/2] Polling KVM_USP_SWAP_STATUS (timeout 30s)...
[2/2] Swap complete after 42419 poll iterations.
Page swap complete — check dmesg for kernel details.
src_gpa=0x12ac29000 (gfn=0x12ac29), dst_gpa=0x10886b000 (gfn=0x10886b)
is_swap_back=1, nr_times=1
[1/2] Queuing KVM_SWAP_GUEST_PAGES (gfn1=0x12ac29 gfn2=0x10886b)...
[1/2] Swap queued; vcpu0 kicked — waiting for svm_vcpu_run() to execute it...
[2/2] Polling KVM_USP_SWAP_STATUS (timeout 30s)...
[2/2] Swap complete after 49197 poll iterations.
Page swap complete — check dmesg for kernel details.
src_gpa=0x12ac29000 (gfn=0x12ac29), dst_gpa=0x11941a000 (gfn=0x11941a)
is_swap_back=1, nr_times=1
[1/2] Queuing KVM_SWAP_GUEST_PAGES (gfn1=0x12ac29 gfn2=0x11941a)...
[1/2] Swap queued; vcpu0 kicked — waiting for svm_vcpu_run() to execute it...
[2/2] Polling KVM_USP_SWAP_STATUS (timeout 30s)...
[2/2] Swap complete after 46695 poll iterations.
Page swap complete — check dmesg for kernel details.
src_gpa=0x12ac29000 (gfn=0x12ac29), dst_gpa=0x115742000 (gfn=0x115742)
is_swap_back=1, nr_times=1
[1/2] Queuing KVM_SWAP_GUEST_PAGES (gfn1=0x12ac29 gfn2=0x115742)...
[1/2] Swap queued; vcpu0 kicked — waiting for svm_vcpu_run() to execute it...
[2/2] Polling KVM_USP_SWAP_STATUS (timeout 30s)...
[2/2] Swap complete after 43372 poll iterations.
Page swap complete — check dmesg for kernel details.
src_gpa=0x12ac29000 (gfn=0x12ac29), dst_gpa=0x1150aa000 (gfn=0x1150aa)
is_swap_back=1, nr_times=1
[1/2] Queuing KVM_SWAP_GUEST_PAGES (gfn1=0x12ac29 gfn2=0x1150aa)...
[1/2] Swap queued; vcpu0 kicked — waiting for svm_vcpu_run() to execute it...
[2/2] Polling KVM_USP_SWAP_STATUS (timeout 30s)...
[2/2] Swap complete after 49235 poll iterations.
Page swap complete — check dmesg for kernel details.
src_gpa=0x12ac29000 (gfn=0x12ac29), dst_gpa=0x107db1000 (gfn=0x107db1)
is_swap_back=1, nr_times=1
[1/2] Queuing KVM_SWAP_GUEST_PAGES (gfn1=0x12ac29 gfn2=0x107db1)...
[1/2] Swap queued; vcpu0 kicked — waiting for svm_vcpu_run() to execute it...
[2/2] Polling KVM_USP_SWAP_STATUS (timeout 30s)...
[2/2] Swap complete after 48352 poll iterations.
Page swap complete — check dmesg for kernel details.
src_gpa=0x12ac29000 (gfn=0x12ac29), dst_gpa=0x107db8000 (gfn=0x107db8)
is_swap_back=1, nr_times=1
[1/2] Queuing KVM_SWAP_GUEST_PAGES (gfn1=0x12ac29 gfn2=0x107db8)...
[1/2] Swap queued; vcpu0 kicked — waiting for svm_vcpu_run() to execute it...
[2/2] Polling KVM_USP_SWAP_STATUS (timeout 30s)...
[2/2] Swap complete after 56521 poll iterations.
Page swap complete — check dmesg for kernel details.
src_gpa=0x12ac29000 (gfn=0x12ac29), dst_gpa=0x107daf000 (gfn=0x107daf)
is_swap_back=1, nr_times=1
[1/2] Queuing KVM_SWAP_GUEST_PAGES (gfn1=0x12ac29 gfn2=0x107daf)...
[1/2] Swap queued; vcpu0 kicked — waiting for svm_vcpu_run() to execute it...
[2/2] Polling KVM_USP_SWAP_STATUS (timeout 30s)...
[2/2] Swap complete after 51045 poll iterations.
Page swap complete — check dmesg for kernel details.
src_gpa=0x12ac29000 (gfn=0x12ac29), dst_gpa=0x11554e000 (gfn=0x11554e)
is_swap_back=1, nr_times=1
[1/2] Queuing KVM_SWAP_GUEST_PAGES (gfn1=0x12ac29 gfn2=0x11554e)...
[1/2] Swap queued; vcpu0 kicked — waiting for svm_vcpu_run() to execute it...
[2/2] Polling KVM_USP_SWAP_STATUS (timeout 30s)...
[2/2] Swap complete after 44439 poll iterations.
Page swap complete — check dmesg for kernel details.
src_gpa=0x12ac29000 (gfn=0x12ac29), dst_gpa=0x115556000 (gfn=0x115556)
is_swap_back=1, nr_times=1
[1/2] Queuing KVM_SWAP_GUEST_PAGES (gfn1=0x12ac29 gfn2=0x115556)...
[1/2] Swap queued; vcpu0 kicked — waiting for svm_vcpu_run() to execute it...
[2/2] Polling KVM_USP_SWAP_STATUS (timeout 30s)...
[2/2] Swap complete after 40993 poll iterations.
Page swap complete — check dmesg for kernel details.
src_gpa=0x12ac29000 (gfn=0x12ac29), dst_gpa=0x121efd000 (gfn=0x121efd)
is_swap_back=1, nr_times=1
[1/2] Queuing KVM_SWAP_GUEST_PAGES (gfn1=0x12ac29 gfn2=0x121efd)...
[1/2] Swap queued; vcpu0 kicked — waiting for svm_vcpu_run() to execute it...
[2/2] Polling KVM_USP_SWAP_STATUS (timeout 30s)...
[2/2] Swap complete after 49775 poll iterations.
Page swap complete — check dmesg for kernel details.
src_gpa=0x12ac29000 (gfn=0x12ac29), dst_gpa=0x11753e000 (gfn=0x11753e)
is_swap_back=1, nr_times=1
[1/2] Queuing KVM_SWAP_GUEST_PAGES (gfn1=0x12ac29 gfn2=0x11753e)...
[1/2] Swap queued; vcpu0 kicked — waiting for svm_vcpu_run() to execute it...
[2/2] Polling KVM_USP_SWAP_STATUS (timeout 30s)...
[2/2] Swap complete after 42274 poll iterations.
Page swap complete — check dmesg for kernel details.
src_gpa=0x12ac29000 (gfn=0x12ac29), dst_gpa=0x107fa5000 (gfn=0x107fa5)
is_swap_back=1, nr_times=1
[1/2] Queuing KVM_SWAP_GUEST_PAGES (gfn1=0x12ac29 gfn2=0x107fa5)...
[1/2] Swap queued; vcpu0 kicked — waiting for svm_vcpu_run() to execute it...
[2/2] Polling KVM_USP_SWAP_STATUS (timeout 30s)...
[2/2] Swap complete after 42038 poll iterations.
Page swap complete — check dmesg for kernel details.
src_gpa=0x12ac29000 (gfn=0x12ac29), dst_gpa=0x11556f000 (gfn=0x11556f)
is_swap_back=1, nr_times=1
[1/2] Queuing KVM_SWAP_GUEST_PAGES (gfn1=0x12ac29 gfn2=0x11556f)...
[1/2] Swap queued; vcpu0 kicked — waiting for svm_vcpu_run() to execute it...
[2/2] Polling KVM_USP_SWAP_STATUS (timeout 30s)...
[2/2] Swap complete after 49623 poll iterations.
Page swap complete — check dmesg for kernel details.
src_gpa=0x12ac29000 (gfn=0x12ac29), dst_gpa=0x107aff000 (gfn=0x107aff)
is_swap_back=1, nr_times=1
[1/2] Queuing KVM_SWAP_GUEST_PAGES (gfn1=0x12ac29 gfn2=0x107aff)...
[1/2] Swap queued; vcpu0 kicked — waiting for svm_vcpu_run() to execute it...
[2/2] Polling KVM_USP_SWAP_STATUS (timeout 30s)...
[2/2] Swap complete after 42073 poll iterations.
Page swap complete — check dmesg for kernel details.
src_gpa=0x12ac29000 (gfn=0x12ac29), dst_gpa=0x115541000 (gfn=0x115541)
is_swap_back=1, nr_times=1
[1/2] Queuing KVM_SWAP_GUEST_PAGES (gfn1=0x12ac29 gfn2=0x115541)...
[1/2] Swap queued; vcpu0 kicked — waiting for svm_vcpu_run() to execute it...
[2/2] Polling KVM_USP_SWAP_STATUS (timeout 30s)...
[2/2] Swap complete after 48558 poll iterations.
Page swap complete — check dmesg for kernel details.
src_gpa=0x12ac29000 (gfn=0x12ac29), dst_gpa=0x117db1000 (gfn=0x117db1)
is_swap_back=1, nr_times=1
[1/2] Queuing KVM_SWAP_GUEST_PAGES (gfn1=0x12ac29 gfn2=0x117db1)...
[1/2] Swap queued; vcpu0 kicked — waiting for svm_vcpu_run() to execute it...
[2/2] Polling KVM_USP_SWAP_STATUS (timeout 30s)...
[2/2] Swap complete after 53467 poll iterations.
Page swap complete — check dmesg for kernel details.
src_gpa=0x12ac29000 (gfn=0x12ac29), dst_gpa=0x115561000 (gfn=0x115561)
is_swap_back=1, nr_times=1
[1/2] Queuing KVM_SWAP_GUEST_PAGES (gfn1=0x12ac29 gfn2=0x115561)...
[1/2] Swap queued; vcpu0 kicked — waiting for svm_vcpu_run() to execute it...
[2/2] Polling KVM_USP_SWAP_STATUS (timeout 30s)...
[2/2] Swap complete after 48010 poll iterations.
Page swap complete — check dmesg for kernel details.
src_gpa=0x12ac29000 (gfn=0x12ac29), dst_gpa=0x115571000 (gfn=0x115571)
is_swap_back=1, nr_times=1
[1/2] Queuing KVM_SWAP_GUEST_PAGES (gfn1=0x12ac29 gfn2=0x115571)...
[1/2] Swap queued; vcpu0 kicked — waiting for svm_vcpu_run() to execute it...
[2/2] Polling KVM_USP_SWAP_STATUS (timeout 30s)...
[2/2] Swap complete after 47261 poll iterations.
Page swap complete — check dmesg for kernel details.
[pipeline] 5 host log(s) matched: /home/eun/esp_bak/sev-step/userspace/write-tracker/mura/mura_host_regB_1.log .. /home/eun/esp_bak/sev-step/userspace/write-tracker/mura/mura_host_regB_5.log
[mtu] host tap0 already 9000
[mtu] guest enp0s4 already 9000
[dict] /home/eun/proof_code/mura/dict_cache_mura.json not found -- building (64 refs, this takes a while)...
[build] 64 ref values: [0, 4, 1, 3, 2, 5, 29, 30, 35, 32, 34, 33, 31, 38, 10, 28, 9, 36, 27, 11, 8, 37, 6, 7, 26, 39, 50, 40, 25, 57, 41, 42, 58, 56, 43, 24, 55, 44, 59, 54, 45, 53, 52, 205, 23, 46, 47, 51, 49, 60, 22, 48, 12, 21, 61, 62, 20, 63, 16, 64, 13, 65, 19, 66]
[build] Reloading guest ICMP module to reset rate-limit state...
  [reload] guest_large_icmp_monitor (/home/ubuntu/sev-h100-sidechannel/2026attack/flow/guest_tool/guest_large_icmp_monitor.ko): OK

[build] Acquiring FIXED_GPA (zero payload)...
  probe frag_p1: 962,2498  δ=2560  prefix=4034
  FIXED_GPA = 0x12ac29000

[ 1/64] u8=  0  chunk=00000000000000000000000000000000
  probe frag_p1: 4034,3010  δ=1024  prefix=1986
  GPA_ref000 = 0x1150b1000
  do_swap_read(0x12ac29000, 0x1150b1000) → ref_000.out

[ 2/64] u8=  4  chunk=8180803c8180803c8180803c8180803c
  probe frag_p1: 3010,1986  δ=1024  prefix=962
  GPA_ref004 = 0x1150b7000
  do_swap_read(0x12ac29000, 0x1150b7000) → ref_004.out

[ 3/64] u8=  1  chunk=8180803b8180803b8180803b8180803b
  probe frag_p1: 1986,962  δ=1024  prefix=4034
  GPA_ref001 = 0x1150af000
  do_swap_read(0x12ac29000, 0x1150af000) → ref_001.out

[ 4/64] u8=  3  chunk=c1c0403cc1c0403cc1c0403cc1c0403c
  probe frag_p1: 2498,4034  δ=2560  prefix=1474
  GPA_ref003 = 0x115546000
  do_swap_read(0x12ac29000, 0x115546000) → ref_003.out

[ 5/64] u8=  2  chunk=8180003c8180003c8180003c8180003c
  probe frag_p1: 1986,450  δ=1536  prefix=3010
  GPA_ref002 = 0x11554d000
  do_swap_read(0x12ac29000, 0x11554d000) → ref_002.out

[ 6/64] u8=  5  chunk=a1a0a03ca1a0a03ca1a0a03ca1a0a03c
  probe frag_p1: 962,3522  δ=1536  prefix=1986
  GPA_ref005 = 0x115554000
  do_swap_read(0x12ac29000, 0x115554000) → ref_005.out

[ 7/64] u8= 29  chunk=e9e8e83de9e8e83de9e8e83de9e8e83d
  probe frag_p1: 4034,2498  δ=1536  prefix=962
  GPA_ref029 = 0x11555b000
  do_swap_read(0x12ac29000, 0x11555b000) → ref_029.out

[ 8/64] u8= 30  chunk=f1f0f03df1f0f03df1f0f03df1f0f03d
  probe frag_p1: 450,1986  δ=2560  prefix=3522
  GPA_ref030 = 0x115562000
  do_swap_read(0x12ac29000, 0x115562000) → ref_030.out

[ 9/64] u8= 35  chunk=8d8c0c3e8d8c0c3e8d8c0c3e8d8c0c3e
  probe frag_p1: 3522,2498  δ=1024  prefix=1474
  GPA_ref035 = 0x11556a000
  do_swap_read(0x12ac29000, 0x11556a000) → ref_035.out

[10/64] u8= 32  chunk=8180003e8180003e8180003e8180003e
  probe frag_p1: 2498,1474  δ=1024  prefix=450
  GPA_ref032 = 0x115571000
  do_swap_read(0x12ac29000, 0x115571000) → ref_032.out

[11/64] u8= 34  chunk=8988083e8988083e8988083e8988083e
  probe frag_p1: 1474,450  δ=1024  prefix=3522
  GPA_ref034 = 0x115578000
  do_swap_read(0x12ac29000, 0x115578000) → ref_034.out

[12/64] u8= 33  chunk=8584043e8584043e8584043e8584043e
  probe frag_p1: 1986,3522  δ=2560  prefix=962
  GPA_ref033 = 0x11557f000
  do_swap_read(0x12ac29000, 0x11557f000) → ref_033.out

[13/64] u8= 31  chunk=f9f8f83df9f8f83df9f8f83df9f8f83d
  probe frag_p1: 962,4034  δ=1024  prefix=3010
  GPA_ref031 = 0x1159c6000
  do_swap_read(0x12ac29000, 0x1159c6000) → ref_031.out

[14/64] u8= 38  chunk=9998183e9998183e9998183e9998183e
  probe frag_p1: 4034,3010  δ=1024  prefix=1986
  GPA_ref038 = 0x121e95000
  do_swap_read(0x12ac29000, 0x121e95000) → ref_038.out

[15/64] u8= 10  chunk=a1a0203da1a0203da1a0203da1a0203d
  probe frag_p1: 3522,1986  δ=1536  prefix=450
  GPA_ref010 = 0x121ecc000
  do_swap_read(0x12ac29000, 0x121ecc000) → ref_010.out

[16/64] u8= 28  chunk=e1e0e03de1e0e03de1e0e03de1e0e03d
  probe frag_p1: 2498,962  δ=1536  prefix=3522
  GPA_ref028 = 0x121eec000
  do_swap_read(0x12ac29000, 0x121eec000) → ref_028.out

[17/64] u8=  9  chunk=9190103d9190103d9190103d9190103d
  [drain] flushing guest ICMP buffer + reloading module...
  [drain] drained 0
  [reload] guest_large_icmp_monitor (/home/ubuntu/sev-h100-sidechannel/2026attack/flow/guest_tool/guest_large_icmp_monitor.ko): OK
  probe frag_p1: 1026,4034  δ=1088  prefix=2946
  GPA_ref009 = 0x107a93000
  do_swap_read(0x12ac29000, 0x107a93000) → ref_009.out

[18/64] u8= 36  chunk=9190103e9190103e9190103e9190103e
  probe frag_p1: 2690,4034  δ=2752  prefix=1282
  GPA_ref036 = 0x107a8b000
  do_swap_read(0x12ac29000, 0x107a8b000) → ref_036.out

[19/64] u8= 27  chunk=d9d8d83dd9d8d83dd9d8d83dd9d8d83d
  probe frag_p1: 578,4034  δ=640  prefix=3394
  GPA_ref027 = 0x10886b000
  do_swap_read(0x12ac29000, 0x10886b000) → ref_027.out

[20/64] u8= 11  chunk=b1b0303db1b0303db1b0303db1b0303d
  probe frag_p1: 450,2754  δ=1792  prefix=962
  GPA_ref011 = 0x11941a000
  do_swap_read(0x12ac29000, 0x11941a000) → ref_011.out

[21/64] u8=  8  chunk=8180003d8180003d8180003d8180003d
  probe frag_p1: 2946,2754  δ=192  prefix=2562
  GPA_ref008 = 0x115742000
  do_swap_read(0x12ac29000, 0x115742000) → ref_008.out

[22/64] u8= 37  chunk=9594143e9594143e9594143e9594143e
  probe frag_p1: 2946,1154  δ=1792  prefix=3458
  GPA_ref037 = 0x1150aa000
  do_swap_read(0x12ac29000, 0x1150aa000) → ref_037.out

[23/64] u8=  6  chunk=c1c0c03cc1c0c03cc1c0c03cc1c0c03c
  probe frag_p1: 1602,2114  δ=3584  prefix=2626
  GPA_ref006 = 0x107db1000
  do_swap_read(0x12ac29000, 0x107db1000) → ref_006.out

[24/64] u8=  7  chunk=e1e0e03ce1e0e03ce1e0e03ce1e0e03c
  probe frag_p1: 450,3906  δ=640  prefix=3266
  GPA_ref007 = 0x107db8000
  do_swap_read(0x12ac29000, 0x107db8000) → ref_007.out

[25/64] u8= 26  chunk=d1d0d03dd1d0d03dd1d0d03dd1d0d03d
  probe frag_p1: 2242,2754  δ=3584  prefix=3266
  GPA_ref026 = 0x107daf000
  do_swap_read(0x12ac29000, 0x107daf000) → ref_026.out

[26/64] u8= 39  chunk=9d9c1c3e9d9c1c3e9d9c1c3e9d9c1c3e
  probe frag_p1: 1090,450  δ=640  prefix=3906
  GPA_ref039 = 0x11554e000
  do_swap_read(0x12ac29000, 0x11554e000) → ref_039.out

[27/64] u8= 50  chunk=c9c8483ec9c8483ec9c8483ec9c8483e
  probe frag_p1: 4034,3010  δ=1024  prefix=1986
  GPA_ref050 = 0x115556000
  do_swap_read(0x12ac29000, 0x115556000) → ref_050.out

[28/64] u8= 40  chunk=a1a0203ea1a0203ea1a0203ea1a0203e
  probe frag_p1: 4034,2242  δ=1792  prefix=450
  GPA_ref040 = 0x121efd000
  do_swap_read(0x12ac29000, 0x121efd000) → ref_040.out

[29/64] u8= 25  chunk=c9c8c83dc9c8c83dc9c8c83dc9c8c83d
  probe frag_p1: 4034,3010  δ=1024  prefix=1986
  GPA_ref025 = 0x11753e000
  do_swap_read(0x12ac29000, 0x11753e000) → ref_025.out

[30/64] u8= 57  chunk=e5e4643ee5e4643ee5e4643ee5e4643e
  probe frag_p1: 4034,2242  δ=1792  prefix=450
  GPA_ref057 = 0x107fa5000
  do_swap_read(0x12ac29000, 0x107fa5000) → ref_057.out

[31/64] u8= 41  chunk=a5a4243ea5a4243ea5a4243ea5a4243e
  probe frag_p1: 4034,1474  δ=2560  prefix=3010
  GPA_ref041 = 0x11556f000
  do_swap_read(0x12ac29000, 0x11556f000) → ref_041.out

[32/64] u8= 42  chunk=a9a8283ea9a8283ea9a8283ea9a8283e
  probe frag_p1: 322,1474  δ=2944  prefix=2626
  GPA_ref042 = 0x107aff000
  do_swap_read(0x12ac29000, 0x107aff000) → ref_042.out

[33/64] u8= 58  chunk=e9e8683ee9e8683ee9e8683ee9e8683e
  [drain] flushing guest ICMP buffer + reloading module...
  [drain] drained 0
  [reload] guest_large_icmp_monitor (/home/ubuntu/sev-h100-sidechannel/2026attack/flow/guest_tool/guest_large_icmp_monitor.ko): OK
  probe frag_p1: 322,1858  δ=2560  prefix=3394
  GPA_ref058 = 0x115541000
  do_swap_read(0x12ac29000, 0x115541000) → ref_058.out

[34/64] u8= 56  chunk=e1e0603ee1e0603ee1e0603ee1e0603e
  probe frag_p1: 1090,2242  δ=2944  prefix=3394
  GPA_ref056 = 0x117db1000
  do_swap_read(0x12ac29000, 0x117db1000) → ref_056.out

[35/64] u8= 43  chunk=adac2c3eadac2c3eadac2c3eadac2c3e
  probe frag_p1: 450,706  δ=3840  prefix=962
  GPA_ref043 = 0x115561000
  do_swap_read(0x12ac29000, 0x115561000) → ref_043.out

[36/64] u8= 24  chunk=c1c0c03dc1c0c03dc1c0c03dc1c0c03d
  probe frag_p1: 194,386  δ=3904  prefix=578
  GPA_ref024 = 0x115571000
  do_swap_read(0x12ac29000, 0x115571000) → ref_024.out
src_gpa=0x12ac29000 (gfn=0x12ac29), dst_gpa=0x11777b000 (gfn=0x11777b)
is_swap_back=1, nr_times=1
[1/2] Queuing KVM_SWAP_GUEST_PAGES (gfn1=0x12ac29 gfn2=0x11777b)...
[1/2] Swap queued; vcpu0 kicked — waiting for svm_vcpu_run() to execute it...
[2/2] Polling KVM_USP_SWAP_STATUS (timeout 30s)...
[2/2] Swap complete after 49293 poll iterations.
Page swap complete — check dmesg for kernel details.
src_gpa=0x12ac29000 (gfn=0x12ac29), dst_gpa=0x12a803000 (gfn=0x12a803)
is_swap_back=1, nr_times=1
[1/2] Queuing KVM_SWAP_GUEST_PAGES (gfn1=0x12ac29 gfn2=0x12a803)...
[1/2] Swap queued; vcpu0 kicked — waiting for svm_vcpu_run() to execute it...
[2/2] Polling KVM_USP_SWAP_STATUS (timeout 30s)...
[2/2] Swap complete after 51534 poll iterations.
Page swap complete — check dmesg for kernel details.
src_gpa=0x12ac29000 (gfn=0x12ac29), dst_gpa=0x117705000 (gfn=0x117705)
is_swap_back=1, nr_times=1
[1/2] Queuing KVM_SWAP_GUEST_PAGES (gfn1=0x12ac29 gfn2=0x117705)...
[1/2] Swap queued; vcpu0 kicked — waiting for svm_vcpu_run() to execute it...
[2/2] Polling KVM_USP_SWAP_STATUS (timeout 30s)...
[2/2] Swap complete after 47621 poll iterations.
Page swap complete — check dmesg for kernel details.
src_gpa=0x12ac29000 (gfn=0x12ac29), dst_gpa=0x117c2e000 (gfn=0x117c2e)
is_swap_back=1, nr_times=1
[1/2] Queuing KVM_SWAP_GUEST_PAGES (gfn1=0x12ac29 gfn2=0x117c2e)...
[1/2] Swap queued; vcpu0 kicked — waiting for svm_vcpu_run() to execute it...
[2/2] Polling KVM_USP_SWAP_STATUS (timeout 30s)...
[2/2] Swap complete after 45676 poll iterations.
Page swap complete — check dmesg for kernel details.
src_gpa=0x12ac29000 (gfn=0x12ac29), dst_gpa=0x117f70000 (gfn=0x117f70)
is_swap_back=1, nr_times=1
[1/2] Queuing KVM_SWAP_GUEST_PAGES (gfn1=0x12ac29 gfn2=0x117f70)...
[1/2] Swap queued; vcpu0 kicked — waiting for svm_vcpu_run() to execute it...
[2/2] Polling KVM_USP_SWAP_STATUS (timeout 30s)...
[2/2] Swap complete after 47970 poll iterations.
Page swap complete — check dmesg for kernel details.
src_gpa=0x12ac29000 (gfn=0x12ac29), dst_gpa=0x117f39000 (gfn=0x117f39)
is_swap_back=1, nr_times=1
[1/2] Queuing KVM_SWAP_GUEST_PAGES (gfn1=0x12ac29 gfn2=0x117f39)...
[1/2] Swap queued; vcpu0 kicked — waiting for svm_vcpu_run() to execute it...
[2/2] Polling KVM_USP_SWAP_STATUS (timeout 30s)...
[2/2] Swap complete after 52994 poll iterations.
Page swap complete — check dmesg for kernel details.
src_gpa=0x12ac29000 (gfn=0x12ac29), dst_gpa=0x121ecb000 (gfn=0x121ecb)
is_swap_back=1, nr_times=1
[1/2] Queuing KVM_SWAP_GUEST_PAGES (gfn1=0x12ac29 gfn2=0x121ecb)...
[1/2] Swap queued; vcpu0 kicked — waiting for svm_vcpu_run() to execute it...
[2/2] Polling KVM_USP_SWAP_STATUS (timeout 30s)...
[2/2] Swap complete after 50466 poll iterations.
Page swap complete — check dmesg for kernel details.
src_gpa=0x12ac29000 (gfn=0x12ac29), dst_gpa=0x121e84000 (gfn=0x121e84)
is_swap_back=1, nr_times=1
[1/2] Queuing KVM_SWAP_GUEST_PAGES (gfn1=0x12ac29 gfn2=0x121e84)...
[1/2] Swap queued; vcpu0 kicked — waiting for svm_vcpu_run() to execute it...
[2/2] Polling KVM_USP_SWAP_STATUS (timeout 30s)...
[2/2] Swap complete after 47498 poll iterations.
Page swap complete — check dmesg for kernel details.
src_gpa=0x12ac29000 (gfn=0x12ac29), dst_gpa=0x115266000 (gfn=0x115266)
is_swap_back=1, nr_times=1
[1/2] Queuing KVM_SWAP_GUEST_PAGES (gfn1=0x12ac29 gfn2=0x115266)...
[1/2] Swap queued; vcpu0 kicked — waiting for svm_vcpu_run() to execute it...
[2/2] Polling KVM_USP_SWAP_STATUS (timeout 30s)...
[2/2] Swap complete after 43867 poll iterations.
Page swap complete — check dmesg for kernel details.
src_gpa=0x12ac29000 (gfn=0x12ac29), dst_gpa=0x117aff000 (gfn=0x117aff)
is_swap_back=1, nr_times=1
[1/2] Queuing KVM_SWAP_GUEST_PAGES (gfn1=0x12ac29 gfn2=0x117aff)...
[1/2] Swap queued; vcpu0 kicked — waiting for svm_vcpu_run() to execute it...
[2/2] Polling KVM_USP_SWAP_STATUS (timeout 30s)...
[2/2] Swap complete after 49709 poll iterations.
Page swap complete — check dmesg for kernel details.
src_gpa=0x12ac29000 (gfn=0x12ac29), dst_gpa=0x115559000 (gfn=0x115559)
is_swap_back=1, nr_times=1
[1/2] Queuing KVM_SWAP_GUEST_PAGES (gfn1=0x12ac29 gfn2=0x115559)...
[1/2] Swap queued; vcpu0 kicked — waiting for svm_vcpu_run() to execute it...
[2/2] Polling KVM_USP_SWAP_STATUS (timeout 30s)...
[2/2] Swap complete after 49763 poll iterations.
Page swap complete — check dmesg for kernel details.
src_gpa=0x12ac29000 (gfn=0x12ac29), dst_gpa=0x117d82000 (gfn=0x117d82)
is_swap_back=1, nr_times=1
[1/2] Queuing KVM_SWAP_GUEST_PAGES (gfn1=0x12ac29 gfn2=0x117d82)...
[1/2] Swap queued; vcpu0 kicked — waiting for svm_vcpu_run() to execute it...
[2/2] Polling KVM_USP_SWAP_STATUS (timeout 30s)...
[2/2] Swap complete after 56103 poll iterations.
Page swap complete — check dmesg for kernel details.
src_gpa=0x12ac29000 (gfn=0x12ac29), dst_gpa=0x121e94000 (gfn=0x121e94)
is_swap_back=1, nr_times=1
[1/2] Queuing KVM_SWAP_GUEST_PAGES (gfn1=0x12ac29 gfn2=0x121e94)...
[1/2] Swap queued; vcpu0 kicked — waiting for svm_vcpu_run() to execute it...
[2/2] Polling KVM_USP_SWAP_STATUS (timeout 30s)...
[2/2] Swap complete after 45408 poll iterations.
Page swap complete — check dmesg for kernel details.
src_gpa=0x12ac29000 (gfn=0x12ac29), dst_gpa=0x117aad000 (gfn=0x117aad)
is_swap_back=1, nr_times=1
[1/2] Queuing KVM_SWAP_GUEST_PAGES (gfn1=0x12ac29 gfn2=0x117aad)...
[1/2] Swap queued; vcpu0 kicked — waiting for svm_vcpu_run() to execute it...
[2/2] Polling KVM_USP_SWAP_STATUS (timeout 30s)...
[2/2] Swap complete after 43387 poll iterations.
Page swap complete — check dmesg for kernel details.
src_gpa=0x12ac29000 (gfn=0x12ac29), dst_gpa=0x117ab7000 (gfn=0x117ab7)
is_swap_back=1, nr_times=1
[1/2] Queuing KVM_SWAP_GUEST_PAGES (gfn1=0x12ac29 gfn2=0x117ab7)...
[1/2] Swap queued; vcpu0 kicked — waiting for svm_vcpu_run() to execute it...
[2/2] Polling KVM_USP_SWAP_STATUS (timeout 30s)...
[2/2] Swap complete after 48881 poll iterations.
Page swap complete — check dmesg for kernel details.
src_gpa=0x12ac29000 (gfn=0x12ac29), dst_gpa=0x1159c8000 (gfn=0x1159c8)
is_swap_back=1, nr_times=1
[1/2] Queuing KVM_SWAP_GUEST_PAGES (gfn1=0x12ac29 gfn2=0x1159c8)...
[1/2] Swap queued; vcpu0 kicked — waiting for svm_vcpu_run() to execute it...
[2/2] Polling KVM_USP_SWAP_STATUS (timeout 30s)...
[2/2] Swap complete after 46952 poll iterations.
Page swap complete — check dmesg for kernel details.
src_gpa=0x12ac29000 (gfn=0x12ac29), dst_gpa=0x11ec3a000 (gfn=0x11ec3a)
is_swap_back=1, nr_times=1
[1/2] Queuing KVM_SWAP_GUEST_PAGES (gfn1=0x12ac29 gfn2=0x11ec3a)...
[1/2] Swap queued; vcpu0 kicked — waiting for svm_vcpu_run() to execute it...
[2/2] Polling KVM_USP_SWAP_STATUS (timeout 30s)...
[2/2] Swap complete after 49529 poll iterations.
Page swap complete — check dmesg for kernel details.
src_gpa=0x12ac29000 (gfn=0x12ac29), dst_gpa=0x11574b000 (gfn=0x11574b)
is_swap_back=1, nr_times=1
[1/2] Queuing KVM_SWAP_GUEST_PAGES (gfn1=0x12ac29 gfn2=0x11574b)...
[1/2] Swap queued; vcpu0 kicked — waiting for svm_vcpu_run() to execute it...
[2/2] Polling KVM_USP_SWAP_STATUS (timeout 30s)...
[2/2] Swap complete after 44838 poll iterations.
Page swap complete — check dmesg for kernel details.
src_gpa=0x12ac29000 (gfn=0x12ac29), dst_gpa=0x107a95000 (gfn=0x107a95)
is_swap_back=1, nr_times=1
[1/2] Queuing KVM_SWAP_GUEST_PAGES (gfn1=0x12ac29 gfn2=0x107a95)...
[1/2] Swap queued; vcpu0 kicked — waiting for svm_vcpu_run() to execute it...
[2/2] Polling KVM_USP_SWAP_STATUS (timeout 30s)...
[2/2] Swap complete after 52310 poll iterations.
Page swap complete — check dmesg for kernel details.
src_gpa=0x12ac29000 (gfn=0x12ac29), dst_gpa=0x115556000 (gfn=0x115556)
is_swap_back=1, nr_times=1
[1/2] Queuing KVM_SWAP_GUEST_PAGES (gfn1=0x12ac29 gfn2=0x115556)...
[1/2] Swap queued; vcpu0 kicked — waiting for svm_vcpu_run() to execute it...
[2/2] Polling KVM_USP_SWAP_STATUS (timeout 30s)...
[2/2] Swap complete after 49761 poll iterations.
Page swap complete — check dmesg for kernel details.
src_gpa=0x12ac29000 (gfn=0x12ac29), dst_gpa=0x107db0000 (gfn=0x107db0)
is_swap_back=1, nr_times=1
[1/2] Queuing KVM_SWAP_GUEST_PAGES (gfn1=0x12ac29 gfn2=0x107db0)...
[1/2] Swap queued; vcpu0 kicked — waiting for svm_vcpu_run() to execute it...
[2/2] Polling KVM_USP_SWAP_STATUS (timeout 30s)...
[2/2] Swap complete after 49072 poll iterations.
Page swap complete — check dmesg for kernel details.
src_gpa=0x12ac29000 (gfn=0x12ac29), dst_gpa=0x115549000 (gfn=0x115549)
is_swap_back=1, nr_times=1
[1/2] Queuing KVM_SWAP_GUEST_PAGES (gfn1=0x12ac29 gfn2=0x115549)...
[1/2] Swap queued; vcpu0 kicked — waiting for svm_vcpu_run() to execute it...
[2/2] Polling KVM_USP_SWAP_STATUS (timeout 30s)...
[2/2] Swap complete after 49801 poll iterations.
Page swap complete — check dmesg for kernel details.
src_gpa=0x12ac29000 (gfn=0x12ac29), dst_gpa=0x11941b000 (gfn=0x11941b)
is_swap_back=1, nr_times=1
[1/2] Queuing KVM_SWAP_GUEST_PAGES (gfn1=0x12ac29 gfn2=0x11941b)...
[1/2] Swap queued; vcpu0 kicked — waiting for svm_vcpu_run() to execute it...
[2/2] Polling KVM_USP_SWAP_STATUS (timeout 30s)...
[2/2] Swap complete after 41690 poll iterations.
Page swap complete — check dmesg for kernel details.
src_gpa=0x12ac29000 (gfn=0x12ac29), dst_gpa=0x1150ac000 (gfn=0x1150ac)
is_swap_back=1, nr_times=1
[1/2] Queuing KVM_SWAP_GUEST_PAGES (gfn1=0x12ac29 gfn2=0x1150ac)...
[1/2] Swap queued; vcpu0 kicked — waiting for svm_vcpu_run() to execute it...
[2/2] Polling KVM_USP_SWAP_STATUS (timeout 30s)...
[2/2] Swap complete after 46877 poll iterations.
Page swap complete — check dmesg for kernel details.
src_gpa=0x12ac29000 (gfn=0x12ac29), dst_gpa=0x117bb6000 (gfn=0x117bb6)
is_swap_back=1, nr_times=1
[1/2] Queuing KVM_SWAP_GUEST_PAGES (gfn1=0x12ac29 gfn2=0x117bb6)...
[1/2] Swap queued; vcpu0 kicked — waiting for svm_vcpu_run() to execute it...
[2/2] Polling KVM_USP_SWAP_STATUS (timeout 30s)...
[2/2] Swap complete after 46321 poll iterations.
Page swap complete — check dmesg for kernel details.
src_gpa=0x12ac29000 (gfn=0x12ac29), dst_gpa=0x117db7000 (gfn=0x117db7)
is_swap_back=1, nr_times=1
[1/2] Queuing KVM_SWAP_GUEST_PAGES (gfn1=0x12ac29 gfn2=0x117db7)...
[1/2] Swap queued; vcpu0 kicked — waiting for svm_vcpu_run() to execute it...
[2/2] Polling KVM_USP_SWAP_STATUS (timeout 30s)...
[2/2] Swap complete after 41666 poll iterations.
Page swap complete — check dmesg for kernel details.
src_gpa=0x12ac29000 (gfn=0x12ac29), dst_gpa=0x117679000 (gfn=0x117679)
is_swap_back=1, nr_times=1
[1/2] Queuing KVM_SWAP_GUEST_PAGES (gfn1=0x12ac29 gfn2=0x117679)...
[1/2] Swap queued; vcpu0 kicked — waiting for svm_vcpu_run() to execute it...
[2/2] Polling KVM_USP_SWAP_STATUS (timeout 30s)...
[2/2] Swap complete after 54476 poll iterations.
Page swap complete — check dmesg for kernel details.
src_gpa=0x12ac29000 (gfn=0x12ac29), dst_gpa=0x11766b000 (gfn=0x11766b)
is_swap_back=1, nr_times=1
[1/2] Queuing KVM_SWAP_GUEST_PAGES (gfn1=0x12ac29 gfn2=0x11766b)...
[1/2] Swap queued; vcpu0 kicked — waiting for svm_vcpu_run() to execute it...
[2/2] Polling KVM_USP_SWAP_STATUS (timeout 30s)...
[2/2] Swap complete after 41680 poll iterations.
Page swap complete — check dmesg for kernel details.
src_gpa=0x12ac29000 (gfn=0x12ac29), dst_gpa=0x18838a000 (gfn=0x18838a)
is_swap_back=1, nr_times=1
[1/2] Queuing KVM_SWAP_GUEST_PAGES (gfn1=0x12ac29 gfn2=0x18838a)...
[1/2] Swap queued; vcpu0 kicked — waiting for svm_vcpu_run() to execute it...
[2/2] Polling KVM_USP_SWAP_STATUS (timeout 30s)...
[2/2] Swap complete after 173527 poll iterations.
Page swap complete — check dmesg for kernel details.
src_gpa=0x12ac29000 (gfn=0x12ac29), dst_gpa=0x18838b000 (gfn=0x18838b)
is_swap_back=1, nr_times=1
[1/2] Queuing KVM_SWAP_GUEST_PAGES (gfn1=0x12ac29 gfn2=0x18838b)...
[1/2] Swap queued; vcpu0 kicked — waiting for svm_vcpu_run() to execute it...
[2/2] Polling KVM_USP_SWAP_STATUS (timeout 30s)...
[2/2] Swap complete after 918348 poll iterations.
Page swap complete — check dmesg for kernel details.
src_gpa=0x12ac29000 (gfn=0x12ac29), dst_gpa=0x18838c000 (gfn=0x18838c)
is_swap_back=1, nr_times=1
[1/2] Queuing KVM_SWAP_GUEST_PAGES (gfn1=0x12ac29 gfn2=0x18838c)...
[1/2] Swap queued; vcpu0 kicked — waiting for svm_vcpu_run() to execute it...
[2/2] Polling KVM_USP_SWAP_STATUS (timeout 30s)...
[2/2] Swap complete after 137536 poll iterations.
Page swap complete — check dmesg for kernel details.
src_gpa=0x12ac29000 (gfn=0x12ac29), dst_gpa=0x18838d000 (gfn=0x18838d)
is_swap_back=1, nr_times=1
[1/2] Queuing KVM_SWAP_GUEST_PAGES (gfn1=0x12ac29 gfn2=0x18838d)...
[1/2] Swap queued; vcpu0 kicked — waiting for svm_vcpu_run() to execute it...
[2/2] Polling KVM_USP_SWAP_STATUS (timeout 30s)...
[2/2] Swap complete after 269770 poll iterations.
Page swap complete — check dmesg for kernel details.
src_gpa=0x12ac29000 (gfn=0x12ac29), dst_gpa=0x18838e000 (gfn=0x18838e)
is_swap_back=1, nr_times=1
[1/2] Queuing KVM_SWAP_GUEST_PAGES (gfn1=0x12ac29 gfn2=0x18838e)...
[1/2] Swap queued; vcpu0 kicked — waiting for svm_vcpu_run() to execute it...
[2/2] Polling KVM_USP_SWAP_STATUS (timeout 30s)...
[2/2] Swap complete after 475861 poll iterations.
Page swap complete — check dmesg for kernel details.
src_gpa=0x12ac29000 (gfn=0x12ac29), dst_gpa=0x18838f000 (gfn=0x18838f)
is_swap_back=1, nr_times=1
[1/2] Queuing KVM_SWAP_GUEST_PAGES (gfn1=0x12ac29 gfn2=0x18838f)...
[1/2] Swap queued; vcpu0 kicked — waiting for svm_vcpu_run() to execute it...
[2/2] Polling KVM_USP_SWAP_STATUS (timeout 30s)...
[2/2] Swap complete after 54337 poll iterations.
Page swap complete — check dmesg for kernel details.
src_gpa=0x12ac29000 (gfn=0x12ac29), dst_gpa=0x188390000 (gfn=0x188390)
is_swap_back=1, nr_times=1
[1/2] Queuing KVM_SWAP_GUEST_PAGES (gfn1=0x12ac29 gfn2=0x188390)...
[1/2] Swap queued; vcpu0 kicked — waiting for svm_vcpu_run() to execute it...
[2/2] Polling KVM_USP_SWAP_STATUS (timeout 30s)...
[2/2] Swap complete after 819885 poll iterations.
Page swap complete — check dmesg for kernel details.
src_gpa=0x12ac29000 (gfn=0x12ac29), dst_gpa=0x188391000 (gfn=0x188391)
is_swap_back=1, nr_times=1
[1/2] Queuing KVM_SWAP_GUEST_PAGES (gfn1=0x12ac29 gfn2=0x188391)...
[1/2] Swap queued; vcpu0 kicked — waiting for svm_vcpu_run() to execute it...
[2/2] Polling KVM_USP_SWAP_STATUS (timeout 30s)...
[2/2] Swap complete after 241624 poll iterations.
Page swap complete — check dmesg for kernel details.
src_gpa=0x12ac29000 (gfn=0x12ac29), dst_gpa=0x188392000 (gfn=0x188392)
is_swap_back=1, nr_times=1
[1/2] Queuing KVM_SWAP_GUEST_PAGES (gfn1=0x12ac29 gfn2=0x188392)...
[1/2] Swap queued; vcpu0 kicked — waiting for svm_vcpu_run() to execute it...
[2/2] Polling KVM_USP_SWAP_STATUS (timeout 30s)...
[2/2] Swap complete after 148051 poll iterations.
Page swap complete — check dmesg for kernel details.
src_gpa=0x12ac29000 (gfn=0x12ac29), dst_gpa=0x188393000 (gfn=0x188393)
is_swap_back=1, nr_times=1
[1/2] Queuing KVM_SWAP_GUEST_PAGES (gfn1=0x12ac29 gfn2=0x188393)...
[1/2] Swap queued; vcpu0 kicked — waiting for svm_vcpu_run() to execute it...
[2/2] Polling KVM_USP_SWAP_STATUS (timeout 30s)...
[2/2] Swap complete after 96918 poll iterations.
Page swap complete — check dmesg for kernel details.
src_gpa=0x12ac29000 (gfn=0x12ac29), dst_gpa=0x188394000 (gfn=0x188394)
is_swap_back=1, nr_times=1
[1/2] Queuing KVM_SWAP_GUEST_PAGES (gfn1=0x12ac29 gfn2=0x188394)...
[1/2] Swap queued; vcpu0 kicked — waiting for svm_vcpu_run() to execute it...
[2/2] Polling KVM_USP_SWAP_STATUS (timeout 30s)...
[2/2] Swap complete after 262539 poll iterations.
Page swap complete — check dmesg for kernel details.
src_gpa=0x12ac29000 (gfn=0x12ac29), dst_gpa=0x188395000 (gfn=0x188395)
is_swap_back=1, nr_times=1
[1/2] Queuing KVM_SWAP_GUEST_PAGES (gfn1=0x12ac29 gfn2=0x188395)...
[1/2] Swap queued; vcpu0 kicked — waiting for svm_vcpu_run() to execute it...
[2/2] Polling KVM_USP_SWAP_STATUS (timeout 30s)...
[2/2] Swap complete after 88486 poll iterations.
Page swap complete — check dmesg for kernel details.
src_gpa=0x12ac29000 (gfn=0x12ac29), dst_gpa=0x188396000 (gfn=0x188396)
is_swap_back=1, nr_times=1
[1/2] Queuing KVM_SWAP_GUEST_PAGES (gfn1=0x12ac29 gfn2=0x188396)...
[1/2] Swap queued; vcpu0 kicked — waiting for svm_vcpu_run() to execute it...
[2/2] Polling KVM_USP_SWAP_STATUS (timeout 30s)...
[2/2] Swap complete after 484236 poll iterations.
Page swap complete — check dmesg for kernel details.
src_gpa=0x12ac29000 (gfn=0x12ac29), dst_gpa=0x188397000 (gfn=0x188397)
is_swap_back=1, nr_times=1
[1/2] Queuing KVM_SWAP_GUEST_PAGES (gfn1=0x12ac29 gfn2=0x188397)...
[1/2] Swap queued; vcpu0 kicked — waiting for svm_vcpu_run() to execute it...
[2/2] Polling KVM_USP_SWAP_STATUS (timeout 30s)...
[2/2] Swap complete after 389104 poll iterations.
Page swap complete — check dmesg for kernel details.
src_gpa=0x12ac29000 (gfn=0x12ac29), dst_gpa=0x188398000 (gfn=0x188398)
is_swap_back=1, nr_times=1
[1/2] Queuing KVM_SWAP_GUEST_PAGES (gfn1=0x12ac29 gfn2=0x188398)...
[1/2] Swap queued; vcpu0 kicked — waiting for svm_vcpu_run() to execute it...
[2/2] Polling KVM_USP_SWAP_STATUS (timeout 30s)...
[2/2] Swap complete after 901787 poll iterations.
Page swap complete — check dmesg for kernel details.
src_gpa=0x12ac29000 (gfn=0x12ac29), dst_gpa=0x188399000 (gfn=0x188399)
is_swap_back=1, nr_times=1
[1/2] Queuing KVM_SWAP_GUEST_PAGES (gfn1=0x12ac29 gfn2=0x188399)...
[1/2] Swap queued; vcpu0 kicked — waiting for svm_vcpu_run() to execute it...
[2/2] Polling KVM_USP_SWAP_STATUS (timeout 30s)...
[2/2] Swap complete after 122320 poll iterations.
Page swap complete — check dmesg for kernel details.
src_gpa=0x12ac29000 (gfn=0x12ac29), dst_gpa=0x18839a000 (gfn=0x18839a)
is_swap_back=1, nr_times=1
[1/2] Queuing KVM_SWAP_GUEST_PAGES (gfn1=0x12ac29 gfn2=0x18839a)...
[1/2] Swap queued; vcpu0 kicked — waiting for svm_vcpu_run() to execute it...
[2/2] Polling KVM_USP_SWAP_STATUS (timeout 30s)...
[2/2] Swap complete after 677939 poll iterations.
Page swap complete — check dmesg for kernel details.
src_gpa=0x12ac29000 (gfn=0x12ac29), dst_gpa=0x18839b000 (gfn=0x18839b)
is_swap_back=1, nr_times=1
[1/2] Queuing KVM_SWAP_GUEST_PAGES (gfn1=0x12ac29 gfn2=0x18839b)...
[1/2] Swap queued; vcpu0 kicked — waiting for svm_vcpu_run() to execute it...
[2/2] Polling KVM_USP_SWAP_STATUS (timeout 30s)...
[2/2] Swap complete after 70441 poll iterations.
Page swap complete — check dmesg for kernel details.
src_gpa=0x12ac29000 (gfn=0x12ac29), dst_gpa=0x18839c000 (gfn=0x18839c)
is_swap_back=1, nr_times=1
[1/2] Queuing KVM_SWAP_GUEST_PAGES (gfn1=0x12ac29 gfn2=0x18839c)...
[1/2] Swap queued; vcpu0 kicked — waiting for svm_vcpu_run() to execute it...
[2/2] Polling KVM_USP_SWAP_STATUS (timeout 30s)...
[2/2] Swap complete after 892424 poll iterations.
Page swap complete — check dmesg for kernel details.
src_gpa=0x12ac29000 (gfn=0x12ac29), dst_gpa=0x18839d000 (gfn=0x18839d)
is_swap_back=1, nr_times=1
[1/2] Queuing KVM_SWAP_GUEST_PAGES (gfn1=0x12ac29 gfn2=0x18839d)...
[1/2] Swap queued; vcpu0 kicked — waiting for svm_vcpu_run() to execute it...
[2/2] Polling KVM_USP_SWAP_STATUS (timeout 30s)...
[2/2] Swap complete after 149169 poll iterations.
Page swap complete — check dmesg for kernel details.
src_gpa=0x12ac29000 (gfn=0x12ac29), dst_gpa=0x18839e000 (gfn=0x18839e)
is_swap_back=1, nr_times=1
[1/2] Queuing KVM_SWAP_GUEST_PAGES (gfn1=0x12ac29 gfn2=0x18839e)...
[1/2] Swap queued; vcpu0 kicked — waiting for svm_vcpu_run() to execute it...
[2/2] Polling KVM_USP_SWAP_STATUS (timeout 30s)...
[2/2] Swap complete after 70302 poll iterations.
Page swap complete — check dmesg for kernel details.
src_gpa=0x12ac29000 (gfn=0x12ac29), dst_gpa=0x18839f000 (gfn=0x18839f)
is_swap_back=1, nr_times=1
[1/2] Queuing KVM_SWAP_GUEST_PAGES (gfn1=0x12ac29 gfn2=0x18839f)...
[1/2] Swap queued; vcpu0 kicked — waiting for svm_vcpu_run() to execute it...
[2/2] Polling KVM_USP_SWAP_STATUS (timeout 30s)...
[2/2] Swap complete after 128416 poll iterations.
Page swap complete — check dmesg for kernel details.
src_gpa=0x12ac29000 (gfn=0x12ac29), dst_gpa=0x1883a0000 (gfn=0x1883a0)
is_swap_back=1, nr_times=1
[1/2] Queuing KVM_SWAP_GUEST_PAGES (gfn1=0x12ac29 gfn2=0x1883a0)...
[1/2] Swap queued; vcpu0 kicked — waiting for svm_vcpu_run() to execute it...
[2/2] Polling KVM_USP_SWAP_STATUS (timeout 30s)...
[2/2] Swap complete after 122481 poll iterations.
Page swap complete — check dmesg for kernel details.
src_gpa=0x12ac29000 (gfn=0x12ac29), dst_gpa=0x1883a1000 (gfn=0x1883a1)
is_swap_back=1, nr_times=1
[1/2] Queuing KVM_SWAP_GUEST_PAGES (gfn1=0x12ac29 gfn2=0x1883a1)...
[1/2] Swap queued; vcpu0 kicked — waiting for svm_vcpu_run() to execute it...
[2/2] Polling KVM_USP_SWAP_STATUS (timeout 30s)...
[2/2] Swap complete after 259386 poll iterations.
Page swap complete — check dmesg for kernel details.
src_gpa=0x12ac29000 (gfn=0x12ac29), dst_gpa=0x1883a2000 (gfn=0x1883a2)
is_swap_back=1, nr_times=1
[1/2] Queuing KVM_SWAP_GUEST_PAGES (gfn1=0x12ac29 gfn2=0x1883a2)...
[1/2] Swap queued; vcpu0 kicked — waiting for svm_vcpu_run() to execute it...
[2/2] Polling KVM_USP_SWAP_STATUS (timeout 30s)...
[2/2] Swap complete after 106151 poll iterations.
Page swap complete — check dmesg for kernel details.
src_gpa=0x12ac29000 (gfn=0x12ac29), dst_gpa=0x1883a3000 (gfn=0x1883a3)
is_swap_back=1, nr_times=1
[1/2] Queuing KVM_SWAP_GUEST_PAGES (gfn1=0x12ac29 gfn2=0x1883a3)...
[1/2] Swap queued; vcpu0 kicked — waiting for svm_vcpu_run() to execute it...
[2/2] Polling KVM_USP_SWAP_STATUS (timeout 30s)...
[2/2] Swap complete after 283099 poll iterations.
Page swap complete — check dmesg for kernel details.
src_gpa=0x12ac29000 (gfn=0x12ac29), dst_gpa=0x1883a4000 (gfn=0x1883a4)
is_swap_back=1, nr_times=1
[1/2] Queuing KVM_SWAP_GUEST_PAGES (gfn1=0x12ac29 gfn2=0x1883a4)...
[1/2] Swap queued; vcpu0 kicked — waiting for svm_vcpu_run() to execute it...
[2/2] Polling KVM_USP_SWAP_STATUS (timeout 30s)...
[2/2] Swap complete after 359879 poll iterations.
Page swap complete — check dmesg for kernel details.
src_gpa=0x12ac29000 (gfn=0x12ac29), dst_gpa=0x1883a5000 (gfn=0x1883a5)
is_swap_back=1, nr_times=1
[1/2] Queuing KVM_SWAP_GUEST_PAGES (gfn1=0x12ac29 gfn2=0x1883a5)...
[1/2] Swap queued; vcpu0 kicked — waiting for svm_vcpu_run() to execute it...
[2/2] Polling KVM_USP_SWAP_STATUS (timeout 30s)...
[2/2] Swap complete after 80573 poll iterations.
Page swap complete — check dmesg for kernel details.
src_gpa=0x12ac29000 (gfn=0x12ac29), dst_gpa=0x1883a6000 (gfn=0x1883a6)
is_swap_back=1, nr_times=1
[1/2] Queuing KVM_SWAP_GUEST_PAGES (gfn1=0x12ac29 gfn2=0x1883a6)...
[1/2] Swap queued; vcpu0 kicked — waiting for svm_vcpu_run() to execute it...
[2/2] Polling KVM_USP_SWAP_STATUS (timeout 30s)...
[2/2] Swap complete after 132508 poll iterations.
Page swap complete — check dmesg for kernel details.
src_gpa=0x12ac29000 (gfn=0x12ac29), dst_gpa=0x1883a7000 (gfn=0x1883a7)
is_swap_back=1, nr_times=1
[1/2] Queuing KVM_SWAP_GUEST_PAGES (gfn1=0x12ac29 gfn2=0x1883a7)...
[1/2] Swap queued; vcpu0 kicked — waiting for svm_vcpu_run() to execute it...
[2/2] Polling KVM_USP_SWAP_STATUS (timeout 30s)...
[2/2] Swap complete after 470179 poll iterations.
Page swap complete — check dmesg for kernel details.
src_gpa=0x12ac29000 (gfn=0x12ac29), dst_gpa=0x1883a8000 (gfn=0x1883a8)
is_swap_back=1, nr_times=1
[1/2] Queuing KVM_SWAP_GUEST_PAGES (gfn1=0x12ac29 gfn2=0x1883a8)...
[1/2] Swap queued; vcpu0 kicked — waiting for svm_vcpu_run() to execute it...
[2/2] Polling KVM_USP_SWAP_STATUS (timeout 30s)...
[2/2] Swap complete after 259948 poll iterations.
Page swap complete — check dmesg for kernel details.
src_gpa=0x12ac29000 (gfn=0x12ac29), dst_gpa=0x1883a9000 (gfn=0x1883a9)
is_swap_back=1, nr_times=1
[1/2] Queuing KVM_SWAP_GUEST_PAGES (gfn1=0x12ac29 gfn2=0x1883a9)...
[1/2] Swap queued; vcpu0 kicked — waiting for svm_vcpu_run() to execute it...
[2/2] Polling KVM_USP_SWAP_STATUS (timeout 30s)...
[2/2] Swap complete after 139614 poll iterations.
Page swap complete — check dmesg for kernel details.
src_gpa=0x12ac29000 (gfn=0x12ac29), dst_gpa=0x1883aa000 (gfn=0x1883aa)
is_swap_back=1, nr_times=1
[1/2] Queuing KVM_SWAP_GUEST_PAGES (gfn1=0x12ac29 gfn2=0x1883aa)...
[1/2] Swap queued; vcpu0 kicked — waiting for svm_vcpu_run() to execute it...
[2/2] Polling KVM_USP_SWAP_STATUS (timeout 30s)...
[2/2] Swap complete after 655500 poll iterations.
Page swap complete — check dmesg for kernel details.

[37/64] u8= 55  chunk=dddc5c3edddc5c3edddc5c3edddc5c3e
  probe frag_p1: 194,4034  δ=256  prefix=3778
  GPA_ref055 = 0x11777b000
  do_swap_read(0x12ac29000, 0x11777b000) → ref_055.out

[38/64] u8= 44  chunk=b1b0303eb1b0303eb1b0303eb1b0303e
  probe frag_p1: 322,4034  δ=384  prefix=3650
  GPA_ref044 = 0x12a803000
  do_swap_read(0x12ac29000, 0x12a803000) → ref_044.out

[39/64] u8= 59  chunk=edec6c3eedec6c3eedec6c3eedec6c3e
  probe frag_p1: 322,4034  δ=384  prefix=3650
  GPA_ref059 = 0x117705000
  do_swap_read(0x12ac29000, 0x117705000) → ref_059.out

[40/64] u8= 54  chunk=d9d8583ed9d8583ed9d8583ed9d8583e
  probe frag_p1: 4034,4034  δ=0  prefix=4034
  GPA_ref054 = 0x117c2e000
  do_swap_read(0x12ac29000, 0x117c2e000) → ref_054.out

[41/64] u8= 45  chunk=b5b4343eb5b4343eb5b4343eb5b4343e
  probe frag_p1: 4034,4034  δ=0  prefix=4034
  GPA_ref045 = 0x117f70000
  do_swap_read(0x12ac29000, 0x117f70000) → ref_045.out

[42/64] u8= 53  chunk=d5d4543ed5d4543ed5d4543ed5d4543e
  probe frag_p1: 4034,4034  δ=0  prefix=4034
  GPA_ref053 = 0x117f39000
  do_swap_read(0x12ac29000, 0x117f39000) → ref_053.out

[43/64] u8= 52  chunk=d1d0503ed1d0503ed1d0503ed1d0503e
  probe frag_p1: 4034,4034  δ=0  prefix=4034
  GPA_ref052 = 0x121ecb000
  do_swap_read(0x12ac29000, 0x121ecb000) → ref_052.out

[44/64] u8=205  chunk=cecd4d3fcecd4d3fcecd4d3fcecd4d3f
  probe frag_p1: 4034,4034  δ=0  prefix=4034
  GPA_ref205 = 0x121e84000
  do_swap_read(0x12ac29000, 0x121e84000) → ref_205.out

[45/64] u8= 23  chunk=b9b8b83db9b8b83db9b8b83db9b8b83d
  probe frag_p1: 4034,4034  δ=0  prefix=4034
  GPA_ref023 = 0x115266000
  do_swap_read(0x12ac29000, 0x115266000) → ref_023.out

[46/64] u8= 46  chunk=b9b8383eb9b8383eb9b8383eb9b8383e
  probe frag_p1: 4034,4034  δ=0  prefix=4034
  GPA_ref046 = 0x117aff000
  do_swap_read(0x12ac29000, 0x117aff000) → ref_046.out

[47/64] u8= 47  chunk=bdbc3c3ebdbc3c3ebdbc3c3ebdbc3c3e
  probe frag_p1: 4034,4034  δ=0  prefix=4034
  GPA_ref047 = 0x115559000
  do_swap_read(0x12ac29000, 0x115559000) → ref_047.out

[48/64] u8= 51  chunk=cdcc4c3ecdcc4c3ecdcc4c3ecdcc4c3e
  probe frag_p1: 4034,4034  δ=0  prefix=4034
  GPA_ref051 = 0x117d82000
  do_swap_read(0x12ac29000, 0x117d82000) → ref_051.out

[49/64] u8= 49  chunk=c5c4443ec5c4443ec5c4443ec5c4443e
  [drain] flushing guest ICMP buffer + reloading module...
  [drain] drained 0
  [reload] guest_large_icmp_monitor (/home/ubuntu/sev-h100-sidechannel/2026attack/flow/guest_tool/guest_large_icmp_monitor.ko): OK
  probe frag_p1: 4034,4034  δ=0  prefix=4034
  GPA_ref049 = 0x121e94000
  do_swap_read(0x12ac29000, 0x121e94000) → ref_049.out

[50/64] u8= 60  chunk=f1f0703ef1f0703ef1f0703ef1f0703e
  probe frag_p1: 4034,4034  δ=0  prefix=4034
  GPA_ref060 = 0x117aad000
  do_swap_read(0x12ac29000, 0x117aad000) → ref_060.out

[51/64] u8= 22  chunk=b1b0b03db1b0b03db1b0b03db1b0b03d
  probe frag_p1: 4034,4034  δ=0  prefix=4034
  GPA_ref022 = 0x117ab7000
  do_swap_read(0x12ac29000, 0x117ab7000) → ref_022.out

[52/64] u8= 48  chunk=c1c0403ec1c0403ec1c0403ec1c0403e
  probe frag_p1: 4034,4034  δ=0  prefix=4034
  GPA_ref048 = 0x1159c8000
  do_swap_read(0x12ac29000, 0x1159c8000) → ref_048.out

[53/64] u8= 12  chunk=c1c0403dc1c0403dc1c0403dc1c0403d
  probe frag_p1: 4034,4034  δ=0  prefix=4034
  GPA_ref012 = 0x11ec3a000
  do_swap_read(0x12ac29000, 0x11ec3a000) → ref_012.out

[54/64] u8= 21  chunk=a9a8a83da9a8a83da9a8a83da9a8a83d
  probe frag_p1: 4034,4034  δ=0  prefix=4034
  GPA_ref021 = 0x11574b000
  do_swap_read(0x12ac29000, 0x11574b000) → ref_021.out

[55/64] u8= 61  chunk=f5f4743ef5f4743ef5f4743ef5f4743e
  probe frag_p1: 4034,4034  δ=0  prefix=4034
  GPA_ref061 = 0x107a95000
  do_swap_read(0x12ac29000, 0x107a95000) → ref_061.out

[56/64] u8= 62  chunk=f9f8783ef9f8783ef9f8783ef9f8783e
  probe frag_p1: 4034,4034  δ=0  prefix=4034
  GPA_ref062 = 0x115556000
  do_swap_read(0x12ac29000, 0x115556000) → ref_062.out

[57/64] u8= 20  chunk=a1a0a03da1a0a03da1a0a03da1a0a03d
  probe frag_p1: 4034,4034  δ=0  prefix=4034
  GPA_ref020 = 0x107db0000
  do_swap_read(0x12ac29000, 0x107db0000) → ref_020.out

[58/64] u8= 63  chunk=fdfc7c3efdfc7c3efdfc7c3efdfc7c3e
  probe frag_p1: 4034,4034  δ=0  prefix=4034
  GPA_ref063 = 0x115549000
  do_swap_read(0x12ac29000, 0x115549000) → ref_063.out

[59/64] u8= 16  chunk=8180803d8180803d8180803d8180803d
  probe frag_p1: 4034,4034  δ=0  prefix=4034
  GPA_ref016 = 0x11941b000
  do_swap_read(0x12ac29000, 0x11941b000) → ref_016.out

[60/64] u8= 64  chunk=8180803e8180803e8180803e8180803e
  probe frag_p1: 4034,4034  δ=0  prefix=4034
  GPA_ref064 = 0x1150ac000
  do_swap_read(0x12ac29000, 0x1150ac000) → ref_064.out

[61/64] u8= 13  chunk=d1d0503dd1d0503dd1d0503dd1d0503d
  probe frag_p1: 4034,4034  δ=0  prefix=4034
  GPA_ref013 = 0x117bb6000
  do_swap_read(0x12ac29000, 0x117bb6000) → ref_013.out

[62/64] u8= 65  chunk=8382823e8382823e8382823e8382823e
  probe frag_p1: 4034,4034  δ=0  prefix=4034
  GPA_ref065 = 0x117db7000
  do_swap_read(0x12ac29000, 0x117db7000) → ref_065.out

[63/64] u8= 19  chunk=9998983d9998983d9998983d9998983d
  probe frag_p1: 4034,4034  δ=0  prefix=4034
  GPA_ref019 = 0x117679000
  do_swap_read(0x12ac29000, 0x117679000) → ref_019.out

[64/64] u8= 66  chunk=8584843e8584843e8584843e8584843e
  probe frag_p1: 4034,4034  δ=0  prefix=4034
  GPA_ref066 = 0x11766b000
  do_swap_read(0x12ac29000, 0x11766b000) → ref_066.out

[build] Done. 64/64 refs → /home/eun/proof_code/mura/dict_cache_mura.json
[pipeline] loading classifier from /home/eun/bnb/mura/mura_xor_slice_64ref_v2.pth ...

[pipeline] === /home/eun/esp_bak/sev-step/userspace/write-tracker/mura/mura_host_regB_1.log ===
  1156 candidates total, skipping top 2, attempting next 2
  [rank 3] block=0x188200000 best_range=(0x18838a000, 73p) -> infer ...
[infer] FIXED_GPA   = 0x12ac29000
[infer] image_gpa   = 0x18838a000  (49 pages)
  page  0/48  do_swap_read(0x12ac29000, 0x18838a000) → img_00.out
  page  1/48  do_swap_read(0x12ac29000, 0x18838b000) → img_01.out
  page  2/48  do_swap_read(0x12ac29000, 0x18838c000) → img_02.out
  page  3/48  do_swap_read(0x12ac29000, 0x18838d000) → img_03.out
  page  4/48  do_swap_read(0x12ac29000, 0x18838e000) → img_04.out
  page  5/48  do_swap_read(0x12ac29000, 0x18838f000) → img_05.out
  page  6/48  do_swap_read(0x12ac29000, 0x188390000) → img_06.out
  page  7/48  do_swap_read(0x12ac29000, 0x188391000) → img_07.out
  page  8/48  do_swap_read(0x12ac29000, 0x188392000) → img_08.out
  page  9/48  do_swap_read(0x12ac29000, 0x188393000) → img_09.out
  page 10/48  do_swap_read(0x12ac29000, 0x188394000) → img_10.out
  page 11/48  do_swap_read(0x12ac29000, 0x188395000) → img_11.out
  page 12/48  do_swap_read(0x12ac29000, 0x188396000) → img_12.out
  page 13/48  do_swap_read(0x12ac29000, 0x188397000) → img_13.out
  page 14/48  do_swap_read(0x12ac29000, 0x188398000) → img_14.out
  page 15/48  do_swap_read(0x12ac29000, 0x188399000) → img_15.out
  page 16/48  do_swap_read(0x12ac29000, 0x18839a000) → img_16.out
  page 17/48  do_swap_read(0x12ac29000, 0x18839b000) → img_17.out
  page 18/48  do_swap_read(0x12ac29000, 0x18839c000) → img_18.out
  page 19/48  do_swap_read(0x12ac29000, 0x18839d000) → img_19.out
  page 20/48  do_swap_read(0x12ac29000, 0x18839e000) → img_20.out
  page 21/48  do_swap_read(0x12ac29000, 0x18839f000) → img_21.out
  page 22/48  do_swap_read(0x12ac29000, 0x1883a0000) → img_22.out
  page 23/48  do_swap_read(0x12ac29000, 0x1883a1000) → img_23.out
  page 24/48  do_swap_read(0x12ac29000, 0x1883a2000) → img_24.out
  page 25/48  do_swap_read(0x12ac29000, 0x1883a3000) → img_25.out
  page 26/48  do_swap_read(0x12ac29000, 0x1883a4000) → img_26.out
  page 27/48  do_swap_read(0x12ac29000, 0x1883a5000) → img_27.out
  page 28/48  do_swap_read(0x12ac29000, 0x1883a6000) → img_28.out
  page 29/48  do_swap_read(0x12ac29000, 0x1883a7000) → img_29.out
  page 30/48  do_swap_read(0x12ac29000, 0x1883a8000) → img_30.out
  page 31/48  do_swap_read(0x12ac29000, 0x1883a9000) → img_31.out
  page 32/48  do_swap_read(0x12ac29000, 0x1883aa000) → img_32.out
src_gpa=0x12ac29000 (gfn=0x12ac29), dst_gpa=0x1883ab000 (gfn=0x1883ab)
is_swap_back=1, nr_times=1
[1/2] Queuing KVM_SWAP_GUEST_PAGES (gfn1=0x12ac29 gfn2=0x1883ab)...
[1/2] Swap queued; vcpu0 kicked — waiting for svm_vcpu_run() to execute it...
[2/2] Polling KVM_USP_SWAP_STATUS (timeout 30s)...
[2/2] Swap complete after 225161 poll iterations.
Page swap complete — check dmesg for kernel details.
src_gpa=0x12ac29000 (gfn=0x12ac29), dst_gpa=0x1883ac000 (gfn=0x1883ac)
is_swap_back=1, nr_times=1
[1/2] Queuing KVM_SWAP_GUEST_PAGES (gfn1=0x12ac29 gfn2=0x1883ac)...
[1/2] Swap queued; vcpu0 kicked — waiting for svm_vcpu_run() to execute it...
[2/2] Polling KVM_USP_SWAP_STATUS (timeout 30s)...
[2/2] Swap complete after 695309 poll iterations.
Page swap complete — check dmesg for kernel details.
src_gpa=0x12ac29000 (gfn=0x12ac29), dst_gpa=0x1883ad000 (gfn=0x1883ad)
is_swap_back=1, nr_times=1
[1/2] Queuing KVM_SWAP_GUEST_PAGES (gfn1=0x12ac29 gfn2=0x1883ad)...
[1/2] Swap queued; vcpu0 kicked — waiting for svm_vcpu_run() to execute it...
[2/2] Polling KVM_USP_SWAP_STATUS (timeout 30s)...
[2/2] Swap complete after 73946 poll iterations.
Page swap complete — check dmesg for kernel details.
src_gpa=0x12ac29000 (gfn=0x12ac29), dst_gpa=0x1883ae000 (gfn=0x1883ae)
is_swap_back=1, nr_times=1
[1/2] Queuing KVM_SWAP_GUEST_PAGES (gfn1=0x12ac29 gfn2=0x1883ae)...
[1/2] Swap queued; vcpu0 kicked — waiting for svm_vcpu_run() to execute it...
[2/2] Polling KVM_USP_SWAP_STATUS (timeout 30s)...
[2/2] Swap complete after 79836 poll iterations.
Page swap complete — check dmesg for kernel details.
src_gpa=0x12ac29000 (gfn=0x12ac29), dst_gpa=0x1883af000 (gfn=0x1883af)
is_swap_back=1, nr_times=1
[1/2] Queuing KVM_SWAP_GUEST_PAGES (gfn1=0x12ac29 gfn2=0x1883af)...
[1/2] Swap queued; vcpu0 kicked — waiting for svm_vcpu_run() to execute it...
[2/2] Polling KVM_USP_SWAP_STATUS (timeout 30s)...
[2/2] Swap complete after 209897 poll iterations.
Page swap complete — check dmesg for kernel details.
src_gpa=0x12ac29000 (gfn=0x12ac29), dst_gpa=0x1883b0000 (gfn=0x1883b0)
is_swap_back=1, nr_times=1
[1/2] Queuing KVM_SWAP_GUEST_PAGES (gfn1=0x12ac29 gfn2=0x1883b0)...
[1/2] Swap queued; vcpu0 kicked — waiting for svm_vcpu_run() to execute it...
[2/2] Polling KVM_USP_SWAP_STATUS (timeout 30s)...
[2/2] Swap complete after 675259 poll iterations.
Page swap complete — check dmesg for kernel details.
src_gpa=0x12ac29000 (gfn=0x12ac29), dst_gpa=0x1883b1000 (gfn=0x1883b1)
is_swap_back=1, nr_times=1
[1/2] Queuing KVM_SWAP_GUEST_PAGES (gfn1=0x12ac29 gfn2=0x1883b1)...
[1/2] Swap queued; vcpu0 kicked — waiting for svm_vcpu_run() to execute it...
[2/2] Polling KVM_USP_SWAP_STATUS (timeout 30s)...
[2/2] Swap complete after 74818 poll iterations.
Page swap complete — check dmesg for kernel details.
src_gpa=0x12ac29000 (gfn=0x12ac29), dst_gpa=0x1883b2000 (gfn=0x1883b2)
is_swap_back=1, nr_times=1
[1/2] Queuing KVM_SWAP_GUEST_PAGES (gfn1=0x12ac29 gfn2=0x1883b2)...
[1/2] Swap queued; vcpu0 kicked — waiting for svm_vcpu_run() to execute it...
[2/2] Polling KVM_USP_SWAP_STATUS (timeout 30s)...
[2/2] Swap complete after 799143 poll iterations.
Page swap complete — check dmesg for kernel details.
src_gpa=0x12ac29000 (gfn=0x12ac29), dst_gpa=0x1883b3000 (gfn=0x1883b3)
is_swap_back=1, nr_times=1
[1/2] Queuing KVM_SWAP_GUEST_PAGES (gfn1=0x12ac29 gfn2=0x1883b3)...
[1/2] Swap queued; vcpu0 kicked — waiting for svm_vcpu_run() to execute it...
[2/2] Polling KVM_USP_SWAP_STATUS (timeout 30s)...
[2/2] Swap complete after 313308 poll iterations.
Page swap complete — check dmesg for kernel details.
src_gpa=0x12ac29000 (gfn=0x12ac29), dst_gpa=0x1883b4000 (gfn=0x1883b4)
is_swap_back=1, nr_times=1
[1/2] Queuing KVM_SWAP_GUEST_PAGES (gfn1=0x12ac29 gfn2=0x1883b4)...
[1/2] Swap queued; vcpu0 kicked — waiting for svm_vcpu_run() to execute it...
[2/2] Polling KVM_USP_SWAP_STATUS (timeout 30s)...
[2/2] Swap complete after 254699 poll iterations.
Page swap complete — check dmesg for kernel details.
src_gpa=0x12ac29000 (gfn=0x12ac29), dst_gpa=0x1883b5000 (gfn=0x1883b5)
is_swap_back=1, nr_times=1
[1/2] Queuing KVM_SWAP_GUEST_PAGES (gfn1=0x12ac29 gfn2=0x1883b5)...
[1/2] Swap queued; vcpu0 kicked — waiting for svm_vcpu_run() to execute it...
[2/2] Polling KVM_USP_SWAP_STATUS (timeout 30s)...
[2/2] Swap complete after 294733 poll iterations.
Page swap complete — check dmesg for kernel details.
src_gpa=0x12ac29000 (gfn=0x12ac29), dst_gpa=0x1883b6000 (gfn=0x1883b6)
is_swap_back=1, nr_times=1
[1/2] Queuing KVM_SWAP_GUEST_PAGES (gfn1=0x12ac29 gfn2=0x1883b6)...
[1/2] Swap queued; vcpu0 kicked — waiting for svm_vcpu_run() to execute it...
[2/2] Polling KVM_USP_SWAP_STATUS (timeout 30s)...
[2/2] Swap complete after 501640 poll iterations.
Page swap complete — check dmesg for kernel details.
src_gpa=0x12ac29000 (gfn=0x12ac29), dst_gpa=0x1883b7000 (gfn=0x1883b7)
is_swap_back=1, nr_times=1
[1/2] Queuing KVM_SWAP_GUEST_PAGES (gfn1=0x12ac29 gfn2=0x1883b7)...
[1/2] Swap queued; vcpu0 kicked — waiting for svm_vcpu_run() to execute it...
[2/2] Polling KVM_USP_SWAP_STATUS (timeout 30s)...
[2/2] Swap complete after 377459 poll iterations.
Page swap complete — check dmesg for kernel details.
src_gpa=0x12ac29000 (gfn=0x12ac29), dst_gpa=0x1883b8000 (gfn=0x1883b8)
is_swap_back=1, nr_times=1
[1/2] Queuing KVM_SWAP_GUEST_PAGES (gfn1=0x12ac29 gfn2=0x1883b8)...
[1/2] Swap queued; vcpu0 kicked — waiting for svm_vcpu_run() to execute it...
[2/2] Polling KVM_USP_SWAP_STATUS (timeout 30s)...
[2/2] Swap complete after 139575 poll iterations.
Page swap complete — check dmesg for kernel details.
src_gpa=0x12ac29000 (gfn=0x12ac29), dst_gpa=0x1883b9000 (gfn=0x1883b9)
is_swap_back=1, nr_times=1
[1/2] Queuing KVM_SWAP_GUEST_PAGES (gfn1=0x12ac29 gfn2=0x1883b9)...
[1/2] Swap queued; vcpu0 kicked — waiting for svm_vcpu_run() to execute it...
[2/2] Polling KVM_USP_SWAP_STATUS (timeout 30s)...
[2/2] Swap complete after 390816 poll iterations.
Page swap complete — check dmesg for kernel details.
src_gpa=0x12ac29000 (gfn=0x12ac29), dst_gpa=0x1883ba000 (gfn=0x1883ba)
is_swap_back=1, nr_times=1
[1/2] Queuing KVM_SWAP_GUEST_PAGES (gfn1=0x12ac29 gfn2=0x1883ba)...
[1/2] Swap queued; vcpu0 kicked — waiting for svm_vcpu_run() to execute it...
[2/2] Polling KVM_USP_SWAP_STATUS (timeout 30s)...
[2/2] Swap complete after 131756 poll iterations.
Page swap complete — check dmesg for kernel details.
src_gpa=0x12ac29000 (gfn=0x12ac29), dst_gpa=0x175404000 (gfn=0x175404)
is_swap_back=1, nr_times=1
[1/2] Queuing KVM_SWAP_GUEST_PAGES (gfn1=0x12ac29 gfn2=0x175404)...
[1/2] Swap queued; vcpu0 kicked — waiting for svm_vcpu_run() to execute it...
[2/2] Polling KVM_USP_SWAP_STATUS (timeout 30s)...
[2/2] Swap complete after 492301 poll iterations.
Page swap complete — check dmesg for kernel details.
src_gpa=0x12ac29000 (gfn=0x12ac29), dst_gpa=0x175405000 (gfn=0x175405)
is_swap_back=1, nr_times=1
[1/2] Queuing KVM_SWAP_GUEST_PAGES (gfn1=0x12ac29 gfn2=0x175405)...
[1/2] Swap queued; vcpu0 kicked — waiting for svm_vcpu_run() to execute it...
[2/2] Polling KVM_USP_SWAP_STATUS (timeout 30s)...
[2/2] Swap complete after 83514 poll iterations.
Page swap complete — check dmesg for kernel details.
src_gpa=0x12ac29000 (gfn=0x12ac29), dst_gpa=0x175406000 (gfn=0x175406)
is_swap_back=1, nr_times=1
[1/2] Queuing KVM_SWAP_GUEST_PAGES (gfn1=0x12ac29 gfn2=0x175406)...
[1/2] Swap queued; vcpu0 kicked — waiting for svm_vcpu_run() to execute it...
[2/2] Polling KVM_USP_SWAP_STATUS (timeout 30s)...
[2/2] Swap complete after 251239 poll iterations.
Page swap complete — check dmesg for kernel details.
src_gpa=0x12ac29000 (gfn=0x12ac29), dst_gpa=0x175407000 (gfn=0x175407)
is_swap_back=1, nr_times=1
[1/2] Queuing KVM_SWAP_GUEST_PAGES (gfn1=0x12ac29 gfn2=0x175407)...
[1/2] Swap queued; vcpu0 kicked — waiting for svm_vcpu_run() to execute it...
[2/2] Polling KVM_USP_SWAP_STATUS (timeout 30s)...
[2/2] Swap complete after 122613 poll iterations.
Page swap complete — check dmesg for kernel details.
src_gpa=0x12ac29000 (gfn=0x12ac29), dst_gpa=0x175408000 (gfn=0x175408)
is_swap_back=1, nr_times=1
[1/2] Queuing KVM_SWAP_GUEST_PAGES (gfn1=0x12ac29 gfn2=0x175408)...
[1/2] Swap queued; vcpu0 kicked — waiting for svm_vcpu_run() to execute it...
[2/2] Polling KVM_USP_SWAP_STATUS (timeout 30s)...
[2/2] Swap complete after 383161 poll iterations.
Page swap complete — check dmesg for kernel details.
src_gpa=0x12ac29000 (gfn=0x12ac29), dst_gpa=0x175409000 (gfn=0x175409)
is_swap_back=1, nr_times=1
[1/2] Queuing KVM_SWAP_GUEST_PAGES (gfn1=0x12ac29 gfn2=0x175409)...
[1/2] Swap queued; vcpu0 kicked — waiting for svm_vcpu_run() to execute it...
[2/2] Polling KVM_USP_SWAP_STATUS (timeout 30s)...
[2/2] Swap complete after 413269 poll iterations.
Page swap complete — check dmesg for kernel details.
src_gpa=0x12ac29000 (gfn=0x12ac29), dst_gpa=0x17540a000 (gfn=0x17540a)
is_swap_back=1, nr_times=1
[1/2] Queuing KVM_SWAP_GUEST_PAGES (gfn1=0x12ac29 gfn2=0x17540a)...
[1/2] Swap queued; vcpu0 kicked — waiting for svm_vcpu_run() to execute it...
[2/2] Polling KVM_USP_SWAP_STATUS (timeout 30s)...
[2/2] Swap complete after 471625 poll iterations.
Page swap complete — check dmesg for kernel details.
src_gpa=0x12ac29000 (gfn=0x12ac29), dst_gpa=0x17540b000 (gfn=0x17540b)
is_swap_back=1, nr_times=1
[1/2] Queuing KVM_SWAP_GUEST_PAGES (gfn1=0x12ac29 gfn2=0x17540b)...
[1/2] Swap queued; vcpu0 kicked — waiting for svm_vcpu_run() to execute it...
[2/2] Polling KVM_USP_SWAP_STATUS (timeout 30s)...
[2/2] Swap complete after 357564 poll iterations.
Page swap complete — check dmesg for kernel details.
src_gpa=0x12ac29000 (gfn=0x12ac29), dst_gpa=0x17540c000 (gfn=0x17540c)
is_swap_back=1, nr_times=1
[1/2] Queuing KVM_SWAP_GUEST_PAGES (gfn1=0x12ac29 gfn2=0x17540c)...
[1/2] Swap queued; vcpu0 kicked — waiting for svm_vcpu_run() to execute it...
[2/2] Polling KVM_USP_SWAP_STATUS (timeout 30s)...
[2/2] Swap complete after 358421 poll iterations.
Page swap complete — check dmesg for kernel details.
src_gpa=0x12ac29000 (gfn=0x12ac29), dst_gpa=0x17540d000 (gfn=0x17540d)
is_swap_back=1, nr_times=1
[1/2] Queuing KVM_SWAP_GUEST_PAGES (gfn1=0x12ac29 gfn2=0x17540d)...
[1/2] Swap queued; vcpu0 kicked — waiting for svm_vcpu_run() to execute it...
[2/2] Polling KVM_USP_SWAP_STATUS (timeout 30s)...
[2/2] Swap complete after 126473 poll iterations.
Page swap complete — check dmesg for kernel details.
src_gpa=0x12ac29000 (gfn=0x12ac29), dst_gpa=0x17540e000 (gfn=0x17540e)
is_swap_back=1, nr_times=1
[1/2] Queuing KVM_SWAP_GUEST_PAGES (gfn1=0x12ac29 gfn2=0x17540e)...
[1/2] Swap queued; vcpu0 kicked — waiting for svm_vcpu_run() to execute it...
[2/2] Polling KVM_USP_SWAP_STATUS (timeout 30s)...
[2/2] Swap complete after 611528 poll iterations.
Page swap complete — check dmesg for kernel details.
src_gpa=0x12ac29000 (gfn=0x12ac29), dst_gpa=0x17540f000 (gfn=0x17540f)
is_swap_back=1, nr_times=1
[1/2] Queuing KVM_SWAP_GUEST_PAGES (gfn1=0x12ac29 gfn2=0x17540f)...
[1/2] Swap queued; vcpu0 kicked — waiting for svm_vcpu_run() to execute it...
[2/2] Polling KVM_USP_SWAP_STATUS (timeout 30s)...
[2/2] Swap complete after 269183 poll iterations.
Page swap complete — check dmesg for kernel details.
src_gpa=0x12ac29000 (gfn=0x12ac29), dst_gpa=0x175410000 (gfn=0x175410)
is_swap_back=1, nr_times=1
[1/2] Queuing KVM_SWAP_GUEST_PAGES (gfn1=0x12ac29 gfn2=0x175410)...
[1/2] Swap queued; vcpu0 kicked — waiting for svm_vcpu_run() to execute it...
[2/2] Polling KVM_USP_SWAP_STATUS (timeout 30s)...
[2/2] Swap complete after 898867 poll iterations.
Page swap complete — check dmesg for kernel details.
src_gpa=0x12ac29000 (gfn=0x12ac29), dst_gpa=0x175411000 (gfn=0x175411)
is_swap_back=1, nr_times=1
[1/2] Queuing KVM_SWAP_GUEST_PAGES (gfn1=0x12ac29 gfn2=0x175411)...
[1/2] Swap queued; vcpu0 kicked — waiting for svm_vcpu_run() to execute it...
[2/2] Polling KVM_USP_SWAP_STATUS (timeout 30s)...
[2/2] Swap complete after 92409 poll iterations.
Page swap complete — check dmesg for kernel details.
src_gpa=0x12ac29000 (gfn=0x12ac29), dst_gpa=0x175412000 (gfn=0x175412)
is_swap_back=1, nr_times=1
[1/2] Queuing KVM_SWAP_GUEST_PAGES (gfn1=0x12ac29 gfn2=0x175412)...
[1/2] Swap queued; vcpu0 kicked — waiting for svm_vcpu_run() to execute it...
[2/2] Polling KVM_USP_SWAP_STATUS (timeout 30s)...
[2/2] Swap complete after 262020 poll iterations.
Page swap complete — check dmesg for kernel details.
src_gpa=0x12ac29000 (gfn=0x12ac29), dst_gpa=0x175413000 (gfn=0x175413)
is_swap_back=1, nr_times=1
[1/2] Queuing KVM_SWAP_GUEST_PAGES (gfn1=0x12ac29 gfn2=0x175413)...
[1/2] Swap queued; vcpu0 kicked — waiting for svm_vcpu_run() to execute it...
[2/2] Polling KVM_USP_SWAP_STATUS (timeout 30s)...
[2/2] Swap complete after 521322 poll iterations.
Page swap complete — check dmesg for kernel details.
src_gpa=0x12ac29000 (gfn=0x12ac29), dst_gpa=0x175414000 (gfn=0x175414)
is_swap_back=1, nr_times=1
[1/2] Queuing KVM_SWAP_GUEST_PAGES (gfn1=0x12ac29 gfn2=0x175414)...
[1/2] Swap queued; vcpu0 kicked — waiting for svm_vcpu_run() to execute it...
[2/2] Polling KVM_USP_SWAP_STATUS (timeout 30s)...
[2/2] Swap complete after 279076 poll iterations.
Page swap complete — check dmesg for kernel details.
src_gpa=0x12ac29000 (gfn=0x12ac29), dst_gpa=0x175415000 (gfn=0x175415)
is_swap_back=1, nr_times=1
[1/2] Queuing KVM_SWAP_GUEST_PAGES (gfn1=0x12ac29 gfn2=0x175415)...
[1/2] Swap queued; vcpu0 kicked — waiting for svm_vcpu_run() to execute it...
[2/2] Polling KVM_USP_SWAP_STATUS (timeout 30s)...
[2/2] Swap complete after 607280 poll iterations.
Page swap complete — check dmesg for kernel details.
src_gpa=0x12ac29000 (gfn=0x12ac29), dst_gpa=0x175416000 (gfn=0x175416)
is_swap_back=1, nr_times=1
[1/2] Queuing KVM_SWAP_GUEST_PAGES (gfn1=0x12ac29 gfn2=0x175416)...
[1/2] Swap queued; vcpu0 kicked — waiting for svm_vcpu_run() to execute it...
[2/2] Polling KVM_USP_SWAP_STATUS (timeout 30s)...
[2/2] Swap complete after 118654 poll iterations.
Page swap complete — check dmesg for kernel details.
src_gpa=0x12ac29000 (gfn=0x12ac29), dst_gpa=0x175417000 (gfn=0x175417)
is_swap_back=1, nr_times=1
[1/2] Queuing KVM_SWAP_GUEST_PAGES (gfn1=0x12ac29 gfn2=0x175417)...
[1/2] Swap queued; vcpu0 kicked — waiting for svm_vcpu_run() to execute it...
[2/2] Polling KVM_USP_SWAP_STATUS (timeout 30s)...
[2/2] Swap complete after 63645 poll iterations.
Page swap complete — check dmesg for kernel details.
src_gpa=0x12ac29000 (gfn=0x12ac29), dst_gpa=0x175418000 (gfn=0x175418)
is_swap_back=1, nr_times=1
[1/2] Queuing KVM_SWAP_GUEST_PAGES (gfn1=0x12ac29 gfn2=0x175418)...
[1/2] Swap queued; vcpu0 kicked — waiting for svm_vcpu_run() to execute it...
[2/2] Polling KVM_USP_SWAP_STATUS (timeout 30s)...
[2/2] Swap complete after 125176 poll iterations.
Page swap complete — check dmesg for kernel details.
src_gpa=0x12ac29000 (gfn=0x12ac29), dst_gpa=0x175419000 (gfn=0x175419)
is_swap_back=1, nr_times=1
[1/2] Queuing KVM_SWAP_GUEST_PAGES (gfn1=0x12ac29 gfn2=0x175419)...
[1/2] Swap queued; vcpu0 kicked — waiting for svm_vcpu_run() to execute it...
[2/2] Polling KVM_USP_SWAP_STATUS (timeout 30s)...
[2/2] Swap complete after 125060 poll iterations.
Page swap complete — check dmesg for kernel details.
src_gpa=0x12ac29000 (gfn=0x12ac29), dst_gpa=0x17541a000 (gfn=0x17541a)
is_swap_back=1, nr_times=1
[1/2] Queuing KVM_SWAP_GUEST_PAGES (gfn1=0x12ac29 gfn2=0x17541a)...
[1/2] Swap queued; vcpu0 kicked — waiting for svm_vcpu_run() to execute it...
[2/2] Polling KVM_USP_SWAP_STATUS (timeout 30s)...
[2/2] Swap complete after 263188 poll iterations.
Page swap complete — check dmesg for kernel details.
src_gpa=0x12ac29000 (gfn=0x12ac29), dst_gpa=0x17541b000 (gfn=0x17541b)
is_swap_back=1, nr_times=1
[1/2] Queuing KVM_SWAP_GUEST_PAGES (gfn1=0x12ac29 gfn2=0x17541b)...
[1/2] Swap queued; vcpu0 kicked — waiting for svm_vcpu_run() to execute it...
[2/2] Polling KVM_USP_SWAP_STATUS (timeout 30s)...
[2/2] Swap complete after 141800 poll iterations.
Page swap complete — check dmesg for kernel details.
src_gpa=0x12ac29000 (gfn=0x12ac29), dst_gpa=0x17541c000 (gfn=0x17541c)
is_swap_back=1, nr_times=1
[1/2] Queuing KVM_SWAP_GUEST_PAGES (gfn1=0x12ac29 gfn2=0x17541c)...
[1/2] Swap queued; vcpu0 kicked — waiting for svm_vcpu_run() to execute it...
[2/2] Polling KVM_USP_SWAP_STATUS (timeout 30s)...
[2/2] Swap complete after 401478 poll iterations.
Page swap complete — check dmesg for kernel details.
src_gpa=0x12ac29000 (gfn=0x12ac29), dst_gpa=0x17541d000 (gfn=0x17541d)
is_swap_back=1, nr_times=1
[1/2] Queuing KVM_SWAP_GUEST_PAGES (gfn1=0x12ac29 gfn2=0x17541d)...
[1/2] Swap queued; vcpu0 kicked — waiting for svm_vcpu_run() to execute it...
[2/2] Polling KVM_USP_SWAP_STATUS (timeout 30s)...
[2/2] Swap complete after 482571 poll iterations.
Page swap complete — check dmesg for kernel details.
src_gpa=0x12ac29000 (gfn=0x12ac29), dst_gpa=0x17541e000 (gfn=0x17541e)
is_swap_back=1, nr_times=1
[1/2] Queuing KVM_SWAP_GUEST_PAGES (gfn1=0x12ac29 gfn2=0x17541e)...
[1/2] Swap queued; vcpu0 kicked — waiting for svm_vcpu_run() to execute it...
[2/2] Polling KVM_USP_SWAP_STATUS (timeout 30s)...
[2/2] Swap complete after 567032 poll iterations.
Page swap complete — check dmesg for kernel details.
src_gpa=0x12ac29000 (gfn=0x12ac29), dst_gpa=0x17541f000 (gfn=0x17541f)
is_swap_back=1, nr_times=1
[1/2] Queuing KVM_SWAP_GUEST_PAGES (gfn1=0x12ac29 gfn2=0x17541f)...
[1/2] Swap queued; vcpu0 kicked — waiting for svm_vcpu_run() to execute it...
[2/2] Polling KVM_USP_SWAP_STATUS (timeout 30s)...
[2/2] Swap complete after 124518 poll iterations.
Page swap complete — check dmesg for kernel details.
src_gpa=0x12ac29000 (gfn=0x12ac29), dst_gpa=0x175420000 (gfn=0x175420)
is_swap_back=1, nr_times=1
[1/2] Queuing KVM_SWAP_GUEST_PAGES (gfn1=0x12ac29 gfn2=0x175420)...
[1/2] Swap queued; vcpu0 kicked — waiting for svm_vcpu_run() to execute it...
[2/2] Polling KVM_USP_SWAP_STATUS (timeout 30s)...
[2/2] Swap complete after 175147 poll iterations.
Page swap complete — check dmesg for kernel details.
src_gpa=0x12ac29000 (gfn=0x12ac29), dst_gpa=0x175421000 (gfn=0x175421)
is_swap_back=1, nr_times=1
[1/2] Queuing KVM_SWAP_GUEST_PAGES (gfn1=0x12ac29 gfn2=0x175421)...
[1/2] Swap queued; vcpu0 kicked — waiting for svm_vcpu_run() to execute it...
[2/2] Polling KVM_USP_SWAP_STATUS (timeout 30s)...
[2/2] Swap complete after 211292 poll iterations.
Page swap complete — check dmesg for kernel details.
src_gpa=0x12ac29000 (gfn=0x12ac29), dst_gpa=0x175422000 (gfn=0x175422)
is_swap_back=1, nr_times=1
[1/2] Queuing KVM_SWAP_GUEST_PAGES (gfn1=0x12ac29 gfn2=0x175422)...
[1/2] Swap queued; vcpu0 kicked — waiting for svm_vcpu_run() to execute it...
[2/2] Polling KVM_USP_SWAP_STATUS (timeout 30s)...
[2/2] Swap complete after 676443 poll iterations.
Page swap complete — check dmesg for kernel details.
src_gpa=0x12ac29000 (gfn=0x12ac29), dst_gpa=0x175423000 (gfn=0x175423)
is_swap_back=1, nr_times=1
[1/2] Queuing KVM_SWAP_GUEST_PAGES (gfn1=0x12ac29 gfn2=0x175423)...
[1/2] Swap queued; vcpu0 kicked — waiting for svm_vcpu_run() to execute it...
[2/2] Polling KVM_USP_SWAP_STATUS (timeout 30s)...
[2/2] Swap complete after 127405 poll iterations.
Page swap complete — check dmesg for kernel details.
src_gpa=0x12ac29000 (gfn=0x12ac29), dst_gpa=0x175424000 (gfn=0x175424)
is_swap_back=1, nr_times=1
[1/2] Queuing KVM_SWAP_GUEST_PAGES (gfn1=0x12ac29 gfn2=0x175424)...
[1/2] Swap queued; vcpu0 kicked — waiting for svm_vcpu_run() to execute it...
[2/2] Polling KVM_USP_SWAP_STATUS (timeout 30s)...
[2/2] Swap complete after 623517 poll iterations.
Page swap complete — check dmesg for kernel details.
src_gpa=0x12ac29000 (gfn=0x12ac29), dst_gpa=0x175425000 (gfn=0x175425)
is_swap_back=1, nr_times=1
[1/2] Queuing KVM_SWAP_GUEST_PAGES (gfn1=0x12ac29 gfn2=0x175425)...
[1/2] Swap queued; vcpu0 kicked — waiting for svm_vcpu_run() to execute it...
[2/2] Polling KVM_USP_SWAP_STATUS (timeout 30s)...
[2/2] Swap complete after 115874 poll iterations.
Page swap complete — check dmesg for kernel details.
src_gpa=0x12ac29000 (gfn=0x12ac29), dst_gpa=0x175426000 (gfn=0x175426)
is_swap_back=1, nr_times=1
[1/2] Queuing KVM_SWAP_GUEST_PAGES (gfn1=0x12ac29 gfn2=0x175426)...
[1/2] Swap queued; vcpu0 kicked — waiting for svm_vcpu_run() to execute it...
[2/2] Polling KVM_USP_SWAP_STATUS (timeout 30s)...
[2/2] Swap complete after 182626 poll iterations.
Page swap complete — check dmesg for kernel details.
src_gpa=0x12ac29000 (gfn=0x12ac29), dst_gpa=0x175427000 (gfn=0x175427)
is_swap_back=1, nr_times=1
[1/2] Queuing KVM_SWAP_GUEST_PAGES (gfn1=0x12ac29 gfn2=0x175427)...
[1/2] Swap queued; vcpu0 kicked — waiting for svm_vcpu_run() to execute it...
[2/2] Polling KVM_USP_SWAP_STATUS (timeout 30s)...
[2/2] Swap complete after 398918 poll iterations.
Page swap complete — check dmesg for kernel details.
src_gpa=0x12ac29000 (gfn=0x12ac29), dst_gpa=0x175428000 (gfn=0x175428)
is_swap_back=1, nr_times=1
[1/2] Queuing KVM_SWAP_GUEST_PAGES (gfn1=0x12ac29 gfn2=0x175428)...
[1/2] Swap queued; vcpu0 kicked — waiting for svm_vcpu_run() to execute it...
[2/2] Polling KVM_USP_SWAP_STATUS (timeout 30s)...
[2/2] Swap complete after 290992 poll iterations.
Page swap complete — check dmesg for kernel details.
src_gpa=0x12ac29000 (gfn=0x12ac29), dst_gpa=0x175429000 (gfn=0x175429)
is_swap_back=1, nr_times=1
[1/2] Queuing KVM_SWAP_GUEST_PAGES (gfn1=0x12ac29 gfn2=0x175429)...
[1/2] Swap queued; vcpu0 kicked — waiting for svm_vcpu_run() to execute it...
[2/2] Polling KVM_USP_SWAP_STATUS (timeout 30s)...
[2/2] Swap complete after 207046 poll iterations.
Page swap complete — check dmesg for kernel details.
src_gpa=0x12ac29000 (gfn=0x12ac29), dst_gpa=0x17542a000 (gfn=0x17542a)
is_swap_back=1, nr_times=1
[1/2] Queuing KVM_SWAP_GUEST_PAGES (gfn1=0x12ac29 gfn2=0x17542a)...
[1/2] Swap queued; vcpu0 kicked — waiting for svm_vcpu_run() to execute it...
[2/2] Polling KVM_USP_SWAP_STATUS (timeout 30s)...
[2/2] Swap complete after 683298 poll iterations.
Page swap complete — check dmesg for kernel details.
src_gpa=0x12ac29000 (gfn=0x12ac29), dst_gpa=0x17542b000 (gfn=0x17542b)
is_swap_back=1, nr_times=1
[1/2] Queuing KVM_SWAP_GUEST_PAGES (gfn1=0x12ac29 gfn2=0x17542b)...
[1/2] Swap queued; vcpu0 kicked — waiting for svm_vcpu_run() to execute it...
[2/2] Polling KVM_USP_SWAP_STATUS (timeout 30s)...
[2/2] Swap complete after 556435 poll iterations.
Page swap complete — check dmesg for kernel details.
src_gpa=0x12ac29000 (gfn=0x12ac29), dst_gpa=0x17542c000 (gfn=0x17542c)
is_swap_back=1, nr_times=1
[1/2] Queuing KVM_SWAP_GUEST_PAGES (gfn1=0x12ac29 gfn2=0x17542c)...
[1/2] Swap queued; vcpu0 kicked — waiting for svm_vcpu_run() to execute it...
[2/2] Polling KVM_USP_SWAP_STATUS (timeout 30s)...
[2/2] Swap complete after 350915 poll iterations.
Page swap complete — check dmesg for kernel details.
src_gpa=0x12ac29000 (gfn=0x12ac29), dst_gpa=0x17542d000 (gfn=0x17542d)
is_swap_back=1, nr_times=1
[1/2] Queuing KVM_SWAP_GUEST_PAGES (gfn1=0x12ac29 gfn2=0x17542d)...
[1/2] Swap queued; vcpu0 kicked — waiting for svm_vcpu_run() to execute it...
[2/2] Polling KVM_USP_SWAP_STATUS (timeout 30s)...
[2/2] Swap complete after 167061 poll iterations.
Page swap complete — check dmesg for kernel details.
src_gpa=0x12ac29000 (gfn=0x12ac29), dst_gpa=0x17542e000 (gfn=0x17542e)
is_swap_back=1, nr_times=1
[1/2] Queuing KVM_SWAP_GUEST_PAGES (gfn1=0x12ac29 gfn2=0x17542e)...
[1/2] Swap queued; vcpu0 kicked — waiting for svm_vcpu_run() to execute it...
[2/2] Polling KVM_USP_SWAP_STATUS (timeout 30s)...
[2/2] Swap complete after 680998 poll iterations.
Page swap complete — check dmesg for kernel details.
src_gpa=0x12ac29000 (gfn=0x12ac29), dst_gpa=0x17542f000 (gfn=0x17542f)
is_swap_back=1, nr_times=1
[1/2] Queuing KVM_SWAP_GUEST_PAGES (gfn1=0x12ac29 gfn2=0x17542f)...
[1/2] Swap queued; vcpu0 kicked — waiting for svm_vcpu_run() to execute it...
[2/2] Polling KVM_USP_SWAP_STATUS (timeout 30s)...
[2/2] Swap complete after 524126 poll iterations.
Page swap complete — check dmesg for kernel details.
src_gpa=0x12ac29000 (gfn=0x12ac29), dst_gpa=0x175430000 (gfn=0x175430)
is_swap_back=1, nr_times=1
[1/2] Queuing KVM_SWAP_GUEST_PAGES (gfn1=0x12ac29 gfn2=0x175430)...
[1/2] Swap queued; vcpu0 kicked — waiting for svm_vcpu_run() to execute it...
[2/2] Polling KVM_USP_SWAP_STATUS (timeout 30s)...
[2/2] Swap complete after 143004 poll iterations.
Page swap complete — check dmesg for kernel details.
src_gpa=0x12ac29000 (gfn=0x12ac29), dst_gpa=0x175431000 (gfn=0x175431)
is_swap_back=1, nr_times=1
[1/2] Queuing KVM_SWAP_GUEST_PAGES (gfn1=0x12ac29 gfn2=0x175431)...
[1/2] Swap queued; vcpu0 kicked — waiting for svm_vcpu_run() to execute it...
[2/2] Polling KVM_USP_SWAP_STATUS (timeout 30s)...
[2/2] Swap complete after 123256 poll iterations.
Page swap complete — check dmesg for kernel details.
src_gpa=0x12ac29000 (gfn=0x12ac29), dst_gpa=0x175432000 (gfn=0x175432)
is_swap_back=1, nr_times=1
[1/2] Queuing KVM_SWAP_GUEST_PAGES (gfn1=0x12ac29 gfn2=0x175432)...
[1/2] Swap queued; vcpu0 kicked — waiting for svm_vcpu_run() to execute it...
[2/2] Polling KVM_USP_SWAP_STATUS (timeout 30s)...
[2/2] Swap complete after 81872 poll iterations.
Page swap complete — check dmesg for kernel details.
src_gpa=0x12ac29000 (gfn=0x12ac29), dst_gpa=0x175433000 (gfn=0x175433)
is_swap_back=1, nr_times=1
[1/2] Queuing KVM_SWAP_GUEST_PAGES (gfn1=0x12ac29 gfn2=0x175433)...
[1/2] Swap queued; vcpu0 kicked — waiting for svm_vcpu_run() to execute it...
[2/2] Polling KVM_USP_SWAP_STATUS (timeout 30s)...
[2/2] Swap complete after 309232 poll iterations.
Page swap complete — check dmesg for kernel details.
src_gpa=0x12ac29000 (gfn=0x12ac29), dst_gpa=0x175434000 (gfn=0x175434)
is_swap_back=1, nr_times=1
[1/2] Queuing KVM_SWAP_GUEST_PAGES (gfn1=0x12ac29 gfn2=0x175434)...
[1/2] Swap queued; vcpu0 kicked — waiting for svm_vcpu_run() to execute it...
[2/2] Polling KVM_USP_SWAP_STATUS (timeout 30s)...
[2/2] Swap complete after 254156 poll iterations.
Page swap complete — check dmesg for kernel details.
src_gpa=0x12ac29000 (gfn=0x12ac29), dst_gpa=0x1c3818000 (gfn=0x1c3818)
is_swap_back=1, nr_times=1
[1/2] Queuing KVM_SWAP_GUEST_PAGES (gfn1=0x12ac29 gfn2=0x1c3818)...
[1/2] Swap queued; vcpu0 kicked — waiting for svm_vcpu_run() to execute it...
[2/2] Polling KVM_USP_SWAP_STATUS (timeout 30s)...
[2/2] Swap complete after 734042 poll iterations.
Page swap complete — check dmesg for kernel details.
src_gpa=0x12ac29000 (gfn=0x12ac29), dst_gpa=0x1c3819000 (gfn=0x1c3819)
is_swap_back=1, nr_times=1
[1/2] Queuing KVM_SWAP_GUEST_PAGES (gfn1=0x12ac29 gfn2=0x1c3819)...
[1/2] Swap queued; vcpu0 kicked — waiting for svm_vcpu_run() to execute it...
[2/2] Polling KVM_USP_SWAP_STATUS (timeout 30s)...
[2/2] Swap complete after 112365 poll iterations.
Page swap complete — check dmesg for kernel details.
src_gpa=0x12ac29000 (gfn=0x12ac29), dst_gpa=0x1c381a000 (gfn=0x1c381a)
is_swap_back=1, nr_times=1
[1/2] Queuing KVM_SWAP_GUEST_PAGES (gfn1=0x12ac29 gfn2=0x1c381a)...
[1/2] Swap queued; vcpu0 kicked — waiting for svm_vcpu_run() to execute it...
[2/2] Polling KVM_USP_SWAP_STATUS (timeout 30s)...
[2/2] Swap complete after 421308 poll iterations.
Page swap complete — check dmesg for kernel details.
src_gpa=0x12ac29000 (gfn=0x12ac29), dst_gpa=0x1c381b000 (gfn=0x1c381b)
is_swap_back=1, nr_times=1
[1/2] Queuing KVM_SWAP_GUEST_PAGES (gfn1=0x12ac29 gfn2=0x1c381b)...
[1/2] Swap queued; vcpu0 kicked — waiting for svm_vcpu_run() to execute it...
[2/2] Polling KVM_USP_SWAP_STATUS (timeout 30s)...
[2/2] Swap complete after 58255 poll iterations.
Page swap complete — check dmesg for kernel details.
src_gpa=0x12ac29000 (gfn=0x12ac29), dst_gpa=0x1c381c000 (gfn=0x1c381c)
is_swap_back=1, nr_times=1
[1/2] Queuing KVM_SWAP_GUEST_PAGES (gfn1=0x12ac29 gfn2=0x1c381c)...
[1/2] Swap queued; vcpu0 kicked — waiting for svm_vcpu_run() to execute it...
[2/2] Polling KVM_USP_SWAP_STATUS (timeout 30s)...
[2/2] Swap complete after 61060 poll iterations.
Page swap complete — check dmesg for kernel details.
src_gpa=0x12ac29000 (gfn=0x12ac29), dst_gpa=0x1c381d000 (gfn=0x1c381d)
is_swap_back=1, nr_times=1
[1/2] Queuing KVM_SWAP_GUEST_PAGES (gfn1=0x12ac29 gfn2=0x1c381d)...
[1/2] Swap queued; vcpu0 kicked — waiting for svm_vcpu_run() to execute it...
[2/2] Polling KVM_USP_SWAP_STATUS (timeout 30s)...
[2/2] Swap complete after 314681 poll iterations.
Page swap complete — check dmesg for kernel details.
src_gpa=0x12ac29000 (gfn=0x12ac29), dst_gpa=0x1c381e000 (gfn=0x1c381e)
is_swap_back=1, nr_times=1
[1/2] Queuing KVM_SWAP_GUEST_PAGES (gfn1=0x12ac29 gfn2=0x1c381e)...
[1/2] Swap queued; vcpu0 kicked — waiting for svm_vcpu_run() to execute it...
[2/2] Polling KVM_USP_SWAP_STATUS (timeout 30s)...
[2/2] Swap complete after 305272 poll iterations.
Page swap complete — check dmesg for kernel details.
src_gpa=0x12ac29000 (gfn=0x12ac29), dst_gpa=0x1c381f000 (gfn=0x1c381f)
is_swap_back=1, nr_times=1
[1/2] Queuing KVM_SWAP_GUEST_PAGES (gfn1=0x12ac29 gfn2=0x1c381f)...
[1/2] Swap queued; vcpu0 kicked — waiting for svm_vcpu_run() to execute it...
[2/2] Polling KVM_USP_SWAP_STATUS (timeout 30s)...
[2/2] Swap complete after 539348 poll iterations.
Page swap complete — check dmesg for kernel details.
src_gpa=0x12ac29000 (gfn=0x12ac29), dst_gpa=0x1c3820000 (gfn=0x1c3820)
is_swap_back=1, nr_times=1
[1/2] Queuing KVM_SWAP_GUEST_PAGES (gfn1=0x12ac29 gfn2=0x1c3820)...
[1/2] Swap queued; vcpu0 kicked — waiting for svm_vcpu_run() to execute it...
[2/2] Polling KVM_USP_SWAP_STATUS (timeout 30s)...
[2/2] Swap complete after 399552 poll iterations.
Page swap complete — check dmesg for kernel details.
src_gpa=0x12ac29000 (gfn=0x12ac29), dst_gpa=0x1c3821000 (gfn=0x1c3821)
is_swap_back=1, nr_times=1
[1/2] Queuing KVM_SWAP_GUEST_PAGES (gfn1=0x12ac29 gfn2=0x1c3821)...
[1/2] Swap queued; vcpu0 kicked — waiting for svm_vcpu_run() to execute it...
[2/2] Polling KVM_USP_SWAP_STATUS (timeout 30s)...
[2/2] Swap complete after 507494 poll iterations.
Page swap complete — check dmesg for kernel details.
src_gpa=0x12ac29000 (gfn=0x12ac29), dst_gpa=0x1c3822000 (gfn=0x1c3822)
is_swap_back=1, nr_times=1
[1/2] Queuing KVM_SWAP_GUEST_PAGES (gfn1=0x12ac29 gfn2=0x1c3822)...
[1/2] Swap queued; vcpu0 kicked — waiting for svm_vcpu_run() to execute it...
[2/2] Polling KVM_USP_SWAP_STATUS (timeout 30s)...
[2/2] Swap complete after 394579 poll iterations.
Page swap complete — check dmesg for kernel details.
src_gpa=0x12ac29000 (gfn=0x12ac29), dst_gpa=0x1c3823000 (gfn=0x1c3823)
is_swap_back=1, nr_times=1
[1/2] Queuing KVM_SWAP_GUEST_PAGES (gfn1=0x12ac29 gfn2=0x1c3823)...
[1/2] Swap queued; vcpu0 kicked — waiting for svm_vcpu_run() to execute it...
[2/2] Polling KVM_USP_SWAP_STATUS (timeout 30s)...
[2/2] Swap complete after 303587 poll iterations.
Page swap complete — check dmesg for kernel details.
src_gpa=0x12ac29000 (gfn=0x12ac29), dst_gpa=0x1c3824000 (gfn=0x1c3824)
is_swap_back=1, nr_times=1
[1/2] Queuing KVM_SWAP_GUEST_PAGES (gfn1=0x12ac29 gfn2=0x1c3824)...
[1/2] Swap queued; vcpu0 kicked — waiting for svm_vcpu_run() to execute it...
[2/2] Polling KVM_USP_SWAP_STATUS (timeout 30s)...
[2/2] Swap complete after 187262 poll iterations.
Page swap complete — check dmesg for kernel details.
src_gpa=0x12ac29000 (gfn=0x12ac29), dst_gpa=0x1c3825000 (gfn=0x1c3825)
is_swap_back=1, nr_times=1
[1/2] Queuing KVM_SWAP_GUEST_PAGES (gfn1=0x12ac29 gfn2=0x1c3825)...
[1/2] Swap queued; vcpu0 kicked — waiting for svm_vcpu_run() to execute it...
[2/2] Polling KVM_USP_SWAP_STATUS (timeout 30s)...
[2/2] Swap complete after 329132 poll iterations.
Page swap complete — check dmesg for kernel details.
src_gpa=0x12ac29000 (gfn=0x12ac29), dst_gpa=0x1c3826000 (gfn=0x1c3826)
is_swap_back=1, nr_times=1
[1/2] Queuing KVM_SWAP_GUEST_PAGES (gfn1=0x12ac29 gfn2=0x1c3826)...
[1/2] Swap queued; vcpu0 kicked — waiting for svm_vcpu_run() to execute it...
[2/2] Polling KVM_USP_SWAP_STATUS (timeout 30s)...
[2/2] Swap complete after 261371 poll iterations.
Page swap complete — check dmesg for kernel details.
src_gpa=0x12ac29000 (gfn=0x12ac29), dst_gpa=0x1c3827000 (gfn=0x1c3827)
is_swap_back=1, nr_times=1
[1/2] Queuing KVM_SWAP_GUEST_PAGES (gfn1=0x12ac29 gfn2=0x1c3827)...
[1/2] Swap queued; vcpu0 kicked — waiting for svm_vcpu_run() to execute it...
[2/2] Polling KVM_USP_SWAP_STATUS (timeout 30s)...
[2/2] Swap complete after 278766 poll iterations.
Page swap complete — check dmesg for kernel details.
src_gpa=0x12ac29000 (gfn=0x12ac29), dst_gpa=0x1c3828000 (gfn=0x1c3828)
is_swap_back=1, nr_times=1
[1/2] Queuing KVM_SWAP_GUEST_PAGES (gfn1=0x12ac29 gfn2=0x1c3828)...
[1/2] Swap queued; vcpu0 kicked — waiting for svm_vcpu_run() to execute it...
[2/2] Polling KVM_USP_SWAP_STATUS (timeout 30s)...
[2/2] Swap complete after 519413 poll iterations.
Page swap complete — check dmesg for kernel details.
src_gpa=0x12ac29000 (gfn=0x12ac29), dst_gpa=0x1c3829000 (gfn=0x1c3829)
is_swap_back=1, nr_times=1
[1/2] Queuing KVM_SWAP_GUEST_PAGES (gfn1=0x12ac29 gfn2=0x1c3829)...
[1/2] Swap queued; vcpu0 kicked — waiting for svm_vcpu_run() to execute it...
[2/2] Polling KVM_USP_SWAP_STATUS (timeout 30s)...
[2/2] Swap complete after 67926 poll iterations.
Page swap complete — check dmesg for kernel details.
src_gpa=0x12ac29000 (gfn=0x12ac29), dst_gpa=0x1c382a000 (gfn=0x1c382a)
is_swap_back=1, nr_times=1
[1/2] Queuing KVM_SWAP_GUEST_PAGES (gfn1=0x12ac29 gfn2=0x1c382a)...
[1/2] Swap queued; vcpu0 kicked — waiting for svm_vcpu_run() to execute it...
[2/2] Polling KVM_USP_SWAP_STATUS (timeout 30s)...
[2/2] Swap complete after 285754 poll iterations.
Page swap complete — check dmesg for kernel details.
src_gpa=0x12ac29000 (gfn=0x12ac29), dst_gpa=0x1c382b000 (gfn=0x1c382b)
is_swap_back=1, nr_times=1
[1/2] Queuing KVM_SWAP_GUEST_PAGES (gfn1=0x12ac29 gfn2=0x1c382b)...
[1/2] Swap queued; vcpu0 kicked — waiting for svm_vcpu_run() to execute it...
[2/2] Polling KVM_USP_SWAP_STATUS (timeout 30s)...
[2/2] Swap complete after 88304 poll iterations.
Page swap complete — check dmesg for kernel details.
src_gpa=0x12ac29000 (gfn=0x12ac29), dst_gpa=0x1c382c000 (gfn=0x1c382c)
is_swap_back=1, nr_times=1
[1/2] Queuing KVM_SWAP_GUEST_PAGES (gfn1=0x12ac29 gfn2=0x1c382c)...
[1/2] Swap queued; vcpu0 kicked — waiting for svm_vcpu_run() to execute it...
[2/2] Polling KVM_USP_SWAP_STATUS (timeout 30s)...
[2/2] Swap complete after 193722 poll iterations.
Page swap complete — check dmesg for kernel details.
src_gpa=0x12ac29000 (gfn=0x12ac29), dst_gpa=0x1c382d000 (gfn=0x1c382d)
is_swap_back=1, nr_times=1
[1/2] Queuing KVM_SWAP_GUEST_PAGES (gfn1=0x12ac29 gfn2=0x1c382d)...
[1/2] Swap queued; vcpu0 kicked — waiting for svm_vcpu_run() to execute it...
[2/2] Polling KVM_USP_SWAP_STATUS (timeout 30s)...
[2/2] Swap complete after 224615 poll iterations.
Page swap complete — check dmesg for kernel details.
src_gpa=0x12ac29000 (gfn=0x12ac29), dst_gpa=0x1c382e000 (gfn=0x1c382e)
is_swap_back=1, nr_times=1
[1/2] Queuing KVM_SWAP_GUEST_PAGES (gfn1=0x12ac29 gfn2=0x1c382e)...
[1/2] Swap queued; vcpu0 kicked — waiting for svm_vcpu_run() to execute it...
[2/2] Polling KVM_USP_SWAP_STATUS (timeout 30s)...
[2/2] Swap complete after 80597 poll iterations.
Page swap complete — check dmesg for kernel details.
src_gpa=0x12ac29000 (gfn=0x12ac29), dst_gpa=0x1c382f000 (gfn=0x1c382f)
is_swap_back=1, nr_times=1
[1/2] Queuing KVM_SWAP_GUEST_PAGES (gfn1=0x12ac29 gfn2=0x1c382f)...
[1/2] Swap queued; vcpu0 kicked — waiting for svm_vcpu_run() to execute it...
[2/2] Polling KVM_USP_SWAP_STATUS (timeout 30s)...
[2/2] Swap complete after 66216 poll iterations.
Page swap complete — check dmesg for kernel details.
src_gpa=0x12ac29000 (gfn=0x12ac29), dst_gpa=0x1c3830000 (gfn=0x1c3830)
is_swap_back=1, nr_times=1
[1/2] Queuing KVM_SWAP_GUEST_PAGES (gfn1=0x12ac29 gfn2=0x1c3830)...
[1/2] Swap queued; vcpu0 kicked — waiting for svm_vcpu_run() to execute it...
[2/2] Polling KVM_USP_SWAP_STATUS (timeout 30s)...
[2/2] Swap complete after 123725 poll iterations.
Page swap complete — check dmesg for kernel details.
src_gpa=0x12ac29000 (gfn=0x12ac29), dst_gpa=0x1c3831000 (gfn=0x1c3831)
is_swap_back=1, nr_times=1
[1/2] Queuing KVM_SWAP_GUEST_PAGES (gfn1=0x12ac29 gfn2=0x1c3831)...
[1/2] Swap queued; vcpu0 kicked — waiting for svm_vcpu_run() to execute it...
[2/2] Polling KVM_USP_SWAP_STATUS (timeout 30s)...
[2/2] Swap complete after 123594 poll iterations.
Page swap complete — check dmesg for kernel details.
src_gpa=0x12ac29000 (gfn=0x12ac29), dst_gpa=0x1c3832000 (gfn=0x1c3832)
is_swap_back=1, nr_times=1
[1/2] Queuing KVM_SWAP_GUEST_PAGES (gfn1=0x12ac29 gfn2=0x1c3832)...
[1/2] Swap queued; vcpu0 kicked — waiting for svm_vcpu_run() to execute it...
[2/2] Polling KVM_USP_SWAP_STATUS (timeout 30s)...
[2/2] Swap complete after 399538 poll iterations.
Page swap complete — check dmesg for kernel details.
src_gpa=0x12ac29000 (gfn=0x12ac29), dst_gpa=0x1c3833000 (gfn=0x1c3833)
is_swap_back=1, nr_times=1
[1/2] Queuing KVM_SWAP_GUEST_PAGES (gfn1=0x12ac29 gfn2=0x1c3833)...
[1/2] Swap queued; vcpu0 kicked — waiting for svm_vcpu_run() to execute it...
[2/2] Polling KVM_USP_SWAP_STATUS (timeout 30s)...
[2/2] Swap complete after 57739 poll iterations.
Page swap complete — check dmesg for kernel details.
src_gpa=0x12ac29000 (gfn=0x12ac29), dst_gpa=0x1c3834000 (gfn=0x1c3834)
is_swap_back=1, nr_times=1
[1/2] Queuing KVM_SWAP_GUEST_PAGES (gfn1=0x12ac29 gfn2=0x1c3834)...
[1/2] Swap queued; vcpu0 kicked — waiting for svm_vcpu_run() to execute it...
[2/2] Polling KVM_USP_SWAP_STATUS (timeout 30s)...
[2/2] Swap complete after 296877 poll iterations.
Page swap complete — check dmesg for kernel details.
src_gpa=0x12ac29000 (gfn=0x12ac29), dst_gpa=0x1c3835000 (gfn=0x1c3835)
is_swap_back=1, nr_times=1
[1/2] Queuing KVM_SWAP_GUEST_PAGES (gfn1=0x12ac29 gfn2=0x1c3835)...
[1/2] Swap queued; vcpu0 kicked — waiting for svm_vcpu_run() to execute it...
[2/2] Polling KVM_USP_SWAP_STATUS (timeout 30s)...
[2/2] Swap complete after 158138 poll iterations.
Page swap complete — check dmesg for kernel details.
src_gpa=0x12ac29000 (gfn=0x12ac29), dst_gpa=0x1c3836000 (gfn=0x1c3836)
is_swap_back=1, nr_times=1
[1/2] Queuing KVM_SWAP_GUEST_PAGES (gfn1=0x12ac29 gfn2=0x1c3836)...
[1/2] Swap queued; vcpu0 kicked — waiting for svm_vcpu_run() to execute it...
[2/2] Polling KVM_USP_SWAP_STATUS (timeout 30s)...
[2/2] Swap complete after 440737 poll iterations.
Page swap complete — check dmesg for kernel details.
src_gpa=0x12ac29000 (gfn=0x12ac29), dst_gpa=0x1c3837000 (gfn=0x1c3837)
is_swap_back=1, nr_times=1
[1/2] Queuing KVM_SWAP_GUEST_PAGES (gfn1=0x12ac29 gfn2=0x1c3837)...
[1/2] Swap queued; vcpu0 kicked — waiting for svm_vcpu_run() to execute it...
[2/2] Polling KVM_USP_SWAP_STATUS (timeout 30s)...
[2/2] Swap complete after 51507 poll iterations.
Page swap complete — check dmesg for kernel details.
src_gpa=0x12ac29000 (gfn=0x12ac29), dst_gpa=0x1c3838000 (gfn=0x1c3838)
is_swap_back=1, nr_times=1
[1/2] Queuing KVM_SWAP_GUEST_PAGES (gfn1=0x12ac29 gfn2=0x1c3838)...
[1/2] Swap queued; vcpu0 kicked — waiting for svm_vcpu_run() to execute it...
[2/2] Polling KVM_USP_SWAP_STATUS (timeout 30s)...
[2/2] Swap complete after 165401 poll iterations.
Page swap complete — check dmesg for kernel details.
src_gpa=0x12ac29000 (gfn=0x12ac29), dst_gpa=0x1c3839000 (gfn=0x1c3839)
is_swap_back=1, nr_times=1
[1/2] Queuing KVM_SWAP_GUEST_PAGES (gfn1=0x12ac29 gfn2=0x1c3839)...
[1/2] Swap queued; vcpu0 kicked — waiting for svm_vcpu_run() to execute it...
[2/2] Polling KVM_USP_SWAP_STATUS (timeout 30s)...
[2/2] Swap complete after 197901 poll iterations.
Page swap complete — check dmesg for kernel details.
src_gpa=0x12ac29000 (gfn=0x12ac29), dst_gpa=0x1c383a000 (gfn=0x1c383a)
is_swap_back=1, nr_times=1
[1/2] Queuing KVM_SWAP_GUEST_PAGES (gfn1=0x12ac29 gfn2=0x1c383a)...
[1/2] Swap queued; vcpu0 kicked — waiting for svm_vcpu_run() to execute it...
[2/2] Polling KVM_USP_SWAP_STATUS (timeout 30s)...
[2/2] Swap complete after 112590 poll iterations.
Page swap complete — check dmesg for kernel details.
src_gpa=0x12ac29000 (gfn=0x12ac29), dst_gpa=0x1c383b000 (gfn=0x1c383b)
is_swap_back=1, nr_times=1
[1/2] Queuing KVM_SWAP_GUEST_PAGES (gfn1=0x12ac29 gfn2=0x1c383b)...
[1/2] Swap queued; vcpu0 kicked — waiting for svm_vcpu_run() to execute it...
[2/2] Polling KVM_USP_SWAP_STATUS (timeout 30s)...
[2/2] Swap complete after 506892 poll iterations.
Page swap complete — check dmesg for kernel details.
src_gpa=0x12ac29000 (gfn=0x12ac29), dst_gpa=0x1c383c000 (gfn=0x1c383c)
is_swap_back=1, nr_times=1
[1/2] Queuing KVM_SWAP_GUEST_PAGES (gfn1=0x12ac29 gfn2=0x1c383c)...
[1/2] Swap queued; vcpu0 kicked — waiting for svm_vcpu_run() to execute it...
[2/2] Polling KVM_USP_SWAP_STATUS (timeout 30s)...
[2/2] Swap complete after 114795 poll iterations.
Page swap complete — check dmesg for kernel details.
src_gpa=0x12ac29000 (gfn=0x12ac29), dst_gpa=0x1c383d000 (gfn=0x1c383d)
is_swap_back=1, nr_times=1
[1/2] Queuing KVM_SWAP_GUEST_PAGES (gfn1=0x12ac29 gfn2=0x1c383d)...
[1/2] Swap queued; vcpu0 kicked — waiting for svm_vcpu_run() to execute it...
[2/2] Polling KVM_USP_SWAP_STATUS (timeout 30s)...
[2/2] Swap complete after 244430 poll iterations.
Page swap complete — check dmesg for kernel details.
src_gpa=0x12ac29000 (gfn=0x12ac29), dst_gpa=0x1c383e000 (gfn=0x1c383e)
is_swap_back=1, nr_times=1
[1/2] Queuing KVM_SWAP_GUEST_PAGES (gfn1=0x12ac29 gfn2=0x1c383e)...
[1/2] Swap queued; vcpu0 kicked — waiting for svm_vcpu_run() to execute it...
[2/2] Polling KVM_USP_SWAP_STATUS (timeout 30s)...
[2/2] Swap complete after 453953 poll iterations.
Page swap complete — check dmesg for kernel details.
src_gpa=0x12ac29000 (gfn=0x12ac29), dst_gpa=0x1c383f000 (gfn=0x1c383f)
is_swap_back=1, nr_times=1
[1/2] Queuing KVM_SWAP_GUEST_PAGES (gfn1=0x12ac29 gfn2=0x1c383f)...
[1/2] Swap queued; vcpu0 kicked — waiting for svm_vcpu_run() to execute it...
[2/2] Polling KVM_USP_SWAP_STATUS (timeout 30s)...
[2/2] Swap complete after 166958 poll iterations.
Page swap complete — check dmesg for kernel details.
src_gpa=0x12ac29000 (gfn=0x12ac29), dst_gpa=0x1c3840000 (gfn=0x1c3840)
is_swap_back=1, nr_times=1
[1/2] Queuing KVM_SWAP_GUEST_PAGES (gfn1=0x12ac29 gfn2=0x1c3840)...
[1/2] Swap queued; vcpu0 kicked — waiting for svm_vcpu_run() to execute it...
[2/2] Polling KVM_USP_SWAP_STATUS (timeout 30s)...
[2/2] Swap complete after 204376 poll iterations.
Page swap complete — check dmesg for kernel details.
  page 33/48  do_swap_read(0x12ac29000, 0x1883ab000) → img_33.out
  page 34/48  do_swap_read(0x12ac29000, 0x1883ac000) → img_34.out
  page 35/48  do_swap_read(0x12ac29000, 0x1883ad000) → img_35.out
  page 36/48  do_swap_read(0x12ac29000, 0x1883ae000) → img_36.out
  page 37/48  do_swap_read(0x12ac29000, 0x1883af000) → img_37.out
  page 38/48  do_swap_read(0x12ac29000, 0x1883b0000) → img_38.out
  page 39/48  do_swap_read(0x12ac29000, 0x1883b1000) → img_39.out
  page 40/48  do_swap_read(0x12ac29000, 0x1883b2000) → img_40.out
  page 41/48  do_swap_read(0x12ac29000, 0x1883b3000) → img_41.out
  page 42/48  do_swap_read(0x12ac29000, 0x1883b4000) → img_42.out
  page 43/48  do_swap_read(0x12ac29000, 0x1883b5000) → img_43.out
  page 44/48  do_swap_read(0x12ac29000, 0x1883b6000) → img_44.out
  page 45/48  do_swap_read(0x12ac29000, 0x1883b7000) → img_45.out
  page 46/48  do_swap_read(0x12ac29000, 0x1883b8000) → img_46.out
  page 47/48  do_swap_read(0x12ac29000, 0x1883b9000) → img_47.out
  page 48/48  do_swap_read(0x12ac29000, 0x1883ba000) → img_48.out

[infer] Loaded 64 ref dumps

[infer] XOR slice shape : (64, 224, 56)
[infer] Total hits      : 64281 / 802816  (8.01%)
[infer] Saved → /home/eun/proof_code/mura/xor_slices_auto/xor_slice_mura_host_regB_1_rank3.npy
    -> SHOULDER  (p=0.620)
  [rank 4] block=0x175400000 best_range=(0x175404000, 198p) -> infer ...
[infer] FIXED_GPA   = 0x12ac29000
[infer] image_gpa   = 0x175404000  (49 pages)
  page  0/48  do_swap_read(0x12ac29000, 0x175404000) → img_00.out
  page  1/48  do_swap_read(0x12ac29000, 0x175405000) → img_01.out
  page  2/48  do_swap_read(0x12ac29000, 0x175406000) → img_02.out
  page  3/48  do_swap_read(0x12ac29000, 0x175407000) → img_03.out
  page  4/48  do_swap_read(0x12ac29000, 0x175408000) → img_04.out
  page  5/48  do_swap_read(0x12ac29000, 0x175409000) → img_05.out
  page  6/48  do_swap_read(0x12ac29000, 0x17540a000) → img_06.out
  page  7/48  do_swap_read(0x12ac29000, 0x17540b000) → img_07.out
  page  8/48  do_swap_read(0x12ac29000, 0x17540c000) → img_08.out
  page  9/48  do_swap_read(0x12ac29000, 0x17540d000) → img_09.out
  page 10/48  do_swap_read(0x12ac29000, 0x17540e000) → img_10.out
  page 11/48  do_swap_read(0x12ac29000, 0x17540f000) → img_11.out
  page 12/48  do_swap_read(0x12ac29000, 0x175410000) → img_12.out
  page 13/48  do_swap_read(0x12ac29000, 0x175411000) → img_13.out
  page 14/48  do_swap_read(0x12ac29000, 0x175412000) → img_14.out
  page 15/48  do_swap_read(0x12ac29000, 0x175413000) → img_15.out
  page 16/48  do_swap_read(0x12ac29000, 0x175414000) → img_16.out
  page 17/48  do_swap_read(0x12ac29000, 0x175415000) → img_17.out
  page 18/48  do_swap_read(0x12ac29000, 0x175416000) → img_18.out
  page 19/48  do_swap_read(0x12ac29000, 0x175417000) → img_19.out
  page 20/48  do_swap_read(0x12ac29000, 0x175418000) → img_20.out
  page 21/48  do_swap_read(0x12ac29000, 0x175419000) → img_21.out
  page 22/48  do_swap_read(0x12ac29000, 0x17541a000) → img_22.out
  page 23/48  do_swap_read(0x12ac29000, 0x17541b000) → img_23.out
  page 24/48  do_swap_read(0x12ac29000, 0x17541c000) → img_24.out
  page 25/48  do_swap_read(0x12ac29000, 0x17541d000) → img_25.out
  page 26/48  do_swap_read(0x12ac29000, 0x17541e000) → img_26.out
  page 27/48  do_swap_read(0x12ac29000, 0x17541f000) → img_27.out
  page 28/48  do_swap_read(0x12ac29000, 0x175420000) → img_28.out
  page 29/48  do_swap_read(0x12ac29000, 0x175421000) → img_29.out
  page 30/48  do_swap_read(0x12ac29000, 0x175422000) → img_30.out
  page 31/48  do_swap_read(0x12ac29000, 0x175423000) → img_31.out
  page 32/48  do_swap_read(0x12ac29000, 0x175424000) → img_32.out
  page 33/48  do_swap_read(0x12ac29000, 0x175425000) → img_33.out
  page 34/48  do_swap_read(0x12ac29000, 0x175426000) → img_34.out
  page 35/48  do_swap_read(0x12ac29000, 0x175427000) → img_35.out
  page 36/48  do_swap_read(0x12ac29000, 0x175428000) → img_36.out
  page 37/48  do_swap_read(0x12ac29000, 0x175429000) → img_37.out
  page 38/48  do_swap_read(0x12ac29000, 0x17542a000) → img_38.out
  page 39/48  do_swap_read(0x12ac29000, 0x17542b000) → img_39.out
  page 40/48  do_swap_read(0x12ac29000, 0x17542c000) → img_40.out
  page 41/48  do_swap_read(0x12ac29000, 0x17542d000) → img_41.out
  page 42/48  do_swap_read(0x12ac29000, 0x17542e000) → img_42.out
  page 43/48  do_swap_read(0x12ac29000, 0x17542f000) → img_43.out
  page 44/48  do_swap_read(0x12ac29000, 0x175430000) → img_44.out
  page 45/48  do_swap_read(0x12ac29000, 0x175431000) → img_45.out
  page 46/48  do_swap_read(0x12ac29000, 0x175432000) → img_46.out
  page 47/48  do_swap_read(0x12ac29000, 0x175433000) → img_47.out
  page 48/48  do_swap_read(0x12ac29000, 0x175434000) → img_48.out

[infer] Loaded 64 ref dumps

[infer] XOR slice shape : (64, 224, 56)
[infer] Total hits      : 27632 / 802816  (3.44%)
[infer] Saved → /home/eun/proof_code/mura/xor_slices_auto/xor_slice_mura_host_regB_1_rank4.npy
    -> FINGER  (p=0.668)

[pipeline] === /home/eun/esp_bak/sev-step/userspace/write-tracker/mura/mura_host_regB_2.log ===
  906 candidates total, skipping top 2, attempting next 2
  [rank 3] block=0x1c3800000 best_range=(0x1c3818000, 146p) -> infer ...
[infer] FIXED_GPA   = 0x12ac29000
[infer] image_gpa   = 0x1c3818000  (49 pages)
  page  0/48  do_swap_read(0x12ac29000, 0x1c3818000) → img_00.out
  page  1/48  do_swap_read(0x12ac29000, 0x1c3819000) → img_01.out
  page  2/48  do_swap_read(0x12ac29000, 0x1c381a000) → img_02.out
  page  3/48  do_swap_read(0x12ac29000, 0x1c381b000) → img_03.out
  page  4/48  do_swap_read(0x12ac29000, 0x1c381c000) → img_04.out
  page  5/48  do_swap_read(0x12ac29000, 0x1c381d000) → img_05.out
  page  6/48  do_swap_read(0x12ac29000, 0x1c381e000) → img_06.out
  page  7/48  do_swap_read(0x12ac29000, 0x1c381f000) → img_07.out
  page  8/48  do_swap_read(0x12ac29000, 0x1c3820000) → img_08.out
  page  9/48  do_swap_read(0x12ac29000, 0x1c3821000) → img_09.out
  page 10/48  do_swap_read(0x12ac29000, 0x1c3822000) → img_10.out
  page 11/48  do_swap_read(0x12ac29000, 0x1c3823000) → img_11.out
  page 12/48  do_swap_read(0x12ac29000, 0x1c3824000) → img_12.out
  page 13/48  do_swap_read(0x12ac29000, 0x1c3825000) → img_13.out
  page 14/48  do_swap_read(0x12ac29000, 0x1c3826000) → img_14.out
  page 15/48  do_swap_read(0x12ac29000, 0x1c3827000) → img_15.out
  page 16/48  do_swap_read(0x12ac29000, 0x1c3828000) → img_16.out
  page 17/48  do_swap_read(0x12ac29000, 0x1c3829000) → img_17.out
  page 18/48  do_swap_read(0x12ac29000, 0x1c382a000) → img_18.out
  page 19/48  do_swap_read(0x12ac29000, 0x1c382b000) → img_19.out
  page 20/48  do_swap_read(0x12ac29000, 0x1c382c000) → img_20.out
  page 21/48  do_swap_read(0x12ac29000, 0x1c382d000) → img_21.out
  page 22/48  do_swap_read(0x12ac29000, 0x1c382e000) → img_22.out
  page 23/48  do_swap_read(0x12ac29000, 0x1c382f000) → img_23.out
  page 24/48  do_swap_read(0x12ac29000, 0x1c3830000) → img_24.out
  page 25/48  do_swap_read(0x12ac29000, 0x1c3831000) → img_25.out
  page 26/48  do_swap_read(0x12ac29000, 0x1c3832000) → img_26.out
  page 27/48  do_swap_read(0x12ac29000, 0x1c3833000) → img_27.out
  page 28/48  do_swap_read(0x12ac29000, 0x1c3834000) → img_28.out
  page 29/48  do_swap_read(0x12ac29000, 0x1c3835000) → img_29.out
  page 30/48  do_swap_read(0x12ac29000, 0x1c3836000) → img_30.out
  page 31/48  do_swap_read(0x12ac29000, 0x1c3837000) → img_31.out
  page 32/48  do_swap_read(0x12ac29000, 0x1c3838000) → img_32.out
  page 33/48  do_swap_read(0x12ac29000, 0x1c3839000) → img_33.out
  page 34/48  do_swap_read(0x12ac29000, 0x1c383a000) → img_34.out
  page 35/48  do_swap_read(0x12ac29000, 0x1c383b000) → img_35.out
  page 36/48  do_swap_read(0x12ac29000, 0x1c383c000) → img_36.out
  page 37/48  do_swap_read(0x12ac29000, 0x1c383d000) → img_37.out
  page 38/48  do_swap_read(0x12ac29000, 0x1c383e000) → img_38.out
  page 39/48  do_swap_read(0x12ac29000, 0x1c383f000) → img_39.out
  page 40/48  do_swap_read(0x12ac29000, 0x1c3840000) → img_40.out
src_gpa=0x12ac29000 (gfn=0x12ac29), dst_gpa=0x1c3841000 (gfn=0x1c3841)
is_swap_back=1, nr_times=1
[1/2] Queuing KVM_SWAP_GUEST_PAGES (gfn1=0x12ac29 gfn2=0x1c3841)...
[1/2] Swap queued; vcpu0 kicked — waiting for svm_vcpu_run() to execute it...
[2/2] Polling KVM_USP_SWAP_STATUS (timeout 30s)...
[2/2] Swap complete after 166217 poll iterations.
Page swap complete — check dmesg for kernel details.
src_gpa=0x12ac29000 (gfn=0x12ac29), dst_gpa=0x1c3842000 (gfn=0x1c3842)
is_swap_back=1, nr_times=1
[1/2] Queuing KVM_SWAP_GUEST_PAGES (gfn1=0x12ac29 gfn2=0x1c3842)...
[1/2] Swap queued; vcpu0 kicked — waiting for svm_vcpu_run() to execute it...
[2/2] Polling KVM_USP_SWAP_STATUS (timeout 30s)...
[2/2] Swap complete after 105640 poll iterations.
Page swap complete — check dmesg for kernel details.
src_gpa=0x12ac29000 (gfn=0x12ac29), dst_gpa=0x1c3843000 (gfn=0x1c3843)
is_swap_back=1, nr_times=1
[1/2] Queuing KVM_SWAP_GUEST_PAGES (gfn1=0x12ac29 gfn2=0x1c3843)...
[1/2] Swap queued; vcpu0 kicked — waiting for svm_vcpu_run() to execute it...
[2/2] Polling KVM_USP_SWAP_STATUS (timeout 30s)...
[2/2] Swap complete after 152503 poll iterations.
Page swap complete — check dmesg for kernel details.
src_gpa=0x12ac29000 (gfn=0x12ac29), dst_gpa=0x1c3844000 (gfn=0x1c3844)
is_swap_back=1, nr_times=1
[1/2] Queuing KVM_SWAP_GUEST_PAGES (gfn1=0x12ac29 gfn2=0x1c3844)...
[1/2] Swap queued; vcpu0 kicked — waiting for svm_vcpu_run() to execute it...
[2/2] Polling KVM_USP_SWAP_STATUS (timeout 30s)...
[2/2] Swap complete after 818864 poll iterations.
Page swap complete — check dmesg for kernel details.
src_gpa=0x12ac29000 (gfn=0x12ac29), dst_gpa=0x1c3845000 (gfn=0x1c3845)
is_swap_back=1, nr_times=1
[1/2] Queuing KVM_SWAP_GUEST_PAGES (gfn1=0x12ac29 gfn2=0x1c3845)...
[1/2] Swap queued; vcpu0 kicked — waiting for svm_vcpu_run() to execute it...
[2/2] Polling KVM_USP_SWAP_STATUS (timeout 30s)...
[2/2] Swap complete after 556501 poll iterations.
Page swap complete — check dmesg for kernel details.
src_gpa=0x12ac29000 (gfn=0x12ac29), dst_gpa=0x1c3846000 (gfn=0x1c3846)
is_swap_back=1, nr_times=1
[1/2] Queuing KVM_SWAP_GUEST_PAGES (gfn1=0x12ac29 gfn2=0x1c3846)...
[1/2] Swap queued; vcpu0 kicked — waiting for svm_vcpu_run() to execute it...
[2/2] Polling KVM_USP_SWAP_STATUS (timeout 30s)...
[2/2] Swap complete after 281681 poll iterations.
Page swap complete — check dmesg for kernel details.
src_gpa=0x12ac29000 (gfn=0x12ac29), dst_gpa=0x1c3847000 (gfn=0x1c3847)
is_swap_back=1, nr_times=1
[1/2] Queuing KVM_SWAP_GUEST_PAGES (gfn1=0x12ac29 gfn2=0x1c3847)...
[1/2] Swap queued; vcpu0 kicked — waiting for svm_vcpu_run() to execute it...
[2/2] Polling KVM_USP_SWAP_STATUS (timeout 30s)...
[2/2] Swap complete after 216872 poll iterations.
Page swap complete — check dmesg for kernel details.
src_gpa=0x12ac29000 (gfn=0x12ac29), dst_gpa=0x1c3848000 (gfn=0x1c3848)
is_swap_back=1, nr_times=1
[1/2] Queuing KVM_SWAP_GUEST_PAGES (gfn1=0x12ac29 gfn2=0x1c3848)...
[1/2] Swap queued; vcpu0 kicked — waiting for svm_vcpu_run() to execute it...
[2/2] Polling KVM_USP_SWAP_STATUS (timeout 30s)...
[2/2] Swap complete after 623739 poll iterations.
Page swap complete — check dmesg for kernel details.
src_gpa=0x12ac29000 (gfn=0x12ac29), dst_gpa=0x1ad261000 (gfn=0x1ad261)
is_swap_back=1, nr_times=1
[1/2] Queuing KVM_SWAP_GUEST_PAGES (gfn1=0x12ac29 gfn2=0x1ad261)...
[1/2] Swap queued; vcpu0 kicked — waiting for svm_vcpu_run() to execute it...
[2/2] Polling KVM_USP_SWAP_STATUS (timeout 30s)...
[2/2] Swap complete after 118226 poll iterations.
Page swap complete — check dmesg for kernel details.
src_gpa=0x12ac29000 (gfn=0x12ac29), dst_gpa=0x1ad262000 (gfn=0x1ad262)
is_swap_back=1, nr_times=1
[1/2] Queuing KVM_SWAP_GUEST_PAGES (gfn1=0x12ac29 gfn2=0x1ad262)...
[1/2] Swap queued; vcpu0 kicked — waiting for svm_vcpu_run() to execute it...
[2/2] Polling KVM_USP_SWAP_STATUS (timeout 30s)...
[2/2] Swap complete after 484528 poll iterations.
Page swap complete — check dmesg for kernel details.
src_gpa=0x12ac29000 (gfn=0x12ac29), dst_gpa=0x1ad263000 (gfn=0x1ad263)
is_swap_back=1, nr_times=1
[1/2] Queuing KVM_SWAP_GUEST_PAGES (gfn1=0x12ac29 gfn2=0x1ad263)...
[1/2] Swap queued; vcpu0 kicked — waiting for svm_vcpu_run() to execute it...
[2/2] Polling KVM_USP_SWAP_STATUS (timeout 30s)...
[2/2] Swap complete after 247423 poll iterations.
Page swap complete — check dmesg for kernel details.
src_gpa=0x12ac29000 (gfn=0x12ac29), dst_gpa=0x1ad264000 (gfn=0x1ad264)
is_swap_back=1, nr_times=1
[1/2] Queuing KVM_SWAP_GUEST_PAGES (gfn1=0x12ac29 gfn2=0x1ad264)...
[1/2] Swap queued; vcpu0 kicked — waiting for svm_vcpu_run() to execute it...
[2/2] Polling KVM_USP_SWAP_STATUS (timeout 30s)...
[2/2] Swap complete after 110504 poll iterations.
Page swap complete — check dmesg for kernel details.
src_gpa=0x12ac29000 (gfn=0x12ac29), dst_gpa=0x1ad265000 (gfn=0x1ad265)
is_swap_back=1, nr_times=1
[1/2] Queuing KVM_SWAP_GUEST_PAGES (gfn1=0x12ac29 gfn2=0x1ad265)...
[1/2] Swap queued; vcpu0 kicked — waiting for svm_vcpu_run() to execute it...
[2/2] Polling KVM_USP_SWAP_STATUS (timeout 30s)...
[2/2] Swap complete after 912429 poll iterations.
Page swap complete — check dmesg for kernel details.
src_gpa=0x12ac29000 (gfn=0x12ac29), dst_gpa=0x1ad266000 (gfn=0x1ad266)
is_swap_back=1, nr_times=1
[1/2] Queuing KVM_SWAP_GUEST_PAGES (gfn1=0x12ac29 gfn2=0x1ad266)...
[1/2] Swap queued; vcpu0 kicked — waiting for svm_vcpu_run() to execute it...
[2/2] Polling KVM_USP_SWAP_STATUS (timeout 30s)...
[2/2] Swap complete after 868681 poll iterations.
Page swap complete — check dmesg for kernel details.
src_gpa=0x12ac29000 (gfn=0x12ac29), dst_gpa=0x1ad267000 (gfn=0x1ad267)
is_swap_back=1, nr_times=1
[1/2] Queuing KVM_SWAP_GUEST_PAGES (gfn1=0x12ac29 gfn2=0x1ad267)...
[1/2] Swap queued; vcpu0 kicked — waiting for svm_vcpu_run() to execute it...
[2/2] Polling KVM_USP_SWAP_STATUS (timeout 30s)...
[2/2] Swap complete after 400526 poll iterations.
Page swap complete — check dmesg for kernel details.
src_gpa=0x12ac29000 (gfn=0x12ac29), dst_gpa=0x1ad268000 (gfn=0x1ad268)
is_swap_back=1, nr_times=1
[1/2] Queuing KVM_SWAP_GUEST_PAGES (gfn1=0x12ac29 gfn2=0x1ad268)...
[1/2] Swap queued; vcpu0 kicked — waiting for svm_vcpu_run() to execute it...
[2/2] Polling KVM_USP_SWAP_STATUS (timeout 30s)...
[2/2] Swap complete after 506854 poll iterations.
Page swap complete — check dmesg for kernel details.
src_gpa=0x12ac29000 (gfn=0x12ac29), dst_gpa=0x1ad269000 (gfn=0x1ad269)
is_swap_back=1, nr_times=1
[1/2] Queuing KVM_SWAP_GUEST_PAGES (gfn1=0x12ac29 gfn2=0x1ad269)...
[1/2] Swap queued; vcpu0 kicked — waiting for svm_vcpu_run() to execute it...
[2/2] Polling KVM_USP_SWAP_STATUS (timeout 30s)...
[2/2] Swap complete after 498508 poll iterations.
Page swap complete — check dmesg for kernel details.
src_gpa=0x12ac29000 (gfn=0x12ac29), dst_gpa=0x1ad26a000 (gfn=0x1ad26a)
is_swap_back=1, nr_times=1
[1/2] Queuing KVM_SWAP_GUEST_PAGES (gfn1=0x12ac29 gfn2=0x1ad26a)...
[1/2] Swap queued; vcpu0 kicked — waiting for svm_vcpu_run() to execute it...
[2/2] Polling KVM_USP_SWAP_STATUS (timeout 30s)...
[2/2] Swap complete after 403105 poll iterations.
Page swap complete — check dmesg for kernel details.
src_gpa=0x12ac29000 (gfn=0x12ac29), dst_gpa=0x1ad26b000 (gfn=0x1ad26b)
is_swap_back=1, nr_times=1
[1/2] Queuing KVM_SWAP_GUEST_PAGES (gfn1=0x12ac29 gfn2=0x1ad26b)...
[1/2] Swap queued; vcpu0 kicked — waiting for svm_vcpu_run() to execute it...
[2/2] Polling KVM_USP_SWAP_STATUS (timeout 30s)...
[2/2] Swap complete after 463673 poll iterations.
Page swap complete — check dmesg for kernel details.
src_gpa=0x12ac29000 (gfn=0x12ac29), dst_gpa=0x1ad26c000 (gfn=0x1ad26c)
is_swap_back=1, nr_times=1
[1/2] Queuing KVM_SWAP_GUEST_PAGES (gfn1=0x12ac29 gfn2=0x1ad26c)...
[1/2] Swap queued; vcpu0 kicked — waiting for svm_vcpu_run() to execute it...
[2/2] Polling KVM_USP_SWAP_STATUS (timeout 30s)...
[2/2] Swap complete after 123518 poll iterations.
Page swap complete — check dmesg for kernel details.
src_gpa=0x12ac29000 (gfn=0x12ac29), dst_gpa=0x1ad26d000 (gfn=0x1ad26d)
is_swap_back=1, nr_times=1
[1/2] Queuing KVM_SWAP_GUEST_PAGES (gfn1=0x12ac29 gfn2=0x1ad26d)...
[1/2] Swap queued; vcpu0 kicked — waiting for svm_vcpu_run() to execute it...
[2/2] Polling KVM_USP_SWAP_STATUS (timeout 30s)...
[2/2] Swap complete after 295200 poll iterations.
Page swap complete — check dmesg for kernel details.
src_gpa=0x12ac29000 (gfn=0x12ac29), dst_gpa=0x1ad26e000 (gfn=0x1ad26e)
is_swap_back=1, nr_times=1
[1/2] Queuing KVM_SWAP_GUEST_PAGES (gfn1=0x12ac29 gfn2=0x1ad26e)...
[1/2] Swap queued; vcpu0 kicked — waiting for svm_vcpu_run() to execute it...
[2/2] Polling KVM_USP_SWAP_STATUS (timeout 30s)...
[2/2] Swap complete after 907221 poll iterations.
Page swap complete — check dmesg for kernel details.
src_gpa=0x12ac29000 (gfn=0x12ac29), dst_gpa=0x1ad26f000 (gfn=0x1ad26f)
is_swap_back=1, nr_times=1
[1/2] Queuing KVM_SWAP_GUEST_PAGES (gfn1=0x12ac29 gfn2=0x1ad26f)...
[1/2] Swap queued; vcpu0 kicked — waiting for svm_vcpu_run() to execute it...
[2/2] Polling KVM_USP_SWAP_STATUS (timeout 30s)...
[2/2] Swap complete after 612484 poll iterations.
Page swap complete — check dmesg for kernel details.
src_gpa=0x12ac29000 (gfn=0x12ac29), dst_gpa=0x1ad270000 (gfn=0x1ad270)
is_swap_back=1, nr_times=1
[1/2] Queuing KVM_SWAP_GUEST_PAGES (gfn1=0x12ac29 gfn2=0x1ad270)...
[1/2] Swap queued; vcpu0 kicked — waiting for svm_vcpu_run() to execute it...
[2/2] Polling KVM_USP_SWAP_STATUS (timeout 30s)...
[2/2] Swap complete after 197426 poll iterations.
Page swap complete — check dmesg for kernel details.
src_gpa=0x12ac29000 (gfn=0x12ac29), dst_gpa=0x1ad271000 (gfn=0x1ad271)
is_swap_back=1, nr_times=1
[1/2] Queuing KVM_SWAP_GUEST_PAGES (gfn1=0x12ac29 gfn2=0x1ad271)...
[1/2] Swap queued; vcpu0 kicked — waiting for svm_vcpu_run() to execute it...
[2/2] Polling KVM_USP_SWAP_STATUS (timeout 30s)...
[2/2] Swap complete after 70525 poll iterations.
Page swap complete — check dmesg for kernel details.
src_gpa=0x12ac29000 (gfn=0x12ac29), dst_gpa=0x1ad272000 (gfn=0x1ad272)
is_swap_back=1, nr_times=1
[1/2] Queuing KVM_SWAP_GUEST_PAGES (gfn1=0x12ac29 gfn2=0x1ad272)...
[1/2] Swap queued; vcpu0 kicked — waiting for svm_vcpu_run() to execute it...
[2/2] Polling KVM_USP_SWAP_STATUS (timeout 30s)...
[2/2] Swap complete after 176306 poll iterations.
Page swap complete — check dmesg for kernel details.
src_gpa=0x12ac29000 (gfn=0x12ac29), dst_gpa=0x1ad273000 (gfn=0x1ad273)
is_swap_back=1, nr_times=1
[1/2] Queuing KVM_SWAP_GUEST_PAGES (gfn1=0x12ac29 gfn2=0x1ad273)...
[1/2] Swap queued; vcpu0 kicked — waiting for svm_vcpu_run() to execute it...
[2/2] Polling KVM_USP_SWAP_STATUS (timeout 30s)...
[2/2] Swap complete after 252776 poll iterations.
Page swap complete — check dmesg for kernel details.
src_gpa=0x12ac29000 (gfn=0x12ac29), dst_gpa=0x1ad274000 (gfn=0x1ad274)
is_swap_back=1, nr_times=1
[1/2] Queuing KVM_SWAP_GUEST_PAGES (gfn1=0x12ac29 gfn2=0x1ad274)...
[1/2] Swap queued; vcpu0 kicked — waiting for svm_vcpu_run() to execute it...
[2/2] Polling KVM_USP_SWAP_STATUS (timeout 30s)...
[2/2] Swap complete after 213322 poll iterations.
Page swap complete — check dmesg for kernel details.
src_gpa=0x12ac29000 (gfn=0x12ac29), dst_gpa=0x1ad275000 (gfn=0x1ad275)
is_swap_back=1, nr_times=1
[1/2] Queuing KVM_SWAP_GUEST_PAGES (gfn1=0x12ac29 gfn2=0x1ad275)...
[1/2] Swap queued; vcpu0 kicked — waiting for svm_vcpu_run() to execute it...
[2/2] Polling KVM_USP_SWAP_STATUS (timeout 30s)...
[2/2] Swap complete after 210069 poll iterations.
Page swap complete — check dmesg for kernel details.
src_gpa=0x12ac29000 (gfn=0x12ac29), dst_gpa=0x1ad276000 (gfn=0x1ad276)
is_swap_back=1, nr_times=1
[1/2] Queuing KVM_SWAP_GUEST_PAGES (gfn1=0x12ac29 gfn2=0x1ad276)...
[1/2] Swap queued; vcpu0 kicked — waiting for svm_vcpu_run() to execute it...
[2/2] Polling KVM_USP_SWAP_STATUS (timeout 30s)...
[2/2] Swap complete after 243926 poll iterations.
Page swap complete — check dmesg for kernel details.
src_gpa=0x12ac29000 (gfn=0x12ac29), dst_gpa=0x1ad277000 (gfn=0x1ad277)
is_swap_back=1, nr_times=1
[1/2] Queuing KVM_SWAP_GUEST_PAGES (gfn1=0x12ac29 gfn2=0x1ad277)...
[1/2] Swap queued; vcpu0 kicked — waiting for svm_vcpu_run() to execute it...
[2/2] Polling KVM_USP_SWAP_STATUS (timeout 30s)...
[2/2] Swap complete after 657868 poll iterations.
Page swap complete — check dmesg for kernel details.
src_gpa=0x12ac29000 (gfn=0x12ac29), dst_gpa=0x1ad278000 (gfn=0x1ad278)
is_swap_back=1, nr_times=1
[1/2] Queuing KVM_SWAP_GUEST_PAGES (gfn1=0x12ac29 gfn2=0x1ad278)...
[1/2] Swap queued; vcpu0 kicked — waiting for svm_vcpu_run() to execute it...
[2/2] Polling KVM_USP_SWAP_STATUS (timeout 30s)...
[2/2] Swap complete after 117791 poll iterations.
Page swap complete — check dmesg for kernel details.
src_gpa=0x12ac29000 (gfn=0x12ac29), dst_gpa=0x1ad279000 (gfn=0x1ad279)
is_swap_back=1, nr_times=1
[1/2] Queuing KVM_SWAP_GUEST_PAGES (gfn1=0x12ac29 gfn2=0x1ad279)...
[1/2] Swap queued; vcpu0 kicked — waiting for svm_vcpu_run() to execute it...
[2/2] Polling KVM_USP_SWAP_STATUS (timeout 30s)...
[2/2] Swap complete after 121037 poll iterations.
Page swap complete — check dmesg for kernel details.
src_gpa=0x12ac29000 (gfn=0x12ac29), dst_gpa=0x1ad27a000 (gfn=0x1ad27a)
is_swap_back=1, nr_times=1
[1/2] Queuing KVM_SWAP_GUEST_PAGES (gfn1=0x12ac29 gfn2=0x1ad27a)...
[1/2] Swap queued; vcpu0 kicked — waiting for svm_vcpu_run() to execute it...
[2/2] Polling KVM_USP_SWAP_STATUS (timeout 30s)...
[2/2] Swap complete after 260776 poll iterations.
Page swap complete — check dmesg for kernel details.
src_gpa=0x12ac29000 (gfn=0x12ac29), dst_gpa=0x1ad27b000 (gfn=0x1ad27b)
is_swap_back=1, nr_times=1
[1/2] Queuing KVM_SWAP_GUEST_PAGES (gfn1=0x12ac29 gfn2=0x1ad27b)...
[1/2] Swap queued; vcpu0 kicked — waiting for svm_vcpu_run() to execute it...
[2/2] Polling KVM_USP_SWAP_STATUS (timeout 30s)...
[2/2] Swap complete after 362975 poll iterations.
Page swap complete — check dmesg for kernel details.
src_gpa=0x12ac29000 (gfn=0x12ac29), dst_gpa=0x1ad27c000 (gfn=0x1ad27c)
is_swap_back=1, nr_times=1
[1/2] Queuing KVM_SWAP_GUEST_PAGES (gfn1=0x12ac29 gfn2=0x1ad27c)...
[1/2] Swap queued; vcpu0 kicked — waiting for svm_vcpu_run() to execute it...
[2/2] Polling KVM_USP_SWAP_STATUS (timeout 30s)...
[2/2] Swap complete after 709978 poll iterations.
Page swap complete — check dmesg for kernel details.
src_gpa=0x12ac29000 (gfn=0x12ac29), dst_gpa=0x1ad27d000 (gfn=0x1ad27d)
is_swap_back=1, nr_times=1
[1/2] Queuing KVM_SWAP_GUEST_PAGES (gfn1=0x12ac29 gfn2=0x1ad27d)...
[1/2] Swap queued; vcpu0 kicked — waiting for svm_vcpu_run() to execute it...
[2/2] Polling KVM_USP_SWAP_STATUS (timeout 30s)...
[2/2] Swap complete after 48320 poll iterations.
Page swap complete — check dmesg for kernel details.
src_gpa=0x12ac29000 (gfn=0x12ac29), dst_gpa=0x1ad27e000 (gfn=0x1ad27e)
is_swap_back=1, nr_times=1
[1/2] Queuing KVM_SWAP_GUEST_PAGES (gfn1=0x12ac29 gfn2=0x1ad27e)...
[1/2] Swap queued; vcpu0 kicked — waiting for svm_vcpu_run() to execute it...
[2/2] Polling KVM_USP_SWAP_STATUS (timeout 30s)...
[2/2] Swap complete after 54554 poll iterations.
Page swap complete — check dmesg for kernel details.
src_gpa=0x12ac29000 (gfn=0x12ac29), dst_gpa=0x1ad27f000 (gfn=0x1ad27f)
is_swap_back=1, nr_times=1
[1/2] Queuing KVM_SWAP_GUEST_PAGES (gfn1=0x12ac29 gfn2=0x1ad27f)...
[1/2] Swap queued; vcpu0 kicked — waiting for svm_vcpu_run() to execute it...
[2/2] Polling KVM_USP_SWAP_STATUS (timeout 30s)...
[2/2] Swap complete after 355672 poll iterations.
Page swap complete — check dmesg for kernel details.
src_gpa=0x12ac29000 (gfn=0x12ac29), dst_gpa=0x1ad280000 (gfn=0x1ad280)
is_swap_back=1, nr_times=1
[1/2] Queuing KVM_SWAP_GUEST_PAGES (gfn1=0x12ac29 gfn2=0x1ad280)...
[1/2] Swap queued; vcpu0 kicked — waiting for svm_vcpu_run() to execute it...
[2/2] Polling KVM_USP_SWAP_STATUS (timeout 30s)...
[2/2] Swap complete after 303103 poll iterations.
Page swap complete — check dmesg for kernel details.
src_gpa=0x12ac29000 (gfn=0x12ac29), dst_gpa=0x1ad281000 (gfn=0x1ad281)
is_swap_back=1, nr_times=1
[1/2] Queuing KVM_SWAP_GUEST_PAGES (gfn1=0x12ac29 gfn2=0x1ad281)...
[1/2] Swap queued; vcpu0 kicked — waiting for svm_vcpu_run() to execute it...
[2/2] Polling KVM_USP_SWAP_STATUS (timeout 30s)...
[2/2] Swap complete after 227005 poll iterations.
Page swap complete — check dmesg for kernel details.
src_gpa=0x12ac29000 (gfn=0x12ac29), dst_gpa=0x1ad282000 (gfn=0x1ad282)
is_swap_back=1, nr_times=1
[1/2] Queuing KVM_SWAP_GUEST_PAGES (gfn1=0x12ac29 gfn2=0x1ad282)...
[1/2] Swap queued; vcpu0 kicked — waiting for svm_vcpu_run() to execute it...
[2/2] Polling KVM_USP_SWAP_STATUS (timeout 30s)...
[2/2] Swap complete after 898706 poll iterations.
Page swap complete — check dmesg for kernel details.
src_gpa=0x12ac29000 (gfn=0x12ac29), dst_gpa=0x1ad283000 (gfn=0x1ad283)
is_swap_back=1, nr_times=1
[1/2] Queuing KVM_SWAP_GUEST_PAGES (gfn1=0x12ac29 gfn2=0x1ad283)...
[1/2] Swap queued; vcpu0 kicked — waiting for svm_vcpu_run() to execute it...
[2/2] Polling KVM_USP_SWAP_STATUS (timeout 30s)...
[2/2] Swap complete after 209506 poll iterations.
Page swap complete — check dmesg for kernel details.
src_gpa=0x12ac29000 (gfn=0x12ac29), dst_gpa=0x1ad284000 (gfn=0x1ad284)
is_swap_back=1, nr_times=1
[1/2] Queuing KVM_SWAP_GUEST_PAGES (gfn1=0x12ac29 gfn2=0x1ad284)...
[1/2] Swap queued; vcpu0 kicked — waiting for svm_vcpu_run() to execute it...
[2/2] Polling KVM_USP_SWAP_STATUS (timeout 30s)...
[2/2] Swap complete after 49841 poll iterations.
Page swap complete — check dmesg for kernel details.
src_gpa=0x12ac29000 (gfn=0x12ac29), dst_gpa=0x1ad285000 (gfn=0x1ad285)
is_swap_back=1, nr_times=1
[1/2] Queuing KVM_SWAP_GUEST_PAGES (gfn1=0x12ac29 gfn2=0x1ad285)...
[1/2] Swap queued; vcpu0 kicked — waiting for svm_vcpu_run() to execute it...
[2/2] Polling KVM_USP_SWAP_STATUS (timeout 30s)...
[2/2] Swap complete after 400577 poll iterations.
Page swap complete — check dmesg for kernel details.
src_gpa=0x12ac29000 (gfn=0x12ac29), dst_gpa=0x1ad286000 (gfn=0x1ad286)
is_swap_back=1, nr_times=1
[1/2] Queuing KVM_SWAP_GUEST_PAGES (gfn1=0x12ac29 gfn2=0x1ad286)...
[1/2] Swap queued; vcpu0 kicked — waiting for svm_vcpu_run() to execute it...
[2/2] Polling KVM_USP_SWAP_STATUS (timeout 30s)...
[2/2] Swap complete after 191310 poll iterations.
Page swap complete — check dmesg for kernel details.
src_gpa=0x12ac29000 (gfn=0x12ac29), dst_gpa=0x1ad287000 (gfn=0x1ad287)
is_swap_back=1, nr_times=1
[1/2] Queuing KVM_SWAP_GUEST_PAGES (gfn1=0x12ac29 gfn2=0x1ad287)...
[1/2] Swap queued; vcpu0 kicked — waiting for svm_vcpu_run() to execute it...
[2/2] Polling KVM_USP_SWAP_STATUS (timeout 30s)...
[2/2] Swap complete after 123679 poll iterations.
Page swap complete — check dmesg for kernel details.
src_gpa=0x12ac29000 (gfn=0x12ac29), dst_gpa=0x1ad288000 (gfn=0x1ad288)
is_swap_back=1, nr_times=1
[1/2] Queuing KVM_SWAP_GUEST_PAGES (gfn1=0x12ac29 gfn2=0x1ad288)...
[1/2] Swap queued; vcpu0 kicked — waiting for svm_vcpu_run() to execute it...
[2/2] Polling KVM_USP_SWAP_STATUS (timeout 30s)...
[2/2] Swap complete after 123599 poll iterations.
Page swap complete — check dmesg for kernel details.
src_gpa=0x12ac29000 (gfn=0x12ac29), dst_gpa=0x1ad289000 (gfn=0x1ad289)
is_swap_back=1, nr_times=1
[1/2] Queuing KVM_SWAP_GUEST_PAGES (gfn1=0x12ac29 gfn2=0x1ad289)...
[1/2] Swap queued; vcpu0 kicked — waiting for svm_vcpu_run() to execute it...
[2/2] Polling KVM_USP_SWAP_STATUS (timeout 30s)...
[2/2] Swap complete after 465173 poll iterations.
Page swap complete — check dmesg for kernel details.
src_gpa=0x12ac29000 (gfn=0x12ac29), dst_gpa=0x1ad28a000 (gfn=0x1ad28a)
is_swap_back=1, nr_times=1
[1/2] Queuing KVM_SWAP_GUEST_PAGES (gfn1=0x12ac29 gfn2=0x1ad28a)...
[1/2] Swap queued; vcpu0 kicked — waiting for svm_vcpu_run() to execute it...
[2/2] Polling KVM_USP_SWAP_STATUS (timeout 30s)...
[2/2] Swap complete after 140432 poll iterations.
Page swap complete — check dmesg for kernel details.
src_gpa=0x12ac29000 (gfn=0x12ac29), dst_gpa=0x1ad28b000 (gfn=0x1ad28b)
is_swap_back=1, nr_times=1
[1/2] Queuing KVM_SWAP_GUEST_PAGES (gfn1=0x12ac29 gfn2=0x1ad28b)...
[1/2] Swap queued; vcpu0 kicked — waiting for svm_vcpu_run() to execute it...
[2/2] Polling KVM_USP_SWAP_STATUS (timeout 30s)...
[2/2] Swap complete after 309866 poll iterations.
Page swap complete — check dmesg for kernel details.
src_gpa=0x12ac29000 (gfn=0x12ac29), dst_gpa=0x1ad28c000 (gfn=0x1ad28c)
is_swap_back=1, nr_times=1
[1/2] Queuing KVM_SWAP_GUEST_PAGES (gfn1=0x12ac29 gfn2=0x1ad28c)...
[1/2] Swap queued; vcpu0 kicked — waiting for svm_vcpu_run() to execute it...
[2/2] Polling KVM_USP_SWAP_STATUS (timeout 30s)...
[2/2] Swap complete after 462781 poll iterations.
Page swap complete — check dmesg for kernel details.
src_gpa=0x12ac29000 (gfn=0x12ac29), dst_gpa=0x1ad28d000 (gfn=0x1ad28d)
is_swap_back=1, nr_times=1
[1/2] Queuing KVM_SWAP_GUEST_PAGES (gfn1=0x12ac29 gfn2=0x1ad28d)...
[1/2] Swap queued; vcpu0 kicked — waiting for svm_vcpu_run() to execute it...
[2/2] Polling KVM_USP_SWAP_STATUS (timeout 30s)...
[2/2] Swap complete after 81758 poll iterations.
Page swap complete — check dmesg for kernel details.
src_gpa=0x12ac29000 (gfn=0x12ac29), dst_gpa=0x1ad28e000 (gfn=0x1ad28e)
is_swap_back=1, nr_times=1
[1/2] Queuing KVM_SWAP_GUEST_PAGES (gfn1=0x12ac29 gfn2=0x1ad28e)...
[1/2] Swap queued; vcpu0 kicked — waiting for svm_vcpu_run() to execute it...
[2/2] Polling KVM_USP_SWAP_STATUS (timeout 30s)...
[2/2] Swap complete after 80217 poll iterations.
Page swap complete — check dmesg for kernel details.
src_gpa=0x12ac29000 (gfn=0x12ac29), dst_gpa=0x1ad28f000 (gfn=0x1ad28f)
is_swap_back=1, nr_times=1
[1/2] Queuing KVM_SWAP_GUEST_PAGES (gfn1=0x12ac29 gfn2=0x1ad28f)...
[1/2] Swap queued; vcpu0 kicked — waiting for svm_vcpu_run() to execute it...
[2/2] Polling KVM_USP_SWAP_STATUS (timeout 30s)...
[2/2] Swap complete after 269458 poll iterations.
Page swap complete — check dmesg for kernel details.
src_gpa=0x12ac29000 (gfn=0x12ac29), dst_gpa=0x1ad290000 (gfn=0x1ad290)
is_swap_back=1, nr_times=1
[1/2] Queuing KVM_SWAP_GUEST_PAGES (gfn1=0x12ac29 gfn2=0x1ad290)...
[1/2] Swap queued; vcpu0 kicked — waiting for svm_vcpu_run() to execute it...
[2/2] Polling KVM_USP_SWAP_STATUS (timeout 30s)...
[2/2] Swap complete after 122901 poll iterations.
Page swap complete — check dmesg for kernel details.
src_gpa=0x12ac29000 (gfn=0x12ac29), dst_gpa=0x1ad291000 (gfn=0x1ad291)
is_swap_back=1, nr_times=1
[1/2] Queuing KVM_SWAP_GUEST_PAGES (gfn1=0x12ac29 gfn2=0x1ad291)...
[1/2] Swap queued; vcpu0 kicked — waiting for svm_vcpu_run() to execute it...
[2/2] Polling KVM_USP_SWAP_STATUS (timeout 30s)...
[2/2] Swap complete after 258265 poll iterations.
Page swap complete — check dmesg for kernel details.
src_gpa=0x12ac29000 (gfn=0x12ac29), dst_gpa=0x1c3213000 (gfn=0x1c3213)
is_swap_back=1, nr_times=1
[1/2] Queuing KVM_SWAP_GUEST_PAGES (gfn1=0x12ac29 gfn2=0x1c3213)...
[1/2] Swap queued; vcpu0 kicked — waiting for svm_vcpu_run() to execute it...
[2/2] Polling KVM_USP_SWAP_STATUS (timeout 30s)...
[2/2] Swap complete after 117841 poll iterations.
Page swap complete — check dmesg for kernel details.
src_gpa=0x12ac29000 (gfn=0x12ac29), dst_gpa=0x1c3214000 (gfn=0x1c3214)
is_swap_back=1, nr_times=1
[1/2] Queuing KVM_SWAP_GUEST_PAGES (gfn1=0x12ac29 gfn2=0x1c3214)...
[1/2] Swap queued; vcpu0 kicked — waiting for svm_vcpu_run() to execute it...
[2/2] Polling KVM_USP_SWAP_STATUS (timeout 30s)...
[2/2] Swap complete after 261269 poll iterations.
Page swap complete — check dmesg for kernel details.
src_gpa=0x12ac29000 (gfn=0x12ac29), dst_gpa=0x1c3215000 (gfn=0x1c3215)
is_swap_back=1, nr_times=1
[1/2] Queuing KVM_SWAP_GUEST_PAGES (gfn1=0x12ac29 gfn2=0x1c3215)...
[1/2] Swap queued; vcpu0 kicked — waiting for svm_vcpu_run() to execute it...
[2/2] Polling KVM_USP_SWAP_STATUS (timeout 30s)...
[2/2] Swap complete after 401644 poll iterations.
Page swap complete — check dmesg for kernel details.
src_gpa=0x12ac29000 (gfn=0x12ac29), dst_gpa=0x1c3216000 (gfn=0x1c3216)
is_swap_back=1, nr_times=1
[1/2] Queuing KVM_SWAP_GUEST_PAGES (gfn1=0x12ac29 gfn2=0x1c3216)...
[1/2] Swap queued; vcpu0 kicked — waiting for svm_vcpu_run() to execute it...
[2/2] Polling KVM_USP_SWAP_STATUS (timeout 30s)...
[2/2] Swap complete after 495233 poll iterations.
Page swap complete — check dmesg for kernel details.
src_gpa=0x12ac29000 (gfn=0x12ac29), dst_gpa=0x1c3217000 (gfn=0x1c3217)
is_swap_back=1, nr_times=1
[1/2] Queuing KVM_SWAP_GUEST_PAGES (gfn1=0x12ac29 gfn2=0x1c3217)...
[1/2] Swap queued; vcpu0 kicked — waiting for svm_vcpu_run() to execute it...
[2/2] Polling KVM_USP_SWAP_STATUS (timeout 30s)...
[2/2] Swap complete after 161516 poll iterations.
Page swap complete — check dmesg for kernel details.
src_gpa=0x12ac29000 (gfn=0x12ac29), dst_gpa=0x1c3218000 (gfn=0x1c3218)
is_swap_back=1, nr_times=1
[1/2] Queuing KVM_SWAP_GUEST_PAGES (gfn1=0x12ac29 gfn2=0x1c3218)...
[1/2] Swap queued; vcpu0 kicked — waiting for svm_vcpu_run() to execute it...
[2/2] Polling KVM_USP_SWAP_STATUS (timeout 30s)...
[2/2] Swap complete after 128521 poll iterations.
Page swap complete — check dmesg for kernel details.
src_gpa=0x12ac29000 (gfn=0x12ac29), dst_gpa=0x1c3219000 (gfn=0x1c3219)
is_swap_back=1, nr_times=1
[1/2] Queuing KVM_SWAP_GUEST_PAGES (gfn1=0x12ac29 gfn2=0x1c3219)...
[1/2] Swap queued; vcpu0 kicked — waiting for svm_vcpu_run() to execute it...
[2/2] Polling KVM_USP_SWAP_STATUS (timeout 30s)...
[2/2] Swap complete after 127190 poll iterations.
Page swap complete — check dmesg for kernel details.
src_gpa=0x12ac29000 (gfn=0x12ac29), dst_gpa=0x1c321a000 (gfn=0x1c321a)
is_swap_back=1, nr_times=1
[1/2] Queuing KVM_SWAP_GUEST_PAGES (gfn1=0x12ac29 gfn2=0x1c321a)...
[1/2] Swap queued; vcpu0 kicked — waiting for svm_vcpu_run() to execute it...
[2/2] Polling KVM_USP_SWAP_STATUS (timeout 30s)...
[2/2] Swap complete after 446050 poll iterations.
Page swap complete — check dmesg for kernel details.
src_gpa=0x12ac29000 (gfn=0x12ac29), dst_gpa=0x1c321b000 (gfn=0x1c321b)
is_swap_back=1, nr_times=1
[1/2] Queuing KVM_SWAP_GUEST_PAGES (gfn1=0x12ac29 gfn2=0x1c321b)...
[1/2] Swap queued; vcpu0 kicked — waiting for svm_vcpu_run() to execute it...
[2/2] Polling KVM_USP_SWAP_STATUS (timeout 30s)...
[2/2] Swap complete after 207040 poll iterations.
Page swap complete — check dmesg for kernel details.
src_gpa=0x12ac29000 (gfn=0x12ac29), dst_gpa=0x1c321c000 (gfn=0x1c321c)
is_swap_back=1, nr_times=1
[1/2] Queuing KVM_SWAP_GUEST_PAGES (gfn1=0x12ac29 gfn2=0x1c321c)...
[1/2] Swap queued; vcpu0 kicked — waiting for svm_vcpu_run() to execute it...
[2/2] Polling KVM_USP_SWAP_STATUS (timeout 30s)...
[2/2] Swap complete after 664872 poll iterations.
Page swap complete — check dmesg for kernel details.
src_gpa=0x12ac29000 (gfn=0x12ac29), dst_gpa=0x1c321d000 (gfn=0x1c321d)
is_swap_back=1, nr_times=1
[1/2] Queuing KVM_SWAP_GUEST_PAGES (gfn1=0x12ac29 gfn2=0x1c321d)...
[1/2] Swap queued; vcpu0 kicked — waiting for svm_vcpu_run() to execute it...
[2/2] Polling KVM_USP_SWAP_STATUS (timeout 30s)...
[2/2] Swap complete after 422478 poll iterations.
Page swap complete — check dmesg for kernel details.
src_gpa=0x12ac29000 (gfn=0x12ac29), dst_gpa=0x1c321e000 (gfn=0x1c321e)
is_swap_back=1, nr_times=1
[1/2] Queuing KVM_SWAP_GUEST_PAGES (gfn1=0x12ac29 gfn2=0x1c321e)...
[1/2] Swap queued; vcpu0 kicked — waiting for svm_vcpu_run() to execute it...
[2/2] Polling KVM_USP_SWAP_STATUS (timeout 30s)...
[2/2] Swap complete after 371352 poll iterations.
Page swap complete — check dmesg for kernel details.
src_gpa=0x12ac29000 (gfn=0x12ac29), dst_gpa=0x1c321f000 (gfn=0x1c321f)
is_swap_back=1, nr_times=1
[1/2] Queuing KVM_SWAP_GUEST_PAGES (gfn1=0x12ac29 gfn2=0x1c321f)...
[1/2] Swap queued; vcpu0 kicked — waiting for svm_vcpu_run() to execute it...
[2/2] Polling KVM_USP_SWAP_STATUS (timeout 30s)...
[2/2] Swap complete after 65461 poll iterations.
Page swap complete — check dmesg for kernel details.
src_gpa=0x12ac29000 (gfn=0x12ac29), dst_gpa=0x1c3220000 (gfn=0x1c3220)
is_swap_back=1, nr_times=1
[1/2] Queuing KVM_SWAP_GUEST_PAGES (gfn1=0x12ac29 gfn2=0x1c3220)...
[1/2] Swap queued; vcpu0 kicked — waiting for svm_vcpu_run() to execute it...
[2/2] Polling KVM_USP_SWAP_STATUS (timeout 30s)...
[2/2] Swap complete after 580961 poll iterations.
Page swap complete — check dmesg for kernel details.
src_gpa=0x12ac29000 (gfn=0x12ac29), dst_gpa=0x1c3221000 (gfn=0x1c3221)
is_swap_back=1, nr_times=1
[1/2] Queuing KVM_SWAP_GUEST_PAGES (gfn1=0x12ac29 gfn2=0x1c3221)...
[1/2] Swap queued; vcpu0 kicked — waiting for svm_vcpu_run() to execute it...
[2/2] Polling KVM_USP_SWAP_STATUS (timeout 30s)...
[2/2] Swap complete after 123177 poll iterations.
Page swap complete — check dmesg for kernel details.
src_gpa=0x12ac29000 (gfn=0x12ac29), dst_gpa=0x1c3222000 (gfn=0x1c3222)
is_swap_back=1, nr_times=1
[1/2] Queuing KVM_SWAP_GUEST_PAGES (gfn1=0x12ac29 gfn2=0x1c3222)...
[1/2] Swap queued; vcpu0 kicked — waiting for svm_vcpu_run() to execute it...
[2/2] Polling KVM_USP_SWAP_STATUS (timeout 30s)...
[2/2] Swap complete after 153781 poll iterations.
Page swap complete — check dmesg for kernel details.
src_gpa=0x12ac29000 (gfn=0x12ac29), dst_gpa=0x1c3223000 (gfn=0x1c3223)
is_swap_back=1, nr_times=1
[1/2] Queuing KVM_SWAP_GUEST_PAGES (gfn1=0x12ac29 gfn2=0x1c3223)...
[1/2] Swap queued; vcpu0 kicked — waiting for svm_vcpu_run() to execute it...
[2/2] Polling KVM_USP_SWAP_STATUS (timeout 30s)...
[2/2] Swap complete after 173897 poll iterations.
Page swap complete — check dmesg for kernel details.
src_gpa=0x12ac29000 (gfn=0x12ac29), dst_gpa=0x1c3224000 (gfn=0x1c3224)
is_swap_back=1, nr_times=1
[1/2] Queuing KVM_SWAP_GUEST_PAGES (gfn1=0x12ac29 gfn2=0x1c3224)...
[1/2] Swap queued; vcpu0 kicked — waiting for svm_vcpu_run() to execute it...
[2/2] Polling KVM_USP_SWAP_STATUS (timeout 30s)...
[2/2] Swap complete after 658829 poll iterations.
Page swap complete — check dmesg for kernel details.
src_gpa=0x12ac29000 (gfn=0x12ac29), dst_gpa=0x1c3225000 (gfn=0x1c3225)
is_swap_back=1, nr_times=1
[1/2] Queuing KVM_SWAP_GUEST_PAGES (gfn1=0x12ac29 gfn2=0x1c3225)...
[1/2] Swap queued; vcpu0 kicked — waiting for svm_vcpu_run() to execute it...
[2/2] Polling KVM_USP_SWAP_STATUS (timeout 30s)...
[2/2] Swap complete after 127674 poll iterations.
Page swap complete — check dmesg for kernel details.
src_gpa=0x12ac29000 (gfn=0x12ac29), dst_gpa=0x1c3226000 (gfn=0x1c3226)
is_swap_back=1, nr_times=1
[1/2] Queuing KVM_SWAP_GUEST_PAGES (gfn1=0x12ac29 gfn2=0x1c3226)...
[1/2] Swap queued; vcpu0 kicked — waiting for svm_vcpu_run() to execute it...
[2/2] Polling KVM_USP_SWAP_STATUS (timeout 30s)...
[2/2] Swap complete after 759939 poll iterations.
Page swap complete — check dmesg for kernel details.
src_gpa=0x12ac29000 (gfn=0x12ac29), dst_gpa=0x1c3227000 (gfn=0x1c3227)
is_swap_back=1, nr_times=1
[1/2] Queuing KVM_SWAP_GUEST_PAGES (gfn1=0x12ac29 gfn2=0x1c3227)...
[1/2] Swap queued; vcpu0 kicked — waiting for svm_vcpu_run() to execute it...
[2/2] Polling KVM_USP_SWAP_STATUS (timeout 30s)...
[2/2] Swap complete after 918088 poll iterations.
Page swap complete — check dmesg for kernel details.
src_gpa=0x12ac29000 (gfn=0x12ac29), dst_gpa=0x1c3228000 (gfn=0x1c3228)
is_swap_back=1, nr_times=1
[1/2] Queuing KVM_SWAP_GUEST_PAGES (gfn1=0x12ac29 gfn2=0x1c3228)...
[1/2] Swap queued; vcpu0 kicked — waiting for svm_vcpu_run() to execute it...
[2/2] Polling KVM_USP_SWAP_STATUS (timeout 30s)...
[2/2] Swap complete after 131223 poll iterations.
Page swap complete — check dmesg for kernel details.
src_gpa=0x12ac29000 (gfn=0x12ac29), dst_gpa=0x1c3229000 (gfn=0x1c3229)
is_swap_back=1, nr_times=1
[1/2] Queuing KVM_SWAP_GUEST_PAGES (gfn1=0x12ac29 gfn2=0x1c3229)...
[1/2] Swap queued; vcpu0 kicked — waiting for svm_vcpu_run() to execute it...
[2/2] Polling KVM_USP_SWAP_STATUS (timeout 30s)...
[2/2] Swap complete after 336400 poll iterations.
Page swap complete — check dmesg for kernel details.
src_gpa=0x12ac29000 (gfn=0x12ac29), dst_gpa=0x1c322a000 (gfn=0x1c322a)
is_swap_back=1, nr_times=1
[1/2] Queuing KVM_SWAP_GUEST_PAGES (gfn1=0x12ac29 gfn2=0x1c322a)...
[1/2] Swap queued; vcpu0 kicked — waiting for svm_vcpu_run() to execute it...
[2/2] Polling KVM_USP_SWAP_STATUS (timeout 30s)...
[2/2] Swap complete after 412319 poll iterations.
Page swap complete — check dmesg for kernel details.
src_gpa=0x12ac29000 (gfn=0x12ac29), dst_gpa=0x1c322b000 (gfn=0x1c322b)
is_swap_back=1, nr_times=1
[1/2] Queuing KVM_SWAP_GUEST_PAGES (gfn1=0x12ac29 gfn2=0x1c322b)...
[1/2] Swap queued; vcpu0 kicked — waiting for svm_vcpu_run() to execute it...
[2/2] Polling KVM_USP_SWAP_STATUS (timeout 30s)...
[2/2] Swap complete after 106521 poll iterations.
Page swap complete — check dmesg for kernel details.
src_gpa=0x12ac29000 (gfn=0x12ac29), dst_gpa=0x1c322c000 (gfn=0x1c322c)
is_swap_back=1, nr_times=1
[1/2] Queuing KVM_SWAP_GUEST_PAGES (gfn1=0x12ac29 gfn2=0x1c322c)...
[1/2] Swap queued; vcpu0 kicked — waiting for svm_vcpu_run() to execute it...
[2/2] Polling KVM_USP_SWAP_STATUS (timeout 30s)...
[2/2] Swap complete after 255967 poll iterations.
Page swap complete — check dmesg for kernel details.
src_gpa=0x12ac29000 (gfn=0x12ac29), dst_gpa=0x1c322d000 (gfn=0x1c322d)
is_swap_back=1, nr_times=1
[1/2] Queuing KVM_SWAP_GUEST_PAGES (gfn1=0x12ac29 gfn2=0x1c322d)...
[1/2] Swap queued; vcpu0 kicked — waiting for svm_vcpu_run() to execute it...
[2/2] Polling KVM_USP_SWAP_STATUS (timeout 30s)...
[2/2] Swap complete after 122693 poll iterations.
Page swap complete — check dmesg for kernel details.
src_gpa=0x12ac29000 (gfn=0x12ac29), dst_gpa=0x1c322e000 (gfn=0x1c322e)
is_swap_back=1, nr_times=1
[1/2] Queuing KVM_SWAP_GUEST_PAGES (gfn1=0x12ac29 gfn2=0x1c322e)...
[1/2] Swap queued; vcpu0 kicked — waiting for svm_vcpu_run() to execute it...
[2/2] Polling KVM_USP_SWAP_STATUS (timeout 30s)...
[2/2] Swap complete after 302491 poll iterations.
Page swap complete — check dmesg for kernel details.
src_gpa=0x12ac29000 (gfn=0x12ac29), dst_gpa=0x1c322f000 (gfn=0x1c322f)
is_swap_back=1, nr_times=1
[1/2] Queuing KVM_SWAP_GUEST_PAGES (gfn1=0x12ac29 gfn2=0x1c322f)...
[1/2] Swap queued; vcpu0 kicked — waiting for svm_vcpu_run() to execute it...
[2/2] Polling KVM_USP_SWAP_STATUS (timeout 30s)...
[2/2] Swap complete after 63328 poll iterations.
Page swap complete — check dmesg for kernel details.
src_gpa=0x12ac29000 (gfn=0x12ac29), dst_gpa=0x1c3230000 (gfn=0x1c3230)
is_swap_back=1, nr_times=1
[1/2] Queuing KVM_SWAP_GUEST_PAGES (gfn1=0x12ac29 gfn2=0x1c3230)...
[1/2] Swap queued; vcpu0 kicked — waiting for svm_vcpu_run() to execute it...
[2/2] Polling KVM_USP_SWAP_STATUS (timeout 30s)...
[2/2] Swap complete after 691085 poll iterations.
Page swap complete — check dmesg for kernel details.
src_gpa=0x12ac29000 (gfn=0x12ac29), dst_gpa=0x1c3231000 (gfn=0x1c3231)
is_swap_back=1, nr_times=1
[1/2] Queuing KVM_SWAP_GUEST_PAGES (gfn1=0x12ac29 gfn2=0x1c3231)...
[1/2] Swap queued; vcpu0 kicked — waiting for svm_vcpu_run() to execute it...
[2/2] Polling KVM_USP_SWAP_STATUS (timeout 30s)...
[2/2] Swap complete after 190206 poll iterations.
Page swap complete — check dmesg for kernel details.
src_gpa=0x12ac29000 (gfn=0x12ac29), dst_gpa=0x1c3232000 (gfn=0x1c3232)
is_swap_back=1, nr_times=1
[1/2] Queuing KVM_SWAP_GUEST_PAGES (gfn1=0x12ac29 gfn2=0x1c3232)...
[1/2] Swap queued; vcpu0 kicked — waiting for svm_vcpu_run() to execute it...
[2/2] Polling KVM_USP_SWAP_STATUS (timeout 30s)...
[2/2] Swap complete after 737898 poll iterations.
Page swap complete — check dmesg for kernel details.
src_gpa=0x12ac29000 (gfn=0x12ac29), dst_gpa=0x1c3233000 (gfn=0x1c3233)
is_swap_back=1, nr_times=1
[1/2] Queuing KVM_SWAP_GUEST_PAGES (gfn1=0x12ac29 gfn2=0x1c3233)...
[1/2] Swap queued; vcpu0 kicked — waiting for svm_vcpu_run() to execute it...
[2/2] Polling KVM_USP_SWAP_STATUS (timeout 30s)...
[2/2] Swap complete after 134062 poll iterations.
Page swap complete — check dmesg for kernel details.
src_gpa=0x12ac29000 (gfn=0x12ac29), dst_gpa=0x1c3234000 (gfn=0x1c3234)
is_swap_back=1, nr_times=1
[1/2] Queuing KVM_SWAP_GUEST_PAGES (gfn1=0x12ac29 gfn2=0x1c3234)...
[1/2] Swap queued; vcpu0 kicked — waiting for svm_vcpu_run() to execute it...
[2/2] Polling KVM_USP_SWAP_STATUS (timeout 30s)...
[2/2] Swap complete after 743306 poll iterations.
Page swap complete — check dmesg for kernel details.
src_gpa=0x12ac29000 (gfn=0x12ac29), dst_gpa=0x1c3235000 (gfn=0x1c3235)
is_swap_back=1, nr_times=1
[1/2] Queuing KVM_SWAP_GUEST_PAGES (gfn1=0x12ac29 gfn2=0x1c3235)...
[1/2] Swap queued; vcpu0 kicked — waiting for svm_vcpu_run() to execute it...
[2/2] Polling KVM_USP_SWAP_STATUS (timeout 30s)...
[2/2] Swap complete after 130639 poll iterations.
Page swap complete — check dmesg for kernel details.
src_gpa=0x12ac29000 (gfn=0x12ac29), dst_gpa=0x1c3236000 (gfn=0x1c3236)
is_swap_back=1, nr_times=1
[1/2] Queuing KVM_SWAP_GUEST_PAGES (gfn1=0x12ac29 gfn2=0x1c3236)...
[1/2] Swap queued; vcpu0 kicked — waiting for svm_vcpu_run() to execute it...
[2/2] Polling KVM_USP_SWAP_STATUS (timeout 30s)...
[2/2] Swap complete after 156367 poll iterations.
Page swap complete — check dmesg for kernel details.
src_gpa=0x12ac29000 (gfn=0x12ac29), dst_gpa=0x1c3237000 (gfn=0x1c3237)
is_swap_back=1, nr_times=1
[1/2] Queuing KVM_SWAP_GUEST_PAGES (gfn1=0x12ac29 gfn2=0x1c3237)...
[1/2] Swap queued; vcpu0 kicked — waiting for svm_vcpu_run() to execute it...
[2/2] Polling KVM_USP_SWAP_STATUS (timeout 30s)...
[2/2] Swap complete after 722322 poll iterations.
Page swap complete — check dmesg for kernel details.
src_gpa=0x12ac29000 (gfn=0x12ac29), dst_gpa=0x1c3238000 (gfn=0x1c3238)
is_swap_back=1, nr_times=1
[1/2] Queuing KVM_SWAP_GUEST_PAGES (gfn1=0x12ac29 gfn2=0x1c3238)...
[1/2] Swap queued; vcpu0 kicked — waiting for svm_vcpu_run() to execute it...
[2/2] Polling KVM_USP_SWAP_STATUS (timeout 30s)...
[2/2] Swap complete after 208671 poll iterations.
Page swap complete — check dmesg for kernel details.
src_gpa=0x12ac29000 (gfn=0x12ac29), dst_gpa=0x1c3239000 (gfn=0x1c3239)
is_swap_back=1, nr_times=1
[1/2] Queuing KVM_SWAP_GUEST_PAGES (gfn1=0x12ac29 gfn2=0x1c3239)...
[1/2] Swap queued; vcpu0 kicked — waiting for svm_vcpu_run() to execute it...
[2/2] Polling KVM_USP_SWAP_STATUS (timeout 30s)...
[2/2] Swap complete after 123757 poll iterations.
Page swap complete — check dmesg for kernel details.
src_gpa=0x12ac29000 (gfn=0x12ac29), dst_gpa=0x1c323a000 (gfn=0x1c323a)
is_swap_back=1, nr_times=1
[1/2] Queuing KVM_SWAP_GUEST_PAGES (gfn1=0x12ac29 gfn2=0x1c323a)...
[1/2] Swap queued; vcpu0 kicked — waiting for svm_vcpu_run() to execute it...
[2/2] Polling KVM_USP_SWAP_STATUS (timeout 30s)...
[2/2] Swap complete after 252948 poll iterations.
Page swap complete — check dmesg for kernel details.
src_gpa=0x12ac29000 (gfn=0x12ac29), dst_gpa=0x1c323b000 (gfn=0x1c323b)
is_swap_back=1, nr_times=1
[1/2] Queuing KVM_SWAP_GUEST_PAGES (gfn1=0x12ac29 gfn2=0x1c323b)...
[1/2] Swap queued; vcpu0 kicked — waiting for svm_vcpu_run() to execute it...
[2/2] Polling KVM_USP_SWAP_STATUS (timeout 30s)...
[2/2] Swap complete after 279409 poll iterations.
Page swap complete — check dmesg for kernel details.
src_gpa=0x12ac29000 (gfn=0x12ac29), dst_gpa=0x1c323c000 (gfn=0x1c323c)
is_swap_back=1, nr_times=1
[1/2] Queuing KVM_SWAP_GUEST_PAGES (gfn1=0x12ac29 gfn2=0x1c323c)...
[1/2] Swap queued; vcpu0 kicked — waiting for svm_vcpu_run() to execute it...
[2/2] Polling KVM_USP_SWAP_STATUS (timeout 30s)...
[2/2] Swap complete after 528281 poll iterations.
Page swap complete — check dmesg for kernel details.
src_gpa=0x12ac29000 (gfn=0x12ac29), dst_gpa=0x1c323d000 (gfn=0x1c323d)
is_swap_back=1, nr_times=1
[1/2] Queuing KVM_SWAP_GUEST_PAGES (gfn1=0x12ac29 gfn2=0x1c323d)...
[1/2] Swap queued; vcpu0 kicked — waiting for svm_vcpu_run() to execute it...
[2/2] Polling KVM_USP_SWAP_STATUS (timeout 30s)...
[2/2] Swap complete after 346916 poll iterations.
Page swap complete — check dmesg for kernel details.
src_gpa=0x12ac29000 (gfn=0x12ac29), dst_gpa=0x1c323e000 (gfn=0x1c323e)
is_swap_back=1, nr_times=1
[1/2] Queuing KVM_SWAP_GUEST_PAGES (gfn1=0x12ac29 gfn2=0x1c323e)...
[1/2] Swap queued; vcpu0 kicked — waiting for svm_vcpu_run() to execute it...
[2/2] Polling KVM_USP_SWAP_STATUS (timeout 30s)...
[2/2] Swap complete after 529726 poll iterations.
Page swap complete — check dmesg for kernel details.
src_gpa=0x12ac29000 (gfn=0x12ac29), dst_gpa=0x1c323f000 (gfn=0x1c323f)
is_swap_back=1, nr_times=1
[1/2] Queuing KVM_SWAP_GUEST_PAGES (gfn1=0x12ac29 gfn2=0x1c323f)...
[1/2] Swap queued; vcpu0 kicked — waiting for svm_vcpu_run() to execute it...
[2/2] Polling KVM_USP_SWAP_STATUS (timeout 30s)...
[2/2] Swap complete after 309277 poll iterations.
Page swap complete — check dmesg for kernel details.
src_gpa=0x12ac29000 (gfn=0x12ac29), dst_gpa=0x1c3240000 (gfn=0x1c3240)
is_swap_back=1, nr_times=1
[1/2] Queuing KVM_SWAP_GUEST_PAGES (gfn1=0x12ac29 gfn2=0x1c3240)...
[1/2] Swap queued; vcpu0 kicked — waiting for svm_vcpu_run() to execute it...
[2/2] Polling KVM_USP_SWAP_STATUS (timeout 30s)...
[2/2] Swap complete after 461553 poll iterations.
Page swap complete — check dmesg for kernel details.
src_gpa=0x12ac29000 (gfn=0x12ac29), dst_gpa=0x1c3241000 (gfn=0x1c3241)
is_swap_back=1, nr_times=1
[1/2] Queuing KVM_SWAP_GUEST_PAGES (gfn1=0x12ac29 gfn2=0x1c3241)...
[1/2] Swap queued; vcpu0 kicked — waiting for svm_vcpu_run() to execute it...
[2/2] Polling KVM_USP_SWAP_STATUS (timeout 30s)...
[2/2] Swap complete after 269912 poll iterations.
Page swap complete — check dmesg for kernel details.
src_gpa=0x12ac29000 (gfn=0x12ac29), dst_gpa=0x1c3242000 (gfn=0x1c3242)
is_swap_back=1, nr_times=1
[1/2] Queuing KVM_SWAP_GUEST_PAGES (gfn1=0x12ac29 gfn2=0x1c3242)...
[1/2] Swap queued; vcpu0 kicked — waiting for svm_vcpu_run() to execute it...
[2/2] Polling KVM_USP_SWAP_STATUS (timeout 30s)...
[2/2] Swap complete after 135125 poll iterations.
Page swap complete — check dmesg for kernel details.
src_gpa=0x12ac29000 (gfn=0x12ac29), dst_gpa=0x1c3243000 (gfn=0x1c3243)
is_swap_back=1, nr_times=1
[1/2] Queuing KVM_SWAP_GUEST_PAGES (gfn1=0x12ac29 gfn2=0x1c3243)...
[1/2] Swap queued; vcpu0 kicked — waiting for svm_vcpu_run() to execute it...
[2/2] Polling KVM_USP_SWAP_STATUS (timeout 30s)...
[2/2] Swap complete after 385994 poll iterations.
Page swap complete — check dmesg for kernel details.
  page 41/48  do_swap_read(0x12ac29000, 0x1c3841000) → img_41.out
  page 42/48  do_swap_read(0x12ac29000, 0x1c3842000) → img_42.out
  page 43/48  do_swap_read(0x12ac29000, 0x1c3843000) → img_43.out
  page 44/48  do_swap_read(0x12ac29000, 0x1c3844000) → img_44.out
  page 45/48  do_swap_read(0x12ac29000, 0x1c3845000) → img_45.out
  page 46/48  do_swap_read(0x12ac29000, 0x1c3846000) → img_46.out
  page 47/48  do_swap_read(0x12ac29000, 0x1c3847000) → img_47.out
  page 48/48  do_swap_read(0x12ac29000, 0x1c3848000) → img_48.out

[infer] Loaded 64 ref dumps

[infer] XOR slice shape : (64, 224, 56)
[infer] Total hits      : 14417 / 802816  (1.80%)
[infer] Saved → /home/eun/proof_code/mura/xor_slices_auto/xor_slice_mura_host_regB_2_rank3.npy
    -> SHOULDER  (p=0.660)
  [rank 4] block=0x1ad200000 best_range=(0x1ad261000, 30p) -> infer ...
[infer] FIXED_GPA   = 0x12ac29000
[infer] image_gpa   = 0x1ad261000  (49 pages)
  page  0/48  do_swap_read(0x12ac29000, 0x1ad261000) → img_00.out
  page  1/48  do_swap_read(0x12ac29000, 0x1ad262000) → img_01.out
  page  2/48  do_swap_read(0x12ac29000, 0x1ad263000) → img_02.out
  page  3/48  do_swap_read(0x12ac29000, 0x1ad264000) → img_03.out
  page  4/48  do_swap_read(0x12ac29000, 0x1ad265000) → img_04.out
  page  5/48  do_swap_read(0x12ac29000, 0x1ad266000) → img_05.out
  page  6/48  do_swap_read(0x12ac29000, 0x1ad267000) → img_06.out
  page  7/48  do_swap_read(0x12ac29000, 0x1ad268000) → img_07.out
  page  8/48  do_swap_read(0x12ac29000, 0x1ad269000) → img_08.out
  page  9/48  do_swap_read(0x12ac29000, 0x1ad26a000) → img_09.out
  page 10/48  do_swap_read(0x12ac29000, 0x1ad26b000) → img_10.out
  page 11/48  do_swap_read(0x12ac29000, 0x1ad26c000) → img_11.out
  page 12/48  do_swap_read(0x12ac29000, 0x1ad26d000) → img_12.out
  page 13/48  do_swap_read(0x12ac29000, 0x1ad26e000) → img_13.out
  page 14/48  do_swap_read(0x12ac29000, 0x1ad26f000) → img_14.out
  page 15/48  do_swap_read(0x12ac29000, 0x1ad270000) → img_15.out
  page 16/48  do_swap_read(0x12ac29000, 0x1ad271000) → img_16.out
  page 17/48  do_swap_read(0x12ac29000, 0x1ad272000) → img_17.out
  page 18/48  do_swap_read(0x12ac29000, 0x1ad273000) → img_18.out
  page 19/48  do_swap_read(0x12ac29000, 0x1ad274000) → img_19.out
  page 20/48  do_swap_read(0x12ac29000, 0x1ad275000) → img_20.out
  page 21/48  do_swap_read(0x12ac29000, 0x1ad276000) → img_21.out
  page 22/48  do_swap_read(0x12ac29000, 0x1ad277000) → img_22.out
  page 23/48  do_swap_read(0x12ac29000, 0x1ad278000) → img_23.out
  page 24/48  do_swap_read(0x12ac29000, 0x1ad279000) → img_24.out
  page 25/48  do_swap_read(0x12ac29000, 0x1ad27a000) → img_25.out
  page 26/48  do_swap_read(0x12ac29000, 0x1ad27b000) → img_26.out
  page 27/48  do_swap_read(0x12ac29000, 0x1ad27c000) → img_27.out
  page 28/48  do_swap_read(0x12ac29000, 0x1ad27d000) → img_28.out
  page 29/48  do_swap_read(0x12ac29000, 0x1ad27e000) → img_29.out
  page 30/48  do_swap_read(0x12ac29000, 0x1ad27f000) → img_30.out
  page 31/48  do_swap_read(0x12ac29000, 0x1ad280000) → img_31.out
  page 32/48  do_swap_read(0x12ac29000, 0x1ad281000) → img_32.out
  page 33/48  do_swap_read(0x12ac29000, 0x1ad282000) → img_33.out
  page 34/48  do_swap_read(0x12ac29000, 0x1ad283000) → img_34.out
  page 35/48  do_swap_read(0x12ac29000, 0x1ad284000) → img_35.out
  page 36/48  do_swap_read(0x12ac29000, 0x1ad285000) → img_36.out
  page 37/48  do_swap_read(0x12ac29000, 0x1ad286000) → img_37.out
  page 38/48  do_swap_read(0x12ac29000, 0x1ad287000) → img_38.out
  page 39/48  do_swap_read(0x12ac29000, 0x1ad288000) → img_39.out
  page 40/48  do_swap_read(0x12ac29000, 0x1ad289000) → img_40.out
  page 41/48  do_swap_read(0x12ac29000, 0x1ad28a000) → img_41.out
  page 42/48  do_swap_read(0x12ac29000, 0x1ad28b000) → img_42.out
  page 43/48  do_swap_read(0x12ac29000, 0x1ad28c000) → img_43.out
  page 44/48  do_swap_read(0x12ac29000, 0x1ad28d000) → img_44.out
  page 45/48  do_swap_read(0x12ac29000, 0x1ad28e000) → img_45.out
  page 46/48  do_swap_read(0x12ac29000, 0x1ad28f000) → img_46.out
  page 47/48  do_swap_read(0x12ac29000, 0x1ad290000) → img_47.out
  page 48/48  do_swap_read(0x12ac29000, 0x1ad291000) → img_48.out

[infer] Loaded 64 ref dumps

[infer] XOR slice shape : (64, 224, 56)
[infer] Total hits      : 21 / 802816  (0.00%)
[infer] Saved → /home/eun/proof_code/mura/xor_slices_auto/xor_slice_mura_host_regB_2_rank4.npy
    -> HUMERUS  (p=0.578)

[pipeline] === /home/eun/esp_bak/sev-step/userspace/write-tracker/mura/mura_host_regB_3.log ===
  906 candidates total, skipping top 2, attempting next 2
  [rank 3] block=0x1c3200000 best_range=(0x1c3213000, 202p) -> infer ...
[infer] FIXED_GPA   = 0x12ac29000
[infer] image_gpa   = 0x1c3213000  (49 pages)
  page  0/48  do_swap_read(0x12ac29000, 0x1c3213000) → img_00.out
  page  1/48  do_swap_read(0x12ac29000, 0x1c3214000) → img_01.out
  page  2/48  do_swap_read(0x12ac29000, 0x1c3215000) → img_02.out
  page  3/48  do_swap_read(0x12ac29000, 0x1c3216000) → img_03.out
  page  4/48  do_swap_read(0x12ac29000, 0x1c3217000) → img_04.out
  page  5/48  do_swap_read(0x12ac29000, 0x1c3218000) → img_05.out
  page  6/48  do_swap_read(0x12ac29000, 0x1c3219000) → img_06.out
  page  7/48  do_swap_read(0x12ac29000, 0x1c321a000) → img_07.out
  page  8/48  do_swap_read(0x12ac29000, 0x1c321b000) → img_08.out
  page  9/48  do_swap_read(0x12ac29000, 0x1c321c000) → img_09.out
  page 10/48  do_swap_read(0x12ac29000, 0x1c321d000) → img_10.out
  page 11/48  do_swap_read(0x12ac29000, 0x1c321e000) → img_11.out
  page 12/48  do_swap_read(0x12ac29000, 0x1c321f000) → img_12.out
  page 13/48  do_swap_read(0x12ac29000, 0x1c3220000) → img_13.out
  page 14/48  do_swap_read(0x12ac29000, 0x1c3221000) → img_14.out
  page 15/48  do_swap_read(0x12ac29000, 0x1c3222000) → img_15.out
  page 16/48  do_swap_read(0x12ac29000, 0x1c3223000) → img_16.out
  page 17/48  do_swap_read(0x12ac29000, 0x1c3224000) → img_17.out
  page 18/48  do_swap_read(0x12ac29000, 0x1c3225000) → img_18.out
  page 19/48  do_swap_read(0x12ac29000, 0x1c3226000) → img_19.out
  page 20/48  do_swap_read(0x12ac29000, 0x1c3227000) → img_20.out
  page 21/48  do_swap_read(0x12ac29000, 0x1c3228000) → img_21.out
  page 22/48  do_swap_read(0x12ac29000, 0x1c3229000) → img_22.out
  page 23/48  do_swap_read(0x12ac29000, 0x1c322a000) → img_23.out
  page 24/48  do_swap_read(0x12ac29000, 0x1c322b000) → img_24.out
  page 25/48  do_swap_read(0x12ac29000, 0x1c322c000) → img_25.out
  page 26/48  do_swap_read(0x12ac29000, 0x1c322d000) → img_26.out
  page 27/48  do_swap_read(0x12ac29000, 0x1c322e000) → img_27.out
  page 28/48  do_swap_read(0x12ac29000, 0x1c322f000) → img_28.out
  page 29/48  do_swap_read(0x12ac29000, 0x1c3230000) → img_29.out
  page 30/48  do_swap_read(0x12ac29000, 0x1c3231000) → img_30.out
  page 31/48  do_swap_read(0x12ac29000, 0x1c3232000) → img_31.out
  page 32/48  do_swap_read(0x12ac29000, 0x1c3233000) → img_32.out
  page 33/48  do_swap_read(0x12ac29000, 0x1c3234000) → img_33.out
  page 34/48  do_swap_read(0x12ac29000, 0x1c3235000) → img_34.out
  page 35/48  do_swap_read(0x12ac29000, 0x1c3236000) → img_35.out
  page 36/48  do_swap_read(0x12ac29000, 0x1c3237000) → img_36.out
  page 37/48  do_swap_read(0x12ac29000, 0x1c3238000) → img_37.out
  page 38/48  do_swap_read(0x12ac29000, 0x1c3239000) → img_38.out
  page 39/48  do_swap_read(0x12ac29000, 0x1c323a000) → img_39.out
  page 40/48  do_swap_read(0x12ac29000, 0x1c323b000) → img_40.out
  page 41/48  do_swap_read(0x12ac29000, 0x1c323c000) → img_41.out
  page 42/48  do_swap_read(0x12ac29000, 0x1c323d000) → img_42.out
  page 43/48  do_swap_read(0x12ac29000, 0x1c323e000) → img_43.out
  page 44/48  do_swap_read(0x12ac29000, 0x1c323f000) → img_44.out
  page 45/48  do_swap_read(0x12ac29000, 0x1c3240000) → img_45.out
  page 46/48  do_swap_read(0x12ac29000, 0x1c3241000) → img_46.out
  page 47/48  do_swap_read(0x12ac29000, 0x1c3242000) → img_47.out
  page 48/48  do_swap_read(0x12ac29000, 0x1c3243000) → img_48.out

[infer] Loaded 64 ref dumps
src_gpa=0x12ac29000 (gfn=0x12ac29), dst_gpa=0x1ad0ca000 (gfn=0x1ad0ca)
is_swap_back=1, nr_times=1
[1/2] Queuing KVM_SWAP_GUEST_PAGES (gfn1=0x12ac29 gfn2=0x1ad0ca)...
[1/2] Swap queued; vcpu0 kicked — waiting for svm_vcpu_run() to execute it...
[2/2] Polling KVM_USP_SWAP_STATUS (timeout 30s)...
[2/2] Swap complete after 335102 poll iterations.
Page swap complete — check dmesg for kernel details.
src_gpa=0x12ac29000 (gfn=0x12ac29), dst_gpa=0x1ad0cb000 (gfn=0x1ad0cb)
is_swap_back=1, nr_times=1
[1/2] Queuing KVM_SWAP_GUEST_PAGES (gfn1=0x12ac29 gfn2=0x1ad0cb)...
[1/2] Swap queued; vcpu0 kicked — waiting for svm_vcpu_run() to execute it...
[2/2] Polling KVM_USP_SWAP_STATUS (timeout 30s)...
[2/2] Swap complete after 239091 poll iterations.
Page swap complete — check dmesg for kernel details.
src_gpa=0x12ac29000 (gfn=0x12ac29), dst_gpa=0x1ad0cc000 (gfn=0x1ad0cc)
is_swap_back=1, nr_times=1
[1/2] Queuing KVM_SWAP_GUEST_PAGES (gfn1=0x12ac29 gfn2=0x1ad0cc)...
[1/2] Swap queued; vcpu0 kicked — waiting for svm_vcpu_run() to execute it...
[2/2] Polling KVM_USP_SWAP_STATUS (timeout 30s)...
[2/2] Swap complete after 642717 poll iterations.
Page swap complete — check dmesg for kernel details.
src_gpa=0x12ac29000 (gfn=0x12ac29), dst_gpa=0x1ad0cd000 (gfn=0x1ad0cd)
is_swap_back=1, nr_times=1
[1/2] Queuing KVM_SWAP_GUEST_PAGES (gfn1=0x12ac29 gfn2=0x1ad0cd)...
[1/2] Swap queued; vcpu0 kicked — waiting for svm_vcpu_run() to execute it...
[2/2] Polling KVM_USP_SWAP_STATUS (timeout 30s)...
[2/2] Swap complete after 438458 poll iterations.
Page swap complete — check dmesg for kernel details.
src_gpa=0x12ac29000 (gfn=0x12ac29), dst_gpa=0x1ad0ce000 (gfn=0x1ad0ce)
is_swap_back=1, nr_times=1
[1/2] Queuing KVM_SWAP_GUEST_PAGES (gfn1=0x12ac29 gfn2=0x1ad0ce)...
[1/2] Swap queued; vcpu0 kicked — waiting for svm_vcpu_run() to execute it...
[2/2] Polling KVM_USP_SWAP_STATUS (timeout 30s)...
[2/2] Swap complete after 452563 poll iterations.
Page swap complete — check dmesg for kernel details.
src_gpa=0x12ac29000 (gfn=0x12ac29), dst_gpa=0x1ad0cf000 (gfn=0x1ad0cf)
is_swap_back=1, nr_times=1
[1/2] Queuing KVM_SWAP_GUEST_PAGES (gfn1=0x12ac29 gfn2=0x1ad0cf)...
[1/2] Swap queued; vcpu0 kicked — waiting for svm_vcpu_run() to execute it...
[2/2] Polling KVM_USP_SWAP_STATUS (timeout 30s)...
[2/2] Swap complete after 236114 poll iterations.
Page swap complete — check dmesg for kernel details.
src_gpa=0x12ac29000 (gfn=0x12ac29), dst_gpa=0x1ad0d0000 (gfn=0x1ad0d0)
is_swap_back=1, nr_times=1
[1/2] Queuing KVM_SWAP_GUEST_PAGES (gfn1=0x12ac29 gfn2=0x1ad0d0)...
[1/2] Swap queued; vcpu0 kicked — waiting for svm_vcpu_run() to execute it...
[2/2] Polling KVM_USP_SWAP_STATUS (timeout 30s)...
[2/2] Swap complete after 370528 poll iterations.
Page swap complete — check dmesg for kernel details.
src_gpa=0x12ac29000 (gfn=0x12ac29), dst_gpa=0x1ad0d1000 (gfn=0x1ad0d1)
is_swap_back=1, nr_times=1
[1/2] Queuing KVM_SWAP_GUEST_PAGES (gfn1=0x12ac29 gfn2=0x1ad0d1)...
[1/2] Swap queued; vcpu0 kicked — waiting for svm_vcpu_run() to execute it...
[2/2] Polling KVM_USP_SWAP_STATUS (timeout 30s)...
[2/2] Swap complete after 124031 poll iterations.
Page swap complete — check dmesg for kernel details.
src_gpa=0x12ac29000 (gfn=0x12ac29), dst_gpa=0x1ad0d2000 (gfn=0x1ad0d2)
is_swap_back=1, nr_times=1
[1/2] Queuing KVM_SWAP_GUEST_PAGES (gfn1=0x12ac29 gfn2=0x1ad0d2)...
[1/2] Swap queued; vcpu0 kicked — waiting for svm_vcpu_run() to execute it...
[2/2] Polling KVM_USP_SWAP_STATUS (timeout 30s)...
[2/2] Swap complete after 121824 poll iterations.
Page swap complete — check dmesg for kernel details.
src_gpa=0x12ac29000 (gfn=0x12ac29), dst_gpa=0x1ad0d3000 (gfn=0x1ad0d3)
is_swap_back=1, nr_times=1
[1/2] Queuing KVM_SWAP_GUEST_PAGES (gfn1=0x12ac29 gfn2=0x1ad0d3)...
[1/2] Swap queued; vcpu0 kicked — waiting for svm_vcpu_run() to execute it...
[2/2] Polling KVM_USP_SWAP_STATUS (timeout 30s)...
[2/2] Swap complete after 815630 poll iterations.
Page swap complete — check dmesg for kernel details.
src_gpa=0x12ac29000 (gfn=0x12ac29), dst_gpa=0x1ad0d4000 (gfn=0x1ad0d4)
is_swap_back=1, nr_times=1
[1/2] Queuing KVM_SWAP_GUEST_PAGES (gfn1=0x12ac29 gfn2=0x1ad0d4)...
[1/2] Swap queued; vcpu0 kicked — waiting for svm_vcpu_run() to execute it...
[2/2] Polling KVM_USP_SWAP_STATUS (timeout 30s)...
[2/2] Swap complete after 72834 poll iterations.
Page swap complete — check dmesg for kernel details.
src_gpa=0x12ac29000 (gfn=0x12ac29), dst_gpa=0x1ad0d5000 (gfn=0x1ad0d5)
is_swap_back=1, nr_times=1
[1/2] Queuing KVM_SWAP_GUEST_PAGES (gfn1=0x12ac29 gfn2=0x1ad0d5)...
[1/2] Swap queued; vcpu0 kicked — waiting for svm_vcpu_run() to execute it...
[2/2] Polling KVM_USP_SWAP_STATUS (timeout 30s)...
[2/2] Swap complete after 169980 poll iterations.
Page swap complete — check dmesg for kernel details.
src_gpa=0x12ac29000 (gfn=0x12ac29), dst_gpa=0x1ad0d6000 (gfn=0x1ad0d6)
is_swap_back=1, nr_times=1
[1/2] Queuing KVM_SWAP_GUEST_PAGES (gfn1=0x12ac29 gfn2=0x1ad0d6)...
[1/2] Swap queued; vcpu0 kicked — waiting for svm_vcpu_run() to execute it...
[2/2] Polling KVM_USP_SWAP_STATUS (timeout 30s)...
[2/2] Swap complete after 673034 poll iterations.
Page swap complete — check dmesg for kernel details.
src_gpa=0x12ac29000 (gfn=0x12ac29), dst_gpa=0x1ad0d7000 (gfn=0x1ad0d7)
is_swap_back=1, nr_times=1
[1/2] Queuing KVM_SWAP_GUEST_PAGES (gfn1=0x12ac29 gfn2=0x1ad0d7)...
[1/2] Swap queued; vcpu0 kicked — waiting for svm_vcpu_run() to execute it...
[2/2] Polling KVM_USP_SWAP_STATUS (timeout 30s)...
[2/2] Swap complete after 895707 poll iterations.
Page swap complete — check dmesg for kernel details.
src_gpa=0x12ac29000 (gfn=0x12ac29), dst_gpa=0x1ad0d8000 (gfn=0x1ad0d8)
is_swap_back=1, nr_times=1
[1/2] Queuing KVM_SWAP_GUEST_PAGES (gfn1=0x12ac29 gfn2=0x1ad0d8)...
[1/2] Swap queued; vcpu0 kicked — waiting for svm_vcpu_run() to execute it...
[2/2] Polling KVM_USP_SWAP_STATUS (timeout 30s)...
[2/2] Swap complete after 301529 poll iterations.
Page swap complete — check dmesg for kernel details.
src_gpa=0x12ac29000 (gfn=0x12ac29), dst_gpa=0x1ad0d9000 (gfn=0x1ad0d9)
is_swap_back=1, nr_times=1
[1/2] Queuing KVM_SWAP_GUEST_PAGES (gfn1=0x12ac29 gfn2=0x1ad0d9)...
[1/2] Swap queued; vcpu0 kicked — waiting for svm_vcpu_run() to execute it...
[2/2] Polling KVM_USP_SWAP_STATUS (timeout 30s)...
[2/2] Swap complete after 568995 poll iterations.
Page swap complete — check dmesg for kernel details.
src_gpa=0x12ac29000 (gfn=0x12ac29), dst_gpa=0x1ad0da000 (gfn=0x1ad0da)
is_swap_back=1, nr_times=1
[1/2] Queuing KVM_SWAP_GUEST_PAGES (gfn1=0x12ac29 gfn2=0x1ad0da)...
[1/2] Swap queued; vcpu0 kicked — waiting for svm_vcpu_run() to execute it...
[2/2] Polling KVM_USP_SWAP_STATUS (timeout 30s)...
[2/2] Swap complete after 363712 poll iterations.
Page swap complete — check dmesg for kernel details.
src_gpa=0x12ac29000 (gfn=0x12ac29), dst_gpa=0x1ad0db000 (gfn=0x1ad0db)
is_swap_back=1, nr_times=1
[1/2] Queuing KVM_SWAP_GUEST_PAGES (gfn1=0x12ac29 gfn2=0x1ad0db)...
[1/2] Swap queued; vcpu0 kicked — waiting for svm_vcpu_run() to execute it...
[2/2] Polling KVM_USP_SWAP_STATUS (timeout 30s)...
[2/2] Swap complete after 517330 poll iterations.
Page swap complete — check dmesg for kernel details.
src_gpa=0x12ac29000 (gfn=0x12ac29), dst_gpa=0x1ad0dc000 (gfn=0x1ad0dc)
is_swap_back=1, nr_times=1
[1/2] Queuing KVM_SWAP_GUEST_PAGES (gfn1=0x12ac29 gfn2=0x1ad0dc)...
[1/2] Swap queued; vcpu0 kicked — waiting for svm_vcpu_run() to execute it...
[2/2] Polling KVM_USP_SWAP_STATUS (timeout 30s)...
[2/2] Swap complete after 689051 poll iterations.
Page swap complete — check dmesg for kernel details.
src_gpa=0x12ac29000 (gfn=0x12ac29), dst_gpa=0x1ad0dd000 (gfn=0x1ad0dd)
is_swap_back=1, nr_times=1
[1/2] Queuing KVM_SWAP_GUEST_PAGES (gfn1=0x12ac29 gfn2=0x1ad0dd)...
[1/2] Swap queued; vcpu0 kicked — waiting for svm_vcpu_run() to execute it...
[2/2] Polling KVM_USP_SWAP_STATUS (timeout 30s)...
[2/2] Swap complete after 118263 poll iterations.
Page swap complete — check dmesg for kernel details.
src_gpa=0x12ac29000 (gfn=0x12ac29), dst_gpa=0x1ad0de000 (gfn=0x1ad0de)
is_swap_back=1, nr_times=1
[1/2] Queuing KVM_SWAP_GUEST_PAGES (gfn1=0x12ac29 gfn2=0x1ad0de)...
[1/2] Swap queued; vcpu0 kicked — waiting for svm_vcpu_run() to execute it...
[2/2] Polling KVM_USP_SWAP_STATUS (timeout 30s)...
[2/2] Swap complete after 61576 poll iterations.
Page swap complete — check dmesg for kernel details.
src_gpa=0x12ac29000 (gfn=0x12ac29), dst_gpa=0x1ad0df000 (gfn=0x1ad0df)
is_swap_back=1, nr_times=1
[1/2] Queuing KVM_SWAP_GUEST_PAGES (gfn1=0x12ac29 gfn2=0x1ad0df)...
[1/2] Swap queued; vcpu0 kicked — waiting for svm_vcpu_run() to execute it...
[2/2] Polling KVM_USP_SWAP_STATUS (timeout 30s)...
[2/2] Swap complete after 594922 poll iterations.
Page swap complete — check dmesg for kernel details.
src_gpa=0x12ac29000 (gfn=0x12ac29), dst_gpa=0x1ad0e0000 (gfn=0x1ad0e0)
is_swap_back=1, nr_times=1
[1/2] Queuing KVM_SWAP_GUEST_PAGES (gfn1=0x12ac29 gfn2=0x1ad0e0)...
[1/2] Swap queued; vcpu0 kicked — waiting for svm_vcpu_run() to execute it...
[2/2] Polling KVM_USP_SWAP_STATUS (timeout 30s)...
[2/2] Swap complete after 286389 poll iterations.
Page swap complete — check dmesg for kernel details.
src_gpa=0x12ac29000 (gfn=0x12ac29), dst_gpa=0x1ad0e1000 (gfn=0x1ad0e1)
is_swap_back=1, nr_times=1
[1/2] Queuing KVM_SWAP_GUEST_PAGES (gfn1=0x12ac29 gfn2=0x1ad0e1)...
[1/2] Swap queued; vcpu0 kicked — waiting for svm_vcpu_run() to execute it...
[2/2] Polling KVM_USP_SWAP_STATUS (timeout 30s)...
[2/2] Swap complete after 898813 poll iterations.
Page swap complete — check dmesg for kernel details.
src_gpa=0x12ac29000 (gfn=0x12ac29), dst_gpa=0x1ad0e2000 (gfn=0x1ad0e2)
is_swap_back=1, nr_times=1
[1/2] Queuing KVM_SWAP_GUEST_PAGES (gfn1=0x12ac29 gfn2=0x1ad0e2)...
[1/2] Swap queued; vcpu0 kicked — waiting for svm_vcpu_run() to execute it...
[2/2] Polling KVM_USP_SWAP_STATUS (timeout 30s)...
[2/2] Swap complete after 139579 poll iterations.
Page swap complete — check dmesg for kernel details.
src_gpa=0x12ac29000 (gfn=0x12ac29), dst_gpa=0x1ad0e3000 (gfn=0x1ad0e3)
is_swap_back=1, nr_times=1
[1/2] Queuing KVM_SWAP_GUEST_PAGES (gfn1=0x12ac29 gfn2=0x1ad0e3)...
[1/2] Swap queued; vcpu0 kicked — waiting for svm_vcpu_run() to execute it...
[2/2] Polling KVM_USP_SWAP_STATUS (timeout 30s)...
[2/2] Swap complete after 489078 poll iterations.
Page swap complete — check dmesg for kernel details.
src_gpa=0x12ac29000 (gfn=0x12ac29), dst_gpa=0x1ad0e4000 (gfn=0x1ad0e4)
is_swap_back=1, nr_times=1
[1/2] Queuing KVM_SWAP_GUEST_PAGES (gfn1=0x12ac29 gfn2=0x1ad0e4)...
[1/2] Swap queued; vcpu0 kicked — waiting for svm_vcpu_run() to execute it...
[2/2] Polling KVM_USP_SWAP_STATUS (timeout 30s)...
[2/2] Swap complete after 254633 poll iterations.
Page swap complete — check dmesg for kernel details.
src_gpa=0x12ac29000 (gfn=0x12ac29), dst_gpa=0x1ad0e5000 (gfn=0x1ad0e5)
is_swap_back=1, nr_times=1
[1/2] Queuing KVM_SWAP_GUEST_PAGES (gfn1=0x12ac29 gfn2=0x1ad0e5)...
[1/2] Swap queued; vcpu0 kicked — waiting for svm_vcpu_run() to execute it...
[2/2] Polling KVM_USP_SWAP_STATUS (timeout 30s)...
[2/2] Swap complete after 910635 poll iterations.
Page swap complete — check dmesg for kernel details.
src_gpa=0x12ac29000 (gfn=0x12ac29), dst_gpa=0x1ad0e6000 (gfn=0x1ad0e6)
is_swap_back=1, nr_times=1
[1/2] Queuing KVM_SWAP_GUEST_PAGES (gfn1=0x12ac29 gfn2=0x1ad0e6)...
[1/2] Swap queued; vcpu0 kicked — waiting for svm_vcpu_run() to execute it...
[2/2] Polling KVM_USP_SWAP_STATUS (timeout 30s)...
[2/2] Swap complete after 613773 poll iterations.
Page swap complete — check dmesg for kernel details.
src_gpa=0x12ac29000 (gfn=0x12ac29), dst_gpa=0x1ad0e7000 (gfn=0x1ad0e7)
is_swap_back=1, nr_times=1
[1/2] Queuing KVM_SWAP_GUEST_PAGES (gfn1=0x12ac29 gfn2=0x1ad0e7)...
[1/2] Swap queued; vcpu0 kicked — waiting for svm_vcpu_run() to execute it...
[2/2] Polling KVM_USP_SWAP_STATUS (timeout 30s)...
[2/2] Swap complete after 281087 poll iterations.
Page swap complete — check dmesg for kernel details.
src_gpa=0x12ac29000 (gfn=0x12ac29), dst_gpa=0x1ad0e8000 (gfn=0x1ad0e8)
is_swap_back=1, nr_times=1
[1/2] Queuing KVM_SWAP_GUEST_PAGES (gfn1=0x12ac29 gfn2=0x1ad0e8)...
[1/2] Swap queued; vcpu0 kicked — waiting for svm_vcpu_run() to execute it...
[2/2] Polling KVM_USP_SWAP_STATUS (timeout 30s)...
[2/2] Swap complete after 374669 poll iterations.
Page swap complete — check dmesg for kernel details.
src_gpa=0x12ac29000 (gfn=0x12ac29), dst_gpa=0x1ad0e9000 (gfn=0x1ad0e9)
is_swap_back=1, nr_times=1
[1/2] Queuing KVM_SWAP_GUEST_PAGES (gfn1=0x12ac29 gfn2=0x1ad0e9)...
[1/2] Swap queued; vcpu0 kicked — waiting for svm_vcpu_run() to execute it...
[2/2] Polling KVM_USP_SWAP_STATUS (timeout 30s)...
[2/2] Swap complete after 515297 poll iterations.
Page swap complete — check dmesg for kernel details.
src_gpa=0x12ac29000 (gfn=0x12ac29), dst_gpa=0x1ad0ea000 (gfn=0x1ad0ea)
is_swap_back=1, nr_times=1
[1/2] Queuing KVM_SWAP_GUEST_PAGES (gfn1=0x12ac29 gfn2=0x1ad0ea)...
[1/2] Swap queued; vcpu0 kicked — waiting for svm_vcpu_run() to execute it...
[2/2] Polling KVM_USP_SWAP_STATUS (timeout 30s)...
[2/2] Swap complete after 909337 poll iterations.
Page swap complete — check dmesg for kernel details.
src_gpa=0x12ac29000 (gfn=0x12ac29), dst_gpa=0x1ad0eb000 (gfn=0x1ad0eb)
is_swap_back=1, nr_times=1
[1/2] Queuing KVM_SWAP_GUEST_PAGES (gfn1=0x12ac29 gfn2=0x1ad0eb)...
[1/2] Swap queued; vcpu0 kicked — waiting for svm_vcpu_run() to execute it...
[2/2] Polling KVM_USP_SWAP_STATUS (timeout 30s)...
[2/2] Swap complete after 297315 poll iterations.
Page swap complete — check dmesg for kernel details.
src_gpa=0x12ac29000 (gfn=0x12ac29), dst_gpa=0x1ad0ec000 (gfn=0x1ad0ec)
is_swap_back=1, nr_times=1
[1/2] Queuing KVM_SWAP_GUEST_PAGES (gfn1=0x12ac29 gfn2=0x1ad0ec)...
[1/2] Swap queued; vcpu0 kicked — waiting for svm_vcpu_run() to execute it...
[2/2] Polling KVM_USP_SWAP_STATUS (timeout 30s)...
[2/2] Swap complete after 277791 poll iterations.
Page swap complete — check dmesg for kernel details.
src_gpa=0x12ac29000 (gfn=0x12ac29), dst_gpa=0x1ad0ed000 (gfn=0x1ad0ed)
is_swap_back=1, nr_times=1
[1/2] Queuing KVM_SWAP_GUEST_PAGES (gfn1=0x12ac29 gfn2=0x1ad0ed)...
[1/2] Swap queued; vcpu0 kicked — waiting for svm_vcpu_run() to execute it...
[2/2] Polling KVM_USP_SWAP_STATUS (timeout 30s)...
[2/2] Swap complete after 123505 poll iterations.
Page swap complete — check dmesg for kernel details.
src_gpa=0x12ac29000 (gfn=0x12ac29), dst_gpa=0x1ad0ee000 (gfn=0x1ad0ee)
is_swap_back=1, nr_times=1
[1/2] Queuing KVM_SWAP_GUEST_PAGES (gfn1=0x12ac29 gfn2=0x1ad0ee)...
[1/2] Swap queued; vcpu0 kicked — waiting for svm_vcpu_run() to execute it...
[2/2] Polling KVM_USP_SWAP_STATUS (timeout 30s)...
[2/2] Swap complete after 160885 poll iterations.
Page swap complete — check dmesg for kernel details.
src_gpa=0x12ac29000 (gfn=0x12ac29), dst_gpa=0x1ad0ef000 (gfn=0x1ad0ef)
is_swap_back=1, nr_times=1
[1/2] Queuing KVM_SWAP_GUEST_PAGES (gfn1=0x12ac29 gfn2=0x1ad0ef)...
[1/2] Swap queued; vcpu0 kicked — waiting for svm_vcpu_run() to execute it...
[2/2] Polling KVM_USP_SWAP_STATUS (timeout 30s)...
[2/2] Swap complete after 229588 poll iterations.
Page swap complete — check dmesg for kernel details.
src_gpa=0x12ac29000 (gfn=0x12ac29), dst_gpa=0x1ad0f0000 (gfn=0x1ad0f0)
is_swap_back=1, nr_times=1
[1/2] Queuing KVM_SWAP_GUEST_PAGES (gfn1=0x12ac29 gfn2=0x1ad0f0)...
[1/2] Swap queued; vcpu0 kicked — waiting for svm_vcpu_run() to execute it...
[2/2] Polling KVM_USP_SWAP_STATUS (timeout 30s)...
[2/2] Swap complete after 672030 poll iterations.
Page swap complete — check dmesg for kernel details.
src_gpa=0x12ac29000 (gfn=0x12ac29), dst_gpa=0x1ad0f1000 (gfn=0x1ad0f1)
is_swap_back=1, nr_times=1
[1/2] Queuing KVM_SWAP_GUEST_PAGES (gfn1=0x12ac29 gfn2=0x1ad0f1)...
[1/2] Swap queued; vcpu0 kicked — waiting for svm_vcpu_run() to execute it...
[2/2] Polling KVM_USP_SWAP_STATUS (timeout 30s)...
[2/2] Swap complete after 340147 poll iterations.
Page swap complete — check dmesg for kernel details.
src_gpa=0x12ac29000 (gfn=0x12ac29), dst_gpa=0x1ad0f2000 (gfn=0x1ad0f2)
is_swap_back=1, nr_times=1
[1/2] Queuing KVM_SWAP_GUEST_PAGES (gfn1=0x12ac29 gfn2=0x1ad0f2)...
[1/2] Swap queued; vcpu0 kicked — waiting for svm_vcpu_run() to execute it...
[2/2] Polling KVM_USP_SWAP_STATUS (timeout 30s)...
[2/2] Swap complete after 560061 poll iterations.
Page swap complete — check dmesg for kernel details.
src_gpa=0x12ac29000 (gfn=0x12ac29), dst_gpa=0x1ad0f3000 (gfn=0x1ad0f3)
is_swap_back=1, nr_times=1
[1/2] Queuing KVM_SWAP_GUEST_PAGES (gfn1=0x12ac29 gfn2=0x1ad0f3)...
[1/2] Swap queued; vcpu0 kicked — waiting for svm_vcpu_run() to execute it...
[2/2] Polling KVM_USP_SWAP_STATUS (timeout 30s)...
[2/2] Swap complete after 916932 poll iterations.
Page swap complete — check dmesg for kernel details.
src_gpa=0x12ac29000 (gfn=0x12ac29), dst_gpa=0x1ad0f4000 (gfn=0x1ad0f4)
is_swap_back=1, nr_times=1
[1/2] Queuing KVM_SWAP_GUEST_PAGES (gfn1=0x12ac29 gfn2=0x1ad0f4)...
[1/2] Swap queued; vcpu0 kicked — waiting for svm_vcpu_run() to execute it...
[2/2] Polling KVM_USP_SWAP_STATUS (timeout 30s)...
[2/2] Swap complete after 732206 poll iterations.
Page swap complete — check dmesg for kernel details.
src_gpa=0x12ac29000 (gfn=0x12ac29), dst_gpa=0x1ad0f5000 (gfn=0x1ad0f5)
is_swap_back=1, nr_times=1
[1/2] Queuing KVM_SWAP_GUEST_PAGES (gfn1=0x12ac29 gfn2=0x1ad0f5)...
[1/2] Swap queued; vcpu0 kicked — waiting for svm_vcpu_run() to execute it...
[2/2] Polling KVM_USP_SWAP_STATUS (timeout 30s)...
[2/2] Swap complete after 148445 poll iterations.
Page swap complete — check dmesg for kernel details.
src_gpa=0x12ac29000 (gfn=0x12ac29), dst_gpa=0x1ad0f6000 (gfn=0x1ad0f6)
is_swap_back=1, nr_times=1
[1/2] Queuing KVM_SWAP_GUEST_PAGES (gfn1=0x12ac29 gfn2=0x1ad0f6)...
[1/2] Swap queued; vcpu0 kicked — waiting for svm_vcpu_run() to execute it...
[2/2] Polling KVM_USP_SWAP_STATUS (timeout 30s)...
[2/2] Swap complete after 374991 poll iterations.
Page swap complete — check dmesg for kernel details.
src_gpa=0x12ac29000 (gfn=0x12ac29), dst_gpa=0x1ad0f7000 (gfn=0x1ad0f7)
is_swap_back=1, nr_times=1
[1/2] Queuing KVM_SWAP_GUEST_PAGES (gfn1=0x12ac29 gfn2=0x1ad0f7)...
[1/2] Swap queued; vcpu0 kicked — waiting for svm_vcpu_run() to execute it...
[2/2] Polling KVM_USP_SWAP_STATUS (timeout 30s)...
[2/2] Swap complete after 519515 poll iterations.
Page swap complete — check dmesg for kernel details.
src_gpa=0x12ac29000 (gfn=0x12ac29), dst_gpa=0x1ad0f8000 (gfn=0x1ad0f8)
is_swap_back=1, nr_times=1
[1/2] Queuing KVM_SWAP_GUEST_PAGES (gfn1=0x12ac29 gfn2=0x1ad0f8)...
[1/2] Swap queued; vcpu0 kicked — waiting for svm_vcpu_run() to execute it...
[2/2] Polling KVM_USP_SWAP_STATUS (timeout 30s)...
[2/2] Swap complete after 898023 poll iterations.
Page swap complete — check dmesg for kernel details.
src_gpa=0x12ac29000 (gfn=0x12ac29), dst_gpa=0x1ad0f9000 (gfn=0x1ad0f9)
is_swap_back=1, nr_times=1
[1/2] Queuing KVM_SWAP_GUEST_PAGES (gfn1=0x12ac29 gfn2=0x1ad0f9)...
[1/2] Swap queued; vcpu0 kicked — waiting for svm_vcpu_run() to execute it...
[2/2] Polling KVM_USP_SWAP_STATUS (timeout 30s)...
[2/2] Swap complete after 71199 poll iterations.
Page swap complete — check dmesg for kernel details.
src_gpa=0x12ac29000 (gfn=0x12ac29), dst_gpa=0x1ad0fa000 (gfn=0x1ad0fa)
is_swap_back=1, nr_times=1
[1/2] Queuing KVM_SWAP_GUEST_PAGES (gfn1=0x12ac29 gfn2=0x1ad0fa)...
[1/2] Swap queued; vcpu0 kicked — waiting for svm_vcpu_run() to execute it...
[2/2] Polling KVM_USP_SWAP_STATUS (timeout 30s)...
[2/2] Swap complete after 89370 poll iterations.
Page swap complete — check dmesg for kernel details.
src_gpa=0x12ac29000 (gfn=0x12ac29), dst_gpa=0x1a699c000 (gfn=0x1a699c)
is_swap_back=1, nr_times=1
[1/2] Queuing KVM_SWAP_GUEST_PAGES (gfn1=0x12ac29 gfn2=0x1a699c)...
[1/2] Swap queued; vcpu0 kicked — waiting for svm_vcpu_run() to execute it...
[2/2] Polling KVM_USP_SWAP_STATUS (timeout 30s)...
[2/2] Swap complete after 153366 poll iterations.
Page swap complete — check dmesg for kernel details.
src_gpa=0x12ac29000 (gfn=0x12ac29), dst_gpa=0x1a699d000 (gfn=0x1a699d)
is_swap_back=1, nr_times=1
[1/2] Queuing KVM_SWAP_GUEST_PAGES (gfn1=0x12ac29 gfn2=0x1a699d)...
[1/2] Swap queued; vcpu0 kicked — waiting for svm_vcpu_run() to execute it...
[2/2] Polling KVM_USP_SWAP_STATUS (timeout 30s)...
[2/2] Swap complete after 508390 poll iterations.
Page swap complete — check dmesg for kernel details.
src_gpa=0x12ac29000 (gfn=0x12ac29), dst_gpa=0x1a699e000 (gfn=0x1a699e)
is_swap_back=1, nr_times=1
[1/2] Queuing KVM_SWAP_GUEST_PAGES (gfn1=0x12ac29 gfn2=0x1a699e)...
[1/2] Swap queued; vcpu0 kicked — waiting for svm_vcpu_run() to execute it...
[2/2] Polling KVM_USP_SWAP_STATUS (timeout 30s)...
[2/2] Swap complete after 914007 poll iterations.
Page swap complete — check dmesg for kernel details.
src_gpa=0x12ac29000 (gfn=0x12ac29), dst_gpa=0x1a699f000 (gfn=0x1a699f)
is_swap_back=1, nr_times=1
[1/2] Queuing KVM_SWAP_GUEST_PAGES (gfn1=0x12ac29 gfn2=0x1a699f)...
[1/2] Swap queued; vcpu0 kicked — waiting for svm_vcpu_run() to execute it...
[2/2] Polling KVM_USP_SWAP_STATUS (timeout 30s)...
[2/2] Swap complete after 237620 poll iterations.
Page swap complete — check dmesg for kernel details.
src_gpa=0x12ac29000 (gfn=0x12ac29), dst_gpa=0x1a69a0000 (gfn=0x1a69a0)
is_swap_back=1, nr_times=1
[1/2] Queuing KVM_SWAP_GUEST_PAGES (gfn1=0x12ac29 gfn2=0x1a69a0)...
[1/2] Swap queued; vcpu0 kicked — waiting for svm_vcpu_run() to execute it...
[2/2] Polling KVM_USP_SWAP_STATUS (timeout 30s)...
[2/2] Swap complete after 348223 poll iterations.
Page swap complete — check dmesg for kernel details.
src_gpa=0x12ac29000 (gfn=0x12ac29), dst_gpa=0x1a69a1000 (gfn=0x1a69a1)
is_swap_back=1, nr_times=1
[1/2] Queuing KVM_SWAP_GUEST_PAGES (gfn1=0x12ac29 gfn2=0x1a69a1)...
[1/2] Swap queued; vcpu0 kicked — waiting for svm_vcpu_run() to execute it...
[2/2] Polling KVM_USP_SWAP_STATUS (timeout 30s)...
[2/2] Swap complete after 266013 poll iterations.
Page swap complete — check dmesg for kernel details.
src_gpa=0x12ac29000 (gfn=0x12ac29), dst_gpa=0x1a69a2000 (gfn=0x1a69a2)
is_swap_back=1, nr_times=1
[1/2] Queuing KVM_SWAP_GUEST_PAGES (gfn1=0x12ac29 gfn2=0x1a69a2)...
[1/2] Swap queued; vcpu0 kicked — waiting for svm_vcpu_run() to execute it...
[2/2] Polling KVM_USP_SWAP_STATUS (timeout 30s)...
[2/2] Swap complete after 262516 poll iterations.
Page swap complete — check dmesg for kernel details.
src_gpa=0x12ac29000 (gfn=0x12ac29), dst_gpa=0x1a69a3000 (gfn=0x1a69a3)
is_swap_back=1, nr_times=1
[1/2] Queuing KVM_SWAP_GUEST_PAGES (gfn1=0x12ac29 gfn2=0x1a69a3)...
[1/2] Swap queued; vcpu0 kicked — waiting for svm_vcpu_run() to execute it...
[2/2] Polling KVM_USP_SWAP_STATUS (timeout 30s)...
[2/2] Swap complete after 640529 poll iterations.
Page swap complete — check dmesg for kernel details.
src_gpa=0x12ac29000 (gfn=0x12ac29), dst_gpa=0x1a69a4000 (gfn=0x1a69a4)
is_swap_back=1, nr_times=1
[1/2] Queuing KVM_SWAP_GUEST_PAGES (gfn1=0x12ac29 gfn2=0x1a69a4)...
[1/2] Swap queued; vcpu0 kicked — waiting for svm_vcpu_run() to execute it...
[2/2] Polling KVM_USP_SWAP_STATUS (timeout 30s)...
[2/2] Swap complete after 416330 poll iterations.
Page swap complete — check dmesg for kernel details.
src_gpa=0x12ac29000 (gfn=0x12ac29), dst_gpa=0x1a69a5000 (gfn=0x1a69a5)
is_swap_back=1, nr_times=1
[1/2] Queuing KVM_SWAP_GUEST_PAGES (gfn1=0x12ac29 gfn2=0x1a69a5)...
[1/2] Swap queued; vcpu0 kicked — waiting for svm_vcpu_run() to execute it...
[2/2] Polling KVM_USP_SWAP_STATUS (timeout 30s)...
[2/2] Swap complete after 413887 poll iterations.
Page swap complete — check dmesg for kernel details.
src_gpa=0x12ac29000 (gfn=0x12ac29), dst_gpa=0x1a69a6000 (gfn=0x1a69a6)
is_swap_back=1, nr_times=1
[1/2] Queuing KVM_SWAP_GUEST_PAGES (gfn1=0x12ac29 gfn2=0x1a69a6)...
[1/2] Swap queued; vcpu0 kicked — waiting for svm_vcpu_run() to execute it...
[2/2] Polling KVM_USP_SWAP_STATUS (timeout 30s)...
[2/2] Swap complete after 54162 poll iterations.
Page swap complete — check dmesg for kernel details.
src_gpa=0x12ac29000 (gfn=0x12ac29), dst_gpa=0x1a69a7000 (gfn=0x1a69a7)
is_swap_back=1, nr_times=1
[1/2] Queuing KVM_SWAP_GUEST_PAGES (gfn1=0x12ac29 gfn2=0x1a69a7)...
[1/2] Swap queued; vcpu0 kicked — waiting for svm_vcpu_run() to execute it...
[2/2] Polling KVM_USP_SWAP_STATUS (timeout 30s)...
[2/2] Swap complete after 54913 poll iterations.
Page swap complete — check dmesg for kernel details.
src_gpa=0x12ac29000 (gfn=0x12ac29), dst_gpa=0x1a69a8000 (gfn=0x1a69a8)
is_swap_back=1, nr_times=1
[1/2] Queuing KVM_SWAP_GUEST_PAGES (gfn1=0x12ac29 gfn2=0x1a69a8)...
[1/2] Swap queued; vcpu0 kicked — waiting for svm_vcpu_run() to execute it...
[2/2] Polling KVM_USP_SWAP_STATUS (timeout 30s)...
[2/2] Swap complete after 396785 poll iterations.
Page swap complete — check dmesg for kernel details.
src_gpa=0x12ac29000 (gfn=0x12ac29), dst_gpa=0x1a69a9000 (gfn=0x1a69a9)
is_swap_back=1, nr_times=1
[1/2] Queuing KVM_SWAP_GUEST_PAGES (gfn1=0x12ac29 gfn2=0x1a69a9)...
[1/2] Swap queued; vcpu0 kicked — waiting for svm_vcpu_run() to execute it...
[2/2] Polling KVM_USP_SWAP_STATUS (timeout 30s)...
[2/2] Swap complete after 435689 poll iterations.
Page swap complete — check dmesg for kernel details.
src_gpa=0x12ac29000 (gfn=0x12ac29), dst_gpa=0x1a69aa000 (gfn=0x1a69aa)
is_swap_back=1, nr_times=1
[1/2] Queuing KVM_SWAP_GUEST_PAGES (gfn1=0x12ac29 gfn2=0x1a69aa)...
[1/2] Swap queued; vcpu0 kicked — waiting for svm_vcpu_run() to execute it...
[2/2] Polling KVM_USP_SWAP_STATUS (timeout 30s)...
[2/2] Swap complete after 870509 poll iterations.
Page swap complete — check dmesg for kernel details.
src_gpa=0x12ac29000 (gfn=0x12ac29), dst_gpa=0x1a69ab000 (gfn=0x1a69ab)
is_swap_back=1, nr_times=1
[1/2] Queuing KVM_SWAP_GUEST_PAGES (gfn1=0x12ac29 gfn2=0x1a69ab)...
[1/2] Swap queued; vcpu0 kicked — waiting for svm_vcpu_run() to execute it...
[2/2] Polling KVM_USP_SWAP_STATUS (timeout 30s)...
[2/2] Swap complete after 308457 poll iterations.
Page swap complete — check dmesg for kernel details.
src_gpa=0x12ac29000 (gfn=0x12ac29), dst_gpa=0x1a69ac000 (gfn=0x1a69ac)
is_swap_back=1, nr_times=1
[1/2] Queuing KVM_SWAP_GUEST_PAGES (gfn1=0x12ac29 gfn2=0x1a69ac)...
[1/2] Swap queued; vcpu0 kicked — waiting for svm_vcpu_run() to execute it...
[2/2] Polling KVM_USP_SWAP_STATUS (timeout 30s)...
[2/2] Swap complete after 588733 poll iterations.
Page swap complete — check dmesg for kernel details.
src_gpa=0x12ac29000 (gfn=0x12ac29), dst_gpa=0x1a69ad000 (gfn=0x1a69ad)
is_swap_back=1, nr_times=1
[1/2] Queuing KVM_SWAP_GUEST_PAGES (gfn1=0x12ac29 gfn2=0x1a69ad)...
[1/2] Swap queued; vcpu0 kicked — waiting for svm_vcpu_run() to execute it...
[2/2] Polling KVM_USP_SWAP_STATUS (timeout 30s)...
[2/2] Swap complete after 74281 poll iterations.
Page swap complete — check dmesg for kernel details.
src_gpa=0x12ac29000 (gfn=0x12ac29), dst_gpa=0x1a69ae000 (gfn=0x1a69ae)
is_swap_back=1, nr_times=1
[1/2] Queuing KVM_SWAP_GUEST_PAGES (gfn1=0x12ac29 gfn2=0x1a69ae)...
[1/2] Swap queued; vcpu0 kicked — waiting for svm_vcpu_run() to execute it...
[2/2] Polling KVM_USP_SWAP_STATUS (timeout 30s)...
[2/2] Swap complete after 533399 poll iterations.
Page swap complete — check dmesg for kernel details.
src_gpa=0x12ac29000 (gfn=0x12ac29), dst_gpa=0x1a69af000 (gfn=0x1a69af)
is_swap_back=1, nr_times=1
[1/2] Queuing KVM_SWAP_GUEST_PAGES (gfn1=0x12ac29 gfn2=0x1a69af)...
[1/2] Swap queued; vcpu0 kicked — waiting for svm_vcpu_run() to execute it...
[2/2] Polling KVM_USP_SWAP_STATUS (timeout 30s)...
[2/2] Swap complete after 278118 poll iterations.
Page swap complete — check dmesg for kernel details.
src_gpa=0x12ac29000 (gfn=0x12ac29), dst_gpa=0x1a69b0000 (gfn=0x1a69b0)
is_swap_back=1, nr_times=1
[1/2] Queuing KVM_SWAP_GUEST_PAGES (gfn1=0x12ac29 gfn2=0x1a69b0)...
[1/2] Swap queued; vcpu0 kicked — waiting for svm_vcpu_run() to execute it...
[2/2] Polling KVM_USP_SWAP_STATUS (timeout 30s)...
[2/2] Swap complete after 174483 poll iterations.
Page swap complete — check dmesg for kernel details.
src_gpa=0x12ac29000 (gfn=0x12ac29), dst_gpa=0x1a69b1000 (gfn=0x1a69b1)
is_swap_back=1, nr_times=1
[1/2] Queuing KVM_SWAP_GUEST_PAGES (gfn1=0x12ac29 gfn2=0x1a69b1)...
[1/2] Swap queued; vcpu0 kicked — waiting for svm_vcpu_run() to execute it...
[2/2] Polling KVM_USP_SWAP_STATUS (timeout 30s)...
[2/2] Swap complete after 466886 poll iterations.
Page swap complete — check dmesg for kernel details.
src_gpa=0x12ac29000 (gfn=0x12ac29), dst_gpa=0x1a69b2000 (gfn=0x1a69b2)
is_swap_back=1, nr_times=1
[1/2] Queuing KVM_SWAP_GUEST_PAGES (gfn1=0x12ac29 gfn2=0x1a69b2)...
[1/2] Swap queued; vcpu0 kicked — waiting for svm_vcpu_run() to execute it...
[2/2] Polling KVM_USP_SWAP_STATUS (timeout 30s)...
[2/2] Swap complete after 123583 poll iterations.
Page swap complete — check dmesg for kernel details.
src_gpa=0x12ac29000 (gfn=0x12ac29), dst_gpa=0x1a69b3000 (gfn=0x1a69b3)
is_swap_back=1, nr_times=1
[1/2] Queuing KVM_SWAP_GUEST_PAGES (gfn1=0x12ac29 gfn2=0x1a69b3)...
[1/2] Swap queued; vcpu0 kicked — waiting for svm_vcpu_run() to execute it...
[2/2] Polling KVM_USP_SWAP_STATUS (timeout 30s)...
[2/2] Swap complete after 104907 poll iterations.
Page swap complete — check dmesg for kernel details.
src_gpa=0x12ac29000 (gfn=0x12ac29), dst_gpa=0x1a69b4000 (gfn=0x1a69b4)
is_swap_back=1, nr_times=1
[1/2] Queuing KVM_SWAP_GUEST_PAGES (gfn1=0x12ac29 gfn2=0x1a69b4)...
[1/2] Swap queued; vcpu0 kicked — waiting for svm_vcpu_run() to execute it...
[2/2] Polling KVM_USP_SWAP_STATUS (timeout 30s)...
[2/2] Swap complete after 550429 poll iterations.
Page swap complete — check dmesg for kernel details.
src_gpa=0x12ac29000 (gfn=0x12ac29), dst_gpa=0x1a69b5000 (gfn=0x1a69b5)
is_swap_back=1, nr_times=1
[1/2] Queuing KVM_SWAP_GUEST_PAGES (gfn1=0x12ac29 gfn2=0x1a69b5)...
[1/2] Swap queued; vcpu0 kicked — waiting for svm_vcpu_run() to execute it...
[2/2] Polling KVM_USP_SWAP_STATUS (timeout 30s)...
[2/2] Swap complete after 343666 poll iterations.
Page swap complete — check dmesg for kernel details.
src_gpa=0x12ac29000 (gfn=0x12ac29), dst_gpa=0x1a69b6000 (gfn=0x1a69b6)
is_swap_back=1, nr_times=1
[1/2] Queuing KVM_SWAP_GUEST_PAGES (gfn1=0x12ac29 gfn2=0x1a69b6)...
[1/2] Swap queued; vcpu0 kicked — waiting for svm_vcpu_run() to execute it...
[2/2] Polling KVM_USP_SWAP_STATUS (timeout 30s)...
[2/2] Swap complete after 575347 poll iterations.
Page swap complete — check dmesg for kernel details.
src_gpa=0x12ac29000 (gfn=0x12ac29), dst_gpa=0x1a69b7000 (gfn=0x1a69b7)
is_swap_back=1, nr_times=1
[1/2] Queuing KVM_SWAP_GUEST_PAGES (gfn1=0x12ac29 gfn2=0x1a69b7)...
[1/2] Swap queued; vcpu0 kicked — waiting for svm_vcpu_run() to execute it...
[2/2] Polling KVM_USP_SWAP_STATUS (timeout 30s)...
[2/2] Swap complete after 277364 poll iterations.
Page swap complete — check dmesg for kernel details.
src_gpa=0x12ac29000 (gfn=0x12ac29), dst_gpa=0x1a69b8000 (gfn=0x1a69b8)
is_swap_back=1, nr_times=1
[1/2] Queuing KVM_SWAP_GUEST_PAGES (gfn1=0x12ac29 gfn2=0x1a69b8)...
[1/2] Swap queued; vcpu0 kicked — waiting for svm_vcpu_run() to execute it...
[2/2] Polling KVM_USP_SWAP_STATUS (timeout 30s)...
[2/2] Swap complete after 123430 poll iterations.
Page swap complete — check dmesg for kernel details.
src_gpa=0x12ac29000 (gfn=0x12ac29), dst_gpa=0x1a69b9000 (gfn=0x1a69b9)
is_swap_back=1, nr_times=1
[1/2] Queuing KVM_SWAP_GUEST_PAGES (gfn1=0x12ac29 gfn2=0x1a69b9)...
[1/2] Swap queued; vcpu0 kicked — waiting for svm_vcpu_run() to execute it...
[2/2] Polling KVM_USP_SWAP_STATUS (timeout 30s)...
[2/2] Swap complete after 258363 poll iterations.
Page swap complete — check dmesg for kernel details.
src_gpa=0x12ac29000 (gfn=0x12ac29), dst_gpa=0x1a69ba000 (gfn=0x1a69ba)
is_swap_back=1, nr_times=1
[1/2] Queuing KVM_SWAP_GUEST_PAGES (gfn1=0x12ac29 gfn2=0x1a69ba)...
[1/2] Swap queued; vcpu0 kicked — waiting for svm_vcpu_run() to execute it...
[2/2] Polling KVM_USP_SWAP_STATUS (timeout 30s)...
[2/2] Swap complete after 54344 poll iterations.
Page swap complete — check dmesg for kernel details.
src_gpa=0x12ac29000 (gfn=0x12ac29), dst_gpa=0x1a69bb000 (gfn=0x1a69bb)
is_swap_back=1, nr_times=1
[1/2] Queuing KVM_SWAP_GUEST_PAGES (gfn1=0x12ac29 gfn2=0x1a69bb)...
[1/2] Swap queued; vcpu0 kicked — waiting for svm_vcpu_run() to execute it...
[2/2] Polling KVM_USP_SWAP_STATUS (timeout 30s)...
[2/2] Swap complete after 54761 poll iterations.
Page swap complete — check dmesg for kernel details.
src_gpa=0x12ac29000 (gfn=0x12ac29), dst_gpa=0x1a69bc000 (gfn=0x1a69bc)
is_swap_back=1, nr_times=1
[1/2] Queuing KVM_SWAP_GUEST_PAGES (gfn1=0x12ac29 gfn2=0x1a69bc)...
[1/2] Swap queued; vcpu0 kicked — waiting for svm_vcpu_run() to execute it...
[2/2] Polling KVM_USP_SWAP_STATUS (timeout 30s)...
[2/2] Swap complete after 54286 poll iterations.
Page swap complete — check dmesg for kernel details.
src_gpa=0x12ac29000 (gfn=0x12ac29), dst_gpa=0x1a69bd000 (gfn=0x1a69bd)
is_swap_back=1, nr_times=1
[1/2] Queuing KVM_SWAP_GUEST_PAGES (gfn1=0x12ac29 gfn2=0x1a69bd)...
[1/2] Swap queued; vcpu0 kicked — waiting for svm_vcpu_run() to execute it...
[2/2] Polling KVM_USP_SWAP_STATUS (timeout 30s)...
[2/2] Swap complete after 58718 poll iterations.
Page swap complete — check dmesg for kernel details.
src_gpa=0x12ac29000 (gfn=0x12ac29), dst_gpa=0x1a69be000 (gfn=0x1a69be)
is_swap_back=1, nr_times=1
[1/2] Queuing KVM_SWAP_GUEST_PAGES (gfn1=0x12ac29 gfn2=0x1a69be)...
[1/2] Swap queued; vcpu0 kicked — waiting for svm_vcpu_run() to execute it...
[2/2] Polling KVM_USP_SWAP_STATUS (timeout 30s)...
[2/2] Swap complete after 225030 poll iterations.
Page swap complete — check dmesg for kernel details.
src_gpa=0x12ac29000 (gfn=0x12ac29), dst_gpa=0x1a69bf000 (gfn=0x1a69bf)
is_swap_back=1, nr_times=1
[1/2] Queuing KVM_SWAP_GUEST_PAGES (gfn1=0x12ac29 gfn2=0x1a69bf)...
[1/2] Swap queued; vcpu0 kicked — waiting for svm_vcpu_run() to execute it...
[2/2] Polling KVM_USP_SWAP_STATUS (timeout 30s)...
[2/2] Swap complete after 157828 poll iterations.
Page swap complete — check dmesg for kernel details.
src_gpa=0x12ac29000 (gfn=0x12ac29), dst_gpa=0x1a69c0000 (gfn=0x1a69c0)
is_swap_back=1, nr_times=1
[1/2] Queuing KVM_SWAP_GUEST_PAGES (gfn1=0x12ac29 gfn2=0x1a69c0)...
[1/2] Swap queued; vcpu0 kicked — waiting for svm_vcpu_run() to execute it...
[2/2] Polling KVM_USP_SWAP_STATUS (timeout 30s)...
[2/2] Swap complete after 689516 poll iterations.
Page swap complete — check dmesg for kernel details.
src_gpa=0x12ac29000 (gfn=0x12ac29), dst_gpa=0x1a69c1000 (gfn=0x1a69c1)
is_swap_back=1, nr_times=1
[1/2] Queuing KVM_SWAP_GUEST_PAGES (gfn1=0x12ac29 gfn2=0x1a69c1)...
[1/2] Swap queued; vcpu0 kicked — waiting for svm_vcpu_run() to execute it...
[2/2] Polling KVM_USP_SWAP_STATUS (timeout 30s)...
[2/2] Swap complete after 384382 poll iterations.
Page swap complete — check dmesg for kernel details.
src_gpa=0x12ac29000 (gfn=0x12ac29), dst_gpa=0x1a69c2000 (gfn=0x1a69c2)
is_swap_back=1, nr_times=1
[1/2] Queuing KVM_SWAP_GUEST_PAGES (gfn1=0x12ac29 gfn2=0x1a69c2)...
[1/2] Swap queued; vcpu0 kicked — waiting for svm_vcpu_run() to execute it...
[2/2] Polling KVM_USP_SWAP_STATUS (timeout 30s)...
[2/2] Swap complete after 261351 poll iterations.
Page swap complete — check dmesg for kernel details.
src_gpa=0x12ac29000 (gfn=0x12ac29), dst_gpa=0x1a69c3000 (gfn=0x1a69c3)
is_swap_back=1, nr_times=1
[1/2] Queuing KVM_SWAP_GUEST_PAGES (gfn1=0x12ac29 gfn2=0x1a69c3)...
[1/2] Swap queued; vcpu0 kicked — waiting for svm_vcpu_run() to execute it...
[2/2] Polling KVM_USP_SWAP_STATUS (timeout 30s)...
[2/2] Swap complete after 244271 poll iterations.
Page swap complete — check dmesg for kernel details.
src_gpa=0x12ac29000 (gfn=0x12ac29), dst_gpa=0x1a69c4000 (gfn=0x1a69c4)
is_swap_back=1, nr_times=1
[1/2] Queuing KVM_SWAP_GUEST_PAGES (gfn1=0x12ac29 gfn2=0x1a69c4)...
[1/2] Swap queued; vcpu0 kicked — waiting for svm_vcpu_run() to execute it...
[2/2] Polling KVM_USP_SWAP_STATUS (timeout 30s)...
[2/2] Swap complete after 689115 poll iterations.
Page swap complete — check dmesg for kernel details.
src_gpa=0x12ac29000 (gfn=0x12ac29), dst_gpa=0x1a69c5000 (gfn=0x1a69c5)
is_swap_back=1, nr_times=1
[1/2] Queuing KVM_SWAP_GUEST_PAGES (gfn1=0x12ac29 gfn2=0x1a69c5)...
[1/2] Swap queued; vcpu0 kicked — waiting for svm_vcpu_run() to execute it...
[2/2] Polling KVM_USP_SWAP_STATUS (timeout 30s)...
[2/2] Swap complete after 49910 poll iterations.
Page swap complete — check dmesg for kernel details.
src_gpa=0x12ac29000 (gfn=0x12ac29), dst_gpa=0x1a69c6000 (gfn=0x1a69c6)
is_swap_back=1, nr_times=1
[1/2] Queuing KVM_SWAP_GUEST_PAGES (gfn1=0x12ac29 gfn2=0x1a69c6)...
[1/2] Swap queued; vcpu0 kicked — waiting for svm_vcpu_run() to execute it...
[2/2] Polling KVM_USP_SWAP_STATUS (timeout 30s)...
[2/2] Swap complete after 58015 poll iterations.
Page swap complete — check dmesg for kernel details.
src_gpa=0x12ac29000 (gfn=0x12ac29), dst_gpa=0x1a69c7000 (gfn=0x1a69c7)
is_swap_back=1, nr_times=1
[1/2] Queuing KVM_SWAP_GUEST_PAGES (gfn1=0x12ac29 gfn2=0x1a69c7)...
[1/2] Swap queued; vcpu0 kicked — waiting for svm_vcpu_run() to execute it...
[2/2] Polling KVM_USP_SWAP_STATUS (timeout 30s)...
[2/2] Swap complete after 52087 poll iterations.
Page swap complete — check dmesg for kernel details.
src_gpa=0x12ac29000 (gfn=0x12ac29), dst_gpa=0x1a69c8000 (gfn=0x1a69c8)
is_swap_back=1, nr_times=1
[1/2] Queuing KVM_SWAP_GUEST_PAGES (gfn1=0x12ac29 gfn2=0x1a69c8)...
[1/2] Swap queued; vcpu0 kicked — waiting for svm_vcpu_run() to execute it...
[2/2] Polling KVM_USP_SWAP_STATUS (timeout 30s)...
[2/2] Swap complete after 350528 poll iterations.
Page swap complete — check dmesg for kernel details.
src_gpa=0x12ac29000 (gfn=0x12ac29), dst_gpa=0x1a69c9000 (gfn=0x1a69c9)
is_swap_back=1, nr_times=1
[1/2] Queuing KVM_SWAP_GUEST_PAGES (gfn1=0x12ac29 gfn2=0x1a69c9)...
[1/2] Swap queued; vcpu0 kicked — waiting for svm_vcpu_run() to execute it...
[2/2] Polling KVM_USP_SWAP_STATUS (timeout 30s)...
[2/2] Swap complete after 376750 poll iterations.
Page swap complete — check dmesg for kernel details.
src_gpa=0x12ac29000 (gfn=0x12ac29), dst_gpa=0x1a69ca000 (gfn=0x1a69ca)
is_swap_back=1, nr_times=1
[1/2] Queuing KVM_SWAP_GUEST_PAGES (gfn1=0x12ac29 gfn2=0x1a69ca)...
[1/2] Swap queued; vcpu0 kicked — waiting for svm_vcpu_run() to execute it...
[2/2] Polling KVM_USP_SWAP_STATUS (timeout 30s)...
[2/2] Swap complete after 161613 poll iterations.
Page swap complete — check dmesg for kernel details.
src_gpa=0x12ac29000 (gfn=0x12ac29), dst_gpa=0x1a69cb000 (gfn=0x1a69cb)
is_swap_back=1, nr_times=1
[1/2] Queuing KVM_SWAP_GUEST_PAGES (gfn1=0x12ac29 gfn2=0x1a69cb)...
[1/2] Swap queued; vcpu0 kicked — waiting for svm_vcpu_run() to execute it...
[2/2] Polling KVM_USP_SWAP_STATUS (timeout 30s)...
[2/2] Swap complete after 915125 poll iterations.
Page swap complete — check dmesg for kernel details.
src_gpa=0x12ac29000 (gfn=0x12ac29), dst_gpa=0x1a69cc000 (gfn=0x1a69cc)
is_swap_back=1, nr_times=1
[1/2] Queuing KVM_SWAP_GUEST_PAGES (gfn1=0x12ac29 gfn2=0x1a69cc)...
[1/2] Swap queued; vcpu0 kicked — waiting for svm_vcpu_run() to execute it...
[2/2] Polling KVM_USP_SWAP_STATUS (timeout 30s)...
[2/2] Swap complete after 261292 poll iterations.
Page swap complete — check dmesg for kernel details.
src_gpa=0x12ac29000 (gfn=0x12ac29), dst_gpa=0x1b1ace000 (gfn=0x1b1ace)
is_swap_back=1, nr_times=1
[1/2] Queuing KVM_SWAP_GUEST_PAGES (gfn1=0x12ac29 gfn2=0x1b1ace)...
[1/2] Swap queued; vcpu0 kicked — waiting for svm_vcpu_run() to execute it...
[2/2] Polling KVM_USP_SWAP_STATUS (timeout 30s)...
[2/2] Swap complete after 159754 poll iterations.
Page swap complete — check dmesg for kernel details.
src_gpa=0x12ac29000 (gfn=0x12ac29), dst_gpa=0x1b1acf000 (gfn=0x1b1acf)
is_swap_back=1, nr_times=1
[1/2] Queuing KVM_SWAP_GUEST_PAGES (gfn1=0x12ac29 gfn2=0x1b1acf)...
[1/2] Swap queued; vcpu0 kicked — waiting for svm_vcpu_run() to execute it...
[2/2] Polling KVM_USP_SWAP_STATUS (timeout 30s)...
[2/2] Swap complete after 398651 poll iterations.
Page swap complete — check dmesg for kernel details.
src_gpa=0x12ac29000 (gfn=0x12ac29), dst_gpa=0x1b1ad0000 (gfn=0x1b1ad0)
is_swap_back=1, nr_times=1
[1/2] Queuing KVM_SWAP_GUEST_PAGES (gfn1=0x12ac29 gfn2=0x1b1ad0)...
[1/2] Swap queued; vcpu0 kicked — waiting for svm_vcpu_run() to execute it...
[2/2] Polling KVM_USP_SWAP_STATUS (timeout 30s)...
[2/2] Swap complete after 788378 poll iterations.
Page swap complete — check dmesg for kernel details.

[infer] XOR slice shape : (64, 224, 56)
[infer] Total hits      : 18044 / 802816  (2.25%)
[infer] Saved → /home/eun/proof_code/mura/xor_slices_auto/xor_slice_mura_host_regB_3_rank3.npy
    -> SHOULDER  (p=0.538)
  [rank 4] block=0x1ad000000 best_range=(0x1ad0ca000, 52p) -> infer ...
[infer] FIXED_GPA   = 0x12ac29000
[infer] image_gpa   = 0x1ad0ca000  (49 pages)
  page  0/48  do_swap_read(0x12ac29000, 0x1ad0ca000) → img_00.out
  page  1/48  do_swap_read(0x12ac29000, 0x1ad0cb000) → img_01.out
  page  2/48  do_swap_read(0x12ac29000, 0x1ad0cc000) → img_02.out
  page  3/48  do_swap_read(0x12ac29000, 0x1ad0cd000) → img_03.out
  page  4/48  do_swap_read(0x12ac29000, 0x1ad0ce000) → img_04.out
  page  5/48  do_swap_read(0x12ac29000, 0x1ad0cf000) → img_05.out
  page  6/48  do_swap_read(0x12ac29000, 0x1ad0d0000) → img_06.out
  page  7/48  do_swap_read(0x12ac29000, 0x1ad0d1000) → img_07.out
  page  8/48  do_swap_read(0x12ac29000, 0x1ad0d2000) → img_08.out
  page  9/48  do_swap_read(0x12ac29000, 0x1ad0d3000) → img_09.out
  page 10/48  do_swap_read(0x12ac29000, 0x1ad0d4000) → img_10.out
  page 11/48  do_swap_read(0x12ac29000, 0x1ad0d5000) → img_11.out
  page 12/48  do_swap_read(0x12ac29000, 0x1ad0d6000) → img_12.out
  page 13/48  do_swap_read(0x12ac29000, 0x1ad0d7000) → img_13.out
  page 14/48  do_swap_read(0x12ac29000, 0x1ad0d8000) → img_14.out
  page 15/48  do_swap_read(0x12ac29000, 0x1ad0d9000) → img_15.out
  page 16/48  do_swap_read(0x12ac29000, 0x1ad0da000) → img_16.out
  page 17/48  do_swap_read(0x12ac29000, 0x1ad0db000) → img_17.out
  page 18/48  do_swap_read(0x12ac29000, 0x1ad0dc000) → img_18.out
  page 19/48  do_swap_read(0x12ac29000, 0x1ad0dd000) → img_19.out
  page 20/48  do_swap_read(0x12ac29000, 0x1ad0de000) → img_20.out
  page 21/48  do_swap_read(0x12ac29000, 0x1ad0df000) → img_21.out
  page 22/48  do_swap_read(0x12ac29000, 0x1ad0e0000) → img_22.out
  page 23/48  do_swap_read(0x12ac29000, 0x1ad0e1000) → img_23.out
  page 24/48  do_swap_read(0x12ac29000, 0x1ad0e2000) → img_24.out
  page 25/48  do_swap_read(0x12ac29000, 0x1ad0e3000) → img_25.out
  page 26/48  do_swap_read(0x12ac29000, 0x1ad0e4000) → img_26.out
  page 27/48  do_swap_read(0x12ac29000, 0x1ad0e5000) → img_27.out
  page 28/48  do_swap_read(0x12ac29000, 0x1ad0e6000) → img_28.out
  page 29/48  do_swap_read(0x12ac29000, 0x1ad0e7000) → img_29.out
  page 30/48  do_swap_read(0x12ac29000, 0x1ad0e8000) → img_30.out
  page 31/48  do_swap_read(0x12ac29000, 0x1ad0e9000) → img_31.out
  page 32/48  do_swap_read(0x12ac29000, 0x1ad0ea000) → img_32.out
  page 33/48  do_swap_read(0x12ac29000, 0x1ad0eb000) → img_33.out
  page 34/48  do_swap_read(0x12ac29000, 0x1ad0ec000) → img_34.out
  page 35/48  do_swap_read(0x12ac29000, 0x1ad0ed000) → img_35.out
  page 36/48  do_swap_read(0x12ac29000, 0x1ad0ee000) → img_36.out
  page 37/48  do_swap_read(0x12ac29000, 0x1ad0ef000) → img_37.out
  page 38/48  do_swap_read(0x12ac29000, 0x1ad0f0000) → img_38.out
  page 39/48  do_swap_read(0x12ac29000, 0x1ad0f1000) → img_39.out
  page 40/48  do_swap_read(0x12ac29000, 0x1ad0f2000) → img_40.out
  page 41/48  do_swap_read(0x12ac29000, 0x1ad0f3000) → img_41.out
  page 42/48  do_swap_read(0x12ac29000, 0x1ad0f4000) → img_42.out
  page 43/48  do_swap_read(0x12ac29000, 0x1ad0f5000) → img_43.out
  page 44/48  do_swap_read(0x12ac29000, 0x1ad0f6000) → img_44.out
  page 45/48  do_swap_read(0x12ac29000, 0x1ad0f7000) → img_45.out
  page 46/48  do_swap_read(0x12ac29000, 0x1ad0f8000) → img_46.out
  page 47/48  do_swap_read(0x12ac29000, 0x1ad0f9000) → img_47.out
  page 48/48  do_swap_read(0x12ac29000, 0x1ad0fa000) → img_48.out

[infer] Loaded 64 ref dumps

[infer] XOR slice shape : (64, 224, 56)
[infer] Total hits      : 0 / 802816  (0.00%)
[infer] Saved → /home/eun/proof_code/mura/xor_slices_auto/xor_slice_mura_host_regB_3_rank4.npy
    -> HUMERUS  (p=0.580)

[pipeline] === /home/eun/esp_bak/sev-step/userspace/write-tracker/mura/mura_host_regB_4.log ===
  908 candidates total, skipping top 2, attempting next 2
  [rank 3] block=0x1a6800000 best_range=(0x1a699c000, 70p) -> infer ...
[infer] FIXED_GPA   = 0x12ac29000
[infer] image_gpa   = 0x1a699c000  (49 pages)
  page  0/48  do_swap_read(0x12ac29000, 0x1a699c000) → img_00.out
  page  1/48  do_swap_read(0x12ac29000, 0x1a699d000) → img_01.out
  page  2/48  do_swap_read(0x12ac29000, 0x1a699e000) → img_02.out
  page  3/48  do_swap_read(0x12ac29000, 0x1a699f000) → img_03.out
  page  4/48  do_swap_read(0x12ac29000, 0x1a69a0000) → img_04.out
  page  5/48  do_swap_read(0x12ac29000, 0x1a69a1000) → img_05.out
  page  6/48  do_swap_read(0x12ac29000, 0x1a69a2000) → img_06.out
  page  7/48  do_swap_read(0x12ac29000, 0x1a69a3000) → img_07.out
  page  8/48  do_swap_read(0x12ac29000, 0x1a69a4000) → img_08.out
  page  9/48  do_swap_read(0x12ac29000, 0x1a69a5000) → img_09.out
  page 10/48  do_swap_read(0x12ac29000, 0x1a69a6000) → img_10.out
  page 11/48  do_swap_read(0x12ac29000, 0x1a69a7000) → img_11.out
  page 12/48  do_swap_read(0x12ac29000, 0x1a69a8000) → img_12.out
  page 13/48  do_swap_read(0x12ac29000, 0x1a69a9000) → img_13.out
  page 14/48  do_swap_read(0x12ac29000, 0x1a69aa000) → img_14.out
  page 15/48  do_swap_read(0x12ac29000, 0x1a69ab000) → img_15.out
  page 16/48  do_swap_read(0x12ac29000, 0x1a69ac000) → img_16.out
  page 17/48  do_swap_read(0x12ac29000, 0x1a69ad000) → img_17.out
  page 18/48  do_swap_read(0x12ac29000, 0x1a69ae000) → img_18.out
  page 19/48  do_swap_read(0x12ac29000, 0x1a69af000) → img_19.out
  page 20/48  do_swap_read(0x12ac29000, 0x1a69b0000) → img_20.out
  page 21/48  do_swap_read(0x12ac29000, 0x1a69b1000) → img_21.out
  page 22/48  do_swap_read(0x12ac29000, 0x1a69b2000) → img_22.out
  page 23/48  do_swap_read(0x12ac29000, 0x1a69b3000) → img_23.out
  page 24/48  do_swap_read(0x12ac29000, 0x1a69b4000) → img_24.out
  page 25/48  do_swap_read(0x12ac29000, 0x1a69b5000) → img_25.out
  page 26/48  do_swap_read(0x12ac29000, 0x1a69b6000) → img_26.out
  page 27/48  do_swap_read(0x12ac29000, 0x1a69b7000) → img_27.out
  page 28/48  do_swap_read(0x12ac29000, 0x1a69b8000) → img_28.out
  page 29/48  do_swap_read(0x12ac29000, 0x1a69b9000) → img_29.out
  page 30/48  do_swap_read(0x12ac29000, 0x1a69ba000) → img_30.out
  page 31/48  do_swap_read(0x12ac29000, 0x1a69bb000) → img_31.out
  page 32/48  do_swap_read(0x12ac29000, 0x1a69bc000) → img_32.out
  page 33/48  do_swap_read(0x12ac29000, 0x1a69bd000) → img_33.out
  page 34/48  do_swap_read(0x12ac29000, 0x1a69be000) → img_34.out
  page 35/48  do_swap_read(0x12ac29000, 0x1a69bf000) → img_35.out
  page 36/48  do_swap_read(0x12ac29000, 0x1a69c0000) → img_36.out
  page 37/48  do_swap_read(0x12ac29000, 0x1a69c1000) → img_37.out
  page 38/48  do_swap_read(0x12ac29000, 0x1a69c2000) → img_38.out
  page 39/48  do_swap_read(0x12ac29000, 0x1a69c3000) → img_39.out
  page 40/48  do_swap_read(0x12ac29000, 0x1a69c4000) → img_40.out
  page 41/48  do_swap_read(0x12ac29000, 0x1a69c5000) → img_41.out
  page 42/48  do_swap_read(0x12ac29000, 0x1a69c6000) → img_42.out
  page 43/48  do_swap_read(0x12ac29000, 0x1a69c7000) → img_43.out
  page 44/48  do_swap_read(0x12ac29000, 0x1a69c8000) → img_44.out
  page 45/48  do_swap_read(0x12ac29000, 0x1a69c9000) → img_45.out
  page 46/48  do_swap_read(0x12ac29000, 0x1a69ca000) → img_46.out
  page 47/48  do_swap_read(0x12ac29000, 0x1a69cb000) → img_47.out
  page 48/48  do_swap_read(0x12ac29000, 0x1a69cc000) → img_48.out

[infer] Loaded 64 ref dumps

[infer] XOR slice shape : (64, 224, 56)
[infer] Total hits      : 0 / 802816  (0.00%)
[infer] Saved → /home/eun/proof_code/mura/xor_slices_auto/xor_slice_mura_host_regB_4_rank3.npy
    -> HUMERUS  (p=0.580)
  [rank 4] block=0x1b1a00000 best_range=(0x1b1ace000, 109p) -> infer ...
[infer] FIXED_GPA   = 0x12ac29000
[infer] image_gpa   = 0x1b1ace000  (49 pages)
  page  0/48  do_swap_read(0x12ac29000, 0x1b1ace000) → img_00.out
  page  1/48  do_swap_read(0x12ac29000, 0x1b1acf000) → img_01.out
  page  2/48  do_swap_read(0x12ac29000, 0x1b1ad0000) → img_02.out
src_gpa=0x12ac29000 (gfn=0x12ac29), dst_gpa=0x1b1ad1000 (gfn=0x1b1ad1)
is_swap_back=1, nr_times=1
[1/2] Queuing KVM_SWAP_GUEST_PAGES (gfn1=0x12ac29 gfn2=0x1b1ad1)...
[1/2] Swap queued; vcpu0 kicked — waiting for svm_vcpu_run() to execute it...
[2/2] Polling KVM_USP_SWAP_STATUS (timeout 30s)...
[2/2] Swap complete after 112676 poll iterations.
Page swap complete — check dmesg for kernel details.
src_gpa=0x12ac29000 (gfn=0x12ac29), dst_gpa=0x1b1ad2000 (gfn=0x1b1ad2)
is_swap_back=1, nr_times=1
[1/2] Queuing KVM_SWAP_GUEST_PAGES (gfn1=0x12ac29 gfn2=0x1b1ad2)...
[1/2] Swap queued; vcpu0 kicked — waiting for svm_vcpu_run() to execute it...
[2/2] Polling KVM_USP_SWAP_STATUS (timeout 30s)...
[2/2] Swap complete after 66082 poll iterations.
Page swap complete — check dmesg for kernel details.
src_gpa=0x12ac29000 (gfn=0x12ac29), dst_gpa=0x1b1ad3000 (gfn=0x1b1ad3)
is_swap_back=1, nr_times=1
[1/2] Queuing KVM_SWAP_GUEST_PAGES (gfn1=0x12ac29 gfn2=0x1b1ad3)...
[1/2] Swap queued; vcpu0 kicked — waiting for svm_vcpu_run() to execute it...
[2/2] Polling KVM_USP_SWAP_STATUS (timeout 30s)...
[2/2] Swap complete after 350620 poll iterations.
Page swap complete — check dmesg for kernel details.
src_gpa=0x12ac29000 (gfn=0x12ac29), dst_gpa=0x1b1ad4000 (gfn=0x1b1ad4)
is_swap_back=1, nr_times=1
[1/2] Queuing KVM_SWAP_GUEST_PAGES (gfn1=0x12ac29 gfn2=0x1b1ad4)...
[1/2] Swap queued; vcpu0 kicked — waiting for svm_vcpu_run() to execute it...
[2/2] Polling KVM_USP_SWAP_STATUS (timeout 30s)...
[2/2] Swap complete after 123869 poll iterations.
Page swap complete — check dmesg for kernel details.
src_gpa=0x12ac29000 (gfn=0x12ac29), dst_gpa=0x1b1ad5000 (gfn=0x1b1ad5)
is_swap_back=1, nr_times=1
[1/2] Queuing KVM_SWAP_GUEST_PAGES (gfn1=0x12ac29 gfn2=0x1b1ad5)...
[1/2] Swap queued; vcpu0 kicked — waiting for svm_vcpu_run() to execute it...
[2/2] Polling KVM_USP_SWAP_STATUS (timeout 30s)...
[2/2] Swap complete after 342766 poll iterations.
Page swap complete — check dmesg for kernel details.
src_gpa=0x12ac29000 (gfn=0x12ac29), dst_gpa=0x1b1ad6000 (gfn=0x1b1ad6)
is_swap_back=1, nr_times=1
[1/2] Queuing KVM_SWAP_GUEST_PAGES (gfn1=0x12ac29 gfn2=0x1b1ad6)...
[1/2] Swap queued; vcpu0 kicked — waiting for svm_vcpu_run() to execute it...
[2/2] Polling KVM_USP_SWAP_STATUS (timeout 30s)...
[2/2] Swap complete after 174932 poll iterations.
Page swap complete — check dmesg for kernel details.
src_gpa=0x12ac29000 (gfn=0x12ac29), dst_gpa=0x1b1ad7000 (gfn=0x1b1ad7)
is_swap_back=1, nr_times=1
[1/2] Queuing KVM_SWAP_GUEST_PAGES (gfn1=0x12ac29 gfn2=0x1b1ad7)...
[1/2] Swap queued; vcpu0 kicked — waiting for svm_vcpu_run() to execute it...
[2/2] Polling KVM_USP_SWAP_STATUS (timeout 30s)...
[2/2] Swap complete after 727568 poll iterations.
Page swap complete — check dmesg for kernel details.
src_gpa=0x12ac29000 (gfn=0x12ac29), dst_gpa=0x1b1ad8000 (gfn=0x1b1ad8)
is_swap_back=1, nr_times=1
[1/2] Queuing KVM_SWAP_GUEST_PAGES (gfn1=0x12ac29 gfn2=0x1b1ad8)...
[1/2] Swap queued; vcpu0 kicked — waiting for svm_vcpu_run() to execute it...
[2/2] Polling KVM_USP_SWAP_STATUS (timeout 30s)...
[2/2] Swap complete after 344522 poll iterations.
Page swap complete — check dmesg for kernel details.
src_gpa=0x12ac29000 (gfn=0x12ac29), dst_gpa=0x1b1ad9000 (gfn=0x1b1ad9)
is_swap_back=1, nr_times=1
[1/2] Queuing KVM_SWAP_GUEST_PAGES (gfn1=0x12ac29 gfn2=0x1b1ad9)...
[1/2] Swap queued; vcpu0 kicked — waiting for svm_vcpu_run() to execute it...
[2/2] Polling KVM_USP_SWAP_STATUS (timeout 30s)...
[2/2] Swap complete after 255976 poll iterations.
Page swap complete — check dmesg for kernel details.
src_gpa=0x12ac29000 (gfn=0x12ac29), dst_gpa=0x1b1ada000 (gfn=0x1b1ada)
is_swap_back=1, nr_times=1
[1/2] Queuing KVM_SWAP_GUEST_PAGES (gfn1=0x12ac29 gfn2=0x1b1ada)...
[1/2] Swap queued; vcpu0 kicked — waiting for svm_vcpu_run() to execute it...
[2/2] Polling KVM_USP_SWAP_STATUS (timeout 30s)...
[2/2] Swap complete after 122971 poll iterations.
Page swap complete — check dmesg for kernel details.
src_gpa=0x12ac29000 (gfn=0x12ac29), dst_gpa=0x1b1adb000 (gfn=0x1b1adb)
is_swap_back=1, nr_times=1
[1/2] Queuing KVM_SWAP_GUEST_PAGES (gfn1=0x12ac29 gfn2=0x1b1adb)...
[1/2] Swap queued; vcpu0 kicked — waiting for svm_vcpu_run() to execute it...
[2/2] Polling KVM_USP_SWAP_STATUS (timeout 30s)...
[2/2] Swap complete after 139904 poll iterations.
Page swap complete — check dmesg for kernel details.
src_gpa=0x12ac29000 (gfn=0x12ac29), dst_gpa=0x1b1adc000 (gfn=0x1b1adc)
is_swap_back=1, nr_times=1
[1/2] Queuing KVM_SWAP_GUEST_PAGES (gfn1=0x12ac29 gfn2=0x1b1adc)...
[1/2] Swap queued; vcpu0 kicked — waiting for svm_vcpu_run() to execute it...
[2/2] Polling KVM_USP_SWAP_STATUS (timeout 30s)...
[2/2] Swap complete after 243106 poll iterations.
Page swap complete — check dmesg for kernel details.
src_gpa=0x12ac29000 (gfn=0x12ac29), dst_gpa=0x1b1add000 (gfn=0x1b1add)
is_swap_back=1, nr_times=1
[1/2] Queuing KVM_SWAP_GUEST_PAGES (gfn1=0x12ac29 gfn2=0x1b1add)...
[1/2] Swap queued; vcpu0 kicked — waiting for svm_vcpu_run() to execute it...
[2/2] Polling KVM_USP_SWAP_STATUS (timeout 30s)...
[2/2] Swap complete after 654030 poll iterations.
Page swap complete — check dmesg for kernel details.
src_gpa=0x12ac29000 (gfn=0x12ac29), dst_gpa=0x1b1ade000 (gfn=0x1b1ade)
is_swap_back=1, nr_times=1
[1/2] Queuing KVM_SWAP_GUEST_PAGES (gfn1=0x12ac29 gfn2=0x1b1ade)...
[1/2] Swap queued; vcpu0 kicked — waiting for svm_vcpu_run() to execute it...
[2/2] Polling KVM_USP_SWAP_STATUS (timeout 30s)...
[2/2] Swap complete after 636721 poll iterations.
Page swap complete — check dmesg for kernel details.
src_gpa=0x12ac29000 (gfn=0x12ac29), dst_gpa=0x1b1adf000 (gfn=0x1b1adf)
is_swap_back=1, nr_times=1
[1/2] Queuing KVM_SWAP_GUEST_PAGES (gfn1=0x12ac29 gfn2=0x1b1adf)...
[1/2] Swap queued; vcpu0 kicked — waiting for svm_vcpu_run() to execute it...
[2/2] Polling KVM_USP_SWAP_STATUS (timeout 30s)...
[2/2] Swap complete after 169733 poll iterations.
Page swap complete — check dmesg for kernel details.
src_gpa=0x12ac29000 (gfn=0x12ac29), dst_gpa=0x1b1ae0000 (gfn=0x1b1ae0)
is_swap_back=1, nr_times=1
[1/2] Queuing KVM_SWAP_GUEST_PAGES (gfn1=0x12ac29 gfn2=0x1b1ae0)...
[1/2] Swap queued; vcpu0 kicked — waiting for svm_vcpu_run() to execute it...
[2/2] Polling KVM_USP_SWAP_STATUS (timeout 30s)...
[2/2] Swap complete after 71261 poll iterations.
Page swap complete — check dmesg for kernel details.
src_gpa=0x12ac29000 (gfn=0x12ac29), dst_gpa=0x1b1ae1000 (gfn=0x1b1ae1)
is_swap_back=1, nr_times=1
[1/2] Queuing KVM_SWAP_GUEST_PAGES (gfn1=0x12ac29 gfn2=0x1b1ae1)...
[1/2] Swap queued; vcpu0 kicked — waiting for svm_vcpu_run() to execute it...
[2/2] Polling KVM_USP_SWAP_STATUS (timeout 30s)...
[2/2] Swap complete after 906715 poll iterations.
Page swap complete — check dmesg for kernel details.
src_gpa=0x12ac29000 (gfn=0x12ac29), dst_gpa=0x1b1ae2000 (gfn=0x1b1ae2)
is_swap_back=1, nr_times=1
[1/2] Queuing KVM_SWAP_GUEST_PAGES (gfn1=0x12ac29 gfn2=0x1b1ae2)...
[1/2] Swap queued; vcpu0 kicked — waiting for svm_vcpu_run() to execute it...
[2/2] Polling KVM_USP_SWAP_STATUS (timeout 30s)...
[2/2] Swap complete after 910947 poll iterations.
Page swap complete — check dmesg for kernel details.
src_gpa=0x12ac29000 (gfn=0x12ac29), dst_gpa=0x1b1ae3000 (gfn=0x1b1ae3)
is_swap_back=1, nr_times=1
[1/2] Queuing KVM_SWAP_GUEST_PAGES (gfn1=0x12ac29 gfn2=0x1b1ae3)...
[1/2] Swap queued; vcpu0 kicked — waiting for svm_vcpu_run() to execute it...
[2/2] Polling KVM_USP_SWAP_STATUS (timeout 30s)...
[2/2] Swap complete after 53537 poll iterations.
Page swap complete — check dmesg for kernel details.
src_gpa=0x12ac29000 (gfn=0x12ac29), dst_gpa=0x1b1ae4000 (gfn=0x1b1ae4)
is_swap_back=1, nr_times=1
[1/2] Queuing KVM_SWAP_GUEST_PAGES (gfn1=0x12ac29 gfn2=0x1b1ae4)...
[1/2] Swap queued; vcpu0 kicked — waiting for svm_vcpu_run() to execute it...
[2/2] Polling KVM_USP_SWAP_STATUS (timeout 30s)...
[2/2] Swap complete after 313510 poll iterations.
Page swap complete — check dmesg for kernel details.
src_gpa=0x12ac29000 (gfn=0x12ac29), dst_gpa=0x1b1ae5000 (gfn=0x1b1ae5)
is_swap_back=1, nr_times=1
[1/2] Queuing KVM_SWAP_GUEST_PAGES (gfn1=0x12ac29 gfn2=0x1b1ae5)...
[1/2] Swap queued; vcpu0 kicked — waiting for svm_vcpu_run() to execute it...
[2/2] Polling KVM_USP_SWAP_STATUS (timeout 30s)...
[2/2] Swap complete after 510921 poll iterations.
Page swap complete — check dmesg for kernel details.
src_gpa=0x12ac29000 (gfn=0x12ac29), dst_gpa=0x1b1ae6000 (gfn=0x1b1ae6)
is_swap_back=1, nr_times=1
[1/2] Queuing KVM_SWAP_GUEST_PAGES (gfn1=0x12ac29 gfn2=0x1b1ae6)...
[1/2] Swap queued; vcpu0 kicked — waiting for svm_vcpu_run() to execute it...
[2/2] Polling KVM_USP_SWAP_STATUS (timeout 30s)...
[2/2] Swap complete after 906202 poll iterations.
Page swap complete — check dmesg for kernel details.
src_gpa=0x12ac29000 (gfn=0x12ac29), dst_gpa=0x1b1ae7000 (gfn=0x1b1ae7)
is_swap_back=1, nr_times=1
[1/2] Queuing KVM_SWAP_GUEST_PAGES (gfn1=0x12ac29 gfn2=0x1b1ae7)...
[1/2] Swap queued; vcpu0 kicked — waiting for svm_vcpu_run() to execute it...
[2/2] Polling KVM_USP_SWAP_STATUS (timeout 30s)...
[2/2] Swap complete after 298759 poll iterations.
Page swap complete — check dmesg for kernel details.
src_gpa=0x12ac29000 (gfn=0x12ac29), dst_gpa=0x1b1ae8000 (gfn=0x1b1ae8)
is_swap_back=1, nr_times=1
[1/2] Queuing KVM_SWAP_GUEST_PAGES (gfn1=0x12ac29 gfn2=0x1b1ae8)...
[1/2] Swap queued; vcpu0 kicked — waiting for svm_vcpu_run() to execute it...
[2/2] Polling KVM_USP_SWAP_STATUS (timeout 30s)...
[2/2] Swap complete after 134535 poll iterations.
Page swap complete — check dmesg for kernel details.
src_gpa=0x12ac29000 (gfn=0x12ac29), dst_gpa=0x1b1ae9000 (gfn=0x1b1ae9)
is_swap_back=1, nr_times=1
[1/2] Queuing KVM_SWAP_GUEST_PAGES (gfn1=0x12ac29 gfn2=0x1b1ae9)...
[1/2] Swap queued; vcpu0 kicked — waiting for svm_vcpu_run() to execute it...
[2/2] Polling KVM_USP_SWAP_STATUS (timeout 30s)...
[2/2] Swap complete after 122680 poll iterations.
Page swap complete — check dmesg for kernel details.
src_gpa=0x12ac29000 (gfn=0x12ac29), dst_gpa=0x1b1aea000 (gfn=0x1b1aea)
is_swap_back=1, nr_times=1
[1/2] Queuing KVM_SWAP_GUEST_PAGES (gfn1=0x12ac29 gfn2=0x1b1aea)...
[1/2] Swap queued; vcpu0 kicked — waiting for svm_vcpu_run() to execute it...
[2/2] Polling KVM_USP_SWAP_STATUS (timeout 30s)...
[2/2] Swap complete after 124057 poll iterations.
Page swap complete — check dmesg for kernel details.
src_gpa=0x12ac29000 (gfn=0x12ac29), dst_gpa=0x1b1aeb000 (gfn=0x1b1aeb)
is_swap_back=1, nr_times=1
[1/2] Queuing KVM_SWAP_GUEST_PAGES (gfn1=0x12ac29 gfn2=0x1b1aeb)...
[1/2] Swap queued; vcpu0 kicked — waiting for svm_vcpu_run() to execute it...
[2/2] Polling KVM_USP_SWAP_STATUS (timeout 30s)...
[2/2] Swap complete after 122513 poll iterations.
Page swap complete — check dmesg for kernel details.
src_gpa=0x12ac29000 (gfn=0x12ac29), dst_gpa=0x1b1aec000 (gfn=0x1b1aec)
is_swap_back=1, nr_times=1
[1/2] Queuing KVM_SWAP_GUEST_PAGES (gfn1=0x12ac29 gfn2=0x1b1aec)...
[1/2] Swap queued; vcpu0 kicked — waiting for svm_vcpu_run() to execute it...
[2/2] Polling KVM_USP_SWAP_STATUS (timeout 30s)...
[2/2] Swap complete after 398463 poll iterations.
Page swap complete — check dmesg for kernel details.
src_gpa=0x12ac29000 (gfn=0x12ac29), dst_gpa=0x1b1aed000 (gfn=0x1b1aed)
is_swap_back=1, nr_times=1
[1/2] Queuing KVM_SWAP_GUEST_PAGES (gfn1=0x12ac29 gfn2=0x1b1aed)...
[1/2] Swap queued; vcpu0 kicked — waiting for svm_vcpu_run() to execute it...
[2/2] Polling KVM_USP_SWAP_STATUS (timeout 30s)...
[2/2] Swap complete after 507047 poll iterations.
Page swap complete — check dmesg for kernel details.
src_gpa=0x12ac29000 (gfn=0x12ac29), dst_gpa=0x1b1aee000 (gfn=0x1b1aee)
is_swap_back=1, nr_times=1
[1/2] Queuing KVM_SWAP_GUEST_PAGES (gfn1=0x12ac29 gfn2=0x1b1aee)...
[1/2] Swap queued; vcpu0 kicked — waiting for svm_vcpu_run() to execute it...
[2/2] Polling KVM_USP_SWAP_STATUS (timeout 30s)...
[2/2] Swap complete after 564228 poll iterations.
Page swap complete — check dmesg for kernel details.
src_gpa=0x12ac29000 (gfn=0x12ac29), dst_gpa=0x1b1aef000 (gfn=0x1b1aef)
is_swap_back=1, nr_times=1
[1/2] Queuing KVM_SWAP_GUEST_PAGES (gfn1=0x12ac29 gfn2=0x1b1aef)...
[1/2] Swap queued; vcpu0 kicked — waiting for svm_vcpu_run() to execute it...
[2/2] Polling KVM_USP_SWAP_STATUS (timeout 30s)...
[2/2] Swap complete after 48271 poll iterations.
Page swap complete — check dmesg for kernel details.
src_gpa=0x12ac29000 (gfn=0x12ac29), dst_gpa=0x1b1af0000 (gfn=0x1b1af0)
is_swap_back=1, nr_times=1
[1/2] Queuing KVM_SWAP_GUEST_PAGES (gfn1=0x12ac29 gfn2=0x1b1af0)...
[1/2] Swap queued; vcpu0 kicked — waiting for svm_vcpu_run() to execute it...
[2/2] Polling KVM_USP_SWAP_STATUS (timeout 30s)...
[2/2] Swap complete after 92316 poll iterations.
Page swap complete — check dmesg for kernel details.
src_gpa=0x12ac29000 (gfn=0x12ac29), dst_gpa=0x1b1af1000 (gfn=0x1b1af1)
is_swap_back=1, nr_times=1
[1/2] Queuing KVM_SWAP_GUEST_PAGES (gfn1=0x12ac29 gfn2=0x1b1af1)...
[1/2] Swap queued; vcpu0 kicked — waiting for svm_vcpu_run() to execute it...
[2/2] Polling KVM_USP_SWAP_STATUS (timeout 30s)...
[2/2] Swap complete after 156675 poll iterations.
Page swap complete — check dmesg for kernel details.
src_gpa=0x12ac29000 (gfn=0x12ac29), dst_gpa=0x1b1af2000 (gfn=0x1b1af2)
is_swap_back=1, nr_times=1
[1/2] Queuing KVM_SWAP_GUEST_PAGES (gfn1=0x12ac29 gfn2=0x1b1af2)...
[1/2] Swap queued; vcpu0 kicked — waiting for svm_vcpu_run() to execute it...
[2/2] Polling KVM_USP_SWAP_STATUS (timeout 30s)...
[2/2] Swap complete after 54172 poll iterations.
Page swap complete — check dmesg for kernel details.
src_gpa=0x12ac29000 (gfn=0x12ac29), dst_gpa=0x1b1af3000 (gfn=0x1b1af3)
is_swap_back=1, nr_times=1
[1/2] Queuing KVM_SWAP_GUEST_PAGES (gfn1=0x12ac29 gfn2=0x1b1af3)...
[1/2] Swap queued; vcpu0 kicked — waiting for svm_vcpu_run() to execute it...
[2/2] Polling KVM_USP_SWAP_STATUS (timeout 30s)...
[2/2] Swap complete after 71252 poll iterations.
Page swap complete — check dmesg for kernel details.
src_gpa=0x12ac29000 (gfn=0x12ac29), dst_gpa=0x1b1af4000 (gfn=0x1b1af4)
is_swap_back=1, nr_times=1
[1/2] Queuing KVM_SWAP_GUEST_PAGES (gfn1=0x12ac29 gfn2=0x1b1af4)...
[1/2] Swap queued; vcpu0 kicked — waiting for svm_vcpu_run() to execute it...
[2/2] Polling KVM_USP_SWAP_STATUS (timeout 30s)...
[2/2] Swap complete after 312771 poll iterations.
Page swap complete — check dmesg for kernel details.
src_gpa=0x12ac29000 (gfn=0x12ac29), dst_gpa=0x1b1af5000 (gfn=0x1b1af5)
is_swap_back=1, nr_times=1
[1/2] Queuing KVM_SWAP_GUEST_PAGES (gfn1=0x12ac29 gfn2=0x1b1af5)...
[1/2] Swap queued; vcpu0 kicked — waiting for svm_vcpu_run() to execute it...
[2/2] Polling KVM_USP_SWAP_STATUS (timeout 30s)...
[2/2] Swap complete after 139785 poll iterations.
Page swap complete — check dmesg for kernel details.
src_gpa=0x12ac29000 (gfn=0x12ac29), dst_gpa=0x1b1af6000 (gfn=0x1b1af6)
is_swap_back=1, nr_times=1
[1/2] Queuing KVM_SWAP_GUEST_PAGES (gfn1=0x12ac29 gfn2=0x1b1af6)...
[1/2] Swap queued; vcpu0 kicked — waiting for svm_vcpu_run() to execute it...
[2/2] Polling KVM_USP_SWAP_STATUS (timeout 30s)...
[2/2] Swap complete after 99308 poll iterations.
Page swap complete — check dmesg for kernel details.
src_gpa=0x12ac29000 (gfn=0x12ac29), dst_gpa=0x1b1af7000 (gfn=0x1b1af7)
is_swap_back=1, nr_times=1
[1/2] Queuing KVM_SWAP_GUEST_PAGES (gfn1=0x12ac29 gfn2=0x1b1af7)...
[1/2] Swap queued; vcpu0 kicked — waiting for svm_vcpu_run() to execute it...
[2/2] Polling KVM_USP_SWAP_STATUS (timeout 30s)...
[2/2] Swap complete after 155819 poll iterations.
Page swap complete — check dmesg for kernel details.
src_gpa=0x12ac29000 (gfn=0x12ac29), dst_gpa=0x1b1af8000 (gfn=0x1b1af8)
is_swap_back=1, nr_times=1
[1/2] Queuing KVM_SWAP_GUEST_PAGES (gfn1=0x12ac29 gfn2=0x1b1af8)...
[1/2] Swap queued; vcpu0 kicked — waiting for svm_vcpu_run() to execute it...
[2/2] Polling KVM_USP_SWAP_STATUS (timeout 30s)...
[2/2] Swap complete after 192302 poll iterations.
Page swap complete — check dmesg for kernel details.
src_gpa=0x12ac29000 (gfn=0x12ac29), dst_gpa=0x1b1af9000 (gfn=0x1b1af9)
is_swap_back=1, nr_times=1
[1/2] Queuing KVM_SWAP_GUEST_PAGES (gfn1=0x12ac29 gfn2=0x1b1af9)...
[1/2] Swap queued; vcpu0 kicked — waiting for svm_vcpu_run() to execute it...
[2/2] Polling KVM_USP_SWAP_STATUS (timeout 30s)...
[2/2] Swap complete after 483899 poll iterations.
Page swap complete — check dmesg for kernel details.
src_gpa=0x12ac29000 (gfn=0x12ac29), dst_gpa=0x1b1afa000 (gfn=0x1b1afa)
is_swap_back=1, nr_times=1
[1/2] Queuing KVM_SWAP_GUEST_PAGES (gfn1=0x12ac29 gfn2=0x1b1afa)...
[1/2] Swap queued; vcpu0 kicked — waiting for svm_vcpu_run() to execute it...
[2/2] Polling KVM_USP_SWAP_STATUS (timeout 30s)...
[2/2] Swap complete after 209206 poll iterations.
Page swap complete — check dmesg for kernel details.
src_gpa=0x12ac29000 (gfn=0x12ac29), dst_gpa=0x1b1afb000 (gfn=0x1b1afb)
is_swap_back=1, nr_times=1
[1/2] Queuing KVM_SWAP_GUEST_PAGES (gfn1=0x12ac29 gfn2=0x1b1afb)...
[1/2] Swap queued; vcpu0 kicked — waiting for svm_vcpu_run() to execute it...
[2/2] Polling KVM_USP_SWAP_STATUS (timeout 30s)...
[2/2] Swap complete after 261658 poll iterations.
Page swap complete — check dmesg for kernel details.
src_gpa=0x12ac29000 (gfn=0x12ac29), dst_gpa=0x1b1afc000 (gfn=0x1b1afc)
is_swap_back=1, nr_times=1
[1/2] Queuing KVM_SWAP_GUEST_PAGES (gfn1=0x12ac29 gfn2=0x1b1afc)...
[1/2] Swap queued; vcpu0 kicked — waiting for svm_vcpu_run() to execute it...
[2/2] Polling KVM_USP_SWAP_STATUS (timeout 30s)...
[2/2] Swap complete after 123808 poll iterations.
Page swap complete — check dmesg for kernel details.
src_gpa=0x12ac29000 (gfn=0x12ac29), dst_gpa=0x1b1afd000 (gfn=0x1b1afd)
is_swap_back=1, nr_times=1
[1/2] Queuing KVM_SWAP_GUEST_PAGES (gfn1=0x12ac29 gfn2=0x1b1afd)...
[1/2] Swap queued; vcpu0 kicked — waiting for svm_vcpu_run() to execute it...
[2/2] Polling KVM_USP_SWAP_STATUS (timeout 30s)...
[2/2] Swap complete after 347127 poll iterations.
Page swap complete — check dmesg for kernel details.
src_gpa=0x12ac29000 (gfn=0x12ac29), dst_gpa=0x1b1afe000 (gfn=0x1b1afe)
is_swap_back=1, nr_times=1
[1/2] Queuing KVM_SWAP_GUEST_PAGES (gfn1=0x12ac29 gfn2=0x1b1afe)...
[1/2] Swap queued; vcpu0 kicked — waiting for svm_vcpu_run() to execute it...
[2/2] Polling KVM_USP_SWAP_STATUS (timeout 30s)...
[2/2] Swap complete after 136463 poll iterations.
Page swap complete — check dmesg for kernel details.
src_gpa=0x12ac29000 (gfn=0x12ac29), dst_gpa=0x172b80000 (gfn=0x172b80)
is_swap_back=1, nr_times=1
[1/2] Queuing KVM_SWAP_GUEST_PAGES (gfn1=0x12ac29 gfn2=0x172b80)...
[1/2] Swap queued; vcpu0 kicked — waiting for svm_vcpu_run() to execute it...
[2/2] Polling KVM_USP_SWAP_STATUS (timeout 30s)...
[2/2] Swap complete after 634908 poll iterations.
Page swap complete — check dmesg for kernel details.
src_gpa=0x12ac29000 (gfn=0x12ac29), dst_gpa=0x172b81000 (gfn=0x172b81)
is_swap_back=1, nr_times=1
[1/2] Queuing KVM_SWAP_GUEST_PAGES (gfn1=0x12ac29 gfn2=0x172b81)...
[1/2] Swap queued; vcpu0 kicked — waiting for svm_vcpu_run() to execute it...
[2/2] Polling KVM_USP_SWAP_STATUS (timeout 30s)...
[2/2] Swap complete after 105201 poll iterations.
Page swap complete — check dmesg for kernel details.
src_gpa=0x12ac29000 (gfn=0x12ac29), dst_gpa=0x172b82000 (gfn=0x172b82)
is_swap_back=1, nr_times=1
[1/2] Queuing KVM_SWAP_GUEST_PAGES (gfn1=0x12ac29 gfn2=0x172b82)...
[1/2] Swap queued; vcpu0 kicked — waiting for svm_vcpu_run() to execute it...
[2/2] Polling KVM_USP_SWAP_STATUS (timeout 30s)...
[2/2] Swap complete after 147625 poll iterations.
Page swap complete — check dmesg for kernel details.
src_gpa=0x12ac29000 (gfn=0x12ac29), dst_gpa=0x172b83000 (gfn=0x172b83)
is_swap_back=1, nr_times=1
[1/2] Queuing KVM_SWAP_GUEST_PAGES (gfn1=0x12ac29 gfn2=0x172b83)...
[1/2] Swap queued; vcpu0 kicked — waiting for svm_vcpu_run() to execute it...
[2/2] Polling KVM_USP_SWAP_STATUS (timeout 30s)...
[2/2] Swap complete after 648030 poll iterations.
Page swap complete — check dmesg for kernel details.
src_gpa=0x12ac29000 (gfn=0x12ac29), dst_gpa=0x172b84000 (gfn=0x172b84)
is_swap_back=1, nr_times=1
[1/2] Queuing KVM_SWAP_GUEST_PAGES (gfn1=0x12ac29 gfn2=0x172b84)...
[1/2] Swap queued; vcpu0 kicked — waiting for svm_vcpu_run() to execute it...
[2/2] Polling KVM_USP_SWAP_STATUS (timeout 30s)...
[2/2] Swap complete after 432792 poll iterations.
Page swap complete — check dmesg for kernel details.
src_gpa=0x12ac29000 (gfn=0x12ac29), dst_gpa=0x172b85000 (gfn=0x172b85)
is_swap_back=1, nr_times=1
[1/2] Queuing KVM_SWAP_GUEST_PAGES (gfn1=0x12ac29 gfn2=0x172b85)...
[1/2] Swap queued; vcpu0 kicked — waiting for svm_vcpu_run() to execute it...
[2/2] Polling KVM_USP_SWAP_STATUS (timeout 30s)...
[2/2] Swap complete after 123514 poll iterations.
Page swap complete — check dmesg for kernel details.
src_gpa=0x12ac29000 (gfn=0x12ac29), dst_gpa=0x172b86000 (gfn=0x172b86)
is_swap_back=1, nr_times=1
[1/2] Queuing KVM_SWAP_GUEST_PAGES (gfn1=0x12ac29 gfn2=0x172b86)...
[1/2] Swap queued; vcpu0 kicked — waiting for svm_vcpu_run() to execute it...
[2/2] Polling KVM_USP_SWAP_STATUS (timeout 30s)...
[2/2] Swap complete after 333220 poll iterations.
Page swap complete — check dmesg for kernel details.
src_gpa=0x12ac29000 (gfn=0x12ac29), dst_gpa=0x172b87000 (gfn=0x172b87)
is_swap_back=1, nr_times=1
[1/2] Queuing KVM_SWAP_GUEST_PAGES (gfn1=0x12ac29 gfn2=0x172b87)...
[1/2] Swap queued; vcpu0 kicked — waiting for svm_vcpu_run() to execute it...
[2/2] Polling KVM_USP_SWAP_STATUS (timeout 30s)...
[2/2] Swap complete after 252156 poll iterations.
Page swap complete — check dmesg for kernel details.
src_gpa=0x12ac29000 (gfn=0x12ac29), dst_gpa=0x172b88000 (gfn=0x172b88)
is_swap_back=1, nr_times=1
[1/2] Queuing KVM_SWAP_GUEST_PAGES (gfn1=0x12ac29 gfn2=0x172b88)...
[1/2] Swap queued; vcpu0 kicked — waiting for svm_vcpu_run() to execute it...
[2/2] Polling KVM_USP_SWAP_STATUS (timeout 30s)...
[2/2] Swap complete after 343624 poll iterations.
Page swap complete — check dmesg for kernel details.
src_gpa=0x12ac29000 (gfn=0x12ac29), dst_gpa=0x172b89000 (gfn=0x172b89)
is_swap_back=1, nr_times=1
[1/2] Queuing KVM_SWAP_GUEST_PAGES (gfn1=0x12ac29 gfn2=0x172b89)...
[1/2] Swap queued; vcpu0 kicked — waiting for svm_vcpu_run() to execute it...
[2/2] Polling KVM_USP_SWAP_STATUS (timeout 30s)...
[2/2] Swap complete after 126650 poll iterations.
Page swap complete — check dmesg for kernel details.
src_gpa=0x12ac29000 (gfn=0x12ac29), dst_gpa=0x172b8a000 (gfn=0x172b8a)
is_swap_back=1, nr_times=1
[1/2] Queuing KVM_SWAP_GUEST_PAGES (gfn1=0x12ac29 gfn2=0x172b8a)...
[1/2] Swap queued; vcpu0 kicked — waiting for svm_vcpu_run() to execute it...
[2/2] Polling KVM_USP_SWAP_STATUS (timeout 30s)...
[2/2] Swap complete after 157520 poll iterations.
Page swap complete — check dmesg for kernel details.
src_gpa=0x12ac29000 (gfn=0x12ac29), dst_gpa=0x172b8b000 (gfn=0x172b8b)
is_swap_back=1, nr_times=1
[1/2] Queuing KVM_SWAP_GUEST_PAGES (gfn1=0x12ac29 gfn2=0x172b8b)...
[1/2] Swap queued; vcpu0 kicked — waiting for svm_vcpu_run() to execute it...
[2/2] Polling KVM_USP_SWAP_STATUS (timeout 30s)...
[2/2] Swap complete after 368608 poll iterations.
Page swap complete — check dmesg for kernel details.
src_gpa=0x12ac29000 (gfn=0x12ac29), dst_gpa=0x172b8c000 (gfn=0x172b8c)
is_swap_back=1, nr_times=1
[1/2] Queuing KVM_SWAP_GUEST_PAGES (gfn1=0x12ac29 gfn2=0x172b8c)...
[1/2] Swap queued; vcpu0 kicked — waiting for svm_vcpu_run() to execute it...
[2/2] Polling KVM_USP_SWAP_STATUS (timeout 30s)...
[2/2] Swap complete after 538938 poll iterations.
Page swap complete — check dmesg for kernel details.
src_gpa=0x12ac29000 (gfn=0x12ac29), dst_gpa=0x172b8d000 (gfn=0x172b8d)
is_swap_back=1, nr_times=1
[1/2] Queuing KVM_SWAP_GUEST_PAGES (gfn1=0x12ac29 gfn2=0x172b8d)...
[1/2] Swap queued; vcpu0 kicked — waiting for svm_vcpu_run() to execute it...
[2/2] Polling KVM_USP_SWAP_STATUS (timeout 30s)...
[2/2] Swap complete after 747084 poll iterations.
Page swap complete — check dmesg for kernel details.
src_gpa=0x12ac29000 (gfn=0x12ac29), dst_gpa=0x172b8e000 (gfn=0x172b8e)
is_swap_back=1, nr_times=1
[1/2] Queuing KVM_SWAP_GUEST_PAGES (gfn1=0x12ac29 gfn2=0x172b8e)...
[1/2] Swap queued; vcpu0 kicked — waiting for svm_vcpu_run() to execute it...
[2/2] Polling KVM_USP_SWAP_STATUS (timeout 30s)...
[2/2] Swap complete after 57731 poll iterations.
Page swap complete — check dmesg for kernel details.
src_gpa=0x12ac29000 (gfn=0x12ac29), dst_gpa=0x172b8f000 (gfn=0x172b8f)
is_swap_back=1, nr_times=1
[1/2] Queuing KVM_SWAP_GUEST_PAGES (gfn1=0x12ac29 gfn2=0x172b8f)...
[1/2] Swap queued; vcpu0 kicked — waiting for svm_vcpu_run() to execute it...
[2/2] Polling KVM_USP_SWAP_STATUS (timeout 30s)...
[2/2] Swap complete after 88531 poll iterations.
Page swap complete — check dmesg for kernel details.
src_gpa=0x12ac29000 (gfn=0x12ac29), dst_gpa=0x172b90000 (gfn=0x172b90)
is_swap_back=1, nr_times=1
[1/2] Queuing KVM_SWAP_GUEST_PAGES (gfn1=0x12ac29 gfn2=0x172b90)...
[1/2] Swap queued; vcpu0 kicked — waiting for svm_vcpu_run() to execute it...
[2/2] Polling KVM_USP_SWAP_STATUS (timeout 30s)...
[2/2] Swap complete after 157234 poll iterations.
Page swap complete — check dmesg for kernel details.
src_gpa=0x12ac29000 (gfn=0x12ac29), dst_gpa=0x172b91000 (gfn=0x172b91)
is_swap_back=1, nr_times=1
[1/2] Queuing KVM_SWAP_GUEST_PAGES (gfn1=0x12ac29 gfn2=0x172b91)...
[1/2] Swap queued; vcpu0 kicked — waiting for svm_vcpu_run() to execute it...
[2/2] Polling KVM_USP_SWAP_STATUS (timeout 30s)...
[2/2] Swap complete after 738613 poll iterations.
Page swap complete — check dmesg for kernel details.
src_gpa=0x12ac29000 (gfn=0x12ac29), dst_gpa=0x172b92000 (gfn=0x172b92)
is_swap_back=1, nr_times=1
[1/2] Queuing KVM_SWAP_GUEST_PAGES (gfn1=0x12ac29 gfn2=0x172b92)...
[1/2] Swap queued; vcpu0 kicked — waiting for svm_vcpu_run() to execute it...
[2/2] Polling KVM_USP_SWAP_STATUS (timeout 30s)...
[2/2] Swap complete after 328858 poll iterations.
Page swap complete — check dmesg for kernel details.
src_gpa=0x12ac29000 (gfn=0x12ac29), dst_gpa=0x172b93000 (gfn=0x172b93)
is_swap_back=1, nr_times=1
[1/2] Queuing KVM_SWAP_GUEST_PAGES (gfn1=0x12ac29 gfn2=0x172b93)...
[1/2] Swap queued; vcpu0 kicked — waiting for svm_vcpu_run() to execute it...
[2/2] Polling KVM_USP_SWAP_STATUS (timeout 30s)...
[2/2] Swap complete after 123776 poll iterations.
Page swap complete — check dmesg for kernel details.
src_gpa=0x12ac29000 (gfn=0x12ac29), dst_gpa=0x172b94000 (gfn=0x172b94)
is_swap_back=1, nr_times=1
[1/2] Queuing KVM_SWAP_GUEST_PAGES (gfn1=0x12ac29 gfn2=0x172b94)...
[1/2] Swap queued; vcpu0 kicked — waiting for svm_vcpu_run() to execute it...
[2/2] Polling KVM_USP_SWAP_STATUS (timeout 30s)...
[2/2] Swap complete after 353043 poll iterations.
Page swap complete — check dmesg for kernel details.
src_gpa=0x12ac29000 (gfn=0x12ac29), dst_gpa=0x172b95000 (gfn=0x172b95)
is_swap_back=1, nr_times=1
[1/2] Queuing KVM_SWAP_GUEST_PAGES (gfn1=0x12ac29 gfn2=0x172b95)...
[1/2] Swap queued; vcpu0 kicked — waiting for svm_vcpu_run() to execute it...
[2/2] Polling KVM_USP_SWAP_STATUS (timeout 30s)...
[2/2] Swap complete after 66364 poll iterations.
Page swap complete — check dmesg for kernel details.
src_gpa=0x12ac29000 (gfn=0x12ac29), dst_gpa=0x172b96000 (gfn=0x172b96)
is_swap_back=1, nr_times=1
[1/2] Queuing KVM_SWAP_GUEST_PAGES (gfn1=0x12ac29 gfn2=0x172b96)...
[1/2] Swap queued; vcpu0 kicked — waiting for svm_vcpu_run() to execute it...
[2/2] Polling KVM_USP_SWAP_STATUS (timeout 30s)...
[2/2] Swap complete after 227468 poll iterations.
Page swap complete — check dmesg for kernel details.
src_gpa=0x12ac29000 (gfn=0x12ac29), dst_gpa=0x172b97000 (gfn=0x172b97)
is_swap_back=1, nr_times=1
[1/2] Queuing KVM_SWAP_GUEST_PAGES (gfn1=0x12ac29 gfn2=0x172b97)...
[1/2] Swap queued; vcpu0 kicked — waiting for svm_vcpu_run() to execute it...
[2/2] Polling KVM_USP_SWAP_STATUS (timeout 30s)...
[2/2] Swap complete after 643696 poll iterations.
Page swap complete — check dmesg for kernel details.
src_gpa=0x12ac29000 (gfn=0x12ac29), dst_gpa=0x172b98000 (gfn=0x172b98)
is_swap_back=1, nr_times=1
[1/2] Queuing KVM_SWAP_GUEST_PAGES (gfn1=0x12ac29 gfn2=0x172b98)...
[1/2] Swap queued; vcpu0 kicked — waiting for svm_vcpu_run() to execute it...
[2/2] Polling KVM_USP_SWAP_STATUS (timeout 30s)...
[2/2] Swap complete after 923329 poll iterations.
Page swap complete — check dmesg for kernel details.
src_gpa=0x12ac29000 (gfn=0x12ac29), dst_gpa=0x172b99000 (gfn=0x172b99)
is_swap_back=1, nr_times=1
[1/2] Queuing KVM_SWAP_GUEST_PAGES (gfn1=0x12ac29 gfn2=0x172b99)...
[1/2] Swap queued; vcpu0 kicked — waiting for svm_vcpu_run() to execute it...
[2/2] Polling KVM_USP_SWAP_STATUS (timeout 30s)...
[2/2] Swap complete after 452187 poll iterations.
Page swap complete — check dmesg for kernel details.
src_gpa=0x12ac29000 (gfn=0x12ac29), dst_gpa=0x172b9a000 (gfn=0x172b9a)
is_swap_back=1, nr_times=1
[1/2] Queuing KVM_SWAP_GUEST_PAGES (gfn1=0x12ac29 gfn2=0x172b9a)...
[1/2] Swap queued; vcpu0 kicked — waiting for svm_vcpu_run() to execute it...
[2/2] Polling KVM_USP_SWAP_STATUS (timeout 30s)...
[2/2] Swap complete after 105671 poll iterations.
Page swap complete — check dmesg for kernel details.
src_gpa=0x12ac29000 (gfn=0x12ac29), dst_gpa=0x172b9b000 (gfn=0x172b9b)
is_swap_back=1, nr_times=1
[1/2] Queuing KVM_SWAP_GUEST_PAGES (gfn1=0x12ac29 gfn2=0x172b9b)...
[1/2] Swap queued; vcpu0 kicked — waiting for svm_vcpu_run() to execute it...
[2/2] Polling KVM_USP_SWAP_STATUS (timeout 30s)...
[2/2] Swap complete after 329478 poll iterations.
Page swap complete — check dmesg for kernel details.
src_gpa=0x12ac29000 (gfn=0x12ac29), dst_gpa=0x172b9c000 (gfn=0x172b9c)
is_swap_back=1, nr_times=1
[1/2] Queuing KVM_SWAP_GUEST_PAGES (gfn1=0x12ac29 gfn2=0x172b9c)...
[1/2] Swap queued; vcpu0 kicked — waiting for svm_vcpu_run() to execute it...
[2/2] Polling KVM_USP_SWAP_STATUS (timeout 30s)...
[2/2] Swap complete after 916183 poll iterations.
Page swap complete — check dmesg for kernel details.
src_gpa=0x12ac29000 (gfn=0x12ac29), dst_gpa=0x172b9d000 (gfn=0x172b9d)
is_swap_back=1, nr_times=1
[1/2] Queuing KVM_SWAP_GUEST_PAGES (gfn1=0x12ac29 gfn2=0x172b9d)...
[1/2] Swap queued; vcpu0 kicked — waiting for svm_vcpu_run() to execute it...
[2/2] Polling KVM_USP_SWAP_STATUS (timeout 30s)...
[2/2] Swap complete after 89094 poll iterations.
Page swap complete — check dmesg for kernel details.
src_gpa=0x12ac29000 (gfn=0x12ac29), dst_gpa=0x172b9e000 (gfn=0x172b9e)
is_swap_back=1, nr_times=1
[1/2] Queuing KVM_SWAP_GUEST_PAGES (gfn1=0x12ac29 gfn2=0x172b9e)...
[1/2] Swap queued; vcpu0 kicked — waiting for svm_vcpu_run() to execute it...
[2/2] Polling KVM_USP_SWAP_STATUS (timeout 30s)...
[2/2] Swap complete after 264008 poll iterations.
Page swap complete — check dmesg for kernel details.
src_gpa=0x12ac29000 (gfn=0x12ac29), dst_gpa=0x172b9f000 (gfn=0x172b9f)
is_swap_back=1, nr_times=1
[1/2] Queuing KVM_SWAP_GUEST_PAGES (gfn1=0x12ac29 gfn2=0x172b9f)...
[1/2] Swap queued; vcpu0 kicked — waiting for svm_vcpu_run() to execute it...
[2/2] Polling KVM_USP_SWAP_STATUS (timeout 30s)...
[2/2] Swap complete after 112859 poll iterations.
Page swap complete — check dmesg for kernel details.
src_gpa=0x12ac29000 (gfn=0x12ac29), dst_gpa=0x172ba0000 (gfn=0x172ba0)
is_swap_back=1, nr_times=1
[1/2] Queuing KVM_SWAP_GUEST_PAGES (gfn1=0x12ac29 gfn2=0x172ba0)...
[1/2] Swap queued; vcpu0 kicked — waiting for svm_vcpu_run() to execute it...
[2/2] Polling KVM_USP_SWAP_STATUS (timeout 30s)...
[2/2] Swap complete after 273682 poll iterations.
Page swap complete — check dmesg for kernel details.
src_gpa=0x12ac29000 (gfn=0x12ac29), dst_gpa=0x172ba1000 (gfn=0x172ba1)
is_swap_back=1, nr_times=1
[1/2] Queuing KVM_SWAP_GUEST_PAGES (gfn1=0x12ac29 gfn2=0x172ba1)...
[1/2] Swap queued; vcpu0 kicked — waiting for svm_vcpu_run() to execute it...
[2/2] Polling KVM_USP_SWAP_STATUS (timeout 30s)...
[2/2] Swap complete after 126867 poll iterations.
Page swap complete — check dmesg for kernel details.
src_gpa=0x12ac29000 (gfn=0x12ac29), dst_gpa=0x172ba2000 (gfn=0x172ba2)
is_swap_back=1, nr_times=1
[1/2] Queuing KVM_SWAP_GUEST_PAGES (gfn1=0x12ac29 gfn2=0x172ba2)...
[1/2] Swap queued; vcpu0 kicked — waiting for svm_vcpu_run() to execute it...
[2/2] Polling KVM_USP_SWAP_STATUS (timeout 30s)...
[2/2] Swap complete after 127053 poll iterations.
Page swap complete — check dmesg for kernel details.
src_gpa=0x12ac29000 (gfn=0x12ac29), dst_gpa=0x172ba3000 (gfn=0x172ba3)
is_swap_back=1, nr_times=1
[1/2] Queuing KVM_SWAP_GUEST_PAGES (gfn1=0x12ac29 gfn2=0x172ba3)...
[1/2] Swap queued; vcpu0 kicked — waiting for svm_vcpu_run() to execute it...
[2/2] Polling KVM_USP_SWAP_STATUS (timeout 30s)...
[2/2] Swap complete after 531328 poll iterations.
Page swap complete — check dmesg for kernel details.
src_gpa=0x12ac29000 (gfn=0x12ac29), dst_gpa=0x172ba4000 (gfn=0x172ba4)
is_swap_back=1, nr_times=1
[1/2] Queuing KVM_SWAP_GUEST_PAGES (gfn1=0x12ac29 gfn2=0x172ba4)...
[1/2] Swap queued; vcpu0 kicked — waiting for svm_vcpu_run() to execute it...
[2/2] Polling KVM_USP_SWAP_STATUS (timeout 30s)...
[2/2] Swap complete after 225181 poll iterations.
Page swap complete — check dmesg for kernel details.
src_gpa=0x12ac29000 (gfn=0x12ac29), dst_gpa=0x172ba5000 (gfn=0x172ba5)
is_swap_back=1, nr_times=1
[1/2] Queuing KVM_SWAP_GUEST_PAGES (gfn1=0x12ac29 gfn2=0x172ba5)...
[1/2] Swap queued; vcpu0 kicked — waiting for svm_vcpu_run() to execute it...
[2/2] Polling KVM_USP_SWAP_STATUS (timeout 30s)...
[2/2] Swap complete after 845676 poll iterations.
Page swap complete — check dmesg for kernel details.
src_gpa=0x12ac29000 (gfn=0x12ac29), dst_gpa=0x172ba6000 (gfn=0x172ba6)
is_swap_back=1, nr_times=1
[1/2] Queuing KVM_SWAP_GUEST_PAGES (gfn1=0x12ac29 gfn2=0x172ba6)...
[1/2] Swap queued; vcpu0 kicked — waiting for svm_vcpu_run() to execute it...
[2/2] Polling KVM_USP_SWAP_STATUS (timeout 30s)...
[2/2] Swap complete after 55976 poll iterations.
Page swap complete — check dmesg for kernel details.
src_gpa=0x12ac29000 (gfn=0x12ac29), dst_gpa=0x172ba7000 (gfn=0x172ba7)
is_swap_back=1, nr_times=1
[1/2] Queuing KVM_SWAP_GUEST_PAGES (gfn1=0x12ac29 gfn2=0x172ba7)...
[1/2] Swap queued; vcpu0 kicked — waiting for svm_vcpu_run() to execute it...
[2/2] Polling KVM_USP_SWAP_STATUS (timeout 30s)...
[2/2] Swap complete after 162543 poll iterations.
Page swap complete — check dmesg for kernel details.
src_gpa=0x12ac29000 (gfn=0x12ac29), dst_gpa=0x172ba8000 (gfn=0x172ba8)
is_swap_back=1, nr_times=1
[1/2] Queuing KVM_SWAP_GUEST_PAGES (gfn1=0x12ac29 gfn2=0x172ba8)...
[1/2] Swap queued; vcpu0 kicked — waiting for svm_vcpu_run() to execute it...
[2/2] Polling KVM_USP_SWAP_STATUS (timeout 30s)...
[2/2] Swap complete after 161702 poll iterations.
Page swap complete — check dmesg for kernel details.
src_gpa=0x12ac29000 (gfn=0x12ac29), dst_gpa=0x172ba9000 (gfn=0x172ba9)
is_swap_back=1, nr_times=1
[1/2] Queuing KVM_SWAP_GUEST_PAGES (gfn1=0x12ac29 gfn2=0x172ba9)...
[1/2] Swap queued; vcpu0 kicked — waiting for svm_vcpu_run() to execute it...
[2/2] Polling KVM_USP_SWAP_STATUS (timeout 30s)...
[2/2] Swap complete after 553832 poll iterations.
Page swap complete — check dmesg for kernel details.
src_gpa=0x12ac29000 (gfn=0x12ac29), dst_gpa=0x172baa000 (gfn=0x172baa)
is_swap_back=1, nr_times=1
[1/2] Queuing KVM_SWAP_GUEST_PAGES (gfn1=0x12ac29 gfn2=0x172baa)...
[1/2] Swap queued; vcpu0 kicked — waiting for svm_vcpu_run() to execute it...
[2/2] Polling KVM_USP_SWAP_STATUS (timeout 30s)...
[2/2] Swap complete after 794636 poll iterations.
Page swap complete — check dmesg for kernel details.
src_gpa=0x12ac29000 (gfn=0x12ac29), dst_gpa=0x172bab000 (gfn=0x172bab)
is_swap_back=1, nr_times=1
[1/2] Queuing KVM_SWAP_GUEST_PAGES (gfn1=0x12ac29 gfn2=0x172bab)...
[1/2] Swap queued; vcpu0 kicked — waiting for svm_vcpu_run() to execute it...
[2/2] Polling KVM_USP_SWAP_STATUS (timeout 30s)...
[2/2] Swap complete after 108004 poll iterations.
Page swap complete — check dmesg for kernel details.
src_gpa=0x12ac29000 (gfn=0x12ac29), dst_gpa=0x172bac000 (gfn=0x172bac)
is_swap_back=1, nr_times=1
[1/2] Queuing KVM_SWAP_GUEST_PAGES (gfn1=0x12ac29 gfn2=0x172bac)...
[1/2] Swap queued; vcpu0 kicked — waiting for svm_vcpu_run() to execute it...
[2/2] Polling KVM_USP_SWAP_STATUS (timeout 30s)...
[2/2] Swap complete after 161723 poll iterations.
Page swap complete — check dmesg for kernel details.
src_gpa=0x12ac29000 (gfn=0x12ac29), dst_gpa=0x172bad000 (gfn=0x172bad)
is_swap_back=1, nr_times=1
[1/2] Queuing KVM_SWAP_GUEST_PAGES (gfn1=0x12ac29 gfn2=0x172bad)...
[1/2] Swap queued; vcpu0 kicked — waiting for svm_vcpu_run() to execute it...
[2/2] Polling KVM_USP_SWAP_STATUS (timeout 30s)...
[2/2] Swap complete after 237058 poll iterations.
Page swap complete — check dmesg for kernel details.
src_gpa=0x12ac29000 (gfn=0x12ac29), dst_gpa=0x172bae000 (gfn=0x172bae)
is_swap_back=1, nr_times=1
[1/2] Queuing KVM_SWAP_GUEST_PAGES (gfn1=0x12ac29 gfn2=0x172bae)...
[1/2] Swap queued; vcpu0 kicked — waiting for svm_vcpu_run() to execute it...
[2/2] Polling KVM_USP_SWAP_STATUS (timeout 30s)...
[2/2] Swap complete after 131686 poll iterations.
Page swap complete — check dmesg for kernel details.
src_gpa=0x12ac29000 (gfn=0x12ac29), dst_gpa=0x172baf000 (gfn=0x172baf)
is_swap_back=1, nr_times=1
[1/2] Queuing KVM_SWAP_GUEST_PAGES (gfn1=0x12ac29 gfn2=0x172baf)...
[1/2] Swap queued; vcpu0 kicked — waiting for svm_vcpu_run() to execute it...
[2/2] Polling KVM_USP_SWAP_STATUS (timeout 30s)...
[2/2] Swap complete after 349965 poll iterations.
Page swap complete — check dmesg for kernel details.
src_gpa=0x12ac29000 (gfn=0x12ac29), dst_gpa=0x172bb0000 (gfn=0x172bb0)
is_swap_back=1, nr_times=1
[1/2] Queuing KVM_SWAP_GUEST_PAGES (gfn1=0x12ac29 gfn2=0x172bb0)...
[1/2] Swap queued; vcpu0 kicked — waiting for svm_vcpu_run() to execute it...
[2/2] Polling KVM_USP_SWAP_STATUS (timeout 30s)...
[2/2] Swap complete after 910444 poll iterations.
Page swap complete — check dmesg for kernel details.
src_gpa=0x12ac29000 (gfn=0x12ac29), dst_gpa=0x174e8a000 (gfn=0x174e8a)
is_swap_back=1, nr_times=1
[1/2] Queuing KVM_SWAP_GUEST_PAGES (gfn1=0x12ac29 gfn2=0x174e8a)...
[1/2] Swap queued; vcpu0 kicked — waiting for svm_vcpu_run() to execute it...
[2/2] Polling KVM_USP_SWAP_STATUS (timeout 30s)...
[2/2] Swap complete after 805727 poll iterations.
Page swap complete — check dmesg for kernel details.
src_gpa=0x12ac29000 (gfn=0x12ac29), dst_gpa=0x174e8b000 (gfn=0x174e8b)
is_swap_back=1, nr_times=1
[1/2] Queuing KVM_SWAP_GUEST_PAGES (gfn1=0x12ac29 gfn2=0x174e8b)...
[1/2] Swap queued; vcpu0 kicked — waiting for svm_vcpu_run() to execute it...
[2/2] Polling KVM_USP_SWAP_STATUS (timeout 30s)...
[2/2] Swap complete after 598856 poll iterations.
Page swap complete — check dmesg for kernel details.
src_gpa=0x12ac29000 (gfn=0x12ac29), dst_gpa=0x174e8c000 (gfn=0x174e8c)
is_swap_back=1, nr_times=1
[1/2] Queuing KVM_SWAP_GUEST_PAGES (gfn1=0x12ac29 gfn2=0x174e8c)...
[1/2] Swap queued; vcpu0 kicked — waiting for svm_vcpu_run() to execute it...
[2/2] Polling KVM_USP_SWAP_STATUS (timeout 30s)...
[2/2] Swap complete after 186673 poll iterations.
Page swap complete — check dmesg for kernel details.
src_gpa=0x12ac29000 (gfn=0x12ac29), dst_gpa=0x174e8d000 (gfn=0x174e8d)
is_swap_back=1, nr_times=1
[1/2] Queuing KVM_SWAP_GUEST_PAGES (gfn1=0x12ac29 gfn2=0x174e8d)...
[1/2] Swap queued; vcpu0 kicked — waiting for svm_vcpu_run() to execute it...
[2/2] Polling KVM_USP_SWAP_STATUS (timeout 30s)...
[2/2] Swap complete after 87010 poll iterations.
Page swap complete — check dmesg for kernel details.
src_gpa=0x12ac29000 (gfn=0x12ac29), dst_gpa=0x174e8e000 (gfn=0x174e8e)
is_swap_back=1, nr_times=1
[1/2] Queuing KVM_SWAP_GUEST_PAGES (gfn1=0x12ac29 gfn2=0x174e8e)...
[1/2] Swap queued; vcpu0 kicked — waiting for svm_vcpu_run() to execute it...
[2/2] Polling KVM_USP_SWAP_STATUS (timeout 30s)...
[2/2] Swap complete after 251663 poll iterations.
Page swap complete — check dmesg for kernel details.
src_gpa=0x12ac29000 (gfn=0x12ac29), dst_gpa=0x174e8f000 (gfn=0x174e8f)
is_swap_back=1, nr_times=1
[1/2] Queuing KVM_SWAP_GUEST_PAGES (gfn1=0x12ac29 gfn2=0x174e8f)...
[1/2] Swap queued; vcpu0 kicked — waiting for svm_vcpu_run() to execute it...
[2/2] Polling KVM_USP_SWAP_STATUS (timeout 30s)...
[2/2] Swap complete after 130590 poll iterations.
Page swap complete — check dmesg for kernel details.
src_gpa=0x12ac29000 (gfn=0x12ac29), dst_gpa=0x174e90000 (gfn=0x174e90)
is_swap_back=1, nr_times=1
[1/2] Queuing KVM_SWAP_GUEST_PAGES (gfn1=0x12ac29 gfn2=0x174e90)...
[1/2] Swap queued; vcpu0 kicked — waiting for svm_vcpu_run() to execute it...
[2/2] Polling KVM_USP_SWAP_STATUS (timeout 30s)...
[2/2] Swap complete after 527772 poll iterations.
Page swap complete — check dmesg for kernel details.
src_gpa=0x12ac29000 (gfn=0x12ac29), dst_gpa=0x174e91000 (gfn=0x174e91)
is_swap_back=1, nr_times=1
[1/2] Queuing KVM_SWAP_GUEST_PAGES (gfn1=0x12ac29 gfn2=0x174e91)...
[1/2] Swap queued; vcpu0 kicked — waiting for svm_vcpu_run() to execute it...
[2/2] Polling KVM_USP_SWAP_STATUS (timeout 30s)...
[2/2] Swap complete after 910328 poll iterations.
Page swap complete — check dmesg for kernel details.
src_gpa=0x12ac29000 (gfn=0x12ac29), dst_gpa=0x174e92000 (gfn=0x174e92)
is_swap_back=1, nr_times=1
[1/2] Queuing KVM_SWAP_GUEST_PAGES (gfn1=0x12ac29 gfn2=0x174e92)...
[1/2] Swap queued; vcpu0 kicked — waiting for svm_vcpu_run() to execute it...
[2/2] Polling KVM_USP_SWAP_STATUS (timeout 30s)...
[2/2] Swap complete after 450796 poll iterations.
Page swap complete — check dmesg for kernel details.
src_gpa=0x12ac29000 (gfn=0x12ac29), dst_gpa=0x174e93000 (gfn=0x174e93)
is_swap_back=1, nr_times=1
[1/2] Queuing KVM_SWAP_GUEST_PAGES (gfn1=0x12ac29 gfn2=0x174e93)...
[1/2] Swap queued; vcpu0 kicked — waiting for svm_vcpu_run() to execute it...
[2/2] Polling KVM_USP_SWAP_STATUS (timeout 30s)...
[2/2] Swap complete after 66634 poll iterations.
Page swap complete — check dmesg for kernel details.
src_gpa=0x12ac29000 (gfn=0x12ac29), dst_gpa=0x174e94000 (gfn=0x174e94)
is_swap_back=1, nr_times=1
[1/2] Queuing KVM_SWAP_GUEST_PAGES (gfn1=0x12ac29 gfn2=0x174e94)...
[1/2] Swap queued; vcpu0 kicked — waiting for svm_vcpu_run() to execute it...
[2/2] Polling KVM_USP_SWAP_STATUS (timeout 30s)...
[2/2] Swap complete after 169217 poll iterations.
Page swap complete — check dmesg for kernel details.
  page  3/48  do_swap_read(0x12ac29000, 0x1b1ad1000) → img_03.out
  page  4/48  do_swap_read(0x12ac29000, 0x1b1ad2000) → img_04.out
  page  5/48  do_swap_read(0x12ac29000, 0x1b1ad3000) → img_05.out
  page  6/48  do_swap_read(0x12ac29000, 0x1b1ad4000) → img_06.out
  page  7/48  do_swap_read(0x12ac29000, 0x1b1ad5000) → img_07.out
  page  8/48  do_swap_read(0x12ac29000, 0x1b1ad6000) → img_08.out
  page  9/48  do_swap_read(0x12ac29000, 0x1b1ad7000) → img_09.out
  page 10/48  do_swap_read(0x12ac29000, 0x1b1ad8000) → img_10.out
  page 11/48  do_swap_read(0x12ac29000, 0x1b1ad9000) → img_11.out
  page 12/48  do_swap_read(0x12ac29000, 0x1b1ada000) → img_12.out
  page 13/48  do_swap_read(0x12ac29000, 0x1b1adb000) → img_13.out
  page 14/48  do_swap_read(0x12ac29000, 0x1b1adc000) → img_14.out
  page 15/48  do_swap_read(0x12ac29000, 0x1b1add000) → img_15.out
  page 16/48  do_swap_read(0x12ac29000, 0x1b1ade000) → img_16.out
  page 17/48  do_swap_read(0x12ac29000, 0x1b1adf000) → img_17.out
  page 18/48  do_swap_read(0x12ac29000, 0x1b1ae0000) → img_18.out
  page 19/48  do_swap_read(0x12ac29000, 0x1b1ae1000) → img_19.out
  page 20/48  do_swap_read(0x12ac29000, 0x1b1ae2000) → img_20.out
  page 21/48  do_swap_read(0x12ac29000, 0x1b1ae3000) → img_21.out
  page 22/48  do_swap_read(0x12ac29000, 0x1b1ae4000) → img_22.out
  page 23/48  do_swap_read(0x12ac29000, 0x1b1ae5000) → img_23.out
  page 24/48  do_swap_read(0x12ac29000, 0x1b1ae6000) → img_24.out
  page 25/48  do_swap_read(0x12ac29000, 0x1b1ae7000) → img_25.out
  page 26/48  do_swap_read(0x12ac29000, 0x1b1ae8000) → img_26.out
  page 27/48  do_swap_read(0x12ac29000, 0x1b1ae9000) → img_27.out
  page 28/48  do_swap_read(0x12ac29000, 0x1b1aea000) → img_28.out
  page 29/48  do_swap_read(0x12ac29000, 0x1b1aeb000) → img_29.out
  page 30/48  do_swap_read(0x12ac29000, 0x1b1aec000) → img_30.out
  page 31/48  do_swap_read(0x12ac29000, 0x1b1aed000) → img_31.out
  page 32/48  do_swap_read(0x12ac29000, 0x1b1aee000) → img_32.out
  page 33/48  do_swap_read(0x12ac29000, 0x1b1aef000) → img_33.out
  page 34/48  do_swap_read(0x12ac29000, 0x1b1af0000) → img_34.out
  page 35/48  do_swap_read(0x12ac29000, 0x1b1af1000) → img_35.out
  page 36/48  do_swap_read(0x12ac29000, 0x1b1af2000) → img_36.out
  page 37/48  do_swap_read(0x12ac29000, 0x1b1af3000) → img_37.out
  page 38/48  do_swap_read(0x12ac29000, 0x1b1af4000) → img_38.out
  page 39/48  do_swap_read(0x12ac29000, 0x1b1af5000) → img_39.out
  page 40/48  do_swap_read(0x12ac29000, 0x1b1af6000) → img_40.out
  page 41/48  do_swap_read(0x12ac29000, 0x1b1af7000) → img_41.out
  page 42/48  do_swap_read(0x12ac29000, 0x1b1af8000) → img_42.out
  page 43/48  do_swap_read(0x12ac29000, 0x1b1af9000) → img_43.out
  page 44/48  do_swap_read(0x12ac29000, 0x1b1afa000) → img_44.out
  page 45/48  do_swap_read(0x12ac29000, 0x1b1afb000) → img_45.out
  page 46/48  do_swap_read(0x12ac29000, 0x1b1afc000) → img_46.out
  page 47/48  do_swap_read(0x12ac29000, 0x1b1afd000) → img_47.out
  page 48/48  do_swap_read(0x12ac29000, 0x1b1afe000) → img_48.out

[infer] Loaded 64 ref dumps

[infer] XOR slice shape : (64, 224, 56)
[infer] Total hits      : 30 / 802816  (0.00%)
[infer] Saved → /home/eun/proof_code/mura/xor_slices_auto/xor_slice_mura_host_regB_4_rank4.npy
    -> HUMERUS  (p=0.585)

[pipeline] === /home/eun/esp_bak/sev-step/userspace/write-tracker/mura/mura_host_regB_5.log ===
  918 candidates total, skipping top 2, attempting next 2
  [rank 3] block=0x172a00000 best_range=(0x172b80000, 58p) -> infer ...
[infer] FIXED_GPA   = 0x12ac29000
[infer] image_gpa   = 0x172b80000  (49 pages)
  page  0/48  do_swap_read(0x12ac29000, 0x172b80000) → img_00.out
  page  1/48  do_swap_read(0x12ac29000, 0x172b81000) → img_01.out
  page  2/48  do_swap_read(0x12ac29000, 0x172b82000) → img_02.out
  page  3/48  do_swap_read(0x12ac29000, 0x172b83000) → img_03.out
  page  4/48  do_swap_read(0x12ac29000, 0x172b84000) → img_04.out
  page  5/48  do_swap_read(0x12ac29000, 0x172b85000) → img_05.out
  page  6/48  do_swap_read(0x12ac29000, 0x172b86000) → img_06.out
  page  7/48  do_swap_read(0x12ac29000, 0x172b87000) → img_07.out
  page  8/48  do_swap_read(0x12ac29000, 0x172b88000) → img_08.out
  page  9/48  do_swap_read(0x12ac29000, 0x172b89000) → img_09.out
  page 10/48  do_swap_read(0x12ac29000, 0x172b8a000) → img_10.out
  page 11/48  do_swap_read(0x12ac29000, 0x172b8b000) → img_11.out
  page 12/48  do_swap_read(0x12ac29000, 0x172b8c000) → img_12.out
  page 13/48  do_swap_read(0x12ac29000, 0x172b8d000) → img_13.out
  page 14/48  do_swap_read(0x12ac29000, 0x172b8e000) → img_14.out
  page 15/48  do_swap_read(0x12ac29000, 0x172b8f000) → img_15.out
  page 16/48  do_swap_read(0x12ac29000, 0x172b90000) → img_16.out
  page 17/48  do_swap_read(0x12ac29000, 0x172b91000) → img_17.out
  page 18/48  do_swap_read(0x12ac29000, 0x172b92000) → img_18.out
  page 19/48  do_swap_read(0x12ac29000, 0x172b93000) → img_19.out
  page 20/48  do_swap_read(0x12ac29000, 0x172b94000) → img_20.out
  page 21/48  do_swap_read(0x12ac29000, 0x172b95000) → img_21.out
  page 22/48  do_swap_read(0x12ac29000, 0x172b96000) → img_22.out
  page 23/48  do_swap_read(0x12ac29000, 0x172b97000) → img_23.out
  page 24/48  do_swap_read(0x12ac29000, 0x172b98000) → img_24.out
  page 25/48  do_swap_read(0x12ac29000, 0x172b99000) → img_25.out
  page 26/48  do_swap_read(0x12ac29000, 0x172b9a000) → img_26.out
  page 27/48  do_swap_read(0x12ac29000, 0x172b9b000) → img_27.out
  page 28/48  do_swap_read(0x12ac29000, 0x172b9c000) → img_28.out
  page 29/48  do_swap_read(0x12ac29000, 0x172b9d000) → img_29.out
  page 30/48  do_swap_read(0x12ac29000, 0x172b9e000) → img_30.out
  page 31/48  do_swap_read(0x12ac29000, 0x172b9f000) → img_31.out
  page 32/48  do_swap_read(0x12ac29000, 0x172ba0000) → img_32.out
  page 33/48  do_swap_read(0x12ac29000, 0x172ba1000) → img_33.out
  page 34/48  do_swap_read(0x12ac29000, 0x172ba2000) → img_34.out
  page 35/48  do_swap_read(0x12ac29000, 0x172ba3000) → img_35.out
  page 36/48  do_swap_read(0x12ac29000, 0x172ba4000) → img_36.out
  page 37/48  do_swap_read(0x12ac29000, 0x172ba5000) → img_37.out
  page 38/48  do_swap_read(0x12ac29000, 0x172ba6000) → img_38.out
  page 39/48  do_swap_read(0x12ac29000, 0x172ba7000) → img_39.out
  page 40/48  do_swap_read(0x12ac29000, 0x172ba8000) → img_40.out
  page 41/48  do_swap_read(0x12ac29000, 0x172ba9000) → img_41.out
  page 42/48  do_swap_read(0x12ac29000, 0x172baa000) → img_42.out
  page 43/48  do_swap_read(0x12ac29000, 0x172bab000) → img_43.out
  page 44/48  do_swap_read(0x12ac29000, 0x172bac000) → img_44.out
  page 45/48  do_swap_read(0x12ac29000, 0x172bad000) → img_45.out
  page 46/48  do_swap_read(0x12ac29000, 0x172bae000) → img_46.out
  page 47/48  do_swap_read(0x12ac29000, 0x172baf000) → img_47.out
  page 48/48  do_swap_read(0x12ac29000, 0x172bb0000) → img_48.out

[infer] Loaded 64 ref dumps

[infer] XOR slice shape : (64, 224, 56)
[infer] Total hits      : 7783 / 802816  (0.97%)
[infer] Saved → /home/eun/proof_code/mura/xor_slices_auto/xor_slice_mura_host_regB_5_rank3.npy
    -> SHOULDER  (p=0.576)
  [rank 4] block=0x174e00000 best_range=(0x174e8a000, 54p) -> infer ...
[infer] FIXED_GPA   = 0x12ac29000
[infer] image_gpa   = 0x174e8a000  (49 pages)
  page  0/48  do_swap_read(0x12ac29000, 0x174e8a000) → img_00.out
  page  1/48  do_swap_read(0x12ac29000, 0x174e8b000) → img_01.out
  page  2/48  do_swap_read(0x12ac29000, 0x174e8c000) → img_02.out
  page  3/48  do_swap_read(0x12ac29000, 0x174e8d000) → img_03.out
  page  4/48  do_swap_read(0x12ac29000, 0x174e8e000) → img_04.out
  page  5/48  do_swap_read(0x12ac29000, 0x174e8f000) → img_05.out
  page  6/48  do_swap_read(0x12ac29000, 0x174e90000) → img_06.out
  page  7/48  do_swap_read(0x12ac29000, 0x174e91000) → img_07.out
  page  8/48  do_swap_read(0x12ac29000, 0x174e92000) → img_08.out
  page  9/48  do_swap_read(0x12ac29000, 0x174e93000) → img_09.out
  page 10/48  do_swap_read(0x12ac29000, 0x174e94000) → img_10.out
src_gpa=0x12ac29000 (gfn=0x12ac29), dst_gpa=0x174e95000 (gfn=0x174e95)
is_swap_back=1, nr_times=1
[1/2] Queuing KVM_SWAP_GUEST_PAGES (gfn1=0x12ac29 gfn2=0x174e95)...
[1/2] Swap queued; vcpu0 kicked — waiting for svm_vcpu_run() to execute it...
[2/2] Polling KVM_USP_SWAP_STATUS (timeout 30s)...
[2/2] Swap complete after 122723 poll iterations.
Page swap complete — check dmesg for kernel details.
src_gpa=0x12ac29000 (gfn=0x12ac29), dst_gpa=0x174e96000 (gfn=0x174e96)
is_swap_back=1, nr_times=1
[1/2] Queuing KVM_SWAP_GUEST_PAGES (gfn1=0x12ac29 gfn2=0x174e96)...
[1/2] Swap queued; vcpu0 kicked — waiting for svm_vcpu_run() to execute it...
[2/2] Polling KVM_USP_SWAP_STATUS (timeout 30s)...
[2/2] Swap complete after 914084 poll iterations.
Page swap complete — check dmesg for kernel details.
src_gpa=0x12ac29000 (gfn=0x12ac29), dst_gpa=0x174e97000 (gfn=0x174e97)
is_swap_back=1, nr_times=1
[1/2] Queuing KVM_SWAP_GUEST_PAGES (gfn1=0x12ac29 gfn2=0x174e97)...
[1/2] Swap queued; vcpu0 kicked — waiting for svm_vcpu_run() to execute it...
[2/2] Polling KVM_USP_SWAP_STATUS (timeout 30s)...
[2/2] Swap complete after 422404 poll iterations.
Page swap complete — check dmesg for kernel details.
src_gpa=0x12ac29000 (gfn=0x12ac29), dst_gpa=0x174e98000 (gfn=0x174e98)
is_swap_back=1, nr_times=1
[1/2] Queuing KVM_SWAP_GUEST_PAGES (gfn1=0x12ac29 gfn2=0x174e98)...
[1/2] Swap queued; vcpu0 kicked — waiting for svm_vcpu_run() to execute it...
[2/2] Polling KVM_USP_SWAP_STATUS (timeout 30s)...
[2/2] Swap complete after 76141 poll iterations.
Page swap complete — check dmesg for kernel details.
src_gpa=0x12ac29000 (gfn=0x12ac29), dst_gpa=0x174e99000 (gfn=0x174e99)
is_swap_back=1, nr_times=1
[1/2] Queuing KVM_SWAP_GUEST_PAGES (gfn1=0x12ac29 gfn2=0x174e99)...
[1/2] Swap queued; vcpu0 kicked — waiting for svm_vcpu_run() to execute it...
[2/2] Polling KVM_USP_SWAP_STATUS (timeout 30s)...
[2/2] Swap complete after 310710 poll iterations.
Page swap complete — check dmesg for kernel details.
src_gpa=0x12ac29000 (gfn=0x12ac29), dst_gpa=0x174e9a000 (gfn=0x174e9a)
is_swap_back=1, nr_times=1
[1/2] Queuing KVM_SWAP_GUEST_PAGES (gfn1=0x12ac29 gfn2=0x174e9a)...
[1/2] Swap queued; vcpu0 kicked — waiting for svm_vcpu_run() to execute it...
[2/2] Polling KVM_USP_SWAP_STATUS (timeout 30s)...
[2/2] Swap complete after 54397 poll iterations.
Page swap complete — check dmesg for kernel details.
src_gpa=0x12ac29000 (gfn=0x12ac29), dst_gpa=0x174e9b000 (gfn=0x174e9b)
is_swap_back=1, nr_times=1
[1/2] Queuing KVM_SWAP_GUEST_PAGES (gfn1=0x12ac29 gfn2=0x174e9b)...
[1/2] Swap queued; vcpu0 kicked — waiting for svm_vcpu_run() to execute it...
[2/2] Polling KVM_USP_SWAP_STATUS (timeout 30s)...
[2/2] Swap complete after 461282 poll iterations.
Page swap complete — check dmesg for kernel details.
src_gpa=0x12ac29000 (gfn=0x12ac29), dst_gpa=0x174e9c000 (gfn=0x174e9c)
is_swap_back=1, nr_times=1
[1/2] Queuing KVM_SWAP_GUEST_PAGES (gfn1=0x12ac29 gfn2=0x174e9c)...
[1/2] Swap queued; vcpu0 kicked — waiting for svm_vcpu_run() to execute it...
[2/2] Polling KVM_USP_SWAP_STATUS (timeout 30s)...
[2/2] Swap complete after 411555 poll iterations.
Page swap complete — check dmesg for kernel details.
src_gpa=0x12ac29000 (gfn=0x12ac29), dst_gpa=0x174e9d000 (gfn=0x174e9d)
is_swap_back=1, nr_times=1
[1/2] Queuing KVM_SWAP_GUEST_PAGES (gfn1=0x12ac29 gfn2=0x174e9d)...
[1/2] Swap queued; vcpu0 kicked — waiting for svm_vcpu_run() to execute it...
[2/2] Polling KVM_USP_SWAP_STATUS (timeout 30s)...
[2/2] Swap complete after 915202 poll iterations.
Page swap complete — check dmesg for kernel details.
src_gpa=0x12ac29000 (gfn=0x12ac29), dst_gpa=0x174e9e000 (gfn=0x174e9e)
is_swap_back=1, nr_times=1
[1/2] Queuing KVM_SWAP_GUEST_PAGES (gfn1=0x12ac29 gfn2=0x174e9e)...
[1/2] Swap queued; vcpu0 kicked — waiting for svm_vcpu_run() to execute it...
[2/2] Polling KVM_USP_SWAP_STATUS (timeout 30s)...
[2/2] Swap complete after 273787 poll iterations.
Page swap complete — check dmesg for kernel details.
src_gpa=0x12ac29000 (gfn=0x12ac29), dst_gpa=0x174e9f000 (gfn=0x174e9f)
is_swap_back=1, nr_times=1
[1/2] Queuing KVM_SWAP_GUEST_PAGES (gfn1=0x12ac29 gfn2=0x174e9f)...
[1/2] Swap queued; vcpu0 kicked — waiting for svm_vcpu_run() to execute it...
[2/2] Polling KVM_USP_SWAP_STATUS (timeout 30s)...
[2/2] Swap complete after 536085 poll iterations.
Page swap complete — check dmesg for kernel details.
src_gpa=0x12ac29000 (gfn=0x12ac29), dst_gpa=0x174ea0000 (gfn=0x174ea0)
is_swap_back=1, nr_times=1
[1/2] Queuing KVM_SWAP_GUEST_PAGES (gfn1=0x12ac29 gfn2=0x174ea0)...
[1/2] Swap queued; vcpu0 kicked — waiting for svm_vcpu_run() to execute it...
[2/2] Polling KVM_USP_SWAP_STATUS (timeout 30s)...
[2/2] Swap complete after 69526 poll iterations.
Page swap complete — check dmesg for kernel details.
src_gpa=0x12ac29000 (gfn=0x12ac29), dst_gpa=0x174ea1000 (gfn=0x174ea1)
is_swap_back=1, nr_times=1
[1/2] Queuing KVM_SWAP_GUEST_PAGES (gfn1=0x12ac29 gfn2=0x174ea1)...
[1/2] Swap queued; vcpu0 kicked — waiting for svm_vcpu_run() to execute it...
[2/2] Polling KVM_USP_SWAP_STATUS (timeout 30s)...
[2/2] Swap complete after 897366 poll iterations.
Page swap complete — check dmesg for kernel details.
src_gpa=0x12ac29000 (gfn=0x12ac29), dst_gpa=0x174ea2000 (gfn=0x174ea2)
is_swap_back=1, nr_times=1
[1/2] Queuing KVM_SWAP_GUEST_PAGES (gfn1=0x12ac29 gfn2=0x174ea2)...
[1/2] Swap queued; vcpu0 kicked — waiting for svm_vcpu_run() to execute it...
[2/2] Polling KVM_USP_SWAP_STATUS (timeout 30s)...
[2/2] Swap complete after 210366 poll iterations.
Page swap complete — check dmesg for kernel details.
src_gpa=0x12ac29000 (gfn=0x12ac29), dst_gpa=0x174ea3000 (gfn=0x174ea3)
is_swap_back=1, nr_times=1
[1/2] Queuing KVM_SWAP_GUEST_PAGES (gfn1=0x12ac29 gfn2=0x174ea3)...
[1/2] Swap queued; vcpu0 kicked — waiting for svm_vcpu_run() to execute it...
[2/2] Polling KVM_USP_SWAP_STATUS (timeout 30s)...
[2/2] Swap complete after 274516 poll iterations.
Page swap complete — check dmesg for kernel details.
src_gpa=0x12ac29000 (gfn=0x12ac29), dst_gpa=0x174ea4000 (gfn=0x174ea4)
is_swap_back=1, nr_times=1
[1/2] Queuing KVM_SWAP_GUEST_PAGES (gfn1=0x12ac29 gfn2=0x174ea4)...
[1/2] Swap queued; vcpu0 kicked — waiting for svm_vcpu_run() to execute it...
[2/2] Polling KVM_USP_SWAP_STATUS (timeout 30s)...
[2/2] Swap complete after 261216 poll iterations.
Page swap complete — check dmesg for kernel details.
src_gpa=0x12ac29000 (gfn=0x12ac29), dst_gpa=0x174ea5000 (gfn=0x174ea5)
is_swap_back=1, nr_times=1
[1/2] Queuing KVM_SWAP_GUEST_PAGES (gfn1=0x12ac29 gfn2=0x174ea5)...
[1/2] Swap queued; vcpu0 kicked — waiting for svm_vcpu_run() to execute it...
[2/2] Polling KVM_USP_SWAP_STATUS (timeout 30s)...
[2/2] Swap complete after 106089 poll iterations.
Page swap complete — check dmesg for kernel details.
src_gpa=0x12ac29000 (gfn=0x12ac29), dst_gpa=0x174ea6000 (gfn=0x174ea6)
is_swap_back=1, nr_times=1
[1/2] Queuing KVM_SWAP_GUEST_PAGES (gfn1=0x12ac29 gfn2=0x174ea6)...
[1/2] Swap queued; vcpu0 kicked — waiting for svm_vcpu_run() to execute it...
[2/2] Polling KVM_USP_SWAP_STATUS (timeout 30s)...
[2/2] Swap complete after 278486 poll iterations.
Page swap complete — check dmesg for kernel details.
src_gpa=0x12ac29000 (gfn=0x12ac29), dst_gpa=0x174ea7000 (gfn=0x174ea7)
is_swap_back=1, nr_times=1
[1/2] Queuing KVM_SWAP_GUEST_PAGES (gfn1=0x12ac29 gfn2=0x174ea7)...
[1/2] Swap queued; vcpu0 kicked — waiting for svm_vcpu_run() to execute it...
[2/2] Polling KVM_USP_SWAP_STATUS (timeout 30s)...
[2/2] Swap complete after 122878 poll iterations.
Page swap complete — check dmesg for kernel details.
src_gpa=0x12ac29000 (gfn=0x12ac29), dst_gpa=0x174ea8000 (gfn=0x174ea8)
is_swap_back=1, nr_times=1
[1/2] Queuing KVM_SWAP_GUEST_PAGES (gfn1=0x12ac29 gfn2=0x174ea8)...
[1/2] Swap queued; vcpu0 kicked — waiting for svm_vcpu_run() to execute it...
[2/2] Polling KVM_USP_SWAP_STATUS (timeout 30s)...
[2/2] Swap complete after 465481 poll iterations.
Page swap complete — check dmesg for kernel details.
src_gpa=0x12ac29000 (gfn=0x12ac29), dst_gpa=0x174ea9000 (gfn=0x174ea9)
is_swap_back=1, nr_times=1
[1/2] Queuing KVM_SWAP_GUEST_PAGES (gfn1=0x12ac29 gfn2=0x174ea9)...
[1/2] Swap queued; vcpu0 kicked — waiting for svm_vcpu_run() to execute it...
[2/2] Polling KVM_USP_SWAP_STATUS (timeout 30s)...
[2/2] Swap complete after 576143 poll iterations.
Page swap complete — check dmesg for kernel details.
src_gpa=0x12ac29000 (gfn=0x12ac29), dst_gpa=0x174eaa000 (gfn=0x174eaa)
is_swap_back=1, nr_times=1
[1/2] Queuing KVM_SWAP_GUEST_PAGES (gfn1=0x12ac29 gfn2=0x174eaa)...
[1/2] Swap queued; vcpu0 kicked — waiting for svm_vcpu_run() to execute it...
[2/2] Polling KVM_USP_SWAP_STATUS (timeout 30s)...
[2/2] Swap complete after 251289 poll iterations.
Page swap complete — check dmesg for kernel details.
src_gpa=0x12ac29000 (gfn=0x12ac29), dst_gpa=0x174eab000 (gfn=0x174eab)
is_swap_back=1, nr_times=1
[1/2] Queuing KVM_SWAP_GUEST_PAGES (gfn1=0x12ac29 gfn2=0x174eab)...
[1/2] Swap queued; vcpu0 kicked — waiting for svm_vcpu_run() to execute it...
[2/2] Polling KVM_USP_SWAP_STATUS (timeout 30s)...
[2/2] Swap complete after 75165 poll iterations.
Page swap complete — check dmesg for kernel details.
src_gpa=0x12ac29000 (gfn=0x12ac29), dst_gpa=0x174eac000 (gfn=0x174eac)
is_swap_back=1, nr_times=1
[1/2] Queuing KVM_SWAP_GUEST_PAGES (gfn1=0x12ac29 gfn2=0x174eac)...
[1/2] Swap queued; vcpu0 kicked — waiting for svm_vcpu_run() to execute it...
[2/2] Polling KVM_USP_SWAP_STATUS (timeout 30s)...
[2/2] Swap complete after 576683 poll iterations.
Page swap complete — check dmesg for kernel details.
src_gpa=0x12ac29000 (gfn=0x12ac29), dst_gpa=0x174ead000 (gfn=0x174ead)
is_swap_back=1, nr_times=1
[1/2] Queuing KVM_SWAP_GUEST_PAGES (gfn1=0x12ac29 gfn2=0x174ead)...
[1/2] Swap queued; vcpu0 kicked — waiting for svm_vcpu_run() to execute it...
[2/2] Polling KVM_USP_SWAP_STATUS (timeout 30s)...
[2/2] Swap complete after 227360 poll iterations.
Page swap complete — check dmesg for kernel details.
src_gpa=0x12ac29000 (gfn=0x12ac29), dst_gpa=0x174eae000 (gfn=0x174eae)
is_swap_back=1, nr_times=1
[1/2] Queuing KVM_SWAP_GUEST_PAGES (gfn1=0x12ac29 gfn2=0x174eae)...
[1/2] Swap queued; vcpu0 kicked — waiting for svm_vcpu_run() to execute it...
[2/2] Polling KVM_USP_SWAP_STATUS (timeout 30s)...
[2/2] Swap complete after 867624 poll iterations.
Page swap complete — check dmesg for kernel details.
src_gpa=0x12ac29000 (gfn=0x12ac29), dst_gpa=0x174eaf000 (gfn=0x174eaf)
is_swap_back=1, nr_times=1
[1/2] Queuing KVM_SWAP_GUEST_PAGES (gfn1=0x12ac29 gfn2=0x174eaf)...
[1/2] Swap queued; vcpu0 kicked — waiting for svm_vcpu_run() to execute it...
[2/2] Polling KVM_USP_SWAP_STATUS (timeout 30s)...
[2/2] Swap complete after 101351 poll iterations.
Page swap complete — check dmesg for kernel details.
src_gpa=0x12ac29000 (gfn=0x12ac29), dst_gpa=0x174eb0000 (gfn=0x174eb0)
is_swap_back=1, nr_times=1
[1/2] Queuing KVM_SWAP_GUEST_PAGES (gfn1=0x12ac29 gfn2=0x174eb0)...
[1/2] Swap queued; vcpu0 kicked — waiting for svm_vcpu_run() to execute it...
[2/2] Polling KVM_USP_SWAP_STATUS (timeout 30s)...
[2/2] Swap complete after 260584 poll iterations.
Page swap complete — check dmesg for kernel details.
src_gpa=0x12ac29000 (gfn=0x12ac29), dst_gpa=0x174eb1000 (gfn=0x174eb1)
is_swap_back=1, nr_times=1
[1/2] Queuing KVM_SWAP_GUEST_PAGES (gfn1=0x12ac29 gfn2=0x174eb1)...
[1/2] Swap queued; vcpu0 kicked — waiting for svm_vcpu_run() to execute it...
[2/2] Polling KVM_USP_SWAP_STATUS (timeout 30s)...
[2/2] Swap complete after 520857 poll iterations.
Page swap complete — check dmesg for kernel details.
src_gpa=0x12ac29000 (gfn=0x12ac29), dst_gpa=0x174eb2000 (gfn=0x174eb2)
is_swap_back=1, nr_times=1
[1/2] Queuing KVM_SWAP_GUEST_PAGES (gfn1=0x12ac29 gfn2=0x174eb2)...
[1/2] Swap queued; vcpu0 kicked — waiting for svm_vcpu_run() to execute it...
[2/2] Polling KVM_USP_SWAP_STATUS (timeout 30s)...
[2/2] Swap complete after 278208 poll iterations.
Page swap complete — check dmesg for kernel details.
src_gpa=0x12ac29000 (gfn=0x12ac29), dst_gpa=0x174eb3000 (gfn=0x174eb3)
is_swap_back=1, nr_times=1
[1/2] Queuing KVM_SWAP_GUEST_PAGES (gfn1=0x12ac29 gfn2=0x174eb3)...
[1/2] Swap queued; vcpu0 kicked — waiting for svm_vcpu_run() to execute it...
[2/2] Polling KVM_USP_SWAP_STATUS (timeout 30s)...
[2/2] Swap complete after 619426 poll iterations.
Page swap complete — check dmesg for kernel details.
src_gpa=0x12ac29000 (gfn=0x12ac29), dst_gpa=0x174eb4000 (gfn=0x174eb4)
is_swap_back=1, nr_times=1
[1/2] Queuing KVM_SWAP_GUEST_PAGES (gfn1=0x12ac29 gfn2=0x174eb4)...
[1/2] Swap queued; vcpu0 kicked — waiting for svm_vcpu_run() to execute it...
[2/2] Polling KVM_USP_SWAP_STATUS (timeout 30s)...
[2/2] Swap complete after 590042 poll iterations.
Page swap complete — check dmesg for kernel details.
src_gpa=0x12ac29000 (gfn=0x12ac29), dst_gpa=0x174eb5000 (gfn=0x174eb5)
is_swap_back=1, nr_times=1
[1/2] Queuing KVM_SWAP_GUEST_PAGES (gfn1=0x12ac29 gfn2=0x174eb5)...
[1/2] Swap queued; vcpu0 kicked — waiting for svm_vcpu_run() to execute it...
[2/2] Polling KVM_USP_SWAP_STATUS (timeout 30s)...
[2/2] Swap complete after 161514 poll iterations.
Page swap complete — check dmesg for kernel details.
src_gpa=0x12ac29000 (gfn=0x12ac29), dst_gpa=0x174eb6000 (gfn=0x174eb6)
is_swap_back=1, nr_times=1
[1/2] Queuing KVM_SWAP_GUEST_PAGES (gfn1=0x12ac29 gfn2=0x174eb6)...
[1/2] Swap queued; vcpu0 kicked — waiting for svm_vcpu_run() to execute it...
[2/2] Polling KVM_USP_SWAP_STATUS (timeout 30s)...
[2/2] Swap complete after 134790 poll iterations.
Page swap complete — check dmesg for kernel details.
src_gpa=0x12ac29000 (gfn=0x12ac29), dst_gpa=0x174eb7000 (gfn=0x174eb7)
is_swap_back=1, nr_times=1
[1/2] Queuing KVM_SWAP_GUEST_PAGES (gfn1=0x12ac29 gfn2=0x174eb7)...
[1/2] Swap queued; vcpu0 kicked — waiting for svm_vcpu_run() to execute it...
[2/2] Polling KVM_USP_SWAP_STATUS (timeout 30s)...
[2/2] Swap complete after 613809 poll iterations.
Page swap complete — check dmesg for kernel details.
src_gpa=0x12ac29000 (gfn=0x12ac29), dst_gpa=0x174eb8000 (gfn=0x174eb8)
is_swap_back=1, nr_times=1
[1/2] Queuing KVM_SWAP_GUEST_PAGES (gfn1=0x12ac29 gfn2=0x174eb8)...
[1/2] Swap queued; vcpu0 kicked — waiting for svm_vcpu_run() to execute it...
[2/2] Polling KVM_USP_SWAP_STATUS (timeout 30s)...
[2/2] Swap complete after 259311 poll iterations.
Page swap complete — check dmesg for kernel details.
src_gpa=0x12ac29000 (gfn=0x12ac29), dst_gpa=0x174eb9000 (gfn=0x174eb9)
is_swap_back=1, nr_times=1
[1/2] Queuing KVM_SWAP_GUEST_PAGES (gfn1=0x12ac29 gfn2=0x174eb9)...
[1/2] Swap queued; vcpu0 kicked — waiting for svm_vcpu_run() to execute it...
[2/2] Polling KVM_USP_SWAP_STATUS (timeout 30s)...
[2/2] Swap complete after 588725 poll iterations.
Page swap complete — check dmesg for kernel details.
src_gpa=0x12ac29000 (gfn=0x12ac29), dst_gpa=0x174eba000 (gfn=0x174eba)
is_swap_back=1, nr_times=1
[1/2] Queuing KVM_SWAP_GUEST_PAGES (gfn1=0x12ac29 gfn2=0x174eba)...
[1/2] Swap queued; vcpu0 kicked — waiting for svm_vcpu_run() to execute it...
[2/2] Polling KVM_USP_SWAP_STATUS (timeout 30s)...
[2/2] Swap complete after 204169 poll iterations.
Page swap complete — check dmesg for kernel details.
  page 11/48  do_swap_read(0x12ac29000, 0x174e95000) → img_11.out
  page 12/48  do_swap_read(0x12ac29000, 0x174e96000) → img_12.out
  page 13/48  do_swap_read(0x12ac29000, 0x174e97000) → img_13.out
  page 14/48  do_swap_read(0x12ac29000, 0x174e98000) → img_14.out
  page 15/48  do_swap_read(0x12ac29000, 0x174e99000) → img_15.out
  page 16/48  do_swap_read(0x12ac29000, 0x174e9a000) → img_16.out
  page 17/48  do_swap_read(0x12ac29000, 0x174e9b000) → img_17.out
  page 18/48  do_swap_read(0x12ac29000, 0x174e9c000) → img_18.out
  page 19/48  do_swap_read(0x12ac29000, 0x174e9d000) → img_19.out
  page 20/48  do_swap_read(0x12ac29000, 0x174e9e000) → img_20.out
  page 21/48  do_swap_read(0x12ac29000, 0x174e9f000) → img_21.out
  page 22/48  do_swap_read(0x12ac29000, 0x174ea0000) → img_22.out
  page 23/48  do_swap_read(0x12ac29000, 0x174ea1000) → img_23.out
  page 24/48  do_swap_read(0x12ac29000, 0x174ea2000) → img_24.out
  page 25/48  do_swap_read(0x12ac29000, 0x174ea3000) → img_25.out
  page 26/48  do_swap_read(0x12ac29000, 0x174ea4000) → img_26.out
  page 27/48  do_swap_read(0x12ac29000, 0x174ea5000) → img_27.out
  page 28/48  do_swap_read(0x12ac29000, 0x174ea6000) → img_28.out
  page 29/48  do_swap_read(0x12ac29000, 0x174ea7000) → img_29.out
  page 30/48  do_swap_read(0x12ac29000, 0x174ea8000) → img_30.out
  page 31/48  do_swap_read(0x12ac29000, 0x174ea9000) → img_31.out
  page 32/48  do_swap_read(0x12ac29000, 0x174eaa000) → img_32.out
  page 33/48  do_swap_read(0x12ac29000, 0x174eab000) → img_33.out
  page 34/48  do_swap_read(0x12ac29000, 0x174eac000) → img_34.out
  page 35/48  do_swap_read(0x12ac29000, 0x174ead000) → img_35.out
  page 36/48  do_swap_read(0x12ac29000, 0x174eae000) → img_36.out
  page 37/48  do_swap_read(0x12ac29000, 0x174eaf000) → img_37.out
  page 38/48  do_swap_read(0x12ac29000, 0x174eb0000) → img_38.out
  page 39/48  do_swap_read(0x12ac29000, 0x174eb1000) → img_39.out
  page 40/48  do_swap_read(0x12ac29000, 0x174eb2000) → img_40.out
  page 41/48  do_swap_read(0x12ac29000, 0x174eb3000) → img_41.out
  page 42/48  do_swap_read(0x12ac29000, 0x174eb4000) → img_42.out
  page 43/48  do_swap_read(0x12ac29000, 0x174eb5000) → img_43.out
  page 44/48  do_swap_read(0x12ac29000, 0x174eb6000) → img_44.out
  page 45/48  do_swap_read(0x12ac29000, 0x174eb7000) → img_45.out
  page 46/48  do_swap_read(0x12ac29000, 0x174eb8000) → img_46.out
  page 47/48  do_swap_read(0x12ac29000, 0x174eb9000) → img_47.out
  page 48/48  do_swap_read(0x12ac29000, 0x174eba000) → img_48.out

[infer] Loaded 64 ref dumps

[infer] XOR slice shape : (64, 224, 56)
[infer] Total hits      : 11735 / 802816  (1.46%)
[infer] Saved → /home/eun/proof_code/mura/xor_slices_auto/xor_slice_mura_host_regB_5_rank4.npy
    -> FINGER  (p=0.488)

[pipeline] done. 10/10 candidates succeeded -> test_results.csv
