index,indication,gt_base,host_base,loc_strategy,loc_swaps,loc_match,blind,N_pad_est,verdict,recovered_labels,top1_match,any_match,multi_match_count,false_positive_count,false_positive_labels,elapsed_sec
2,Shortness of breath and fever,0x19fa1f000,0x19fa1f000,known@0x19fa1f000,12,True,False,,LOC_SUCCESS,,False,False,0,0,,27.5
5,Shortness of breath and cough,0x1a0373000,0x1a0374000,known@0x1a0374000,1,True,False,,LOC_SUCCESS,,False,False,0,0,,22.7
9,Respiratory distress. Twin born at 33.1 weeks gestational age.,0x1a039d000,0x1a039d000,known@0x1a039d000,1,True,False,,LOC_SUCCESS,,False,False,0,0,,22.3
11,"MVC, complains of chest pain",0x1a0474000,0x1a0475000,known@0x1a0475000,1,True,False,,LOC_SUCCESS,,False,False,0,0,,20.4
12,"Coughing, right chest pain",0x1a04da000,0x1a04da000,known@0x1a04da000,1,True,False,,LOC_SUCCESS,,False,False,0,0,,18.1
13,Shortness of breath,0x1a058b000,0x1a058b000,known@0x1a058b000,2,True,False,,LOC_SUCCESS,,False,False,0,0,,21.8
15,"Cough, right-sided chest pain, PICC line not flushing",0x1a0632000,0x1a0632000,known@0x1a0632000,2,True,False,,LOC_SUCCESS,,False,False,0,0,,21.7
17,"Shortness of breath, congestion.",0x138f28000,0x138f28000,known@0x138f28000,1,True,False,,LOC_SUCCESS,,False,False,0,0,,22.3
22,Cough and shortness of breath for 3 days.,0x1a0880000,0x1a0880000,known@0x1a0880000,2,True,False,,LOC_SUCCESS,,False,False,0,0,,20.6
24,Cough and congestion.,0x1a08ef000,0x1a08f0000,known@0x1a08f0000,26,True,False,,LOC_SUCCESS,,False,False,0,0,,45.6
26,Respiratory failure.,0x1a0866000,0x1a0866000,known@0x1a0866000,2,True,False,,LOC_SUCCESS,,False,False,0,0,,32.5
28,Chest pain.,0x1a1e6d000,None,FAIL,40,None,False,,LOC_FAIL,,,,0,0,,
29,Cough. Congestion.,0x1a1f2b000,0x1a1f2c000,known@0x1a1f2c000,1,True,False,,LOC_SUCCESS,,False,False,0,0,,18.8
31,Prematurity. Respiratory distress.,0x1a1f4e000,None,FAIL,40,None,False,,LOC_FAIL,,,,0,0,,
32,Chest pain and throat pain.,0x1a1cdb000,0x1a1cdb000,known@0x1a1cdb000,2,True,False,,LOC_SUCCESS,,False,False,0,0,,20.3
34,wheezing altered mental status,0x1a1d40000,0x1a1d40000,known@0x1a1d40000,1,True,False,,LOC_SUCCESS,,False,False,0,0,,18.4
36,Fever. Pancreatic cancer,0x1a1dba000,0x1a1dba000,known@0x1a1dba000,1,True,False,,LOC_SUCCESS,,False,False,0,0,,19.0
38,Respiratory failure. Pneumonia.,0x1a06a8000,0x1a06a8000,known@0x1a06a8000,1,True,False,,LOC_SUCCESS,,False,False,0,0,,19.8
39,Acute respiratory failure,0x1a1afc000,0x1a1afc000,known@0x1a1afc000,2,True,False,,LOC_SUCCESS,,False,False,0,0,,21.4
41,Follow up pneumonia and shortness of breath,0x1a1b5a000,0x1a1b5a000,known@0x1a1b5a000,2,True,False,,LOC_SUCCESS,,False,False,0,0,,19.2
43,,,,,,,,,GEN_FAIL,,,,,,,
44,Central line placement. Hypertension.,0x1ca2e8000,,FAIL,40,False,False,,LOC_FAIL,,False,False,0,0,,1255.0
45,Shortness of breath and cough for 2 weeks,0x12530b000,0x12530b000,known@0x12530b000,1,True,False,,LOC_SUCCESS,,False,False,0,0,,122.9
46,"8 pound weight loss over the past year, 1 month of cough, current smoker. History of COPD and abdominal aortic aneurysm.",0x1a1712000,0x1a1712000,known@0x1a1712000,1,True,False,,LOC_SUCCESS,,False,False,0,0,,118.5
47,PICC line placement.,0x19fbb6000,0x19fbb6000,known@0x19fbb6000,3,True,False,,LOC_SUCCESS,,False,False,0,0,,25.6
50,Recent COVID-19 positive. Hyperglycemia.,0x143cc1000,0x143cc1000,known@0x143cc1000,2,True,False,,LOC_SUCCESS,,False,False,0,0,,22.0
51,Left anterior rib pain and abrasion; hit by tailgate of truck.,0x13b448000,0x13b448000,known@0x13b448000,1,True,False,,LOC_SUCCESS,,False,False,0,0,,19.8
52,"Chest pain, pneumonia.",0x1439d9000,0x1439d9000,known@0x1439d9000,1,True,False,,LOC_SUCCESS,,False,False,0,0,,20.7
56,Shortness of breath and chest tightness for 3 weeks.,0x1a034f000,0x1a034f000,known@0x1a034f000,3,True,False,,LOC_SUCCESS,,False,False,0,0,,21.5
61,Fatigue and short of breath.,0x1a05e5000,0x1a05e5000,known@0x1a05e5000,2,True,False,,LOC_SUCCESS,,False,False,0,0,,24.0
62,"Severe shortness of breath, weakness.",0x1a0640000,0x1a0640000,known@0x1a0640000,1,True,False,,LOC_SUCCESS,,False,False,0,0,,19.9
63,Respiratory failure,0x1a06ee000,0x1a06ee000,known@0x1a06ee000,7,True,False,,LOC_SUCCESS,,False,False,0,0,,23.3
64,"COPD, pneumonia",0x1a0728000,0x1a0728000,known@0x1a0728000,1,True,False,,LOC_SUCCESS,,False,False,0,0,,23.2
65,"Shortness of breath, fever, body aches, unknown COVID status.",0x13f9f5000,0x13f9f5000,known@0x13f9f5000,1,True,False,,LOC_SUCCESS,,False,False,0,0,,20.0
67,Premature neonate. Respiratory distress syndrome. On ventilator. Bilious emesis.,0x13eff9000,None,FAIL,40,None,False,,LOC_FAIL,,,,0,0,,
69,Shortness of breath.,0x1a1dc5000,None,FAIL,40,None,False,,LOC_FAIL,,,,0,0,,
70,Left-sided chest pain and shoulder pain. History of hypertension and asthma.,0x1a1eb3000,0x1a1eb4000,known@0x1a1eb4000,3,True,False,,LOC_SUCCESS,,False,False,0,0,,22.5
78,Back and flank pain. Shortness of breath.,0x1a1be9000,0x1a1be9000,known@0x1a1be9000,1,True,False,,LOC_SUCCESS,,False,False,0,0,,20.1
79,"Fever, cough, shortness of breath, question pneumonia",0x1a1c4b000,0x1a1c4b000,known@0x1a1c4b000,1,True,False,,LOC_SUCCESS,,False,False,0,0,,18.8
83,"Cough, congestion",0x1a1d0b000,0x1a1d0b000,known@0x1a1d0b000,2,True,False,,LOC_SUCCESS,,False,False,0,0,,21.7
86,"Preop, mediastinal adenopathy, short of breath, smoking history",0x1a1d64000,0x1a1d64000,known@0x1a1d64000,1,True,False,,LOC_SUCCESS,,False,False,0,0,,23.9
88,Short of breath.,0x1a1a03000,0x1a1a03000,known@0x1a1a03000,4,True,False,,LOC_SUCCESS,,False,False,0,0,,27.5
92,"57-year-old male with respiratory failure, shortness of breath.",0x1a1abd000,0x1a1abd000,known@0x1a1abd000,2,True,False,,LOC_SUCCESS,,False,False,0,0,,18.9
93,Pneumothorax. Follow-up.,0x1a1b1b000,0x1a1b1b000,known@0x1a1b1b000,1,True,False,,LOC_SUCCESS,,False,False,0,0,,21.6
96,Cough for 2 weeks.,0x1a1b63000,None,FAIL,40,None,False,,LOC_FAIL,,,,0,0,,
97,"History of a spontaneous pneumothorax on the right, some chest pain and cough",0x1a1bbd000,0x1a1bbd000,known@0x1a1bbd000,1,True,False,,LOC_SUCCESS,,False,False,0,0,,20.9
98,Coughing and chest pain.,0x1a1886000,0x1a1887000,known@0x1a1887000,1,True,False,,LOC_SUCCESS,,False,False,0,0,,20.4
99,Shortness of breath (SOB),0x1a191e000,0x1a191e000,known@0x1a191e000,2,True,False,,LOC_SUCCESS,,False,False,0,0,,22.9
100,Cough. Congestion. Vomiting. Fever.,0x1a195f000,0x1a195f000,known@0x1a195f000,1,True,False,,LOC_SUCCESS,,False,False,0,0,,19.5
101,Cough and congestion,0x1a164c000,0x1a164d000,known@0x1a164d000,1,True,False,,LOC_SUCCESS,,False,False,0,0,,19.6
102,56-year-old male with chest pain status post CABG.,0x1a16ae000,0x1a16ae000,known@0x1a16ae000,1,True,False,,LOC_SUCCESS,,False,False,0,0,,21.0
103,Motor vehicle accident. Chest pain.,0x1a178c000,0x1a178c000,known@0x1a178c000,2,True,False,,LOC_SUCCESS,,False,False,0,0,,19.9
107,Respiratory distress. Pneumonitis.,0x1a13d6000,0x1a13d6000,known@0x1a13d6000,1,True,False,,LOC_SUCCESS,,False,False,0,0,,19.2
108,Shortness of breath-intubation.,0x1a1457000,0x1a1457000,known@0x1a1457000,1,True,False,,LOC_SUCCESS,,False,False,0,0,,17.9
109,Mid chest pain.,0x1a1203000,None,FAIL,40,None,False,,LOC_FAIL,,,,0,0,,
112,Short of breath,0x1a158a000,0x1a158a000,known@0x1a158a000,1,True,False,,LOC_SUCCESS,,False,False,0,0,,19.3
116,Chest pain and altered mental status. History of lung cancer on the right.,0x1a127f000,0x1a127f000,known@0x1a127f000,2,True,False,,LOC_SUCCESS,,False,False,0,0,,22.5
120,Cough and shortness of breath. Right lower back pain.,0x1a1331000,0x1a1331000,known@0x1a1331000,2,True,False,,LOC_SUCCESS,,False,False,0,0,,20.8
121,"Hypertension, diabetes. Dementia. Altered level of consciousness.",0x1a0a3d000,0x1a0a3d000,known@0x1a0a3d000,2,True,False,,LOC_SUCCESS,,False,False,0,0,,21.1
125,Acute respiratory failure.,0x1a0bc7000,0x1a0bc7000,known@0x1a0bc7000,2,True,False,,LOC_SUCCESS,,False,False,0,0,,18.8
126,Left chest pain,0x1a0c33000,0x1a0c34000,known@0x1a0c34000,1,True,False,,LOC_SUCCESS,,False,False,0,0,,20.2
127,3-year-old female with shortness of breath.,0x1a1188000,None,FAIL,40,None,False,,LOC_FAIL,,,,0,0,,
133,Left chest pain. Patient complains of left sided chest pain for 3 weeks. History of smoking.,0x1a0f6e000,0x1a0f6e000,known@0x1a0f6e000,2,True,False,,LOC_SUCCESS,,False,False,0,0,,18.9
134,Cough and fever for two days. Left lower rib pain.,0x197a77000,0x197a77000,known@0x197a77000,1,True,False,,LOC_SUCCESS,,False,False,0,0,,23.9
137,Visit reason: Cough,0x1a2eea000,None,FAIL,40,None,False,,LOC_FAIL,,,,0,0,,
139,PICC line placement,0x1a2f98000,0x1a2f98000,known@0x1a2f98000,4,True,False,,LOC_SUCCESS,,False,False,0,0,,22.2
140,"Chest pain, dizziness, shortness of breath.",0x1a3011000,0x1a3011000,known@0x1a3011000,2,True,False,,LOC_SUCCESS,,False,False,0,0,,21.2
142,Onset of shortness of breath today in a patient with a history of COPD.,0x1a2d8a000,0x1a2d8a000,known@0x1a2d8a000,2,True,False,,LOC_SUCCESS,,False,False,0,0,,21.3
143,"Shortness of breath, smoker.",0x1a2e13000,0x1a2e13000,known@0x1a2e13000,1,True,False,,LOC_SUCCESS,,False,False,0,0,,22.0
148,Generalized weakness. Lethargy. Cough. Current history of bronchiectasis.,0x1a2ebe000,0x1a2ebe000,known@0x1a2ebe000,2,True,False,,LOC_SUCCESS,,False,False,0,0,,20.5
149,Shortness of breath and crepitus.,0x1a2b40000,0x1a2b40000,known@0x1a2b40000,1,True,False,,LOC_SUCCESS,,False,False,0,0,,20.9
151,"Shortness of breath, and the cardiomegaly and CHF",0x1a2bbc000,0x1a2bbc000,known@0x1a2bbc000,2,True,False,,LOC_SUCCESS,,False,False,0,0,,22.0
152,Vitreous hemorrhage and traction retinal detachment. Preop workup. Views smoker. Hypertension. Diabetes.,0x1a2c18000,0x1a2c18000,known@0x1a2c18000,1,True,False,,LOC_SUCCESS,,False,False,0,0,,21.2
154,Atrial fibrillation. Decreased oxygen saturations. Short of breath.,0x1a2c84000,0x1a2c84000,known@0x1a2c84000,1,True,False,,LOC_SUCCESS,,False,False,0,0,,19.3
155,Shortness of breath and cough for 1 day,0x1a2957000,0x1a2958000,known@0x1a2958000,1,True,False,,LOC_SUCCESS,,False,False,0,0,,21.0
156,Weakness and unresponsive during dialysis.,0x1a29f1000,0x1a29f1000,known@0x1a29f1000,2,True,False,,LOC_SUCCESS,,False,False,0,0,,23.4
158,Coronary artery disease. Status post CABG.,0x1a2aa2000,0x1a2aa2000,known@0x1a2aa2000,2,True,False,,LOC_SUCCESS,,False,False,0,0,,22.5
160,Increased Weakness today per family member; HTN;,0x1a273b000,0x1a273b000,known@0x1a273b000,2,True,False,,LOC_SUCCESS,,False,False,0,0,,18.7
162,Shortness of breath and weakness.,0x1a27e3000,0x1a27e3000,known@0x1a27e3000,2,True,False,,LOC_SUCCESS,,False,False,0,0,,33.6
163,COPD,0x1a282f000,0x1a282f000,known@0x1a282f000,1,True,False,,LOC_SUCCESS,,False,False,0,0,,19.8
165,Pneumonia. Congestion. Shortness of breath.,0x1a288a000,0x1a288a000,known@0x1a288a000,1,True,False,,LOC_SUCCESS,,False,False,0,0,,19.6
167,Right-sided rib pain.,0x1a251e000,0x1a251e000,known@0x1a251e000,1,True,False,,LOC_SUCCESS,,False,False,0,0,,20.0
172,"Cough, wheezing and chest pain for 4 days.",0x1a25c3000,0x1a25c3000,known@0x1a25c3000,2,True,False,,LOC_SUCCESS,,False,False,0,0,,24.7
174,"Legs swollen - denies cough, SOB",0x1a266a000,0x1a266a000,known@0x1a266a000,2,True,False,,LOC_SUCCESS,,False,False,0,0,,21.9
176,Shortness of breath. Chest pain. Chronic bronchitis. Reportedly diagnosed with laryngitis on 10/03/10.,0x1a26c3000,0x1a26c3000,known@0x1a26c3000,1,True,False,,LOC_SUCCESS,,False,False,0,0,,21.3
177,Cough and fever 3 days,0x1a2308000,0x1a2308000,known@0x1a2308000,1,True,False,,LOC_SUCCESS,,False,False,0,0,,18.9
179,"Chest pain associated with headache and nausea; history of atrial fibrillation, rest angina, asthma, former smoker.",0x1a23e2000,0x1a23e3000,known@0x1a23e3000,1,True,False,,LOC_SUCCESS,,False,False,0,0,,22.4
180,"Cough, fever",0x1a2446000,0x1a2446000,known@0x1a2446000,1,True,False,,LOC_SUCCESS,,False,False,0,0,,22.3
186,Chest pain; Two views of the chest in frontal and lateral projections are performed.,0x1a20f9000,0x1a20f9000,known@0x1a20f9000,2,True,False,,LOC_SUCCESS,,False,False,0,0,,20.4
187,Left-sided chest pain post lifting up a heavy object.,0x1a21ee000,0x1a21ef000,known@0x1a21ef000,1,True,False,,LOC_SUCCESS,,False,False,0,0,,19.5
188,Hypertension. Atrial fibrillation. Urinary tract infection,0x1a2250000,None,FAIL,40,None,False,,LOC_FAIL,,,,0,0,,
189,Respiratory failure. NG tube in place.,0x196a45000,0x196a45000,known@0x196a45000,2,True,False,,LOC_SUCCESS,,False,False,0,0,,24.0
191,27-year-old male with left side gunshot wound and pneumothorax. Chest tube.,0x196af4000,0x196af4000,known@0x196af4000,2,True,False,,LOC_SUCCESS,,False,False,0,0,,21.2
192,Chest and rib pain after a fall today.,0x196fac000,0x196fac000,known@0x196fac000,2,True,False,,LOC_SUCCESS,,False,False,0,0,,18.3
194,Chest pain and acid reflux.,0x19689b000,0x19689c000,known@0x19689c000,1,True,False,,LOC_SUCCESS,,False,False,0,0,,21.8
196,"PICC placement, weakness.",0x1968f4000,0x1968f4000,known@0x1968f4000,2,True,False,,LOC_SUCCESS,,False,False,0,0,,20.0
198,"3 y/o F; fever, cough, congestion. Seizure episode.",0x1a305f000,0x1a305f000,known@0x1a305f000,1,True,False,,LOC_SUCCESS,,False,False,0,0,,19.0
199,Hypoxia,0x1a30f8000,0x1a30f8000,known@0x1a30f8000,2,True,False,,LOC_SUCCESS,,False,False,0,0,,21.5
200,Hypoxemia,0x1a31bb000,0x1a31bb000,known@0x1a31bb000,2,True,False,,LOC_SUCCESS,,False,False,0,0,,22.4
201,"Six months of nonproductive cough, nonsmoker.",0x196be6000,0x196be6000,known@0x196be6000,2,True,False,,LOC_SUCCESS,,False,False,0,0,,19.2
204,Pre dialysis catheter placement; history of hypertension and diabetes and previous tobacco use.,0x1a31bf000,0x1a31c0000,known@0x1a31c0000,1,True,False,,LOC_SUCCESS,,False,False,0,0,,20.7
205,"Short of breath, concern for pneumothorax",0x1a321a000,0x1a321a000,known@0x1a321a000,1,True,False,,LOC_SUCCESS,,False,False,0,0,,20.5
206,Respiratory distress,0x1a32cd000,0x1a32cd000,known@0x1a32cd000,2,True,False,,LOC_SUCCESS,,False,False,0,0,,20.8
207,Shortness of breath. History of COVID-19 positive status,0x19e74c000,0x19e74c000,known@0x19e74c000,4,True,False,,LOC_SUCCESS,,False,False,0,0,,34.6
211,Central chest pain,0x1a3405000,0x1a3405000,known@0x1a3405000,1,True,False,,LOC_SUCCESS,,False,False,0,0,,17.5
212,Central chest pain and tightness,0x1a34b4000,0x1a34b4000,known@0x1a34b4000,2,True,False,,LOC_SUCCESS,,False,False,0,0,,23.0
213,wheezing,0x1a34f4000,None,FAIL,40,None,False,,LOC_FAIL,,,,0,0,,
214,"One week history of chest pain, shortness of breath, and cough; history of tobacco use.",0x1a35c6000,0x1a35c6000,known@0x1a35c6000,2,True,False,,LOC_SUCCESS,,False,False,0,0,,18.9
215,"Chest pain, shortness of breath.",0x1a3622000,0x1a3622000,known@0x1a3622000,1,True,False,,LOC_SUCCESS,,False,False,0,0,,20.8
216,"Shortness of breath, cough, chest pain",0x1a36d0000,0x1a36d0000,known@0x1a36d0000,2,True,False,,LOC_SUCCESS,,False,False,0,0,,35.7
221,49-year-old male with shortness of breath.,0x1a3799000,0x1a3799000,known@0x1a3799000,2,True,False,,LOC_SUCCESS,,False,False,0,0,,21.6
224,Intermittent chest pain and shortness of breath for the past 2 months especially with exertion.,0x1a3871000,0x1a3872000,known@0x1a3872000,1,True,False,,LOC_SUCCESS,,False,False,0,0,,22.1
228,Intermittent fevers. Cough.,0x1a391c000,0x1a391c000,known@0x1a391c000,2,True,False,,LOC_SUCCESS,,False,False,0,0,,21.2
230,"Cough, wheezing, rapid heart rate",0x1a395e000,0x1a395e000,known@0x1a395e000,1,True,False,,LOC_SUCCESS,,False,False,0,0,,20.8
233,"Shortness of breath, left lower quadrant pain",0x1a3a00000,0x1a3a00000,known@0x1a3a00000,2,True,False,,LOC_SUCCESS,,False,False,0,0,,22.2
235,Cough/fever.,0x1a3a75000,0x1a3a75000,known@0x1a3a75000,1,True,False,,LOC_SUCCESS,,False,False,0,0,,21.3
238,"Visit reason: Cough 4 days, fever/lll rales",0x1a3aaf000,0x1a3aaf000,known@0x1a3aaf000,2,True,False,,LOC_SUCCESS,,False,False,0,0,,18.8
239,Tracheostomy. Respiratory failure.,0x1a3b4f000,0x1a3b4f000,known@0x1a3b4f000,2,True,False,,LOC_SUCCESS,,False,False,0,0,,19.9
240,"Right pneumothorax, chest tube",0x1a3bf4000,0x1a3bf4000,known@0x1a3bf4000,2,True,False,,LOC_SUCCESS,,False,False,0,0,,21.8
245,Cough and dizziness. Recent COVID-19 positive,0x1a40a2000,0x1a40a2000,known@0x1a40a2000,2,True,False,,LOC_SUCCESS,,False,False,0,0,,19.7
246,"cough, ShoB",0x1a411a000,0x1a411a000,known@0x1a411a000,1,True,False,,LOC_SUCCESS,,False,False,0,0,,19.6
247,Shortness of breath. Fever and chills. History of asthma and sarcoidosis.,0x1a417e000,0x1a417e000,known@0x1a417e000,1,True,False,,LOC_SUCCESS,,False,False,0,0,,21.4
248,Fell. Cough and congestion.,0x1a423f000,0x1a423f000,known@0x1a423f000,2,True,False,,LOC_SUCCESS,,False,False,0,0,,20.4
250,"Shortness of breath, history of asthma, diabetes, hypertension",0x1a42a9000,0x1a42a9000,known@0x1a42a9000,1,True,False,,LOC_SUCCESS,,False,False,0,0,,20.6
251,Chest pain. Shortness of breath. Mental status changes.,0x1a431c000,0x1a431c000,known@0x1a431c000,1,True,False,,LOC_SUCCESS,,False,False,0,0,,17.9
252,CABG. Chest pain.,0x1a436e000,0x1a436e000,known@0x1a436e000,1,True,False,,LOC_SUCCESS,,False,False,0,0,,32.0
256,Shortness of breath. Left chest pain. Left shoulder pain. Cough.,0x1a4437000,0x1a4438000,known@0x1a4438000,1,True,False,,LOC_SUCCESS,,False,False,0,0,,20.6
257,Chest pain. Nonsmoker,0x1a4515000,0x1a4516000,known@0x1a4516000,1,True,False,,LOC_SUCCESS,,False,False,0,0,,20.7
263,Upper back and left posterior rib pain following lifting heavy object,0x1a45af000,0x1a45af000,known@0x1a45af000,1,True,False,,LOC_SUCCESS,,False,False,0,0,,20.4
266,"One month history of productive cough and sinonasal drainage, worsening over the past 1 week. Hypoxemia with oxygen saturation 88%.",0x1a464a000,0x1a464a000,known@0x1a464a000,2,True,False,,LOC_SUCCESS,,False,False,0,0,,23.3
267,Motor vehicle accident yesterday with left anterior rib pain.,0x1a473a000,0x1a473b000,known@0x1a473b000,1,True,False,,LOC_SUCCESS,,False,False,0,0,,20.9
269,Shortness of breath and lower extremity swelling for 1 month.,0x1a4794000,0x1a4794000,known@0x1a4794000,1,True,False,,LOC_SUCCESS,,False,False,0,0,,21.0
272,"Weakness, altered level of consciousness.",0x1a47f0000,0x1a47f0000,known@0x1a47f0000,1,True,False,,LOC_SUCCESS,,False,False,0,0,,22.1
273,Status post CABG for coronary artery disease.,0x1a484c000,0x1a484c000,known@0x1a484c000,1,True,False,,LOC_SUCCESS,,False,False,0,0,,18.4
277,Left lower lobe pneumonia. Failure to thrive. Intubated.,0x1a48a6000,0x1a48a6000,known@0x1a48a6000,1,True,False,,LOC_SUCCESS,,False,False,0,0,,19.4
279,Unstable newborn. Evaluate for pneumothorax,0x1a48e5000,0x1a48e5000,known@0x1a48e5000,1,True,False,,LOC_SUCCESS,,False,False,0,0,,19.7
280,Dyspnea and wheezing.,0x1a4911000,0x1a4911000,known@0x1a4911000,1,True,False,,LOC_SUCCESS,,False,False,0,0,,18.5
281,"Sepsis, concern for pneumonia. Cough and fever.",0x1a49d7000,0x1a49d7000,known@0x1a49d7000,2,True,False,,LOC_SUCCESS,,False,False,0,0,,20.8
282,Shortness breath. Productive cough.,0x1a4a49000,0x1a4a49000,known@0x1a4a49000,1,True,False,,LOC_SUCCESS,,False,False,0,0,,20.4
285,73-year-old male with cough and shortness of breath.,0x1a4adf000,0x1a4adf000,known@0x1a4adf000,2,True,False,,LOC_SUCCESS,,False,False,0,0,,20.4
287,Right posterior lower rib pain. Cough.,0x1a4bb9000,0x1a4bba000,known@0x1a4bba000,1,True,False,,LOC_SUCCESS,,False,False,0,0,,19.2
288,"Fever, cough and shortness of breath since last night. History of asthma.",0x1a4c70000,0x1a4c70000,known@0x1a4c70000,2,True,False,,LOC_SUCCESS,,False,False,0,0,,22.2
289,History given of body edema and swelling. History of shortness of breath and diabetes and congestive heart failure.,0x1a4d4d000,0x1a4d4e000,known@0x1a4d4e000,1,True,False,,LOC_SUCCESS,,False,False,0,0,,21.6
291,"Cough, short of breath, body aches",0x1982a1000,0x1982a1000,known@0x1982a1000,1,True,False,,LOC_SUCCESS,,False,False,0,0,,20.1
292,Left lower leg cramps and shortness of breath. Left ankle and foot swelling for 2 days. Initial encounter.,0x1a50df000,0x1a50df000,known@0x1a50df000,2,True,False,,LOC_SUCCESS,,False,False,0,0,,21.0
293,"Cough, elevated white blood cell count, congestion",0x1a5127000,0x1a5127000,known@0x1a5127000,1,True,False,,LOC_SUCCESS,,False,False,0,0,,32.2
295,Progressive shortness of breath over the past 2 days.,0x1a51d6000,0x1a51d6000,known@0x1a51d6000,2,True,False,,LOC_SUCCESS,,False,False,0,0,,18.9
296,Cough and congestion for 4 days.,0x1a527e000,0x1a527e000,known@0x1a527e000,2,True,False,,LOC_SUCCESS,,False,False,0,0,,20.0
297,Respiratory distress.,0x1a5323000,0x1a5323000,known@0x1a5323000,3,True,False,,LOC_SUCCESS,,False,False,0,0,,21.7
298,Pain. Shortness of breath. History of asthma. Smoker,0x1a53ca000,0x1a53ca000,known@0x1a53ca000,3,True,False,,LOC_SUCCESS,,False,False,0,0,,24.1
299,Post CABG,0x1a5846000,0x1a5846000,known@0x1a5846000,2,True,False,,LOC_SUCCESS,,False,False,0,0,,19.9
303,"Chest pain, cough, congestion",0x1a59db000,0x1a59dc000,known@0x1a59dc000,1,True,False,,LOC_SUCCESS,,False,False,0,0,,20.1
304,"Shortness of breath, acute respiratory failure, hepatic cirrhosis, current smoker. Intubated patient.",0x1a5a8c000,0x1a5a8c000,known@0x1a5a8c000,2,True,False,,LOC_SUCCESS,,False,False,0,0,,19.8
311,"COVID, shortness of breath, back pain",0x1a5b27000,0x1a5b27000,known@0x1a5b27000,2,True,False,,LOC_SUCCESS,,False,False,0,0,,20.6
315,Hypoxia. COVID-19 positive.,0x1a5bdd000,0x1a5bdd000,known@0x1a5bdd000,2,True,False,,LOC_SUCCESS,,False,False,0,0,,20.7
319,"Hypertension, leg weakness",0x1a5c58000,0x1a5c58000,known@0x1a5c58000,1,True,False,,LOC_SUCCESS,,False,False,0,0,,22.0
321,"Injury, fall and landing on the right side, lower right anterior rib pain",0x1a5d36000,0x1a5d36000,known@0x1a5d36000,2,True,False,,LOC_SUCCESS,,False,False,0,0,,22.5
322,"Short of breath, CHF",0x1a5dda000,0x1a5dda000,known@0x1a5dda000,2,True,False,,LOC_SUCCESS,,False,False,0,0,,20.5
328,Cough and right-sided chest pain since Saturday.,0x1a5ec6000,0x1a5ec7000,known@0x1a5ec7000,1,True,False,,LOC_SUCCESS,,False,False,0,0,,30.3
331,Short of breath and wheezing,0x1a5f16000,0x1a5f16000,known@0x1a5f16000,1,True,False,,LOC_SUCCESS,,False,False,0,0,,19.4
332,"32-year-old female with shortness of breath, cough congestion mid chest pain and fever for 1 week.",0x1a5fee000,0x1a5fef000,known@0x1a5fef000,1,True,False,,LOC_SUCCESS,,False,False,0,0,,20.1
338,Central catheter placement. Hypoxia.,0x1a608b000,0x1a608b000,known@0x1a608b000,2,True,False,,LOC_SUCCESS,,False,False,0,0,,20.2
339,Left-sided chest pain.,0x1a6188000,0x1a6189000,known@0x1a6189000,1,True,False,,LOC_SUCCESS,,False,False,0,0,,21.4
340,High blood sugar. Shortness of breath. Mid chest pain for 2 weeks. History of smoking.,0x1a6254000,0x1a6255000,known@0x1a6255000,1,True,False,,LOC_SUCCESS,,False,False,0,0,,21.4
343,Weakness - dialysis patient.,0x1a631a000,0x1a631a000,known@0x1a631a000,2,True,False,,LOC_SUCCESS,,False,False,0,0,,21.1
346,Weakness and congestion.,0x1a635b000,0x1a635b000,known@0x1a635b000,1,True,False,,LOC_SUCCESS,,False,False,0,0,,18.9
347,Right chest pain for the past 1-2 days. Nausea and vomiting since this morning.,0x1a6419000,0x1a6419000,known@0x1a6419000,2,True,False,,LOC_SUCCESS,,False,False,0,0,,20.8
349,"New onset of shortness of breath and mid chest pain last night. History of atypical chest pain, Barrett's esophagus, hypertension, nonsmoker.",0x1a64c2000,0x1a64c2000,known@0x1a64c2000,2,True,False,,LOC_SUCCESS,,False,False,0,0,,21.3
350,Productive cough. Shortness of breath.,0x1a65ac000,0x1a65ac000,known@0x1a65ac000,2,True,False,,LOC_SUCCESS,,False,False,0,0,,20.5
353,"Cough and congestion for 3 weeks, no fever",0x1a6608000,0x1a6608000,known@0x1a6608000,1,True,False,,LOC_SUCCESS,,False,False,0,0,,19.2
360,Code stroke. Productive cough. Chest congestion.,0x1a6686000,0x1a6686000,known@0x1a6686000,3,True,False,,LOC_SUCCESS,,False,False,0,0,,21.2
362,"Generalized weakness, shortness of breath. History coronary artery disease.",0x1a66e2000,0x1a66e2000,known@0x1a66e2000,1,True,False,,LOC_SUCCESS,,False,False,0,0,,19.0
363,Status post CABG.,0x1a673d000,0x1a673d000,known@0x1a673d000,1,True,False,,LOC_SUCCESS,,False,False,0,0,,19.7
364,Cough. Tracheostomy.,0x1a67ee000,0x1a67ee000,known@0x1a67ee000,2,True,False,,LOC_SUCCESS,,False,False,0,0,,22.0
376,"Status post motor vehicle collision. Patient with chest pain. Patient intubated. Patient reportedly was walking at the scene of the motor vehicle accident, but collapsed in the emergency department.",0x1a685d000,0x1a685d000,known@0x1a685d000,1,True,False,,LOC_SUCCESS,,False,False,0,0,,20.2
377,Hypoglycemia ; umbilical venous catheter placement,0x1a6894000,None,FAIL,40,None,False,,LOC_FAIL,,,,0,0,,
380,Patient with GI bleed denies dyspnea or chest pain.,0x1a695d000,0x1a695e000,known@0x1a695e000,1,True,False,,LOC_SUCCESS,,False,False,0,0,,21.8
381,Cough. Prostate cancer. Fever. Chills.,0x1a6a12000,0x1a6a12000,known@0x1a6a12000,2,True,False,,LOC_SUCCESS,,False,False,0,0,,21.2
382,"Shortness of breath, dyspnea",0x1a6ac5000,0x1a6ac5000,known@0x1a6ac5000,2,True,False,,LOC_SUCCESS,,False,False,0,0,,18.9
384,Weakness. Abnormal lab values. Lung carcinoma.,0x1a6b28000,0x1a6b28000,known@0x1a6b28000,1,True,False,,LOC_SUCCESS,,False,False,0,0,,19.9
385,Intermittent chest pain. COVID positive.,0x1a6bca000,0x1a6bca000,known@0x1a6bca000,2,True,False,,LOC_SUCCESS,,False,False,0,0,,21.3
387,Persistent intermittently productive cough with mid upper chest tightness and shortness of breath on exertion since an episode of flu in March of 2001.,0x1a6c78000,0x1a6c78000,known@0x1a6c78000,2,True,False,,LOC_SUCCESS,,False,False,0,0,,20.8
389,Cough and wheezing,0x1a6d5c000,0x1a6d5d000,known@0x1a6d5d000,1,True,False,,LOC_SUCCESS,,False,False,0,0,,31.6
391,84-year-old female with chest pain.,0x19db76000,0x19db76000,known@0x19db76000,4,True,False,,LOC_SUCCESS,,False,False,0,0,,22.2
392,Cough and headache.,0x19d6ff000,0x19d700000,known@0x19d700000,1,True,False,,LOC_SUCCESS,,False,False,0,0,,22.4
393,"Shortness of breath, getting worse last few days. History of stroke, CVA, hypertension, diabetes.",0x19d7ed000,0x19d7ee000,known@0x19d7ee000,1,True,False,,LOC_SUCCESS,,False,False,0,0,,22.5
394,Shortness of breath and wheezing.,0x1a7445000,0x1a7445000,known@0x1a7445000,1,True,False,,LOC_SUCCESS,,False,False,0,0,,20.9
396,"Cough, 6 months duration.",0x1a74b0000,0x1a74b0000,known@0x1a74b0000,1,True,False,,LOC_SUCCESS,,False,False,0,0,,19.3
397,Left rib pain after fall.,0x1a7595000,0x1a7596000,known@0x1a7596000,2,True,False,,LOC_SUCCESS,,False,False,0,0,,23.6
400,"Chest pain and pressure, jaw pain, smoker",0x1a75ef000,0x1a75ef000,known@0x1a75ef000,1,True,False,,LOC_SUCCESS,,False,False,0,0,,19.7
405,Acute onset left chest pain. Shortness of breath. Dry cough. Fatigued. Smoker.,0x1a76c2000,0x1a76c2000,known@0x1a76c2000,4,True,False,,LOC_SUCCESS,,False,False,0,0,,22.6
408,Chest pain. Back pain. Short of breath.,0x1a7721000,0x1a7721000,known@0x1a7721000,1,True,False,,LOC_SUCCESS,,False,False,0,0,,21.0
411,"Nausea, chest pain",0x1a777d000,0x1a777d000,known@0x1a777d000,2,True,False,,LOC_SUCCESS,,False,False,0,0,,19.1
412,Pneumonia. Septic shock. Fall. Respiratory distress.,0x1a77d2000,0x1a77d2000,known@0x1a77d2000,1,True,False,,LOC_SUCCESS,,False,False,0,0,,19.6
413,Right sided chest pain,0x1a7870000,0x1a7870000,known@0x1a7870000,2,True,False,,LOC_SUCCESS,,False,False,0,0,,22.8
414,Chest pain for 1 hour,0x1a790b000,0x1a790b000,known@0x1a790b000,2,True,False,,LOC_SUCCESS,,False,False,0,0,,21.7
415,Post-op. Respiratory distress.,0x1a7966000,0x1a7966000,known@0x1a7966000,6,True,False,,LOC_SUCCESS,,False,False,0,0,,33.3
416,Fever. Tachycardia. Short of breath.,0x1a7a00000,0x1a7a00000,known@0x1a7a00000,2,True,False,,LOC_SUCCESS,,False,False,0,0,,21.3
417,Premature neonate. Respiratory distress.,0x1a7a24000,None,FAIL,40,None,False,,LOC_FAIL,,,,0,0,,
418,MVA May 07st. Left mid chest pain.,0x1a7aad000,0x1a7aad000,known@0x1a7aad000,1,True,False,,LOC_SUCCESS,,False,False,0,0,,18.1
419,Chest pain. CABG.,0x1a7b0a000,0x1a7b0a000,known@0x1a7b0a000,1,True,False,,LOC_SUCCESS,,False,False,0,0,,22.0
425,"74-year-old male, shortness of breath, history of lung carcinoma and pneumonia versus pulmonary edema.",0x1a7b65000,0x1a7b65000,known@0x1a7b65000,1,True,False,,LOC_SUCCESS,,False,False,0,0,,21.6
427,"Chest pain. Shortness of breath and dizziness, 4 days duration.",0x1a7c09000,0x1a7c09000,known@0x1a7c09000,2,True,False,,LOC_SUCCESS,,False,False,0,0,,33.5
430,Acute onset of fever and cough. Initial encounter.,0x1a7c3d000,None,FAIL,40,None,False,,LOC_FAIL,,,,0,0,,
431,Cough. Chest congestion. Shortness of breath.,0x1a7c94000,0x1a7c94000,known@0x1a7c94000,1,True,False,,LOC_SUCCESS,,False,False,0,0,,22.2
432,"Worsening cough, congestion",0x1a7d56000,0x1a7d56000,known@0x1a7d56000,2,True,False,,LOC_SUCCESS,,False,False,0,0,,19.3
436,Respiratory distress in newborn.,0x1a45aa000,None,FAIL,40,None,False,,LOC_FAIL,,,,0,0,,
438,"Productive cough, fever",0x1a7e32000,0x1a7e32000,known@0x1a7e32000,2,True,False,,LOC_SUCCESS,,False,False,0,0,,22.6
440,Follow-up pneumonia. Persistent fever.,0x1a7ed9000,0x1a7ed9000,known@0x1a7ed9000,2,True,False,,LOC_SUCCESS,,False,False,0,0,,19.0
442,Cough for 6 months.,0x1a7f83000,0x1a7f83000,known@0x1a7f83000,2,True,False,,LOC_SUCCESS,,False,False,0,0,,21.5
443,Cough for 1 week. Smoker.,0x1a8074000,0x1a8075000,known@0x1a8075000,9,True,False,,LOC_SUCCESS,,False,False,0,0,,26.0
444,Chest pain for three days.,0x1a8148000,0x1a8148000,known@0x1a8148000,2,True,False,,LOC_SUCCESS,,False,False,0,0,,32.0
446,"Shortness of breath, bilateral ovarian carcinoma currently undergoing chemotherapy, former smoking history",0x1a822e000,0x1a822f000,known@0x1a822f000,1,True,False,,LOC_SUCCESS,,False,False,0,0,,20.1
449,Cough and gagging.,0x1a8281000,0x1a8281000,known@0x1a8281000,1,True,False,,LOC_SUCCESS,,False,False,0,0,,21.0
453,Shortness of breath status post fall.,0x1a98c3000,None,FAIL,40,None,False,,LOC_FAIL,,,,0,0,,
454,86-year-old male intubated. Acute respiratory failure. Cerebral infarct status post revascularization. Initial encounter.,0x1a9974000,0x1a9974000,known@0x1a9974000,2,True,False,,LOC_SUCCESS,,False,False,0,0,,21.3
455,Cough for 2 days.,0x1a99cc000,0x1a99cc000,known@0x1a99cc000,1,True,False,,LOC_SUCCESS,,False,False,0,0,,19.6
456,Left upper chest pain with shortness of breath,0x1a8078000,0x1a8078000,known@0x1a8078000,1,True,False,,LOC_SUCCESS,,False,False,0,0,,20.3
457,Visit reason: Cough;,0x1a9790000,None,FAIL,40,None,False,,LOC_FAIL,,,,0,0,,
459,Hypertension.,0x1a97bc000,0x1a97bc000,known@0x1a97bc000,2,True,False,,LOC_SUCCESS,,False,False,0,0,,19.9
461,shortness of breath,0x1a9898000,0x1a9898000,known@0x1a9898000,9,True,False,,LOC_SUCCESS,,False,False,0,0,,26.7
464,Left rib pain,0x1a956f000,0x1a956f000,known@0x1a956f000,2,True,False,,LOC_SUCCESS,,False,False,0,0,,33.5
466,Right lateral rib pain for several days.,0x1a9647000,0x1a9648000,known@0x1a9648000,1,True,False,,LOC_SUCCESS,,False,False,0,0,,21.4
471,"Cough, short of breath, pre cardiac catheterization",0x17beb5000,0x17beb5000,known@0x17beb5000,1,True,False,,LOC_SUCCESS,,False,False,0,0,,22.0
473,Patient with cough. Respiratory failure.,0x1966d8000,0x1966d8000,known@0x1966d8000,2,True,False,,LOC_SUCCESS,,False,False,0,0,,21.5
474,Shortness of breath and chest congestion.,0x196734000,0x196734000,known@0x196734000,1,True,False,,LOC_SUCCESS,,False,False,0,0,,21.5
475,Initial evaluation for wheezing. History of asthma and recent pneumonia.,0x1967e1000,0x1967e1000,known@0x1967e1000,2,True,False,,LOC_SUCCESS,,False,False,0,0,,21.5
476,Follow-up right-sided thoracentesis.,0x195090000,0x195090000,known@0x195090000,2,True,False,,LOC_SUCCESS,,False,False,0,0,,23.4
481,"Status post CABG, follow-up",0x195c14000,0x195c15000,known@0x195c15000,1,True,False,,LOC_SUCCESS,,False,False,0,0,,22.1
482,Progressively worsening weakness. Cough and fever since yesterday. Ex-smoker.,0x195cae000,0x195cae000,known@0x195cae000,3,True,False,,LOC_SUCCESS,,False,False,0,0,,20.5
484,"Cough fever. Cough since Tuesday, Flu test negative, Covid last Jan.",0x195d5d000,0x195d5d000,known@0x195d5d000,2,True,False,,LOC_SUCCESS,,False,False,0,0,,21.2
488,Smoking history. Respiratory clearance.,0x195db9000,0x195db9000,known@0x195db9000,1,True,False,,LOC_SUCCESS,,False,False,0,0,,20.5
489,Hypertension for 1 day.,0x195ea1000,0x195ea1000,known@0x195ea1000,2,True,False,,LOC_SUCCESS,,False,False,0,0,,22.3
494,Chest pain. History of pericarditis.,0x195f71000,0x195f72000,known@0x195f72000,1,True,False,,LOC_SUCCESS,,False,False,0,0,,21.3
497,"53-year-old male with 1 week history of shortness of breath, cough and chest pain",0x1a905d000,0x1a905e000,known@0x1a905e000,9,True,False,,LOC_SUCCESS,,False,False,0,0,,33.7
498,"53-year-old male, chest pain status post VATS.",0x1a90c0000,0x1a90c0000,known@0x1a90c0000,1,True,False,,LOC_SUCCESS,,False,False,0,0,,21.1
502,"Left anterior chest pain for about 3 months, smoker.",0x1a919a000,0x1a919a000,known@0x1a919a000,1,True,False,,LOC_SUCCESS,,False,False,0,0,,21.1
507,Chest pain after trauma,0x1a9246000,0x1a9246000,known@0x1a9246000,2,True,False,,LOC_SUCCESS,,False,False,0,0,,21.2
512,Acute chest pain after motorcycle accident.,0x1a933b000,0x1a933b000,known@0x1a933b000,1,True,False,,LOC_SUCCESS,,False,False,0,0,,21.9
514,"Fever, cough, congestion",0x1a9377000,0x1a9377000,known@0x1a9377000,1,True,False,,LOC_SUCCESS,,False,False,0,0,,21.6
516,"Wheezing, cough and shortness of breath for the past 2 days.",0x1a8c46000,0x1a8c47000,known@0x1a8c47000,1,True,False,,LOC_SUCCESS,,False,False,0,0,,23.4
517,"Cough, chest congestion for 3 weeks",0x1a905f000,0x1a905f000,known@0x1a905f000,1,True,False,,LOC_SUCCESS,,False,False,0,0,,20.2
518,Increased shortness of breath. Body aches. COVID-19 positive yesterday.,0x1a8d2d000,0x1a8d2d000,known@0x1a8d2d000,1,True,False,,LOC_SUCCESS,,False,False,0,0,,21.8
522,Postop CABG.,0x1a8daa000,0x1a8daa000,known@0x1a8daa000,2,True,False,,LOC_SUCCESS,,False,False,0,0,,22.2
523,Cough and congestion for couple weeks. Nonsmoker.,0x1a8e12000,0x1a8e12000,known@0x1a8e12000,1,True,False,,LOC_SUCCESS,,False,False,0,0,,21.7
526,Cough and congestion for 1 week.,0x1a8e6c000,0x1a8e6c000,known@0x1a8e6c000,1,True,False,,LOC_SUCCESS,,False,False,0,0,,21.6
528,"59-year-old female, obesity, shortness of breath.",0x1a8ebe000,0x1a8ebe000,known@0x1a8ebe000,1,True,False,,LOC_SUCCESS,,False,False,0,0,,20.0
529,27 y/o M; motor vehicle collision with anterior chest pain.,0x1a8fa1000,0x1a8fa2000,known@0x1a8fa2000,1,True,False,,LOC_SUCCESS,,False,False,0,0,,20.3
530,Tachycardia and shortness of breath beginning last night. Chest pain.,0x1a8852000,0x1a8852000,known@0x1a8852000,2,True,False,,LOC_SUCCESS,,False,False,0,0,,21.3
533,Coughing shortness of breath and asthma,0x1a888e000,0x1a888e000,known@0x1a888e000,1,True,False,,LOC_SUCCESS,,False,False,0,0,,20.3
534,46-year-old male with COVID and acute shortness of breath.,0x1a8944000,0x1a8944000,known@0x1a8944000,2,True,False,,LOC_SUCCESS,,False,False,0,0,,23.0
535,"Acute respiratory failure, COPD, diabetes mellitus, CHF, COVID-19",0x1a89f5000,0x1a89f5000,known@0x1a89f5000,2,True,False,,LOC_SUCCESS,,False,False,0,0,,30.9
536,Weakness for several days. Near syncope today.,0x1a8aa4000,0x1a8aa4000,known@0x1a8aa4000,2,True,False,,LOC_SUCCESS,,False,False,0,0,,21.2
539,Hypoxia. Fatigue.,0x1a8b52000,0x1a8b52000,known@0x1a8b52000,2,True,False,,LOC_SUCCESS,,False,False,0,0,,21.3
542,Cough and shortness of breath,0x1a8bfe000,0x1a8bfe000,known@0x1a8bfe000,2,True,False,,LOC_SUCCESS,,False,False,0,0,,22.1
544,Level II trauma with substernal chest pain.,0x1aa041000,0x1aa041000,known@0x1aa041000,1,True,False,,LOC_SUCCESS,,False,False,0,0,,19.0
545,Cough for 3 weeks. Wheezing. Congestion.,0x1aa071000,0x1aa071000,known@0x1aa071000,1,True,False,,LOC_SUCCESS,,False,False,0,0,,19.9
546,Pneumonia. Respiratory failure.,0x1aa115000,0x1aa115000,known@0x1aa115000,2,True,False,,LOC_SUCCESS,,False,False,0,0,,21.3
547,Short of breath and weakness.,0x1aa19e000,0x1aa19e000,known@0x1aa19e000,1,True,False,,LOC_SUCCESS,,False,False,0,0,,19.1
553,Trach replacement. Bleeding at stoma. Tachycardia and shortness of breath.,0x1aa1fd000,0x1aa1fd000,known@0x1aa1fd000,1,True,False,,LOC_SUCCESS,,False,False,0,0,,20.8
556,Cough and shortness of breath.,0x1aa29c000,0x1aa29c000,known@0x1aa29c000,2,True,False,,LOC_SUCCESS,,False,False,0,0,,22.5
559,Cough fever,0x1aa337000,0x1aa337000,known@0x1aa337000,2,True,False,,LOC_SUCCESS,,False,False,0,0,,21.4
560,Fever. Hypoxia.,0x1aa392000,0x1aa392000,known@0x1aa392000,1,True,False,,LOC_SUCCESS,,False,False,0,0,,20.1
563,"Spontaneous pneumothorax, follow-up",0x1975c1000,0x1975c1000,known@0x1975c1000,1,True,False,,LOC_SUCCESS,,False,False,0,0,,21.5
564,"Cough, shortness of breath.",0x19d1df000,0x19d1df000,known@0x19d1df000,2,True,False,,LOC_SUCCESS,,False,False,0,0,,20.5
568,"CABG, cough. Monitor.",0x19d23d000,0x19d23d000,known@0x19d23d000,1,True,False,,LOC_SUCCESS,,False,False,0,0,,20.7
569,Three-week history weakness. Hypoxia.,0x19d2e8000,0x19d2e8000,known@0x19d2e8000,2,True,False,,LOC_SUCCESS,,False,False,0,0,,21.9
570,Preoperative study prior to CABG and aortic valve replacement,0x1aaa6b000,0x1aaa6c000,known@0x1aaa6c000,1,True,False,,LOC_SUCCESS,,False,False,0,0,,20.8
571,"Two-day history of mid and right-sided chest pain, shortness of breath and productive cough. Current history of asthma.",0x1aab52000,0x1aab52000,known@0x1aab52000,2,True,False,,LOC_SUCCESS,,False,False,0,0,,34.0
576,Shortness of breath. Hypoxia,0x1aab80000,None,FAIL,40,None,False,,LOC_FAIL,,,,0,0,,
577,"40-year-old female with cough, congestion, fever, chest pain and shortness of breath.",0x1aac35000,0x1aac35000,known@0x1aac35000,2,True,False,,LOC_SUCCESS,,False,False,0,0,,22.8
578,Difficulty breathing. Shortness of breath.,0x1aad11000,0x1aad12000,known@0x1aad12000,1,True,False,,LOC_SUCCESS,,False,False,0,0,,20.2
584,Fell. Chest pain.,0x1aadf8000,0x1aadf8000,known@0x1aadf8000,3,True,False,,LOC_SUCCESS,,False,False,0,0,,23.1
587,82-year-old female with COPD and history of hypertension. Difficulty breathing. Initial encounter.,0x1aaee4000,0x1aaee4000,known@0x1aaee4000,9,True,False,,LOC_SUCCESS,,False,False,0,0,,35.5
590,Substernal chest pain,0x1aaf90000,0x1aaf90000,known@0x1aaf90000,1,True,False,,LOC_SUCCESS,,False,False,0,0,,20.1
591,Follow up effusions and pneumonia. Ventilator dependent respiratory failure.,0x1aafe8000,0x1aafe8000,known@0x1aafe8000,1,True,False,,LOC_SUCCESS,,False,False,0,0,,20.4
593,Cough and fever since yesterday.,0x1ab029000,None,FAIL,40,None,False,,LOC_FAIL,,,,0,0,,
594,Anterior chest pain,0x1ab0e9000,0x1ab0e9000,known@0x1ab0e9000,1,True,False,,LOC_SUCCESS,,False,False,0,0,,20.2
595,Follow-up post intubation,0x1ab182000,0x1ab182000,known@0x1ab182000,2,True,False,,LOC_SUCCESS,,False,False,0,0,,31.3
596,Shortness of breath. Weakness,0x1ab22b000,0x1ab22b000,known@0x1ab22b000,1,True,False,,LOC_SUCCESS,,False,False,0,0,,19.9
597,Fall with chest pain,0x1ab2b2000,0x1ab2b2000,known@0x1ab2b2000,1,True,False,,LOC_SUCCESS,,False,False,0,0,,22.5
602,Shortness of Breath/Dyspnea. Surgery 5 days ago.,0x1ab393000,0x1ab393000,known@0x1ab393000,1,True,False,,LOC_SUCCESS,,False,False,0,0,,19.2
603,Weakness. History of pneumonia.,0x1ab443000,0x1ab443000,known@0x1ab443000,2,True,False,,LOC_SUCCESS,,False,False,0,0,,22.5
604,Meconium aspiration. Hypoxia.,0x1ab479000,None,FAIL,40,None,False,,LOC_FAIL,,,,0,0,,
605,"Weakness, rectal bleeding.",0x1ab515000,0x1ab515000,known@0x1ab515000,2,True,False,,LOC_SUCCESS,,False,False,0,0,,20.6
607,"Cough and congestion and fever for 1 month, initial encounter",0x1ab5de000,0x1ab5de000,known@0x1ab5de000,2,True,False,,LOC_SUCCESS,,False,False,0,0,,31.5
608,"Drug overdose, shortness of breath",0x1ab6cc000,0x1ab6cd000,known@0x1ab6cd000,1,True,False,,LOC_SUCCESS,,False,False,0,0,,19.6
609,Respiratory failure and atelectasis.,0x1ab77c000,0x1ab77c000,known@0x1ab77c000,2,True,False,,LOC_SUCCESS,,False,False,0,0,,20.6
612,Increasing shortness of breath for 2 weeks. Swelling. Wheezing.,0x1ab820000,0x1ab820000,known@0x1ab820000,2,True,False,,LOC_SUCCESS,,False,False,0,0,,19.4
623,Right-sided rib pain. Football injury.,0x1ab90d000,0x1ab90e000,known@0x1ab90e000,1,True,False,,LOC_SUCCESS,,False,False,0,0,,20.2
625,Respiratory failure. Shortness of breath.,0x1ab9c0000,0x1ab9c0000,known@0x1ab9c0000,2,True,False,,LOC_SUCCESS,,False,False,0,0,,21.1
627,"Cough, shortness of breath, left-sided chest pain. Positive COVID test 10 days ago.",0x1aba67000,0x1aba67000,known@0x1aba67000,2,True,False,,LOC_SUCCESS,,False,False,0,0,,22.4
628,Right pneumothorax,0x1abab5000,0x1abab5000,known@0x1abab5000,1,True,False,,LOC_SUCCESS,,False,False,0,0,,19.8
631,MI. Ventilator dependent respiratory failure. Intra-aortic balloon pump. Possible aspiration.,0x1abb0e000,0x1abb0e000,known@0x1abb0e000,1,True,False,,LOC_SUCCESS,,False,False,0,0,,21.2
635,Chest pain. Recent common bile duct extraction. Anemia.,0x1abba0000,0x1abba0000,known@0x1abba0000,2,True,False,,LOC_SUCCESS,,False,False,0,0,,20.6
637,Cough and chest pain.,0x1ac053000,0x1ac053000,known@0x1ac053000,1,True,False,,LOC_SUCCESS,,False,False,0,0,,19.6
641,Palpitations today with shortness of breath,0x1ac0ab000,0x1ac0ab000,known@0x1ac0ab000,1,True,False,,LOC_SUCCESS,,False,False,0,0,,18.6
644,"Shortness of breath, dementia",0x1ac164000,0x1ac164000,known@0x1ac164000,2,True,False,,LOC_SUCCESS,,False,False,0,0,,21.5
649,Chest pain and hypertension,0x1ac1cb000,0x1ac1cb000,known@0x1ac1cb000,1,True,False,,LOC_SUCCESS,,False,False,0,0,,20.9
650,Shortness of breath. Asthma.,0x1ac225000,0x1ac225000,known@0x1ac225000,1,True,False,,LOC_SUCCESS,,False,False,0,0,,19.9
651,"41-year-old male with shortness of breath for 2 weeks, worsening today. Initial encounter.",0x1ac2ec000,0x1ac2ec000,known@0x1ac2ec000,2,True,False,,LOC_SUCCESS,,False,False,0,0,,20.0
653,Severe shortness of breath. COPD. Congestive heart failure.,0x1ac33b000,0x1ac33b000,known@0x1ac33b000,1,True,False,,LOC_SUCCESS,,False,False,0,0,,18.5
657,Five day history of shortness of breath. 1-2 month history of cough,0x1ac3af000,0x1ac3af000,known@0x1ac3af000,1,True,False,,LOC_SUCCESS,,False,False,0,0,,19.4
660,Short of breath. Fever. Chest pressure.,0x1961f4000,0x1961f4000,known@0x1961f4000,1,True,False,,LOC_SUCCESS,,False,False,0,0,,30.0
662,Respiratory failure. Follow-up LEFT basilar atelectasis.,0x19e21a000,0x19e21a000,known@0x19e21a000,2,True,False,,LOC_SUCCESS,,False,False,0,0,,20.4
663,Umbilical catheter placements,0x19e263000,0x19e263000,known@0x19e263000,2,True,False,,LOC_SUCCESS,,False,False,0,0,,27.4
664,"Left anterior rib pain, recent fall",0x19e30a000,0x19e30a000,known@0x19e30a000,2,True,False,,LOC_SUCCESS,,False,False,0,0,,22.6
665,Leg pain. Hypertension.,0x19e388000,0x19e388000,known@0x19e388000,2,True,False,,LOC_SUCCESS,,False,False,0,0,,20.6
666,Shortness of breath. Chest pain. Hypertension. Two weeks postpartum from C-section delivery.,0x19e3e9000,0x19e3e9000,known@0x19e3e9000,1,True,False,,LOC_SUCCESS,,False,False,0,0,,20.4
672,Central catheter placement,0x1ac498000,0x1ac498000,known@0x1ac498000,2,True,False,,LOC_SUCCESS,,False,False,0,0,,20.0
675,Mild shortness-of-breath with productive cough 6 months. History of smoking. Quit 25 years ago.,0x1ac822000,0x1ac823000,known@0x1ac823000,1,True,False,,LOC_SUCCESS,,False,False,0,0,,21.1
677,"Respiratory distress, pneumonia, endotracheal tube.",0x1ac897000,0x1ac897000,known@0x1ac897000,2,True,False,,LOC_SUCCESS,,False,False,0,0,,21.3
679,58-year-old male with history of pneumonia from COVID-19 infection.,0x1aca6d000,0x1aca6e000,known@0x1aca6e000,3,True,False,,LOC_SUCCESS,,False,False,0,0,,22.7
680,New onset chest pain.,0x1acb60000,0x1acb61000,known@0x1acb61000,1,True,False,,LOC_SUCCESS,,False,False,0,0,,20.4
682,Left-sided chest pain. Nonsmoker.,0x1acc27000,0x1acc27000,known@0x1acc27000,2,True,False,,LOC_SUCCESS,,False,False,0,0,,18.4
685,Right rib pain.,0x1accda000,0x1accda000,known@0x1accda000,3,True,False,,LOC_SUCCESS,,False,False,0,0,,21.3
686,Chest pain. Chest pressure. Short of breath. Right arm pain. History of CABG.,0x1acd37000,0x1acd37000,known@0x1acd37000,1,True,False,,LOC_SUCCESS,,False,False,0,0,,20.8
692,"Shortness of breath, fever",0x1acde0000,0x1acde0000,known@0x1acde0000,2,True,False,,LOC_SUCCESS,,False,False,0,0,,32.6
695,"Left-sided chest pain, shortness of breath.",0x1acea3000,0x1acea3000,known@0x1acea3000,10,True,False,,LOC_SUCCESS,,False,False,0,0,,25.8
696,PICC placement,0x1acf04000,0x1acf04000,known@0x1acf04000,1,True,False,,LOC_SUCCESS,,False,False,0,0,,20.5
697,"Respiratory distress, cough and GI bleed.",0x1acf58000,0x1acf58000,known@0x1acf58000,1,True,False,,LOC_SUCCESS,,False,False,0,0,,19.2
698,Chest pain. Shortness of breath.,0x1acfe8000,0x1acfe8000,known@0x1acfe8000,2,True,False,,LOC_SUCCESS,,False,False,0,0,,21.8
700,Chest pain. Shortness of breath. History of sarcoidosis.,0x1ad07c000,0x1ad07c000,known@0x1ad07c000,2,True,False,,LOC_SUCCESS,,False,False,0,0,,21.8
703,Weakness. Hiccups.,0x1ad153000,0x1ad153000,known@0x1ad153000,2,True,False,,LOC_SUCCESS,,False,False,0,0,,21.9
705,"Gradual worsening, weakness over 2 weeks. History of CLL. Fever, cough, confusion over last few days.",0x1ad22c000,0x1ad22d000,known@0x1ad22d000,1,True,False,,LOC_SUCCESS,,False,False,0,0,,21.0
708,Follow-up for pneumonia.,0x1ad2e0000,0x1ad2e0000,known@0x1ad2e0000,2,True,False,,LOC_SUCCESS,,False,False,0,0,,21.0
711,Hypoxemia.,0x1ad33e000,0x1ad33e000,known@0x1ad33e000,1,True,False,,LOC_SUCCESS,,False,False,0,0,,21.0
713,"CABG, postop day #1",0x1ad3bc000,0x1ad3bc000,known@0x1ad3bc000,2,True,False,,LOC_SUCCESS,,False,False,0,0,,31.9
714,Shortness of breath for 1 week. Productive cough.,0x1ad849000,0x1ad849000,known@0x1ad849000,2,True,False,,LOC_SUCCESS,,False,False,0,0,,21.5
717,Hypoxia. Question pneumonia.,0x1ad8a3000,0x1ad8a3000,known@0x1ad8a3000,1,True,False,,LOC_SUCCESS,,False,False,0,0,,20.8
718,Microscopic polyangiitis. Bilateral lower extremity swelling. Hypertension.,0x1ad929000,0x1ad929000,known@0x1ad929000,1,True,False,,LOC_SUCCESS,,False,False,0,0,,20.3
719,"Shortness of breath, Covid-19 positive.",0x1ad9d6000,0x1ad9d6000,known@0x1ad9d6000,2,True,False,,LOC_SUCCESS,,False,False,0,0,,20.9
720,Shortness of breath. Mild chest discomfort.,0x1aceab000,0x1aceab000,known@0x1aceab000,2,True,False,,LOC_SUCCESS,,False,False,0,0,,20.9
727,Cough and weakness,0x1adaf7000,0x1adaf7000,known@0x1adaf7000,1,True,False,,LOC_SUCCESS,,False,False,0,0,,20.5
728,13 weeks old male; 4 days of cough. Low-grade fever.,0x1adb29000,None,FAIL,40,None,False,,LOC_FAIL,,,,0,0,,
731,Severe shortness of breath. Fibrosis.,0x1adba7000,0x1adba7000,known@0x1adba7000,2,True,False,,LOC_SUCCESS,,False,False,0,0,,31.0
732,"Right-sided chest pain, short of breath, cough, former smoker",0x1adc29000,0x1adc29000,known@0x1adc29000,2,True,False,,LOC_SUCCESS,,False,False,0,0,,20.8
734,Left rib pain. Possible mass.,0x1add0f000,0x1add10000,known@0x1add10000,2,True,False,,LOC_SUCCESS,,False,False,0,0,,21.8
735,Renal failure. Diatek catheter placement.,0x1add68000,0x1add68000,known@0x1add68000,1,True,False,,LOC_SUCCESS,,False,False,0,0,,20.2
738,"Wheezing, cough, chest pain",0x1addb3000,0x1addb3000,known@0x1addb3000,1,True,False,,LOC_SUCCESS,,False,False,0,0,,19.7
739,Fever and shortness of breath.,0x1ade7e000,0x1ade7e000,known@0x1ade7e000,2,True,False,,LOC_SUCCESS,,False,False,0,0,,21.7
740,Shortness of breath. Wheezing.,0x1adf62000,0x1adf63000,known@0x1adf63000,1,True,False,,LOC_SUCCESS,,False,False,0,0,,22.6
741,Cough and chest tightness for 2 weeks,0x1ae04f000,0x1ae050000,known@0x1ae050000,1,True,False,,LOC_SUCCESS,,False,False,0,0,,21.7
742,Shortness of breath and leg swelling.,0x19593d000,0x19593d000,known@0x19593d000,4,True,False,,LOC_SUCCESS,,False,False,0,0,,22.5
748,COVID-19 positive. Shortness of breath,0x1959e1000,0x1959e1000,known@0x1959e1000,2,True,False,,LOC_SUCCESS,,False,False,0,0,,20.4
750,Follow-up CABG.,0x198d6b000,0x198d6c000,known@0x198d6c000,1,True,False,,LOC_SUCCESS,,False,False,0,0,,21.1
755,Chest pain. Onset of symptoms at 7846 hr today.,0x198e55000,0x198e56000,known@0x198e56000,1,True,False,,LOC_SUCCESS,,False,False,0,0,,18.4
758,"Hypoxia, acute respiratory failure.",0x198eee000,0x198eee000,known@0x198eee000,2,True,False,,LOC_SUCCESS,,False,False,0,0,,20.5
760,Shortness of breath. Hypertension. Alcohol dependence.,0x198f4c000,0x198f4c000,known@0x198f4c000,2,True,False,,LOC_SUCCESS,,False,False,0,0,,21.0
763,"83-year-old female with history of shortness of breath for the past 2 weeks, worsening on exertion. History of bronchiectasis.",0x198fdf000,0x198fdf000,known@0x198fdf000,2,True,False,,LOC_SUCCESS,,False,False,0,0,,32.0
764,Shortness of breath with lower extremity edema,0x1ae48f000,0x1ae48f000,known@0x1ae48f000,2,True,False,,LOC_SUCCESS,,False,False,0,0,,21.2
767,Bilateral pneumothorax.,0x1ae540000,0x1ae540000,known@0x1ae540000,2,True,False,,LOC_SUCCESS,,False,False,0,0,,20.3
768,Pain and weakness and shortness of breath. Left hand numbness.,0x1ae59d000,0x1ae59d000,known@0x1ae59d000,1,True,False,,LOC_SUCCESS,,False,False,0,0,,19.7
770,"Preoperative study prior to video-assisted thoracostomy in wedge resection on the right, history of COPD and right upper lung mass, current smoker.",0x1ae653000,0x1ae653000,known@0x1ae653000,2,True,False,,LOC_SUCCESS,,False,False,0,0,,20.7
773,left-sided chest pain,0x1ae6a4000,0x1ae6a4000,known@0x1ae6a4000,1,True,False,,LOC_SUCCESS,,False,False,0,0,,18.8
774,"Shortness of breath, cold sweats, overheating, chest tightness; history of gastroesophageal reflux",0x1ae798000,0x1ae799000,known@0x1ae799000,1,True,False,,LOC_SUCCESS,,False,False,0,0,,20.5
775,Persistent cough. Had COVID in Muaythai. Patient complains of cough and dyspnea with exertion. History of open heart surgery in 8610.,0x1ae7f3000,0x1ae7f3000,known@0x1ae7f3000,3,True,False,,LOC_SUCCESS,,False,False,0,0,,21.5
777,"Pulmonary edema, shortness of breath, history of shortness of breath, sarcoidosis, chronic kidney disease, COPD, pulmonary hypertension",0x1ae855000,0x1ae855000,known@0x1ae855000,1,True,False,,LOC_SUCCESS,,False,False,0,0,,20.8
778,CABG,0x1ae8d1000,0x1ae8d1000,known@0x1ae8d1000,2,True,False,,LOC_SUCCESS,,False,False,0,0,,23.1
779,Cough and right-sided chest pain for the past 2 days. Nonsmoker.,0x1ae983000,0x1ae983000,known@0x1ae983000,2,True,False,,LOC_SUCCESS,,False,False,0,0,,20.8
782,Abdominal pain. PICC placement.,0x1ae9d7000,0x1ae9d7000,known@0x1ae9d7000,1,True,False,,LOC_SUCCESS,,False,False,0,0,,19.4
783,Left PICC line placement.,0x1aea7f000,0x1aea7f000,known@0x1aea7f000,4,True,False,,LOC_SUCCESS,,False,False,0,0,,23.0
784,Diabetes. Hypertension. Fracture left facial bone.,0x1aead8000,0x1aead8000,known@0x1aead8000,1,True,False,,LOC_SUCCESS,,False,False,0,0,,22.1
785,"Productive cough, body aches, fever",0x1aeb7a000,0x1aeb7a000,known@0x1aeb7a000,2,True,False,,LOC_SUCCESS,,False,False,0,0,,34.1
787,Lethargy. Weakness.,0x1aec26000,0x1aec26000,known@0x1aec26000,2,True,False,,LOC_SUCCESS,,False,False,0,0,,23.1
790,"Weakness, cough and congestion. Smoker.",0x1aecf7000,0x1aecf7000,known@0x1aecf7000,2,True,False,,LOC_SUCCESS,,False,False,0,0,,20.0
792,3rd degree heart block. Shortness of breath. Lung cancer.,0x1aed95000,0x1aed95000,known@0x1aed95000,2,True,False,,LOC_SUCCESS,,False,False,0,0,,23.5
793,Syncopal episode. History of CHF and COPD.,0x1aee2e000,0x1aee2e000,known@0x1aee2e000,2,True,False,,LOC_SUCCESS,,False,False,0,0,,22.3
794,65 y/o M; shortness of breath and chest tightness. Status post radiation therapy on chemo for lung cancer.,0x1aef07000,0x1aef07000,known@0x1aef07000,2,True,False,,LOC_SUCCESS,,False,False,0,0,,23.1
795,"Decreased level of consciousness, shortness of breath",0x1aef62000,0x1aef62000,known@0x1aef62000,1,True,False,,LOC_SUCCESS,,False,False,0,0,,20.1
797,Shortness of breath and renal failure.,0x1aefdd000,0x1aefdd000,known@0x1aefdd000,2,True,False,,LOC_SUCCESS,,False,False,0,0,,21.0
798,Cough and weakness.,0x1af88d000,0x1af88d000,known@0x1af88d000,5,True,False,,LOC_SUCCESS,,False,False,0,0,,24.1
802,"Two weeks of cough, wheezing, and fatigue. Onset of fever 2 days ago.",0x1af934000,None,FAIL,40,None,False,,LOC_FAIL,,,,0,0,,
804,68-year-old male with pleural effusion. Status post thoracentesis. Patient presenting with chest pain since the procedure.,0x1afa05000,0x1afa05000,known@0x1afa05000,1,True,False,,LOC_SUCCESS,,False,False,0,0,,20.2
806,"Productive cough for 2 days, weakness, mid chest pain off and on for a few days, smoker",0x1afaed000,0x1afaee000,known@0x1afaee000,1,True,False,,LOC_SUCCESS,,False,False,0,0,,21.3
807,Aortic stenosis. CABG.,0x1afb46000,0x1afb46000,known@0x1afb46000,1,True,False,,LOC_SUCCESS,,False,False,0,0,,21.8
808,62 y/o F; productive cough and wheezing for 1 week.,0x1afbfd000,0x1afbfd000,known@0x1afbfd000,2,True,False,,LOC_SUCCESS,,False,False,0,0,,20.1
809,"Shortness of breath, fever.",0x1afc82000,0x1afc82000,known@0x1afc82000,1,True,False,,LOC_SUCCESS,,False,False,0,0,,19.3
810,"Cough, congestion.",0x1afcdb000,0x1afcdb000,known@0x1afcdb000,1,True,False,,LOC_SUCCESS,,False,False,0,0,,21.5
813,Weakness. Cough.,0x1afdab000,0x1afdac000,known@0x1afdac000,2,True,False,,LOC_SUCCESS,,False,False,0,0,,20.1
814,Shortness of breath. History of diastolic heart failure.,0x1afe5f000,0x1afe5f000,known@0x1afe5f000,2,True,False,,LOC_SUCCESS,,False,False,0,0,,21.3
818,Chest pain and dyspnea,0x1aff0a000,0x1aff0a000,known@0x1aff0a000,2,True,False,,LOC_SUCCESS,,False,False,0,0,,22.4
821,Persistent productive cough and wheezing after 6 days of prednisone treatment.,0x1affbe000,0x1affbe000,known@0x1affbe000,2,True,False,,LOC_SUCCESS,,False,False,0,0,,20.8
822,Premature newborn. RDS. Status post umbilical catheter repositioning.,0x1acea8000,0x1acea8000,known@0x1acea8000,1,True,False,,LOC_SUCCESS,,False,False,0,0,,20.7
824,Shortness of breath. Extremity swelling and Kidney disease.,0x199a38000,0x199a38000,known@0x199a38000,4,True,False,,LOC_SUCCESS,,False,False,0,0,,31.1
827,Diatek catheter placement.,0x199a9b000,0x199a9b000,known@0x199a9b000,1,True,False,,LOC_SUCCESS,,False,False,0,0,,20.7
832,"Cough, congestion, and fever.",0x199ae2000,None,FAIL,40,None,False,,LOC_FAIL,,,,0,0,,
833,"Cough, fever and congestion.",0x199b59000,0x199b59000,known@0x199b59000,1,True,False,,LOC_SUCCESS,,False,False,0,0,,20.9
837,Shortness of breath. Morbid obesity.,0x199bae000,0x199bae000,known@0x199bae000,1,True,False,,LOC_SUCCESS,,False,False,0,0,,18.8
839,Short of breath. Cough. Wheezing.,0x19941f000,0x19941f000,known@0x19941f000,1,True,False,,LOC_SUCCESS,,False,False,0,0,,21.5
841,COPD. Dysrhythmia.,0x199479000,0x199479000,known@0x199479000,1,True,False,,LOC_SUCCESS,,False,False,0,0,,20.2
845,63-year-old female with a history of shortness of breath and abdominal pain,0x1b0097000,0x1b0097000,known@0x1b0097000,3,True,False,,LOC_SUCCESS,,False,False,0,0,,33.0
846,Worsening shortness of breath following home dialysis. Known lung masses.,0x1b0121000,0x1b0121000,known@0x1b0121000,2,True,False,,LOC_SUCCESS,,False,False,0,0,,19.2
848,Right lower rib pain after lifting something heavy at work 1 hour ago,0x1b04be000,0x1b04be000,known@0x1b04be000,2,True,False,,LOC_SUCCESS,,False,False,0,0,,22.4
849,Shortness of breath COVID positive,0x1b0564000,0x1b0564000,known@0x1b0564000,2,True,False,,LOC_SUCCESS,,False,False,0,0,,20.9
850,Shortness of breath ascites abdominal pain,0x1b060a000,0x1b060a000,known@0x1b060a000,2,True,False,,LOC_SUCCESS,,False,False,0,0,,19.8
859,Cough and short of breath,0x1b06b9000,0x1b06b9000,known@0x1b06b9000,2,True,False,,LOC_SUCCESS,,False,False,0,0,,23.3
861,"Left-sided chest pain, shortness of breath",0x1b077d000,0x1b077d000,known@0x1b077d000,2,True,False,,LOC_SUCCESS,,False,False,0,0,,21.4
862,76-year-old male with shortness of breath and respiratory distress.,0x1b07da000,0x1b07da000,known@0x1b07da000,1,True,False,,LOC_SUCCESS,,False,False,0,0,,19.5
865,"Chest pain, sore throat, cough and back pain. Tachycardia. Weakness.",0x1b08a1000,0x1b08a1000,known@0x1b08a1000,2,True,False,,LOC_SUCCESS,,False,False,0,0,,20.9
867,Right chest pain. No known injury.,0x1b097e000,0x1b097f000,known@0x1b097f000,1,True,False,,LOC_SUCCESS,,False,False,0,0,,22.3
868,69-hour-old male peripheral central venous catheter placement.,0x1b09ac000,0x1b09ac000,known@0x1b09ac000,1,True,False,,LOC_SUCCESS,,False,False,0,0,,22.3
870,short of breath,0x1b0a53000,0x1b0a53000,known@0x1b0a53000,2,True,False,,LOC_SUCCESS,,False,False,0,0,,23.2
872,Chest pain and shortness of breath with exertion,0x1b0b1f000,0x1b0b20000,known@0x1b0b20000,1,True,False,,LOC_SUCCESS,,False,False,0,0,,20.9
873,"Cough probable COVID, COVID exposure",0x1b0b6f000,0x1b0b6f000,known@0x1b0b6f000,1,True,False,,LOC_SUCCESS,,False,False,0,0,,19.7
874,"Shortness of breath, post renal stent placement",0x1b1018000,0x1b1018000,known@0x1b1018000,2,True,False,,LOC_SUCCESS,,False,False,0,0,,22.4
877,"Short of breath, hot flashes.",0x1b106e000,0x1b106e000,known@0x1b106e000,1,True,False,,LOC_SUCCESS,,False,False,0,0,,33.4
878,"CLL, chest pain",0x1b10ca000,0x1b10ca000,known@0x1b10ca000,1,True,False,,LOC_SUCCESS,,False,False,0,0,,20.7
880,Shortness of breath. Possible PICC line infection. On antibiotics.,0x1b1192000,0x1b1193000,known@0x1b1193000,6,True,False,,LOC_SUCCESS,,False,False,0,0,,25.9
881,Dyspnea with separate gating sensation and chest pain.,0x1b128c000,0x1b128d000,known@0x1b128d000,1,True,False,,LOC_SUCCESS,,False,False,0,0,,21.7
886,Possible pneumothorax.,0x1b1308000,0x1b1308000,known@0x1b1308000,3,True,False,,LOC_SUCCESS,,False,False,0,0,,22.2
895,Short of breath and hemoptysis for 2 weeks,0x1b13dd000,0x1b13de000,known@0x1b13de000,1,True,False,,LOC_SUCCESS,,False,False,0,0,,19.4
897,"Fever, cough, and congestion.",0x1b142a000,0x1b142a000,known@0x1b142a000,1,True,False,,LOC_SUCCESS,,False,False,0,0,,20.8
904,MVC yesterday. Restrained driver. Chest pain with deep inspiration.,0x1b14ed000,0x1b14ed000,known@0x1b14ed000,2,True,False,,LOC_SUCCESS,,False,False,0,0,,23.0
907,"Mid back pain, chest pain, sudden onset today",0x1b15a4000,0x1b15a4000,known@0x1b15a4000,2,True,False,,LOC_SUCCESS,,False,False,0,0,,20.2
910,Productive cough and wheezing,0x1b164c000,0x1b164c000,known@0x1b164c000,2,True,False,,LOC_SUCCESS,,False,False,0,0,,22.0
911,Shortness of breath. Respiratory distress.,0x1b16a6000,0x1b16a6000,known@0x1b16a6000,1,True,False,,LOC_SUCCESS,,False,False,0,0,,22.6
912,CHF. Weakness.,0x1b16fe000,0x1b16fe000,known@0x1b16fe000,1,True,False,,LOC_SUCCESS,,False,False,0,0,,21.6
913,"Shortness of breath beginning today. History of hypertension, diabetes, former smoker.",0x1b17ad000,0x1b17ad000,known@0x1b17ad000,2,True,False,,LOC_SUCCESS,,False,False,0,0,,19.3
915,Overdose. Rule out aspiration. Chest pain beginning this morning.,0x1b1852000,0x1b1852000,known@0x1b1852000,2,True,False,,LOC_SUCCESS,,False,False,0,0,,33.6
917,"Shortness of breath, recent CHF and pneumonia, recent heart attack",0x1b18ac000,0x1b18ac000,known@0x1b18ac000,1,True,False,,LOC_SUCCESS,,False,False,0,0,,21.2
918,Fall several days ago. Right rib pain.,0x1b1932000,0x1b1932000,known@0x1b1932000,1,True,False,,LOC_SUCCESS,,False,False,0,0,,18.9
919,"Weakness, history of hypertension and atrial fibrillation.",0x1b159d000,0x1b159d000,known@0x1b159d000,1,True,False,,LOC_SUCCESS,,False,False,0,0,,22.2
921,Cough and fever for 2 days.,0x19cfbf000,0x19cfbf000,known@0x19cfbf000,1,True,False,,LOC_SUCCESS,,False,False,0,0,,22.2
923,"Respiratory failure, cardiac arrest",0x197fe2000,0x197fe2000,known@0x197fe2000,1,True,False,,LOC_SUCCESS,,False,False,0,0,,21.5
924,53-year-old male with weakness and shortness of breath.,0x17005f000,0x17005f000,known@0x17005f000,2,True,False,,LOC_SUCCESS,,False,False,0,0,,21.7
926,Cough. Pleural effusion.,0x1700b7000,0x1700b7000,known@0x1700b7000,1,True,False,,LOC_SUCCESS,,False,False,0,0,,20.7
927,"Mid back, rib pain.",0x1b1c6e000,0x1b1c6f000,known@0x1b1c6f000,9,True,False,,LOC_SUCCESS,,False,False,0,0,,24.9
929,Weakness. Altered mental status. Recent fall. Elevated white blood cell count.,0x1b1d4a000,0x1b1d4b000,known@0x1b1d4b000,1,True,False,,LOC_SUCCESS,,False,False,0,0,,21.3
931,84 year-old with nausea and vomiting. PICC line placement.,0x1b1da6000,0x1b1da6000,known@0x1b1da6000,1,True,False,,LOC_SUCCESS,,False,False,0,0,,20.6
935,Shortness of breath and fever.,0x1b1e46000,0x1b1e46000,known@0x1b1e46000,2,True,False,,LOC_SUCCESS,,False,False,0,0,,24.5
938,"Respiratory distress, COPD",0x1b1ef0000,0x1b1ef0000,known@0x1b1ef0000,2,True,False,,LOC_SUCCESS,,False,False,0,0,,19.3
942,"Respiratory failure following ERCP, he ETT adjustment",0x1b1f63000,0x1b1f63000,known@0x1b1f63000,1,True,False,,LOC_SUCCESS,,False,False,0,0,,20.0
943,Status post CABG,0x1b1ffd000,0x1b1ffd000,known@0x1b1ffd000,2,True,False,,LOC_SUCCESS,,False,False,0,0,,33.0
944,Hypertension; diaphoresis. Leg swelling and cough.,0x1b2075000,0x1b2075000,known@0x1b2075000,2,True,False,,LOC_SUCCESS,,False,False,0,0,,21.7
945,Weakness and altered mental status.,0x1b197f000,0x1b197f000,known@0x1b197f000,1,True,False,,LOC_SUCCESS,,False,False,0,0,,20.6
946,Evaluate peripheral venous catheter placement.,0x1b20d9000,0x1b20d9000,known@0x1b20d9000,1,True,False,,LOC_SUCCESS,,False,False,0,0,,23.3
947,"COPD exacerbation, pneumonia.",0x1b3710000,None,FAIL,40,None,False,,LOC_FAIL,,,,0,0,,
948,Follow-up right pneumothorax. Atelectasis.,0x1b37cd000,0x1b37cd000,known@0x1b37cd000,2,True,False,,LOC_SUCCESS,,False,False,0,0,,22.6
949,Shortness of breath. Thoracoscopy on the left 2 days prior,0x1b3550000,0x1b3550000,known@0x1b3550000,2,True,False,,LOC_SUCCESS,,False,False,0,0,,20.4
950,Fall with left rib pain. Initial encounter.,0x1b360a000,0x1b360a000,known@0x1b360a000,2,True,False,,LOC_SUCCESS,,False,False,0,0,,32.6
951,Respiratory distress in a term neonate.,0x1b363a000,None,FAIL,40,None,False,,LOC_FAIL,,,,0,0,,
952,"72-year-old female with acute on chronic respiratory failure. COVID-19, recovery phase.",0x1b36e6000,0x1b36e6000,known@0x1b36e6000,2,True,False,,LOC_SUCCESS,,False,False,0,0,,22.4
955,Weakness. Headaches.,0x1b334d000,0x1b334d000,known@0x1b334d000,1,True,False,,LOC_SUCCESS,,False,False,0,0,,19.7
961,49-year-old female with left-sided chest pain and mild shortness of breath,0x1b3405000,0x1b3405000,known@0x1b3405000,2,True,False,,LOC_SUCCESS,,False,False,0,0,,22.7
962,Urethral retention. Follow-up right lower lobe atelectasis.,0x1b3463000,0x1b3463000,known@0x1b3463000,6,True,False,,LOC_SUCCESS,,False,False,0,0,,34.2
963,Shortness of breath. Croup. Asthma. Breathing difficulty.,0x1b34d2000,0x1b34d2000,known@0x1b34d2000,1,True,False,,LOC_SUCCESS,,False,False,0,0,,21.4
966,"Chest pain, MVA",0x1b3188000,0x1b3188000,known@0x1b3188000,2,True,False,,LOC_SUCCESS,,False,False,0,0,,23.3
968,"Shortness of breath on exertion for 1 month, hypertension, question pneumonia, former smoker",0x1b31ea000,0x1b31ea000,known@0x1b31ea000,1,True,False,,LOC_SUCCESS,,False,False,0,0,,20.1
970,Sore throat for 2 months. Laryngitis. Nonproductive cough. Smoker.,0x1b32c2000,0x1b32c3000,known@0x1b32c3000,9,True,False,,LOC_SUCCESS,,False,False,0,0,,27.0
971,PICC line repositioning.,0x1b2f42000,0x1b2f42000,known@0x1b2f42000,1,True,False,,LOC_SUCCESS,,False,False,0,0,,21.3
974,Shortness of breath with weakness,0x1b2f88000,0x1b2f88000,known@0x1b2f88000,1,True,False,,LOC_SUCCESS,,False,False,0,0,,18.1
976,Cough for 5 days,0x1b3050000,0x1b3050000,known@0x1b3050000,2,True,False,,LOC_SUCCESS,,False,False,0,0,,23.6
977,Initial encounter for Mid chest pain and shortness of breath for the last 2-3 days.,0x1b2d26000,0x1b2d26000,known@0x1b2d26000,2,True,False,,LOC_SUCCESS,,False,False,0,0,,19.9
983,"COVID-19 positive, fever and shortness of breath",0x1b2df7000,0x1b2df7000,known@0x1b2df7000,2,True,False,,LOC_SUCCESS,,False,False,0,0,,21.4
984,Cough. Leukocytosis.,0x1b2ea1000,0x1b2ea1000,known@0x1b2ea1000,2,True,False,,LOC_SUCCESS,,False,False,0,0,,32.4
985,Hypoxia. Status post MVA.,0x1b2b55000,0x1b2b55000,known@0x1b2b55000,2,True,False,,LOC_SUCCESS,,False,False,0,0,,20.0
986,Shortness of breath. COPD. The patient smokes 1.5 packs per day of cigarettes.,0x1b2c1e000,0x1b2c1f000,known@0x1b2c1f000,1,True,False,,LOC_SUCCESS,,False,False,0,0,,21.0
987,Cough and congestion for 1 month. Left-sided chest pain. Initial encounter.,0x1b3467000,0x1b3467000,known@0x1b3467000,1,True,False,,LOC_SUCCESS,,False,False,0,0,,21.4
990,"Shortness of breath (SOB), shortness of air on exertion (SOA), right side chest pain, heartburn (HB).",0x1b29a7000,0x1b29a7000,known@0x1b29a7000,2,True,False,,LOC_SUCCESS,,False,False,0,0,,21.2
991,Hypoxia.,0x1b2a4b000,0x1b2a4b000,known@0x1b2a4b000,2,True,False,,LOC_SUCCESS,,False,False,0,0,,23.9
992,Bowel obstruction. PICC line placement.,0x1b2aab000,0x1b2aab000,known@0x1b2aab000,1,True,False,,LOC_SUCCESS,,False,False,0,0,,21.3
993,Difficulty breathing with chest pain.,0x1b277a000,0x1b277b000,known@0x1b277b000,1,True,False,,LOC_SUCCESS,,False,False,0,0,,23.3
995,86-year-old male with shortness of breath and fever.,0x19ac45000,0x19ac45000,known@0x19ac45000,10,True,False,,LOC_SUCCESS,,False,False,0,0,,26.7
997,"VQ Scan ordered, Shortness of breath",0x19acb8000,0x19acb8000,known@0x19acb8000,1,True,False,,LOC_SUCCESS,,False,False,0,0,,20.0
998,Internal jugular catheter placement.,0x19ad11000,0x19ad11000,known@0x19ad11000,1,True,False,,LOC_SUCCESS,,False,False,0,0,,21.5
999,Right-sided chest pain for 4 days; history of smoking.,0x19ad69000,0x19ad69000,known@0x19ad69000,1,True,False,,LOC_SUCCESS,,False,False,0,0,,19.8
1002,"Shortness of breath, nausea, possible aspiration",0x19a284000,0x19a284000,known@0x19a284000,3,True,False,,LOC_SUCCESS,,False,False,0,0,,31.9
1003,Hemoptysis and shortness of breath.,0x19a32b000,0x19a32b000,known@0x19a32b000,2,True,False,,LOC_SUCCESS,,False,False,0,0,,18.7
1007,"Chest pain, nausea, alcohol dependence, recent attempt at detoxification",0x19a3d8000,0x19a3d8000,known@0x19a3d8000,2,True,False,,LOC_SUCCESS,,False,False,0,0,,24.0
1009,Cough and fever to 105 degrees,0x199c1c000,0x199c1c000,known@0x199c1c000,1,True,False,,LOC_SUCCESS,,False,False,0,0,,20.5
1015,"43-year-old female postop day 1 exploratory laparotomy. Pelvic hemorrhage status post hysterectomy, status post coil embolization right uterine artery. Respiratory failure. Initial encounter.",0x1b2d0c000,0x1b2d0c000,known@0x1b2d0c000,3,True,False,,LOC_SUCCESS,,False,False,0,0,,21.2
1016,Follow-up of right-sided pneumothorax.,0x199d72000,0x199d72000,known@0x199d72000,2,True,False,,LOC_SUCCESS,,False,False,0,0,,20.7
1017,Chest discomfort and pressure for the past 2 days. Shortness of breath.,0x199e65000,0x199e65000,known@0x199e65000,2,True,False,,LOC_SUCCESS,,False,False,0,0,,21.6
1018,Follow-up pneumonia. Subsequent encounter.,0x199efb000,0x199efb000,known@0x199efb000,3,True,False,,LOC_SUCCESS,,False,False,0,0,,22.0
1021,"Shortness of breath, pulmonary edema",0x199f57000,0x199f57000,known@0x199f57000,1,True,False,,LOC_SUCCESS,,False,False,0,0,,20.0
1022,Status post peripherally inserted central catheter (PICC) central line placement,0x199008000,0x199008000,known@0x199008000,4,True,False,,LOC_SUCCESS,,False,False,0,0,,21.3
1024,"cough, fever. Patient's mother states a cough since Jojima.",0x19904e000,0x19904e000,known@0x19904e000,1,True,False,,LOC_SUCCESS,,False,False,0,0,,19.2
1025,Right PICC line reposition.,0x199102000,0x199102000,known@0x199102000,2,True,False,,LOC_SUCCESS,,False,False,0,0,,21.8
1026,Fever. Intermittent fever for 1 month. Cough. Initial encounter.,0x19914f000,0x19914f000,known@0x19914f000,1,True,False,,LOC_SUCCESS,,False,False,0,0,,33.5
1029,Cough. Chest discomfort. Former smoker.,0x1991aa000,0x1991aa000,known@0x1991aa000,2,True,False,,LOC_SUCCESS,,False,False,0,0,,19.6
1031,"Initial evaluation for chest pain, patient unable to give history",0x199272000,0x199272000,known@0x199272000,2,True,False,,LOC_SUCCESS,,False,False,0,0,,21.8
1032,"Fall, right lower rib pain.",0x1992c9000,0x1992c9000,known@0x1992c9000,1,True,False,,LOC_SUCCESS,,False,False,0,0,,18.6
1033,"Shortness of breath with exertion, status post left VATS and talc pleurodesis",0x199323000,0x199323000,known@0x199323000,1,True,False,,LOC_SUCCESS,,False,False,0,0,,20.9
1035,Respiratory distress of newborn.,0x19934e000,None,FAIL,40,None,False,,LOC_FAIL,,,,0,0,,
1037,Fever. Cough.,0x1b4000000,0x1b4000000,known@0x1b4000000,2,True,False,,LOC_SUCCESS,,False,False,0,0,,20.1
1038,Cough and congestion for several months with hemoptysis,0x1b409b000,0x1b409b000,known@0x1b409b000,1,True,False,,LOC_SUCCESS,,False,False,0,0,,20.9
1041,"Shortness of breath, cough, smoker, COPD",0x1b4320000,0x1b4321000,known@0x1b4321000,1,True,False,,LOC_SUCCESS,,False,False,0,0,,34.5
1043,"Initial evaluation for acute cough, difficulty breathing.",0x1b4380000,0x1b4380000,known@0x1b4380000,1,True,False,,LOC_SUCCESS,,False,False,0,0,,18.3
1047,Cough fever and wheezing,0x1b43e8000,0x1b43e8000,known@0x1b43e8000,1,True,False,,LOC_SUCCESS,,False,False,0,0,,21.4
1048,Rule out diaphragmatic hernia. Respiratory distress and distended abdomen,0x1b481f000,0x1b481f000,known@0x1b481f000,1,True,False,,LOC_SUCCESS,,False,False,0,0,,19.4
1049,Visit reason: Cough h/o pna;,0x1b48b7000,0x1b48b7000,known@0x1b48b7000,2,True,False,,LOC_SUCCESS,,False,False,0,0,,22.2
1050,Nonproductive cough for shortness of breath.,0x1b4965000,0x1b4965000,known@0x1b4965000,2,True,False,,LOC_SUCCESS,,False,False,0,0,,18.9
1053,"17 m/o F; cough, runny nose, fever.",0x1b49b7000,0x1b49b7000,known@0x1b49b7000,1,True,False,,LOC_SUCCESS,,False,False,0,0,,18.9
1055,Shortness of breath. CABG.,0x1b4a5d000,0x1b4a5d000,known@0x1b4a5d000,2,True,False,,LOC_SUCCESS,,False,False,0,0,,22.5
1057,"Shortness of breath today, history hypertension, COPD",0x1b4b02000,0x1b4b02000,known@0x1b4b02000,2,True,False,,LOC_SUCCESS,,False,False,0,0,,20.4
1062,"Fall, chest pain",0x1b4bd2000,0x1b4bd2000,known@0x1b4bd2000,2,True,False,,LOC_SUCCESS,,False,False,0,0,,22.5
1064,Cough and congestion 3 days.,0x1b4cb1000,0x1b4cb2000,known@0x1b4cb2000,8,True,False,,LOC_SUCCESS,,False,False,0,0,,25.3
1067,Central line placement. Ventilator dependent respiratory failure.,0x1b4d06000,0x1b4d06000,known@0x1b4d06000,1,True,False,,LOC_SUCCESS,,False,False,0,0,,21.2
1068,Shortness of breath. Smoking history. Cough.,0x1b4d63000,0x1b4d63000,known@0x1b4d63000,1,True,False,,LOC_SUCCESS,,False,False,0,0,,18.8
1069,Fall today with left posterior rib pain,0x1b4e48000,0x1b4e49000,known@0x1b4e49000,1,True,False,,LOC_SUCCESS,,False,False,0,0,,30.7
1070,"Hypertension, sharp stabbing mid chest pain, tobacco abuse",0x1b4f20000,None,FAIL,40,None,False,,LOC_FAIL,,,,0,0,,
1071,Weakness. Short of breath. Hypertension. Asthma. COPD. Left renal pelvic tumor.,0x1b5794000,0x1b5799000,known@0x1b5799000,1,True,False,,LOC_SUCCESS,,False,False,0,0,,23.8
1074,PICC,0x19b87f000,0x19b87f000,known@0x19b87f000,2,True,False,,LOC_SUCCESS,,False,False,0,0,,22.0
1075,History of CABG,0x19b77d000,0x19b77e000,known@0x19b77e000,1,True,False,,LOC_SUCCESS,,False,False,0,0,,21.4
1076,Acute onset of shortness of breath. Initial encounter.,0x19c450000,0x19c450000,known@0x19c450000,2,True,False,,LOC_SUCCESS,,False,False,0,0,,21.3
1077,"Hypertension, headache",0x19c4fe000,0x19c4fe000,known@0x19c4fe000,2,True,False,,LOC_SUCCESS,,False,False,0,0,,21.5
1078,Shortness of breath and left chest pain; lung cancer,0x19c55a000,0x19c55a000,known@0x19c55a000,3,True,False,,LOC_SUCCESS,,False,False,0,0,,32.7
1083,Left rib pain after MVA,0x1b4cb3000,0x1b4cb3000,known@0x1b4cb3000,1,True,False,,LOC_SUCCESS,,False,False,0,0,,21.2
1085,"Pulmonary hypertension, shortness of breath, pre VQ scan",0x19c65d000,0x19c65d000,known@0x19c65d000,2,True,False,,LOC_SUCCESS,,False,False,0,0,,22.8
1087,"Chest pain, tachycardia",0x19c70d000,0x19c70d000,known@0x19c70d000,1,True,False,,LOC_SUCCESS,,False,False,0,0,,23.0
1088,"Cough, congestion and low grade fever for the past 3 weeks.",0x19c7d7000,0x19c7d8000,known@0x19c7d8000,1,True,False,,LOC_SUCCESS,,False,False,0,0,,22.5
1090,"Cough and congestion for 1 month, negative COVID testing last week, history of heart murmur",0x19c8a5000,0x19c8a5000,known@0x19c8a5000,1,True,False,,LOC_SUCCESS,,False,False,0,0,,19.4
1092,"Acute onset of lower extremity swelling, numbness and tingling. Shortness of breath, wheezing and cough.",0x19c96b000,0x19c96b000,known@0x19c96b000,1,True,False,,LOC_SUCCESS,,False,False,0,0,,21.8
1095,Acute onset of generalized chest pain and syncope. Initial encounter.,0x19ca59000,0x19ca59000,known@0x19ca59000,1,True,False,,LOC_SUCCESS,,False,False,0,0,,22.9
1096,"Cough, shortness of breath, and headache. COVID-19 positive.",0x19cb1e000,0x19cb1e000,known@0x19cb1e000,2,True,False,,LOC_SUCCESS,,False,False,0,0,,20.7
1097,"Cough for 1 day, hypoxia, history hypertension, type II diabetes mellitus",0x19cbad000,0x19cbad000,known@0x19cbad000,1,True,False,,LOC_SUCCESS,,False,False,0,0,,18.8
1098,Nausea and chest pain,0x1b71d2000,None,FAIL,40,None,False,,LOC_FAIL,,,,0,0,,
1099,"Acute MI, PICC line reposition.",0x1b7229000,0x1b7229000,known@0x1b7229000,1,True,False,,LOC_SUCCESS,,False,False,0,0,,19.0
1103,Weakness. Status post carotid endarterectomy.,0x1b72cc000,0x1b72cc000,known@0x1b72cc000,2,True,False,,LOC_SUCCESS,,False,False,0,0,,23.4
1105,chest pain,0x1b7013000,0x1b7013000,known@0x1b7013000,3,True,False,,LOC_SUCCESS,,False,False,0,0,,22.3
1106,"weakness, short of breath",0x1b7089000,None,FAIL,40,None,False,,LOC_FAIL,,,,0,0,,
1107,Low O2 sats. Hypoxia.,0x1b70b3000,0x1b70b3000,known@0x1b70b3000,2,True,False,,LOC_SUCCESS,,False,False,0,0,,30.4
1110,Increased shortness of breath,0x1b6dd6000,0x1b6dd6000,known@0x1b6dd6000,2,True,False,,LOC_SUCCESS,,False,False,0,0,,22.5
1111,"Coughing, congestion",0x1b6e1d000,0x1b6e1d000,known@0x1b6e1d000,1,True,False,,LOC_SUCCESS,,False,False,0,0,,21.2
1112,Chest pain. Cough. Sweating.,0x1b6f28000,0x1b6f29000,known@0x1b6f29000,2,True,False,,LOC_SUCCESS,,False,False,0,0,,21.3
1113,"History of pneumonia, followup, COPD",0x1b6fc5000,0x1b6fc5000,known@0x1b6fc5000,2,True,False,,LOC_SUCCESS,,False,False,0,0,,20.8
1117,Lumbar wound infection. PICC line placement.,0x1b6c24000,0x1b6c24000,known@0x1b6c24000,1,True,False,,LOC_SUCCESS,,False,False,0,0,,19.6
1120,wheezing/short of breath.,0x1b6c80000,0x1b6c80000,known@0x1b6c80000,1,True,False,,LOC_SUCCESS,,False,False,0,0,,19.5
1121,Follow-up pneumonia.,0x1b6d54000,0x1b6d55000,known@0x1b6d55000,1,True,False,,LOC_SUCCESS,,False,False,0,0,,22.1
1122,Pneumonia. COVID-19.,0x1b69f1000,0x1b69f1000,known@0x1b69f1000,2,True,False,,LOC_SUCCESS,,False,False,0,0,,20.7
1123,"Shortness of breath for several days, history of pneumonia",0x1b6a95000,0x1b6a95000,known@0x1b6a95000,2,True,False,,LOC_SUCCESS,,False,False,0,0,,20.9
1125,"Chest pain, cough. Cough, Influenza A+, shortness of air.",0x1b6af2000,0x1b6af2000,known@0x1b6af2000,1,True,False,,LOC_SUCCESS,,False,False,0,0,,23.5
1126,Sepsis and respiratory failure.,0x1b6b9f000,0x1b6b9f000,known@0x1b6b9f000,2,True,False,,LOC_SUCCESS,,False,False,0,0,,21.5
1129,Follow-up of congestion and pleural effusion,0x1b680c000,0x1b680c000,known@0x1b680c000,1,True,False,,LOC_SUCCESS,,False,False,0,0,,20.4
1132,"Traumatic hemo pneumothorax with right-sided chest tube treatment, status post gunshot wound, smoker.",0x1b68ab000,0x1b68ab000,known@0x1b68ab000,2,True,False,,LOC_SUCCESS,,False,False,0,0,,20.2
1134,"Fever, cough, congestion.",0x1b68df000,0x1b68df000,known@0x1b68df000,1,True,False,,LOC_SUCCESS,,False,False,0,0,,20.1
1138,"Flu like symptoms, vomiting, weakness, shortness of breath, wheezing, productive cough, and dehydration for 2-3 days, history asthma",0x1b69a3000,0x1b69a3000,known@0x1b69a3000,2,True,False,,LOC_SUCCESS,,False,False,0,0,,22.5
1139,Unstable premature newborn. Follow-up RDS. On ventilator.,0x1b69ca000,0x1b69ca000,known@0x1b69ca000,1,True,False,,LOC_SUCCESS,,False,False,0,0,,19.6
1146,Chest pain and 28 weeks pregnant,0x19a691000,0x19a691000,known@0x19a691000,2,True,False,,LOC_SUCCESS,,False,False,0,0,,32.5
1147,Shortness of breath. Using his voice. Symptoms for 1 week. Productive cough.,0x19a75d000,0x19a75d000,known@0x19a75d000,1,True,False,,LOC_SUCCESS,,False,False,0,0,,23.2
1148,"In initial evaluation for acute chest pain, URI symptoms.",0x19a7b5000,0x19a7b5000,known@0x19a7b5000,1,True,False,,LOC_SUCCESS,,False,False,0,0,,19.1
1149,Shortness of breath. Sepsis.,0x19a461000,0x19a461000,known@0x19a461000,2,True,False,,LOC_SUCCESS,,False,False,0,0,,20.1
1151,Chest pain status post fall.,0x19a9c5000,0x19a9c5000,known@0x19a9c5000,4,True,False,,LOC_SUCCESS,,False,False,0,0,,22.5
1152,Shortness of breath. Respiratory distress. Patient unresponsive.,0x19b444000,0x19b444000,known@0x19b444000,2,True,False,,LOC_SUCCESS,,False,False,0,0,,22.5
1153,PICC placement.,0x19b4a0000,0x19b4a0000,known@0x19b4a0000,1,True,False,,LOC_SUCCESS,,False,False,0,0,,20.4
1162,Follow-up pneumonia/on ventilator.,0x19b4fe000,0x19b4fe000,known@0x19b4fe000,1,True,False,,LOC_SUCCESS,,False,False,0,0,,23.1
1166,Sharp mid and left-sided chest pain. Recent cardiac catheterization with diagnosis of pericarditis. Chills.,0x19c132000,0x19c132000,known@0x19c132000,2,True,False,,LOC_SUCCESS,,False,False,0,0,,21.1
1168,COPD. Shortness of breath.,0x19c183000,0x19c183000,known@0x19c183000,1,True,False,,LOC_SUCCESS,,False,False,0,0,,20.3
1169,Chest pain and shortness of breath.,0x19be22000,0x19be22000,known@0x19be22000,2,True,False,,LOC_SUCCESS,,False,False,0,0,,21.7
1171,Fever and altered mental status. Hypoxia.,0x19bec9000,0x19bec9000,known@0x19bec9000,2,True,False,,LOC_SUCCESS,,False,False,0,0,,24.8
1173,Shortness of breath. Hypoxia.,0x19bfb3000,0x19bfb4000,known@0x19bfb4000,1,True,False,,LOC_SUCCESS,,False,False,0,0,,20.5
1174,Respiratory failure with endotracheal tube,0x19b03e000,0x19b03e000,known@0x19b03e000,2,True,False,,LOC_SUCCESS,,False,False,0,0,,22.2
1175,Hypoxemia. Follow up pneumonia.,0x19b099000,0x19b099000,known@0x19b099000,1,True,False,,LOC_SUCCESS,,False,False,0,0,,20.9
1176,65-year-old male with acute respiratory failure.,0x19b14a000,0x19b14a000,known@0x19b14a000,2,True,False,,LOC_SUCCESS,,False,False,0,0,,32.9
1178,59-year-old male status post CABG. No current chest complaints.,0x19b230000,0x19b231000,known@0x19b231000,1,True,False,,LOC_SUCCESS,,False,False,0,0,,18.9
1182,50-year-old male with shortness of breath status post intubation.,0x19b2dc000,0x19b2dc000,known@0x19b2dc000,1,True,False,,LOC_SUCCESS,,False,False,0,0,,21.8
1183,Fall with rib pain. Pain in the left anterior ribs.,0x19b38c000,0x19b38c000,known@0x19b38c000,2,True,False,,LOC_SUCCESS,,False,False,0,0,,23.4
1187,Respiratory failure. Cardiac patient.,0x19b3e2000,0x19b3e2000,known@0x19b3e2000,1,True,False,,LOC_SUCCESS,,False,False,0,0,,19.6
1188,"Motor vehicle collision, anterior right rib pain",0x1b78a3000,0x1b78a3000,known@0x1b78a3000,2,True,False,,LOC_SUCCESS,,False,False,0,0,,22.1
1190,episodic shortness of breath,0x1b790a000,0x1b790a000,known@0x1b790a000,1,True,False,,LOC_SUCCESS,,False,False,0,0,,20.7
1191,"Cough, chest pain and fatigue for 2 days.",0x1b79af000,0x1b79af000,known@0x1b79af000,2,True,False,,LOC_SUCCESS,,False,False,0,0,,21.3
1192,Shortness of breath. Fever. Nausea and vomiting.,0x1b7a0b000,0x1b7a0b000,known@0x1b7a0b000,1,True,False,,LOC_SUCCESS,,False,False,0,0,,18.3
1195,"Fever, cough. Shortness of breath. Fever of 101. Congestion.",0x1b7a49000,None,FAIL,40,None,False,,LOC_FAIL,,,,0,0,,
1196,Shortness of breath and fatigue. Dry cough.,0x1b7b0e000,0x1b7b0e000,known@0x1b7b0e000,2,True,False,,LOC_SUCCESS,,False,False,0,0,,21.2
1197,Shortness of breath with black stools,0x1b7bb2000,0x1b7bb2000,known@0x1b7bb2000,2,True,False,,LOC_SUCCESS,,False,False,0,0,,23.8
1199,Central chest pain for 2 weeks.,0x1b7c7d000,0x1b7c7d000,known@0x1b7c7d000,2,True,False,,LOC_SUCCESS,,False,False,0,0,,18.2
1200,Acute onset of hypoxia and shortness of breath. Initial encounter.,0x1b7d31000,0x1b7d31000,known@0x1b7d31000,2,True,False,,LOC_SUCCESS,,False,False,0,0,,20.9
1206,Diverticulitis. Evaluate PICC line placement.,0x1b7d8a000,0x1b7d8a000,known@0x1b7d8a000,1,True,False,,LOC_SUCCESS,,False,False,0,0,,22.1
1207,Left-sided chest pain after motor vehicle accident,0x1b7e3b000,0x1b7e3b000,known@0x1b7e3b000,2,True,False,,LOC_SUCCESS,,False,False,0,0,,22.5
1210,"Shortness of breath for 4 days, initial encounter",0x1b7eeb000,0x1b7eeb000,known@0x1b7eeb000,2,True,False,,LOC_SUCCESS,,False,False,0,0,,23.3
1211,Preop lung mass. Short of breath. Chest pain.,0x1b7f53000,0x1b7f53000,known@0x1b7f53000,9,True,False,,LOC_SUCCESS,,False,False,0,0,,23.2
1213,Urinary tract infection. Hypertension.,0x1b7ffc000,0x1b7ffc000,known@0x1b7ffc000,2,True,False,,LOC_SUCCESS,,False,False,0,0,,34.4
1215,"Chest pain. Weakness. Left knee laceration. Initial encounter. Per patient, no memory of falling but knee laceration.",0x1b8a80000,0x1b8a80000,known@0x1b8a80000,2,True,False,,LOC_SUCCESS,,False,False,0,0,,22.8
1216,Cough. Sore throat.,0x1b8c82000,0x1b8c82000,known@0x1b8c82000,1,True,False,,LOC_SUCCESS,,False,False,0,0,,19.1
1217,Weakness and abdominal pain.,0x1b8c4a000,0x1b8c4a000,known@0x1b8c4a000,1,True,False,,LOC_SUCCESS,,False,False,0,0,,21.3
1218,"COVID-19 positive, hypoxia, O2 requirement",0x1ba45e000,0x1ba45e000,known@0x1ba45e000,2,True,False,,LOC_SUCCESS,,False,False,0,0,,22.7
1220,Shortness of breath and abdominal pain.,0x1ba1eb000,0x1ba1eb000,known@0x1ba1eb000,2,True,False,,LOC_SUCCESS,,False,False,0,0,,19.5
1221,Chest pain. Portable chest film demonstrated possible right pulmonary nodule versus nipple shadow. Two view study is now repeated with nipple markers.,0x1ba247000,0x1ba247000,known@0x1ba247000,1,True,False,,LOC_SUCCESS,,False,False,0,0,,23.1
1223,The chest pain intermittently for 1 week.,0x1ba309000,0x1ba309000,known@0x1ba309000,2,True,False,,LOC_SUCCESS,,False,False,0,0,,22.9
1224,Shortness of Air,0x1b9faf000,0x1b9fb0000,known@0x1b9fb0000,1,True,False,,LOC_SUCCESS,,False,False,0,0,,21.1
1227,Fever. Loss of taste and smell.,0x1ba05e000,0x1ba05e000,known@0x1ba05e000,2,True,False,,LOC_SUCCESS,,False,False,0,0,,22.0
1231,Shortness of breath and chest pain.,0x1ba0b8000,0x1ba0b8000,known@0x1ba0b8000,1,True,False,,LOC_SUCCESS,,False,False,0,0,,20.0
1234,Chest pain. Diabetes. Hypertension. Coronary artery disease.,0x19a1ce000,0x19a1ce000,known@0x19a1ce000,2,True,False,,LOC_SUCCESS,,False,False,0,0,,19.9
1238,Suspected COVID-19. Sore throat for 4 days. Cough. Chills.,0x196c58000,0x196c58000,known@0x196c58000,1,True,False,,LOC_SUCCESS,,False,False,0,0,,20.1
1239,Weakness and cough.,0x196ca8000,0x196ca8000,known@0x196ca8000,1,True,False,,LOC_SUCCESS,,False,False,0,0,,23.5
1241,"Hypoxia, cough",0x196cfb000,0x196cfb000,known@0x196cfb000,3,True,False,,LOC_SUCCESS,,False,False,0,0,,19.8
1242,Shortness of breath. COPD. Follow-up upper right apical disease. Abnormal chest x-ray.,0x19bbf6000,0x19bbf7000,known@0x19bbf7000,2,True,False,,LOC_SUCCESS,,False,False,0,0,,34.2
1244,"SOB. Post operative Left IM nail. Hx PNA, HTN, COPD.",0x1b3a7a000,0x1b3a7a000,known@0x1b3a7a000,2,True,False,,LOC_SUCCESS,,False,False,0,0,,22.8
1246,Shortness of breath and chest tightness,0x1b3b6d000,0x1b3b6e000,known@0x1b3b6e000,9,True,False,,LOC_SUCCESS,,False,False,0,0,,26.6
1247,"Chest pain, coughing. Short of breath for four days.",0x1b3bdd000,0x1b3bdd000,known@0x1b3bdd000,1,True,False,,LOC_SUCCESS,,False,False,0,0,,19.1
1253,"Dyspnea, COVID-19, diabetes mellitus",0x1b248a000,0x1b248a000,known@0x1b248a000,2,True,False,,LOC_SUCCESS,,False,False,0,0,,19.7
1255,Weakness.,0x1b251b000,0x1b251b000,known@0x1b251b000,2,True,False,,LOC_SUCCESS,,False,False,0,0,,23.7
1257,"MVC passenger, right-sided neck pain and shoulder pain. Right anterior lower rib pain. Rib pain marked by a BB.",0x1b25eb000,0x1b25ec000,known@0x1b25ec000,1,True,False,,LOC_SUCCESS,,False,False,0,0,,19.9
1260,Chest pain and shortness of breath for 1 day,0x1bb6d0000,0x1bb6d1000,known@0x1bb6d1000,2,True,False,,LOC_SUCCESS,,False,False,0,0,,22.0
1261,"INCREASING SOA X 5-6 MONTHS. MUCH WORSE RECENTLY. EXTENSIVE CARDIAC HISTORY INCLUDING MULTIPLE CABG, VALVE REPLACEMENTS, STENTS.",0x1bb72b000,0x1bb72b000,known@0x1bb72b000,1,True,False,,LOC_SUCCESS,,False,False,0,0,,21.6
1266,Cough and anemia,0x1bb7df000,0x1bb7df000,known@0x1bb7df000,2,True,False,,LOC_SUCCESS,,False,False,0,0,,21.7
1267,Initial evaluation for acute shortness of breath and chest pain.,0x1bbc8c000,0x1bbc8c000,known@0x1bbc8c000,2,True,False,,LOC_SUCCESS,,False,False,0,0,,22.2
1269,Cough. Upper back pain.,0x1bbcde000,0x1bbcde000,known@0x1bbcde000,1,True,False,,LOC_SUCCESS,,False,False,0,0,,34.4
1272,Chronic respiratory failure with hypoxia.,0x1bbd86000,0x1bbd86000,known@0x1bbd86000,2,True,False,,LOC_SUCCESS,,False,False,0,0,,22.0
1273,Aspiration. Hypertension.,0x1bbe1a000,0x1bbe1a000,known@0x1bbe1a000,2,True,False,,LOC_SUCCESS,,False,False,0,0,,19.8
1274,Shortness of breath for 3 days. History of bilateral pulmonary embolism.,0x1bbec5000,0x1bbec5000,known@0x1bbec5000,2,True,False,,LOC_SUCCESS,,False,False,0,0,,22.6
1275,62-year-old male with respiratory failure.,0x1bbf18000,0x1bbf18000,known@0x1bbf18000,1,True,False,,LOC_SUCCESS,,False,False,0,0,,21.9
1277,Respiratory failure. Status post surgery for left renal mass.,0x1bbf6b000,0x1bbf6b000,known@0x1bbf6b000,1,True,False,,LOC_SUCCESS,,False,False,0,0,,22.0
1278,"Intubated patient, cardiac arrest, pneumonia. Current smoker.",0x1bc019000,0x1bc019000,known@0x1bc019000,2,True,False,,LOC_SUCCESS,,False,False,0,0,,22.2
1284,Cough. Asthma.,0x1bc0a4000,0x1bc0a4000,known@0x1bc0a4000,2,True,False,,LOC_SUCCESS,,False,False,0,0,,21.0
1286,Cough and cold symptoms.,0x1bc135000,0x1bc135000,known@0x1bc135000,2,True,False,,LOC_SUCCESS,,False,False,0,0,,21.5
1290,"Shortness of breath, cough, evaluate effusion",0x1bc1d5000,0x1bc1d5000,known@0x1bc1d5000,2,True,False,,LOC_SUCCESS,,False,False,0,0,,22.5
1293,Shortness of breath and wheezing. COPD. Arrhythmia.,0x1bc22b000,0x1bc22b000,known@0x1bc22b000,1,True,False,,LOC_SUCCESS,,False,False,0,0,,19.4
1294,Chest pain. Cough. COPD.,0x1bc28c000,0x1bc28c000,known@0x1bc28c000,1,True,False,,LOC_SUCCESS,,False,False,0,0,,20.9
1296,"Shortness of breath, weakness",0x1b7f57000,0x1b7f57000,known@0x1b7f57000,2,True,False,,LOC_SUCCESS,,False,False,0,0,,31.4
1300,Chest pain and dizziness.,0x1bc3bb000,0x1bc3bb000,known@0x1bc3bb000,2,True,False,,LOC_SUCCESS,,False,False,0,0,,22.5
1301,Acute respiratory failure. Asthma. Smoker.,0x1bc46c000,0x1bc46c000,known@0x1bc46c000,2,True,False,,LOC_SUCCESS,,False,False,0,0,,19.2
1302,Left pneumothorax follow-up.,0x1bc53c000,0x1bc53d000,known@0x1bc53d000,1,True,False,,LOC_SUCCESS,,False,False,0,0,,32.9
1303,Diaphoretic. Shortness of breath.,0x1bc5e8000,0x1bc5e8000,known@0x1bc5e8000,2,True,False,,LOC_SUCCESS,,False,False,0,0,,22.7
1304,"Post CABG, pleural effusion, shortness of breath",0x1bc6b4000,0x1bc6b5000,known@0x1bc6b5000,1,True,False,,LOC_SUCCESS,,False,False,0,0,,20.4
1305,Shortness of breath. Community acquired pneumonia,0x1bc75b000,0x1bc75b000,known@0x1bc75b000,2,True,False,,LOC_SUCCESS,,False,False,0,0,,23.4
1307,Hero catheter insertion for dialysis,0x1bc80a000,0x1bc80a000,known@0x1bc80a000,2,True,False,,LOC_SUCCESS,,False,False,0,0,,22.4
1309,"Acute right upper chest pain, palpitations for 2 days",0x1bc8be000,0x1bc8be000,known@0x1bc8be000,2,True,False,,LOC_SUCCESS,,False,False,0,0,,22.2
1310,Post CABG.,0x1bc93b000,0x1bc93b000,known@0x1bc93b000,2,True,False,,LOC_SUCCESS,,False,False,0,0,,21.2
1311,"Shortness of breath, chest pain",0x1bc9e6000,0x1bc9e6000,known@0x1bc9e6000,2,True,False,,LOC_SUCCESS,,False,False,0,0,,20.7
1313,"Fever, cough, coarse breath sounds",0x1bca2a000,None,FAIL,40,None,False,,LOC_FAIL,,,,0,0,,
1316,Followup pleural effusion. Shortness of breath.,0x1bc6b6000,0x1bc6b6000,known@0x1bc6b6000,1,True,False,,LOC_SUCCESS,,False,False,0,0,,20.5
1319,"Chest pain, tightness.",0x19ec96000,0x19ec96000,known@0x19ec96000,5,True,False,,LOC_SUCCESS,,False,False,0,0,,25.1
1320,Altered mental status. Decreased oxygen saturation. Short of breath.,0x19eceb000,0x19eceb000,known@0x19eceb000,1,True,False,,LOC_SUCCESS,,False,False,0,0,,21.1
1321,Severe chest pain for 30 minutes. Some shortness of breath. Ex-smoker.,0x19ed5d000,0x19ed5d000,known@0x19ed5d000,2,True,False,,LOC_SUCCESS,,False,False,0,0,,22.1
1322,"Chest pain, altered mental status",0x19edea000,0x19edea000,known@0x19edea000,2,True,False,,LOC_SUCCESS,,False,False,0,0,,19.9
1324,Right PICC placement.,0x1bd044000,0x1bd044000,known@0x1bd044000,9,True,False,,LOC_SUCCESS,,False,False,0,0,,23.8
1326,Shortness of breath. Pulmonary infiltrate.,0x1bd0c9000,0x1bd0c9000,known@0x1bd0c9000,1,True,False,,LOC_SUCCESS,,False,False,0,0,,22.2
1328,Follow-up basilar pneumonia.,0x1bd173000,0x1bd173000,known@0x1bd173000,2,True,False,,LOC_SUCCESS,,False,False,0,0,,34.1
1330,Respiratory distress. Overdose.,0x1bd228000,0x1bd228000,known@0x1bd228000,2,True,False,,LOC_SUCCESS,,False,False,0,0,,20.8
1333,Evaluate umbilical venous catheter placement,0x1bd252000,None,FAIL,40,None,False,,LOC_FAIL,,,,0,0,,
1334,Chest pain. Abdominal pain.,0x1bd3f5000,0x1bd3f6000,known@0x1bd3f6000,1,True,False,,LOC_SUCCESS,,False,False,0,0,,22.1
1336,Respiratory distress. Tube placement.,0x1bd4a1000,0x1bd4a1000,known@0x1bd4a1000,4,True,False,,LOC_SUCCESS,,False,False,0,0,,22.4
1338,"Respiratory distress, shortness of breath for 2 hours.",0x1bd536000,0x1bd536000,known@0x1bd536000,2,True,False,,LOC_SUCCESS,,False,False,0,0,,31.3
1339,"Right PICC line placement, brain abscess",0x1bd58c000,0x1bd58c000,known@0x1bd58c000,1,True,False,,LOC_SUCCESS,,False,False,0,0,,20.7
1340,Cough and syncope,0x1bd631000,0x1bd631000,known@0x1bd631000,2,True,False,,LOC_SUCCESS,,False,False,0,0,,22.8
1343,Cough fever possible aspiration from seizure. Prolonged seizure activity today. History of pacemaker. Patient is wearing an alert necklace in chest X-ray.,0x1bd68c000,0x1bd68c000,known@0x1bd68c000,1,True,False,,LOC_SUCCESS,,False,False,0,0,,20.6
1347,"chest pain with cough, shortness of breath",0x1bd701000,0x1bd701000,known@0x1bd701000,1,True,False,,LOC_SUCCESS,,False,False,0,0,,20.7
1348,"Short of breath, follow-up emphysema",0x1bd75a000,0x1bd75a000,known@0x1bd75a000,1,True,False,,LOC_SUCCESS,,False,False,0,0,,22.2
1352,"Chest pain, cough and congestion. History of asthma.",0x1bd7ae000,0x1bd7ae000,known@0x1bd7ae000,1,True,False,,LOC_SUCCESS,,False,False,0,0,,20.9
1355,Hypertensive emergency,0x1bd861000,0x1bd861000,known@0x1bd861000,2,True,False,,LOC_SUCCESS,,False,False,0,0,,22.6
1356,Cough and fever for 12 hr. Febrile seizure,0x1bd8c3000,0x1bd8c3000,known@0x1bd8c3000,1,True,False,,LOC_SUCCESS,,False,False,0,0,,21.8
1357,Right anterior rib pain. Trauma.,0x1bd91c000,0x1bd91c000,known@0x1bd91c000,1,True,False,,LOC_SUCCESS,,False,False,0,0,,20.8
1358,"Chest pain, epigastric pain, nausea",0x1bd9f3000,0x1bd9f4000,known@0x1bd9f4000,1,True,False,,LOC_SUCCESS,,False,False,0,0,,21.5
1361,Right-sided rib pain. No known injury.,0x1bdabb000,0x1bdabb000,known@0x1bdabb000,2,True,False,,LOC_SUCCESS,,False,False,0,0,,22.4
1364,Right rib pain,0x1bdb87000,0x1bdb88000,known@0x1bdb88000,1,True,False,,LOC_SUCCESS,,False,False,0,0,,23.3
1365,"Shortness of breath, swelling in the legs, atrial fibrillation",0x1bdd6e000,0x1bdd6f000,known@0x1bdd6f000,1,True,False,,LOC_SUCCESS,,False,False,0,0,,20.9
1366,Weakness. Altered mental status. Fever.,0x1bde0b000,0x1bde0b000,known@0x1bde0b000,2,True,False,,LOC_SUCCESS,,False,False,0,0,,19.7
1367,Respiratory failure. Sepsis.,0x1bdeb9000,0x1bdeb9000,known@0x1bdeb9000,2,True,False,,LOC_SUCCESS,,False,False,0,0,,23.2
1368,Hypoxemia. Altered mental status. Unresponsive.,0x1bdf0f000,0x1bdf0f000,known@0x1bdf0f000,1,True,False,,LOC_SUCCESS,,False,False,0,0,,17.6
1370,"Cough, hemoptysis",0x1bdff1000,0x1bdff1000,known@0x1bdff1000,2,True,False,,LOC_SUCCESS,,False,False,0,0,,22.6
1372,Nonproductive cough and shortness of breath for 4 months.,0x1be0ee000,0x1be0ef000,known@0x1be0ef000,2,True,False,,LOC_SUCCESS,,False,False,0,0,,34.3
1374,History of seizure. History of alcohol dependence. Coughing. Question of aspiration.,0x1be147000,0x1be147000,known@0x1be147000,1,True,False,,LOC_SUCCESS,,False,False,0,0,,20.2
1377,Centralized chest pain for 2 days.,0x1be234000,0x1be235000,known@0x1be235000,1,True,False,,LOC_SUCCESS,,False,False,0,0,,19.7
1381,Two day history of chest pain and back pain. Nausea and vomiting which began yesterday. Current history of hypertension.,0x1be286000,0x1be286000,known@0x1be286000,1,True,False,,LOC_SUCCESS,,False,False,0,0,,23.3
1382,Hypoxia. Recent bronchoscopy and biopsy.,0x1be32b000,0x1be32b000,known@0x1be32b000,2,True,False,,LOC_SUCCESS,,False,False,0,0,,23.7
1384,Chest pain. Left arm pain.,0x1be40b000,0x1be40c000,known@0x1be40c000,1,True,False,,LOC_SUCCESS,,False,False,0,0,,20.1
1385,"Productive cough, sinus congestion, and wheezing for 1 month. History of COPD. Smoker.",0x1be4fe000,0x1be4ff000,known@0x1be4ff000,1,True,False,,LOC_SUCCESS,,False,False,0,0,,21.9
1388,Status post bronchoscopy. Assess for pneumothorax.,0x1be546000,0x1be546000,known@0x1be546000,1,True,False,,LOC_SUCCESS,,False,False,0,0,,20.2
1389,"Atelectasis, previous CABG",0x1be5f8000,0x1be5f8000,known@0x1be5f8000,2,True,False,,LOC_SUCCESS,,False,False,0,0,,19.6
1391,"Stab wound to the left neck and chest, some shortness of breath",0x1be6ad000,0x1be6ad000,known@0x1be6ad000,2,True,False,,LOC_SUCCESS,,False,False,0,0,,21.0
1393,COPD wheezing and crackles,0x1be721000,0x1be721000,known@0x1be721000,1,True,False,,LOC_SUCCESS,,False,False,0,0,,22.4
1396,Chest pain. Cough.,0x1aa8bd000,0x1aa8bd000,known@0x1aa8bd000,4,True,False,,LOC_SUCCESS,,False,False,0,0,,23.7
1400,Cough and fever over the last several days.,0x1b619c000,0x1b619d000,known@0x1b619d000,1,True,False,,LOC_SUCCESS,,False,False,0,0,,21.7
1401,Syncope. Hypertension.,0x1be88c000,0x1be88d000,known@0x1be88d000,1,True,False,,LOC_SUCCESS,,False,False,0,0,,21.3
1404,"Fever, shortness of breath",0x1be8ec000,0x1be8ec000,known@0x1be8ec000,1,True,False,,LOC_SUCCESS,,False,False,0,0,,19.1
1408,Followup left pneumothorax. Status post left diaphragmatic hernia repair.,0x1be942000,0x1be942000,known@0x1be942000,1,True,False,,LOC_SUCCESS,,False,False,0,0,,20.8
1415,"82 year old with atrial fibrillation, shortness of breath, and cough.",0x1be98e000,0x1be98e000,known@0x1be98e000,1,True,False,,LOC_SUCCESS,,False,False,0,0,,19.6
1417,Follow-up CHF.,0x1bea3c000,0x1bea3c000,known@0x1bea3c000,2,True,False,,LOC_SUCCESS,,False,False,0,0,,21.1
1424,"Status post motor vehicle collision, with chest pain.",0x1beaa6000,0x1beaa6000,known@0x1beaa6000,1,True,False,,LOC_SUCCESS,,False,False,0,0,,34.0
1425,Confusion. Fever. Nausea and vomiting.,0x1beaff000,0x1beaff000,known@0x1beaff000,1,True,False,,LOC_SUCCESS,,False,False,0,0,,22.5
1428,Cough and wheezing since Sunday. Congestion started Monday.,0x1beb97000,0x1beb97000,known@0x1beb97000,2,True,False,,LOC_SUCCESS,,False,False,0,0,,20.8
1429,"new arrhythmia and chest pain, covid a month ago",0x1bf044000,0x1bf044000,known@0x1bf044000,2,True,False,,LOC_SUCCESS,,False,False,0,0,,22.4
1431,Difficulty breathing and shortness of breath.,0x1bf0f2000,0x1bf0f2000,known@0x1bf0f2000,2,True,False,,LOC_SUCCESS,,False,False,0,0,,21.6
1433,"Tube, catheter placement.",0x1bf150000,None,FAIL,40,None,False,,LOC_FAIL,,,,0,0,,
1434,Fall with RIGHT chest pain.,0x1bf165000,0x1bf165000,known@0x1bf165000,2,True,False,,LOC_SUCCESS,,False,False,0,0,,21.7
1437,"SOB, weakness, wheezing",0x1bf28a000,0x1bf28a000,known@0x1bf28a000,2,True,False,,LOC_SUCCESS,,False,False,0,0,,34.9
1438,Pneumonia. Chest pain.,0x1bf303000,0x1bf303000,known@0x1bf303000,1,True,False,,LOC_SUCCESS,,False,False,0,0,,23.6
1441,Motor vehicle collision with liver laceration. Follow-up chest.,0x1bf34e000,0x1bf34e000,known@0x1bf34e000,1,True,False,,LOC_SUCCESS,,False,False,0,0,,19.5
1442,"Wheezing, cough, fever",0x1bf3a5000,0x1bf3a5000,known@0x1bf3a5000,1,True,False,,LOC_SUCCESS,,False,False,0,0,,19.2
1444,Acute shortness of breath.,0x1bf458000,0x1bf458000,known@0x1bf458000,2,True,False,,LOC_SUCCESS,,False,False,0,0,,21.3
1448,sudden shortness of breath,0x1bf4c7000,0x1bf4c7000,known@0x1bf4c7000,1,True,False,,LOC_SUCCESS,,False,False,0,0,,19.8
1449,Shortness of breath. End-stage renal disease.,0x1bf526000,0x1bf526000,known@0x1bf526000,1,True,False,,LOC_SUCCESS,,False,False,0,0,,20.6
1450,78-year-old male with fever. Known exposure to COVID-19.,0x1bf5cc000,0x1bf5cc000,known@0x1bf5cc000,2,True,False,,LOC_SUCCESS,,False,False,0,0,,23.8
1453,Patient states he tested positive for COVID last week and this morning he woke up and felt short of breath.,0x1bf6a4000,0x1bf6a5000,known@0x1bf6a5000,1,True,False,,LOC_SUCCESS,,False,False,0,0,,18.3
1455,Allergic reaction to peanuts tonight. Shortness of breath. Throat swelling.,0x1bf747000,0x1bf747000,known@0x1bf747000,2,True,False,,LOC_SUCCESS,,False,False,0,0,,22.5
1456,Cough. Low grade fever.,0x1bf7d3000,0x1bf7d3000,known@0x1bf7d3000,2,True,False,,LOC_SUCCESS,,False,False,0,0,,21.0
1458,COVID-19.,0x1bf85d000,0x1bf85d000,known@0x1bf85d000,1,True,False,,LOC_SUCCESS,,False,False,0,0,,21.5
1461,"Shortness of breath, wheezing, and productive cough",0x1bf917000,0x1bf917000,known@0x1bf917000,2,True,False,,LOC_SUCCESS,,False,False,0,0,,20.0
1462,Pneumothorax. Difficult intubation. Evaluate for infiltrate. Postoperative chest pain.,0x1bf9a5000,0x1bf9a5000,known@0x1bf9a5000,10,True,False,,LOC_SUCCESS,,False,False,0,0,,37.1
1464,46 year old with chest pain.,0x1bfa0a000,0x1bfa0a000,known@0x1bfa0a000,1,True,False,,LOC_SUCCESS,,False,False,0,0,,19.7
1465,Motor vehicle accident. Chest pain,0x1bfad1000,0x1bfad2000,known@0x1bfad2000,1,True,False,,LOC_SUCCESS,,False,False,0,0,,22.5
1467,"Respiratory failure acute encephalopathy, history of diabetes.",0x1bfb82000,0x1bfb82000,known@0x1bfb82000,2,True,False,,LOC_SUCCESS,,False,False,0,0,,21.3
1471,Right arm PICC line placement.,0x1bfc2a000,0x1bfc2a000,known@0x1bfc2a000,2,True,False,,LOC_SUCCESS,,False,False,0,0,,20.1
1472,"Hypotension, COPD",0x1bfc95000,0x1bfc95000,known@0x1bfc95000,1,True,False,,LOC_SUCCESS,,False,False,0,0,,18.7
1473,"Preoperative examination prior heart catheterization on September 2nd, history of previous MI and left ventricular thrombus, previous tobacco use, history of vocal cord malignancy.",0x1bfd85000,0x1bfd86000,known@0x1bfd86000,1,True,False,,LOC_SUCCESS,,False,False,0,0,,21.4
1474,Apparent allergic reaction. Shortness of breath.,0x1bfe2a000,0x1bfe2a000,known@0x1bfe2a000,2,True,False,,LOC_SUCCESS,,False,False,0,0,,20.7
1475,Visit reason: Cough and fever;,0x1bfec7000,0x1bfec7000,known@0x1bfec7000,2,True,False,,LOC_SUCCESS,,False,False,0,0,,22.5
1476,Chest congestion and productive cough for 1 month; shortness of breath and body aches; smoker,0x1bf9a7000,0x1bf9a8000,known@0x1bf9a8000,1,True,False,,LOC_SUCCESS,,False,False,0,0,,21.6
1478,shortness of breath-pt in Kinley,0x1c001d000,0x1c001d000,known@0x1c001d000,1,True,False,,LOC_SUCCESS,,False,False,0,0,,22.5
1479,"Pneumonia. Cough, smoker.",0x1c00cf000,0x1c00cf000,known@0x1c00cf000,2,True,False,,LOC_SUCCESS,,False,False,0,0,,21.0
1485,"One day history of left-sided lower anterior rib pain, status post injury when slipping and falling while pushing a below low are.",0x1c01a8000,0x1c01a8000,known@0x1c01a8000,2,True,False,,LOC_SUCCESS,,False,False,0,0,,19.4
1486,"Left lower lobe pneumonia, congestive heart failure, shortness of breath.",0x1ae2cf000,0x1ae2cf000,known@0x1ae2cf000,5,True,False,,LOC_SUCCESS,,False,False,0,0,,35.6
1488,"Chest pain, congestion, cough, vomiting for several weeks. History of asthma. The patient is a smoker.",0x1ae338000,0x1ae338000,known@0x1ae338000,1,True,False,,LOC_SUCCESS,,False,False,0,0,,18.3
1489,Respiratory distress of newborn,0x1ae360000,None,FAIL,40,None,False,,LOC_FAIL,,,,0,0,,
1493,COVID-19 yesterday with fever for 5 days.,0x1ae392000,None,FAIL,40,None,False,,LOC_FAIL,,,,0,0,,
1494,"Shortness of breath, cough, evaluate for pneumonia",0x1c024a000,0x1c024a000,known@0x1c024a000,2,True,False,,LOC_SUCCESS,,False,False,0,0,,19.1
1497,Acute respiratory failure. History of lung cancer.,0x1c02fd000,0x1c02fd000,known@0x1c02fd000,2,True,False,,LOC_SUCCESS,,False,False,0,0,,19.1
1500,Fever and cough. Diminished breath sounds on the right.,0x1c0359000,0x1c0359000,known@0x1c0359000,1,True,False,,LOC_SUCCESS,,False,False,0,0,,19.4
1503,Confusion and dizziness. Hypertension.,0x1c03ff000,0x1c03ff000,known@0x1c03ff000,1,True,False,,LOC_SUCCESS,,False,False,0,0,,19.7
1504,Fever with shortness of breath. COVID-19 infection.,0x1c04a1000,0x1c04a1000,known@0x1c04a1000,2,True,False,,LOC_SUCCESS,,False,False,0,0,,22.7
1505,Central line placement. Hypoxemic respiratory failure.,0x1c054c000,0x1c054c000,known@0x1c054c000,2,True,False,,LOC_SUCCESS,,False,False,0,0,,21.3
1506,Fever. Recent drain removal.,0x1c079f000,0x1c07a0000,known@0x1c07a0000,2,True,False,,LOC_SUCCESS,,False,False,0,0,,30.1
1511,"CABG 3 days ago, bilateral atelectasis",0x1c084c000,0x1c084c000,known@0x1c084c000,2,True,False,,LOC_SUCCESS,,False,False,0,0,,22.1
1513,Cough for 3 weeks.,0x1c08d9000,0x1c08d9000,known@0x1c08d9000,1,True,False,,LOC_SUCCESS,,False,False,0,0,,20.9
1515,Acute onset of respiratory failure. Initial encounter.,0x1c0989000,0x1c0989000,known@0x1c0989000,2,True,False,,LOC_SUCCESS,,False,False,0,0,,21.6
1520,"Fever, cough, for 2 days",0x1c09bb000,0x1c09bb000,known@0x1c09bb000,1,True,False,,LOC_SUCCESS,,False,False,0,0,,31.3
1522,Respiratory distress syndrome in the newborn. Repositioning of endotracheal tube.,0x1c09ea000,None,FAIL,40,None,False,,LOC_FAIL,,,,0,0,,
1523,"Productive cough, sneezing for 2 weeks",0x1c0a9a000,0x1c0a9b000,known@0x1c0a9b000,1,True,False,,LOC_SUCCESS,,False,False,0,0,,19.9
1525,Increase shortness of breath. Respiratory failure.,0x1c0b5f000,0x1c0b5f000,known@0x1c0b5f000,2,True,False,,LOC_SUCCESS,,False,False,0,0,,20.6
1526,Fever. Cough and congestion.,0x1c0b9d000,0x1c0b9d000,known@0x1c0b9d000,1,True,False,,LOC_SUCCESS,,False,False,0,0,,20.7
1529,History of fever and rash. History of left chest pain.,0x1c1068000,0x1c1069000,known@0x1c1069000,1,True,False,,LOC_SUCCESS,,False,False,0,0,,21.7
1530,Shortness of breath; history of coronary artery disease and remote history of tobacco use,0x1c10cd000,0x1c10cd000,known@0x1c10cd000,1,True,False,,LOC_SUCCESS,,False,False,0,0,,19.7
1531,"CABG, chest tubes",0x1c1126000,0x1c1126000,known@0x1c1126000,1,True,False,,LOC_SUCCESS,,False,False,0,0,,18.8
1532,"Productive cough, difficulty breathing. Smoker. History of COPD.",0x1c11c4000,0x1c11c4000,known@0x1c11c4000,2,True,False,,LOC_SUCCESS,,False,False,0,0,,21.7
1534,"PICC line placement, right foot osteomyelitis",0x1c1218000,0x1c1218000,known@0x1c1218000,1,True,False,,LOC_SUCCESS,,False,False,0,0,,30.5
1535,"Cough, unresponsive",0x1c12fe000,0x1c12ff000,known@0x1c12ff000,1,True,False,,LOC_SUCCESS,,False,False,0,0,,21.3
1536,Cough 1 year.,0x1c13c7000,0x1c13c7000,known@0x1c13c7000,2,True,False,,LOC_SUCCESS,,False,False,0,0,,22.2
1537,"Chest pain, cough and fever.",0x1c1488000,0x1c1489000,known@0x1c1489000,1,True,False,,LOC_SUCCESS,,False,False,0,0,,21.0
1539,54-year-old with acute pancreatitis. Verify left PICC line placement.,0x1c14e2000,0x1c14e2000,known@0x1c14e2000,1,True,False,,LOC_SUCCESS,,False,False,0,0,,19.8
1542,Left-sided chest pain. Asthma. History of pneumonia.,0x1c155c000,0x1c155c000,known@0x1c155c000,2,True,False,,LOC_SUCCESS,,False,False,0,0,,20.3
1543,"Dyspnea, chest pain.",0x1c15b6000,0x1c15b6000,known@0x1c15b6000,1,True,False,,LOC_SUCCESS,,False,False,0,0,,22.1
1545,83 y/o F; cough and shortness of breath.,0x1c164f000,0x1c164f000,known@0x1c164f000,2,True,False,,LOC_SUCCESS,,False,False,0,0,,23.8
1551,"Two weeks of productive cough, recent diagnosis of pneumonia; right-sided pleuritic chest pain",0x1c172a000,0x1c172a000,known@0x1c172a000,2,True,False,,LOC_SUCCESS,,False,False,0,0,,18.4
1552,Cough with mid back pain and chest pain,0x1c1821000,0x1c1822000,known@0x1c1822000,1,True,False,,LOC_SUCCESS,,False,False,0,0,,20.4
1554,"Cough and congestion, comparison 01/11/2001.",0x1c1906000,0x1c1907000,known@0x1c1907000,1,True,False,,LOC_SUCCESS,,False,False,0,0,,19.2
1557,Chest pain. Ongoing treatment for prostate cancer.,0x1c1961000,0x1c1961000,known@0x1c1961000,1,True,False,,LOC_SUCCESS,,False,False,0,0,,19.7
1559,"MVA. Shortness of breath, chest pain.",0x1c19f3000,0x1c19f3000,known@0x1c19f3000,2,True,False,,LOC_SUCCESS,,False,False,0,0,,23.5
1561,"SOB, Cough",0x1c1a6c000,0x1c1a6c000,known@0x1c1a6c000,1,True,False,,LOC_SUCCESS,,False,False,0,0,,22.4
1564,"Cough, wheezing",0x1c1a9e000,0x1c1a9e000,known@0x1c1a9e000,1,True,False,,LOC_SUCCESS,,False,False,0,0,,22.2
1566,cough wheezing,0x1c1adb000,None,FAIL,40,None,False,,LOC_FAIL,,,,0,0,,
1572,"Left side chest pain, MVA 4 days ago",0x1c1b5f000,0x1c1b5f000,known@0x1c1b5f000,1,True,False,,LOC_SUCCESS,,False,False,0,0,,19.0
1573,Recent pneumonia worsening shortness of breath,0x1ac766000,0x1ac766000,known@0x1ac766000,5,True,False,,LOC_SUCCESS,,False,False,0,0,,23.7
1577,central catheter placement,0x1c201b000,0x1c201b000,known@0x1c201b000,2,True,False,,LOC_SUCCESS,,False,False,0,0,,19.1
1580,Shortness of breath. Weakness.,0x1c20af000,0x1c20af000,known@0x1c20af000,2,True,False,,LOC_SUCCESS,,False,False,0,0,,20.6
1584,"Cough, fever and fatigue.",0x1c2109000,0x1c2109000,known@0x1c2109000,1,True,False,,LOC_SUCCESS,,False,False,0,0,,21.6
1585,Severe shortness of breath and dyspnea.,0x1c216a000,0x1c216a000,known@0x1c216a000,1,True,False,,LOC_SUCCESS,,False,False,0,0,,18.5
1588,"Cough for 2 days, and dyspnea and shortness of breath.",0x1c2197000,None,FAIL,40,None,False,,LOC_FAIL,,,,0,0,,
1589,"Cough, chest pain, and SOB. Former smoker.",0x1c232c000,0x1c232d000,known@0x1c232d000,1,True,False,,LOC_SUCCESS,,False,False,0,0,,22.9
1591,Right pneumothorax and shortness of breath.,0x1c23d2000,0x1c23d2000,known@0x1c23d2000,2,True,False,,LOC_SUCCESS,,False,False,0,0,,21.3
1593,"Right rib pain for several months, no known injury",0x1c2495000,0x1c2496000,known@0x1c2496000,1,True,False,,LOC_SUCCESS,,False,False,0,0,,19.3
1598,Diaphoresis and chest pain.,0x1c2551000,0x1c2551000,known@0x1c2551000,2,True,False,,LOC_SUCCESS,,False,False,0,0,,22.5
1600,"Centralized chest pain after using crack. History of cocaine abuse, alcohol abuse, hypertension.",0x1c25f8000,0x1c25f8000,known@0x1c25f8000,2,True,False,,LOC_SUCCESS,,False,False,0,0,,19.4
1604,Short of breath and chest pain this a.m. Pain is predominantly between the shoulders.,0x1c264c000,0x1c264c000,known@0x1c264c000,1,True,False,,LOC_SUCCESS,,False,False,0,0,,21.1
1605,Right rib pain following over exertion,0x1c2716000,0x1c2717000,known@0x1c2717000,1,True,False,,LOC_SUCCESS,,False,False,0,0,,21.7
1608,Cough and 38,0x1c2773000,0x1c2773000,known@0x1c2773000,1,True,False,,LOC_SUCCESS,,False,False,0,0,,21.4
1609,CAD. CABG. Rule-out fluid overload.,0x1c27d0000,0x1c27d0000,known@0x1c27d0000,1,True,False,,LOC_SUCCESS,,False,False,0,0,,21.4
1610,Fever with cough. History of CVA,0x1c2864000,0x1c2864000,known@0x1c2864000,2,True,False,,LOC_SUCCESS,,False,False,0,0,,30.6
1615,Left-sided chest pain for 30 minutes. Patient reports remote history of pulmonary embolus.,0x1c2164000,0x1c2165000,known@0x1c2165000,2,True,False,,LOC_SUCCESS,,False,False,0,0,,20.1
1616,"Chest pain, tingling in arms and hands today. History of asthma.",0x1c29df000,0x1c29df000,known@0x1c29df000,2,True,False,,LOC_SUCCESS,,False,False,0,0,,20.4
1618,Productive cough. Shortness of breath,0x1c2aa8000,0x1c2aa8000,known@0x1c2aa8000,2,True,False,,LOC_SUCCESS,,False,False,0,0,,22.0
1621,Right lateral rib pain,0x1c2af9000,0x1c2af9000,known@0x1c2af9000,1,True,False,,LOC_SUCCESS,,False,False,0,0,,18.8
1623,"Fall, right lower rib pain/contusion",0x1c2b52000,0x1c2b52000,known@0x1c2b52000,1,True,False,,LOC_SUCCESS,,False,False,0,0,,19.2
1624,"Fever, pain and shortness of breath",0x1c2ba2000,0x1c2ba2000,known@0x1c2ba2000,1,True,False,,LOC_SUCCESS,,False,False,0,0,,19.8
1625,Venous catheter placement.,0x1c2be4000,None,FAIL,40,None,False,,LOC_FAIL,,,,0,0,,
1627,Cough and shortness of breath. COVID-19 positive,0x1c2c92000,0x1c2c92000,known@0x1c2c92000,2,True,False,,LOC_SUCCESS,,False,False,0,0,,31.9
1631,Increasing shortness of breath. Respiratory distress.,0x1c2d42000,0x1c2d42000,known@0x1c2d42000,2,True,False,,LOC_SUCCESS,,False,False,0,0,,19.8
1634,Flu-like symptoms. Upper extremity chest pain. Shortness of breath.,0x1c2e0e000,0x1c2e0e000,known@0x1c2e0e000,2,True,False,,LOC_SUCCESS,,False,False,0,0,,25.7
1638,Right-sided PICC line placement. Colon cancer.,0x1c2e69000,0x1c2e69000,known@0x1c2e69000,1,True,False,,LOC_SUCCESS,,False,False,0,0,,20.6
1639,Left rib pain. Patient status post fall 4 days ago.,0x1c2f07000,0x1c2f07000,known@0x1c2f07000,2,True,False,,LOC_SUCCESS,,False,False,0,0,,19.5
1640,Respiratory failure. COPD exacerbation.,0x1c2f56000,0x1c2f56000,known@0x1c2f56000,2,True,False,,LOC_SUCCESS,,False,False,0,0,,20.0
1641,47-year-old male with wheezing for 1-2 years.,0x1c3449000,0x1c344a000,known@0x1c344a000,1,True,False,,LOC_SUCCESS,,False,False,0,0,,20.8
1643,71-year-old female under preoperative evaluation for pacemaker placement. Shortness of breath.,0x1c34f6000,0x1c34f6000,known@0x1c34f6000,2,True,False,,LOC_SUCCESS,,False,False,0,0,,19.3
1644,"Cough, chest pain and shortness of breath.",0x1c3588000,0x1c3588000,known@0x1c3588000,1,True,False,,LOC_SUCCESS,,False,False,0,0,,18.6
1645,Five days of shortness of breath,0x1c3651000,0x1c3651000,known@0x1c3651000,2,True,False,,LOC_SUCCESS,,False,False,0,0,,23.3
1653,61-year-old ? lung cancer. Confusion. Uncooperative. Chest pain.,0x1c36b1000,0x1c36b1000,known@0x1c36b1000,1,True,False,,LOC_SUCCESS,,False,False,0,0,,19.7
1654,Abdominal pain. Fever. Nausea. Gastric carcinoma.,0x1c375d000,0x1c375d000,known@0x1c375d000,2,True,False,,LOC_SUCCESS,,False,False,0,0,,22.3
1656,Weakness and shortness of breath.,0x1c381f000,0x1c381f000,known@0x1c381f000,2,True,False,,LOC_SUCCESS,,False,False,0,0,,20.1
1657,Encounter for PICC line placement.,0x1c3867000,0x1c3867000,known@0x1c3867000,1,True,False,,LOC_SUCCESS,,False,False,0,0,,20.2
1658,PICC line placement. Pneumonia.,0x1c38c1000,0x1c38c1000,known@0x1c38c1000,1,True,False,,LOC_SUCCESS,,False,False,0,0,,18.7
1661,Intubation. Shortness of breath.,0x1c3921000,0x1c3921000,known@0x1c3921000,1,True,False,,LOC_SUCCESS,,False,False,0,0,,22.2
1663,Right rib pain since a fall 3 days ago. Shortness of breath.,0x1c39d7000,None,FAIL,40,None,False,,LOC_FAIL,,,,0,0,,
1665,Shortness of breath for 2 weeks,0x19cdb0000,0x19cdb0000,known@0x19cdb0000,4,True,False,,LOC_SUCCESS,,False,False,0,0,,24.9
1667,Preoperative evaluation. Hypertension. No current chest complaints.,0x1b1a19000,0x1b1a19000,known@0x1b1a19000,1,True,False,,LOC_SUCCESS,,False,False,0,0,,22.7
1668,Asthma. Chest pain.,0x1c3e45000,0x1c3e45000,known@0x1c3e45000,1,True,False,,LOC_SUCCESS,,False,False,0,0,,21.2
1669,"Injured while tubing, injury to lower RIGHT rib cage laterally, contusion, shortness of breath",0x1c3eb8000,0x1c3eb8000,known@0x1c3eb8000,1,True,False,,LOC_SUCCESS,,False,False,0,0,,20.1
1670,History of COPD. Emphysema.,0x1c3f65000,0x1c3f65000,known@0x1c3f65000,1,True,False,,LOC_SUCCESS,,False,False,0,0,,21.4
1672,Visit reason: COPD;,0x1c3ff4000,0x1c3ff4000,known@0x1c3ff4000,1,True,False,,LOC_SUCCESS,,False,False,0,0,,21.0
1678,Right shoulder and posterior rib pain after fall from horse.,0x1c4051000,0x1c4051000,known@0x1c4051000,1,True,False,,LOC_SUCCESS,,False,False,0,0,,20.7
1681,Assault. Trauma. Chest pain. Left lateral rib pain.,0x1c4121000,0x1c4121000,known@0x1c4121000,1,True,False,,LOC_SUCCESS,,False,False,0,0,,33.4
1683,"Follow up infiltrate, history hypertension, COPD, coronary disease, CHF",0x1c41c3000,0x1c41c3000,known@0x1c41c3000,1,True,False,,LOC_SUCCESS,,False,False,0,0,,22.1
1684,Left lower rib pain,0x1c42a7000,0x1c42a7000,known@0x1c42a7000,1,True,False,,LOC_SUCCESS,,False,False,0,0,,21.5
1685,"Shortness of breath, weakness, COVID-19 positive",0x1c4346000,0x1c4346000,known@0x1c4346000,3,True,False,,LOC_SUCCESS,,False,False,0,0,,19.5
1687,Persistent cough. Former smoker. Follow-up pneumonia.,0x1c43a8000,0x1c43a8000,known@0x1c43a8000,1,True,False,,LOC_SUCCESS,,False,False,0,0,,22.3
1691,Shortness of breath. Hypoxia. Lung carcinoma.,0x1c441a000,0x1c441a000,known@0x1c441a000,1,True,False,,LOC_SUCCESS,,False,False,0,0,,21.2
1693,5-day-old male former 30 week gestation. Respiratory distress syndrome. Small for gestational age. Lines and tubes.,0x1c443a000,0x1c443a000,known@0x1c443a000,2,True,False,,LOC_SUCCESS,,False,False,0,0,,22.3
1695,"3-4 weeks of shortness of breath, onset of medial chest pain and productive cough 1 week ago. Discontinued smoking in 4367.",0x1c4531000,0x1c4532000,known@0x1c4532000,1,True,False,,LOC_SUCCESS,,False,False,0,0,,23.9
1696,Shortness of breath. Chest pain and cough.,0x1c45cb000,0x1c45cb000,known@0x1c45cb000,2,True,False,,LOC_SUCCESS,,False,False,0,0,,19.8
1697,Shortness of breath with exertion. Productive cough for 2 days. History of CHF and hypertension.,0x1c46a7000,0x1c46a8000,known@0x1c46a8000,1,True,False,,LOC_SUCCESS,,False,False,0,0,,20.2
1700,Chest pain radiating to back.,0x1c478c000,0x1c478d000,known@0x1c478d000,1,True,False,,LOC_SUCCESS,,False,False,0,0,,22.4
1705,"Early pneumonia. Follow-up. Cough, congestion, fever.",0x1c4842000,0x1c4842000,known@0x1c4842000,2,True,False,,LOC_SUCCESS,,False,False,0,0,,18.3
1706,History of coughing for 1-1/2 weeks. Shortness of breath.,0x1c48a8000,0x1c48a8000,known@0x1c48a8000,1,True,False,,LOC_SUCCESS,,False,False,0,0,,19.2
1707,Respiratory failure/hypoxia,0x1c4958000,0x1c4958000,known@0x1c4958000,2,True,False,,LOC_SUCCESS,,False,False,0,0,,22.5
1709,Fall. Left posterior rib pain.,0x1c49bf000,0x1c49bf000,known@0x1c49bf000,1,True,False,,LOC_SUCCESS,,False,False,0,0,,23.3
1710,44-year-old male with a history of chest pain,0x1c4a8c000,0x1c4a8c000,known@0x1c4a8c000,2,True,False,,LOC_SUCCESS,,False,False,0,0,,21.9
1711,Cough congestion fever.,0x1c4b38000,0x1c4b38000,known@0x1c4b38000,2,True,False,,LOC_SUCCESS,,False,False,0,0,,21.8
1713,"Respiratory failure, intubation.",0x1c4ba3000,0x1c4ba3000,known@0x1c4ba3000,1,True,False,,LOC_SUCCESS,,False,False,0,0,,32.8
1714,62-year-old with shortness of breath and chest pain.,0x1c4bfd000,0x1c4bfd000,known@0x1c4bfd000,1,True,False,,LOC_SUCCESS,,False,False,0,0,,20.4
1718,"CABG, valve repair",0x1c4c59000,0x1c4c59000,known@0x1c4c59000,1,True,False,,LOC_SUCCESS,,False,False,0,0,,22.8
1720,"COPD, shortness of breath.",0x1c4d17000,0x1c4d18000,known@0x1c4d18000,1,True,False,,LOC_SUCCESS,,False,False,0,0,,22.0
1724,"Routine examination, former smoker, history of COPD, no current chest complaints",0x1c4dc8000,0x1c4dc8000,known@0x1c4dc8000,2,True,False,,LOC_SUCCESS,,False,False,0,0,,22.4
1725,Lung cancer. Fever. Chest pain.,0x1c4e2c000,0x1c4e2c000,known@0x1c4e2c000,1,True,False,,LOC_SUCCESS,,False,False,0,0,,22.9
1729,Shortness of breath. Hypertension.,0x1c4f12000,0x1c4f13000,known@0x1c4f13000,1,True,False,,LOC_SUCCESS,,False,False,0,0,,20.7
1731,Wheezing and shortness of breath,0x1c4f44000,None,FAIL,40,None,False,,LOC_FAIL,,,,0,0,,
1736,Cough for 3 weeks,0x1c5413000,0x1c5413000,known@0x1c5413000,2,True,False,,LOC_SUCCESS,,False,False,0,0,,21.0
1738,Status post fall. Anterior left rib pain.,0x1c5473000,0x1c5473000,known@0x1c5473000,1,True,False,,LOC_SUCCESS,,False,False,0,0,,33.2
1739,"Football injury, left anterior chest pain",0x1c5533000,0x1c5533000,known@0x1c5533000,2,True,False,,LOC_SUCCESS,,False,False,0,0,,21.4
1741,Fever. Occasional shortness of breath.,0x1c55d7000,0x1c55d7000,known@0x1c55d7000,2,True,False,,LOC_SUCCESS,,False,False,0,0,,20.0
1744,"Respiratory distress, post intubation.",0x1c5644000,0x1c5644000,known@0x1c5644000,1,True,False,,LOC_SUCCESS,,False,False,0,0,,22.6
1745,Ovarian CA. Right portacath insertion. Reevaluate pneumothorax.,0x1c56a1000,0x1c56a1000,known@0x1c56a1000,1,True,False,,LOC_SUCCESS,,False,False,0,0,,20.0
1748,"Left-sided chest pain today, painful inspiration.",0x1c5771000,0x1c5772000,known@0x1c5772000,2,True,False,,LOC_SUCCESS,,False,False,0,0,,21.7
1750,"Cough, sob, pneumonia.",0x1c5821000,0x1c5821000,known@0x1c5821000,7,True,False,,LOC_SUCCESS,,False,False,0,0,,24.0
1753,Mid chest pain and pressure extending into the throat.,0x1a0036000,None,FAIL,40,None,False,,LOC_FAIL,,,,0,0,,
1754,Hypoxemia status post motor vehicle accident.,0x1a0058000,0x1a0058000,known@0x1a0058000,4,True,False,,LOC_SUCCESS,,False,False,0,0,,20.9
1757,Painful swelling and left chest. Hypertension.,0x1c5a60000,0x1c5a60000,known@0x1c5a60000,1,True,False,,LOC_SUCCESS,,False,False,0,0,,21.4
1758,"Respiratory failure, history of hypertension and atrial fibrillation",0x1c5b0c000,0x1c5b0c000,known@0x1c5b0c000,2,True,False,,LOC_SUCCESS,,False,False,0,0,,20.3
1759,Cough and wheezing for 2 days. Intermittent fever suggested. Fever to 102.5,0x1c5b59000,0x1c5b59000,known@0x1c5b59000,1,True,False,,LOC_SUCCESS,,False,False,0,0,,22.7
1762,PICC placement. GI bleeding.,0x1c5bb2000,0x1c5bb2000,known@0x1c5bb2000,1,True,False,,LOC_SUCCESS,,False,False,0,0,,20.0
1764,Follow up CABG.,0x1c5c2a000,0x1c5c2a000,known@0x1c5c2a000,2,True,False,,LOC_SUCCESS,,False,False,0,0,,23.1
1767,COPD with cough; pulmonary edema,0x1c5cbf000,0x1c5cbf000,known@0x1c5cbf000,2,True,False,,LOC_SUCCESS,,False,False,0,0,,21.3
1769,"Shortness of breath, nausea, headache for 2 days",0x1c5db2000,0x1c5db2000,known@0x1c5db2000,1,True,False,,LOC_SUCCESS,,False,False,0,0,,21.1
1771,Weakness. Hypotension. Confusion.,0x1c5e4f000,0x1c5e4f000,known@0x1c5e4f000,2,True,False,,LOC_SUCCESS,,False,False,0,0,,22.3
1775,Intermittent sharp chest pain radiating into the back. Symptoms began several months ago. Nonsmoker. No history of cardiopulmonary disease.,0x1c5f07000,0x1c5f07000,known@0x1c5f07000,2,True,False,,LOC_SUCCESS,,False,False,0,0,,20.3
1777,"cough, cancer lung",0x1c5827000,0x1c5827000,known@0x1c5827000,1,True,False,,LOC_SUCCESS,,False,False,0,0,,19.7
1780,"Respiratory failure, right-sided chest pain, history of GI bleeding, Barrett's esophagus, nonsmoker.",0x1c6022000,0x1c6022000,known@0x1c6022000,2,True,False,,LOC_SUCCESS,,False,False,0,0,,33.6
1781,"Cough, shortness of breath, fever",0x1c60c2000,0x1c60c2000,known@0x1c60c2000,2,True,False,,LOC_SUCCESS,,False,False,0,0,,20.9
1783,66-year-old male with history of shortness of breath. COVID-19 positive.,0x1c6173000,0x1c6173000,known@0x1c6173000,2,True,False,,LOC_SUCCESS,,False,False,0,0,,19.8
1788,Respiratory distress. Dementia.,0x1c621f000,0x1c621f000,known@0x1c621f000,2,True,False,,LOC_SUCCESS,,False,False,0,0,,23.1
1792,Acute on chronic respiratory failure.,0x1c62b5000,0x1c62b5000,known@0x1c62b5000,2,True,False,,LOC_SUCCESS,,False,False,0,0,,21.2
1795,Cough and wheezing for 3 days. Rhonchi on exam.,0x1c6377000,0x1c6377000,known@0x1c6377000,9,True,False,,LOC_SUCCESS,,False,False,0,0,,25.9
1798,Fever. History of esophageal carcinoma,0x1c642d000,0x1c642d000,known@0x1c642d000,1,True,False,,LOC_SUCCESS,,False,False,0,0,,20.4
1799,"74-year-old with kidney infection. Shortness of breath, fever, congestion and emphysema.",0x1c6488000,0x1c6488000,known@0x1c6488000,1,True,False,,LOC_SUCCESS,,False,False,0,0,,23.6
1804,20-year-old male with history of spontaneous pneumothorax. Chest tube evaluation.,0x1c652a000,0x1c652a000,known@0x1c652a000,2,True,False,,LOC_SUCCESS,,False,False,0,0,,20.9
1807,Motor vehicle accident. Follow-up.,0x1c65a4000,0x1c65a4000,known@0x1c65a4000,2,True,False,,LOC_SUCCESS,,False,False,0,0,,20.5
1808,"Mid chest pain and tightness, shortness of breath, diaphoresis, all beginning last night, smoker",0x1c667e000,0x1c667e000,known@0x1c667e000,2,True,False,,LOC_SUCCESS,,False,False,0,0,,33.8
1810,Congestion and cough. Shortness of breath.,0x1c6759000,0x1c675a000,known@0x1c675a000,1,True,False,,LOC_SUCCESS,,False,False,0,0,,21.0
1815,CHF. Shortness of breath.,0x1c5826000,0x1c5826000,known@0x1c5826000,1,True,False,,LOC_SUCCESS,,False,False,0,0,,19.4
1817,Follow-up CABG,0x1c6855000,0x1c6855000,known@0x1c6855000,1,True,False,,LOC_SUCCESS,,False,False,0,0,,22.8
1818,Cough and wheezing for 2 days.,0x1c6892000,0x1c6892000,known@0x1c6892000,1,True,False,,LOC_SUCCESS,,False,False,0,0,,22.2
1820,Shortness of breath. Former smoker. TB,0x1c6902000,0x1c6902000,known@0x1c6902000,1,True,False,,LOC_SUCCESS,,False,False,0,0,,20.5
1823,R/O pneumothorax,0x1c699d000,0x1c699d000,known@0x1c699d000,2,True,False,,LOC_SUCCESS,,False,False,0,0,,18.8
1824,"Shortness of breath, leg swelling, and chest",0x1c6a1f000,0x1c6a1f000,known@0x1c6a1f000,2,True,False,,LOC_SUCCESS,,False,False,0,0,,21.1
1828,"Acute shortness of breath. History of COPD, hypertension, and tobacco abuse.",0x1c6ac5000,0x1c6ac5000,known@0x1c6ac5000,2,True,False,,LOC_SUCCESS,,False,False,0,0,,22.0
1831,"Cough, smoking history",0x1c6b8c000,0x1c6b8d000,known@0x1c6b8d000,1,True,False,,LOC_SUCCESS,,False,False,0,0,,20.4
1836,"Recent pneumonia. PT had teeth extracted 1 week ago. Took multiple pain medicines this AM. Complains of dizziness, weakness.",0x1c6c26000,0x1c6c26000,known@0x1c6c26000,2,True,False,,LOC_SUCCESS,,False,False,0,0,,23.1
1841,Sore chest after CABG,0x1c6cdb000,0x1c6cdb000,known@0x1c6cdb000,2,True,False,,LOC_SUCCESS,,False,False,0,0,,20.6
1844,84-year-old male respiratory failure.,0x1c6d8b000,0x1c6d8b000,known@0x1c6d8b000,2,True,False,,LOC_SUCCESS,,False,False,0,0,,21.1
1845,"73-year-old female, congestive heart failure, shortness of breath.",0x1c6ddf000,0x1c6ddf000,known@0x1c6ddf000,1,True,False,,LOC_SUCCESS,,False,False,0,0,,19.9
1847,Respiratory distress. Shortness of breath. The patient is CPAP. History of hypertension.,0x1c6e8a000,0x1c6e8a000,known@0x1c6e8a000,2,True,False,,LOC_SUCCESS,,False,False,0,0,,20.6
1849,"Productive cough, fever and shortness of Breath.",0x1c6f31000,0x1c6f31000,known@0x1c6f31000,3,True,False,,LOC_SUCCESS,,False,False,0,0,,32.4
1850,Awakened this morning with left-sided substernal chest pain extending into the left upper extremity. New onset dyspnea.,0x1c6fd5000,0x1c6fd5000,known@0x1c6fd5000,2,True,False,,LOC_SUCCESS,,False,False,0,0,,20.2
1852,30-year-old female with cough and wheezing and emesis.,0x1c743f000,0x1c743f000,known@0x1c743f000,2,True,False,,LOC_SUCCESS,,False,False,0,0,,21.5
1855,Shortness of air. History of asthma.,0x19408e000,0x19408e000,known@0x19408e000,2,True,False,,LOC_SUCCESS,,False,False,0,0,,22.7
1861,"Shortness of breath, weakness, productive cough. History of lung cancer.",0x19e5d8000,0x19e5d8000,known@0x19e5d8000,3,True,False,,LOC_SUCCESS,,False,False,0,0,,21.3
1864,Follow up pneumothorax. Shortness of breath.,0x19533c000,0x19533c000,known@0x19533c000,2,True,False,,LOC_SUCCESS,,False,False,0,0,,22.0
1865,Intermittent vomiting for 2 weeks. Recent cough. Sick sibling.,0x19538e000,0x19538e000,known@0x19538e000,1,True,False,,LOC_SUCCESS,,False,False,0,0,,22.3
1868,Cough and wheezing. Follow up.,0x198a0f000,0x198a0f000,known@0x198a0f000,1,True,False,,LOC_SUCCESS,,False,False,0,0,,22.2
1872,Shortness of breath. Nausea and vomiting. Headache.,0x1c76d0000,0x1c76d0000,known@0x1c76d0000,2,True,False,,LOC_SUCCESS,,False,False,0,0,,23.0
1875,Wheezing. Coughing. Fever.,0x1c7700000,0x1c7700000,known@0x1c7700000,1,True,False,,LOC_SUCCESS,,False,False,0,0,,20.7
1876,Follow-up heart surgery post chest tube removal.,0x1c77a9000,0x1c77a9000,known@0x1c77a9000,1,True,False,,LOC_SUCCESS,,False,False,0,0,,20.3
1877,Weakness. Questionable fall.,0x1c7856000,0x1c7856000,known@0x1c7856000,2,True,False,,LOC_SUCCESS,,False,False,0,0,,22.7
1881,"Recent fall with chest pain, initial encounter",0x1c79d1000,0x1c79d2000,known@0x1c79d2000,1,True,False,,LOC_SUCCESS,,False,False,0,0,,22.3
1883,"Chest pain, new onset atrial fibrillation.",0x1c9034000,None,FAIL,40,None,False,,LOC_FAIL,,,,0,0,,
1886,Left chest pain with shortness of breath.,0x1b8806000,0x1b8806000,known@0x1b8806000,15,True,False,,LOC_SUCCESS,,False,False,0,0,,38.9
1887,Short of breath. Hypoxia. Left-sided crackles.,0x1b9000000,0x1b9000000,known@0x1b9000000,1,True,False,,LOC_SUCCESS,,False,False,0,0,,21.1
1888,Chest pain since last night,0x1b90da000,0x1b90da000,known@0x1b90da000,2,True,False,,LOC_SUCCESS,,False,False,0,0,,21.3
1892,Cough for 3 months. History of asthma,0x1b9633000,0x1b9633000,known@0x1b9633000,2,True,False,,LOC_SUCCESS,,False,False,0,0,,22.2
1894,Inspiratory chest pain. Syncope.,0x1bb263000,0x1bb265000,known@0x1bb265000,1,True,False,,LOC_SUCCESS,,False,False,0,0,,21.0
1897,dyspnea; chest pain,0x1bb334000,0x1bb334000,known@0x1bb334000,1,True,False,,LOC_SUCCESS,,False,False,0,0,,21.4
1898,Post bronchoscopy and biopsy. Rule out delayed pneumothorax.,0x1baf5d000,0x1baf5d000,known@0x1baf5d000,2,True,False,,LOC_SUCCESS,,False,False,0,0,,21.1
1901,Shortness of breath. CHF.,0x1bb03e000,0x1bb03f000,known@0x1bb03f000,1,True,False,,LOC_SUCCESS,,False,False,0,0,,20.8
1904,"CHF, cough, COPD",0x1bb0ce000,0x1bb0ce000,known@0x1bb0ce000,2,True,False,,LOC_SUCCESS,,False,False,0,0,,21.2
1905,Acute onset of shortness of breath and generalized weakness.,0x1bad82000,0x1bad82000,known@0x1bad82000,2,True,False,,LOC_SUCCESS,,False,False,0,0,,20.8
1909,Postop CABG,0x1bade1000,0x1bade1000,known@0x1bade1000,1,True,False,,LOC_SUCCESS,,False,False,0,0,,23.1
1910,Follow-up COVID-19 viral pneumonia.,0x1baeac000,0x1baeac000,known@0x1baeac000,7,True,False,,LOC_SUCCESS,,False,False,0,0,,23.5
1911,"Atypical chest pain, abnormal EKG",0x1baf05000,0x1baf05000,known@0x1baf05000,1,True,False,,LOC_SUCCESS,,False,False,0,0,,19.1
1913,[AGE] female with history of acute respiratory failure. Chronic dyspnea. Generalized weakness and fever.,0x1babb2000,0x1babb2000,known@0x1babb2000,2,True,False,,LOC_SUCCESS,,False,False,0,0,,32.3
1914,"Large left pneumothorax, chest tube placement",0x1bac00000,0x1bac00000,known@0x1bac00000,1,True,False,,LOC_SUCCESS,,False,False,0,0,,21.6
1915,80-year-old male with shortness of breath. Palpitations. History of congestive heart failure. Initial encounter.,0x1bace0000,0x1bace1000,known@0x1bace1000,1,True,False,,LOC_SUCCESS,,False,False,0,0,,19.0
1916,Cough. Recent sinus infection.,0x1ba9b8000,0x1ba9b9000,known@0x1ba9b9000,1,True,False,,LOC_SUCCESS,,False,False,0,0,,19.5
1917,"Chest pain, shortness of breath, atrial fibrillation. History of hypertension. Nonsmoker.",0x1baa68000,0x1baa68000,known@0x1baa68000,2,True,False,,LOC_SUCCESS,,False,False,0,0,,20.8
1919,Respiratory distress of newborn. Vaginal delivery.,0x1baaa2000,None,FAIL,40,None,False,,LOC_FAIL,,,,0,0,,
1920,75-year-old female with congestive heart failure. Hypertension.,0x1ba761000,0x1ba761000,known@0x1ba761000,2,True,False,,LOC_SUCCESS,,False,False,0,0,,22.7
1921,Increasing weakness. Shortness of breath.,0x1ba805000,0x1ba805000,known@0x1ba805000,2,True,False,,LOC_SUCCESS,,False,False,0,0,,22.3
1924,Cough and shortness of breath; metastatic lung carcinoma,0x1ba8ac000,0x1ba8ac000,known@0x1ba8ac000,2,True,False,,LOC_SUCCESS,,False,False,0,0,,33.3
1925,"Shortness of breath, swelling in the hands and feet, mid chest pain with cough and congestion",0x1ba90f000,0x1ba90f000,known@0x1ba90f000,1,True,False,,LOC_SUCCESS,,False,False,0,0,,19.9
1926,Premature newborn. Follow-up atelectasis.,0x1baeaf000,0x1baeaf000,known@0x1baeaf000,1,True,False,,LOC_SUCCESS,,False,False,0,0,,21.2
1927,Respiratory distress syndrome. Newborn today.,0x1b9d88000,None,FAIL,40,None,False,,LOC_FAIL,,,,0,0,,
1928,"Cough, history of pulmonary fibrosis",0x1ba62a000,0x1ba62a000,known@0x1ba62a000,2,True,False,,LOC_SUCCESS,,False,False,0,0,,19.9
1930,Respiratory congestion.,0x1ba6c7000,0x1ba6c7000,known@0x1ba6c7000,2,True,False,,LOC_SUCCESS,,False,False,0,0,,22.7
1931,"Motor vehicle accident, chest pain",0x1b880d000,0x1b880d000,known@0x1b880d000,1,True,False,,LOC_SUCCESS,,False,False,0,0,,22.7
1932,"Lung lesion, right IJ catheter placement and bronchoscopy.",0x1b924a000,0x1b924a000,known@0x1b924a000,1,True,False,,LOC_SUCCESS,,False,False,0,0,,21.1
1933,Hemoptysis left evening associated with chest congestion. Abnormal chest exam. No fever. Nonsmoker.,0x1d6faf000,0x1d6faf000,known@0x1d6faf000,4,True,False,,LOC_SUCCESS,,False,False,0,0,,34.4
1935,"Shortness of breath, cough, altered mental status.",0x1d7011000,0x1d7011000,known@0x1d7011000,1,True,False,,LOC_SUCCESS,,False,False,0,0,,23.0
1938,"Cough, fever, chest tightness",0x1d70c1000,0x1d70c1000,known@0x1d70c1000,2,True,False,,LOC_SUCCESS,,False,False,0,0,,21.6
1939,Preop exam. Hypertension.,0x1d7244000,0x1d7244000,known@0x1d7244000,2,True,False,,LOC_SUCCESS,,False,False,0,0,,21.8
1940,Right-sided chest trauma and rib pain.,0x1d7299000,0x1d7299000,known@0x1d7299000,1,True,False,,LOC_SUCCESS,,False,False,0,0,,21.4
1943,Shortness of air.,0x1d7359000,0x1d7359000,known@0x1d7359000,2,True,False,,LOC_SUCCESS,,False,False,0,0,,23.6
1944,"Pneumonia, shortness of breath, history of CVA and CABG.",0x1d7403000,0x1d7403000,known@0x1d7403000,2,True,False,,LOC_SUCCESS,,False,False,0,0,,19.5
1946,"Chest pain, shortness of breath. Code stroke.",0x1d74a4000,0x1d74a4000,known@0x1d74a4000,2,True,False,,LOC_SUCCESS,,False,False,0,0,,22.3
1950,"Motorcycle accident with chest pain, initial encounter",0x1d7540000,0x1d7540000,known@0x1d7540000,2,True,False,,LOC_SUCCESS,,False,False,0,0,,20.8
1952,"Chest pain, PT states has upper chest pain x 1 day. History of asthma.",0x1d759d000,0x1d759d000,known@0x1d759d000,1,True,False,,LOC_SUCCESS,,False,False,0,0,,18.9
1954,Respiratory illness. Fever. Clinical concern of croup.,0x1d75fb000,0x1d75fb000,known@0x1d75fb000,1,True,False,,LOC_SUCCESS,,False,False,0,0,,20.1
1956,"Fall several weeks ago with persistent left-sided chest pain, initial encounter",0x1d765a000,0x1d765a000,known@0x1d765a000,1,True,False,,LOC_SUCCESS,,False,False,0,0,,22.9
1958,Status post dialysis catheter placement,0x1d7708000,0x1d7708000,known@0x1d7708000,2,True,False,,LOC_SUCCESS,,False,False,0,0,,20.5
1960,Aortic stenosis. AVR. CABG.,0x1d775b000,0x1d775b000,known@0x1d775b000,1,True,False,,LOC_SUCCESS,,False,False,0,0,,19.4
1961,Ventilator dependent respiratory failure. Sepsis. Acute renal failure.,0x1d77b3000,0x1d77b3000,known@0x1d77b3000,1,True,False,,LOC_SUCCESS,,False,False,0,0,,21.6
1962,Acute respiratory failure. Hypoxia,0x1d7c66000,0x1d7c66000,known@0x1d7c66000,2,True,False,,LOC_SUCCESS,,False,False,0,0,,31.5
1963,"CA lung, productive cough, shortness of breath.",0x1d7d2e000,0x1d7d2f000,known@0x1d7d2f000,1,True,False,,LOC_SUCCESS,,False,False,0,0,,22.2
1964,Respiratory arrest. Intubated.,0x1d7d8d000,0x1d7d8d000,known@0x1d7d8d000,1,True,False,,LOC_SUCCESS,,False,False,0,0,,21.0
1966,"Respiratory distress, ET tube placement, central line placement",0x1d7de5000,0x1d7de5000,known@0x1d7de5000,1,True,False,,LOC_SUCCESS,,False,False,0,0,,20.8
1967,"Abdominal pain for 3 weeks. Previous peritoneal catheter placed with abscess surrounding the catheter. Right upper chest hemodialysis catheter placed yesterday. Abdominal pain, vomiting, temperature.",0x1d7e96000,0x1d7e96000,known@0x1d7e96000,2,True,False,,LOC_SUCCESS,,False,False,0,0,,23.0
1968,Umbilical artery catheter repositioning.,0x1d7ee6000,0x1d7ee6000,known@0x1d7ee6000,1,True,False,,LOC_SUCCESS,,False,False,0,0,,19.8
1970,"Shortness of breath, fever, history of cancer",0x1d7f8c000,0x1d7f8c000,known@0x1d7f8c000,2,True,False,,LOC_SUCCESS,,False,False,0,0,,23.1
1973,Chest pain and shortness of breath,0x1d8062000,0x1d8062000,known@0x1d8062000,2,True,False,,LOC_SUCCESS,,False,False,0,0,,19.8
1978,"Cough, fever for 5 days",0x1d8131000,0x1d8132000,known@0x1d8132000,1,True,False,,LOC_SUCCESS,,False,False,0,0,,20.8
1979,"Back and flank pain, shortness of breath.",0x1d81fd000,0x1d81fd000,known@0x1d81fd000,2,True,False,,LOC_SUCCESS,,False,False,0,0,,21.5
1981,Central venous catheter placement. Status post L5-S1 ALIF.,0x1d8258000,0x1d8258000,known@0x1d8258000,1,True,False,,LOC_SUCCESS,,False,False,0,0,,22.1
1982,Cough and fever. Upper chest pain for 3 weeks.,0x1d82be000,0x1d82be000,known@0x1d82be000,1,True,False,,LOC_SUCCESS,,False,False,0,0,,20.9
1983,Hypoxia today. Altered mental status. COVID positive 2 months ago.,0x1d836d000,0x1d836d000,known@0x1d836d000,2,True,False,,LOC_SUCCESS,,False,False,0,0,,22.9
1987,PICC line placement by IV therapy.,0x1d83be000,0x1d83be000,known@0x1d83be000,1,True,False,,LOC_SUCCESS,,False,False,0,0,,19.1
1988,"Dizziness, shortness of breath",0x1d8453000,0x1d8453000,known@0x1d8453000,2,True,False,,LOC_SUCCESS,,False,False,0,0,,20.0
1989,Short of breath. Pulmonary edema appear,0x1d8504000,0x1d8504000,known@0x1d8504000,2,True,False,,LOC_SUCCESS,,False,False,0,0,,20.9
1991,Follow-up COVID-19 pneumonia/ARDS.,0x1d85a5000,0x1d85a5000,known@0x1d85a5000,2,True,False,,LOC_SUCCESS,,False,False,0,0,,32.2
1992,Chest pain since insertion of a left PICC line yesterday.,0x1d8652000,0x1d8652000,known@0x1d8652000,6,True,False,,LOC_SUCCESS,,False,False,0,0,,22.5
1995,Worsening shortness of breath and generalized weakness for several days. History of gastric cancer post chemotherapy.,0x1d86f6000,0x1d86f6000,known@0x1d86f6000,2,True,False,,LOC_SUCCESS,,False,False,0,0,,19.9
1998,Substernal chest pain; 2 weeks status post stent placement,0x1d87a9000,0x1d87a9000,known@0x1d87a9000,2,True,False,,LOC_SUCCESS,,False,False,0,0,,23.5
1999,Cough and hypoxia. Status post lumbar spine surgery.,0x1d8808000,0x1d8808000,known@0x1d8808000,1,True,False,,LOC_SUCCESS,,False,False,0,0,,20.9
2001,Newborn. Umbilical vein catheter placement.,0x1d8863000,0x1d8863000,known@0x1d8863000,1,True,False,,LOC_SUCCESS,,False,False,0,0,,19.9
2007,"Fever, headaches, tachycardia, shortness breath",0x1d88d3000,0x1d88d3000,known@0x1d88d3000,1,True,False,,LOC_SUCCESS,,False,False,0,0,,20.4
2009,[AGE] female with a history of shortness of breath and positive viral test,0x1d898d000,0x1d898d000,known@0x1d898d000,2,True,False,,LOC_SUCCESS,,False,False,0,0,,21.5
2011,Centralized chest pain and dizziness. History of hypertension.,0x1d8a5a000,0x1d8a5a000,known@0x1d8a5a000,2,True,False,,LOC_SUCCESS,,False,False,0,0,,20.9
2013,Acute onset of shortness of breath. Fever. Initial encounter.,0x1ce05c000,0x1ce05c000,known@0x1ce05c000,4,True,False,,LOC_SUCCESS,,False,False,0,0,,24.1
2014,"Shortness of breath, pneumonia, weakness",0x1ce3b3000,0x1ce3b3000,known@0x1ce3b3000,2,True,False,,LOC_SUCCESS,,False,False,0,0,,20.6
2016,COPD. Respiratory failure.,0x1d8c0d000,0x1d8c0d000,known@0x1d8c0d000,1,True,False,,LOC_SUCCESS,,False,False,0,0,,20.9
2018,"shortness of breath, chest pain",0x1d8c7d000,0x1d8c7d000,known@0x1d8c7d000,1,True,False,,LOC_SUCCESS,,False,False,0,0,,31.3
2020,70-year-old with chest pain.,0x1d8cbc000,0x1d8cbc000,known@0x1d8cbc000,1,True,False,,LOC_SUCCESS,,False,False,0,0,,18.1
2022,"83-year-old male with shortness of breath, arrhythmia, mid chest pain.",0x1d8eab000,0x1d8eac000,known@0x1d8eac000,1,True,False,,LOC_SUCCESS,,False,False,0,0,,20.2
2027,"Congestive heart failure, congestion, cough. Followup aeration.",0x1d8ef5000,0x1d8ef5000,known@0x1d8ef5000,1,True,False,,LOC_SUCCESS,,False,False,0,0,,19.2
2029,Intermittent shortness of breath for 2 months.,0x1d8fd0000,0x1d8fd0000,known@0x1d8fd0000,3,True,False,,LOC_SUCCESS,,False,False,0,0,,20.7
2031,"Chest pain, shortness of breath and tachypnea; left-sided chest pain radiates down both arms.",0x1d904b000,0x1d904b000,known@0x1d904b000,3,True,False,,LOC_SUCCESS,,False,False,0,0,,20.7
2034,Cough for two weeks. Wheezing.,0x1d908a000,0x1d908a000,known@0x1d908a000,1,True,False,,LOC_SUCCESS,,False,False,0,0,,20.2
2038,"Hypoxia, CHF. Patient reports a hacking cough for 1 week. Hypertension, takes meds to control it. Pacemaker in 08766. Smoker for 50 years.",0x1d90e8000,0x1d90e8000,known@0x1d90e8000,1,True,False,,LOC_SUCCESS,,False,False,0,0,,18.8
2041,Follow-up pericardial effusion. Chest tubes.,0x1d9143000,0x1d9143000,known@0x1d9143000,1,True,False,,LOC_SUCCESS,,False,False,0,0,,19.6
2043,"Chest pain, punched in chest/shortness of breath. Additional history provided: Left-sided chest pain and mild shortness of breath after being punched in left side of chest today.",0x1d91fd000,0x1d91fd000,known@0x1d91fd000,2,True,False,,LOC_SUCCESS,,False,False,0,0,,22.0
2045,"Chest pain, short of breath, VFIB.",0x1d924e000,0x1d924e000,known@0x1d924e000,3,True,False,,LOC_SUCCESS,,False,False,0,0,,23.4
2047,Acute hypoxic respiratory failure. Pneumonia.,0x1d9301000,0x1d9301000,known@0x1d9301000,2,True,False,,LOC_SUCCESS,,False,False,0,0,,19.9
2049,"4-year-old female with cough, fever, and history of asthma.",0x1d9352000,0x1d9352000,known@0x1d9352000,1,True,False,,LOC_SUCCESS,,False,False,0,0,,19.9
2051,Follow-up coronary bypass graft,0x1d9803000,0x1d9803000,known@0x1d9803000,2,True,False,,LOC_SUCCESS,,False,False,0,0,,20.9
2056,Cough. Wheezing. Initial encounter.,0x1d986b000,0x1d986b000,known@0x1d986b000,1,True,False,,LOC_SUCCESS,,False,False,0,0,,18.3
2057,Altered mental status. Cough and shortness of breath. Respiratory distress.,0x1d98c8000,0x1d98c8000,known@0x1d98c8000,1,True,False,,LOC_SUCCESS,,False,False,0,0,,19.4
2058,"Follow-up small left pneumothorax demonstrated on exams of July 16, 1998; continued left-sided chest discomfort and shortness of breath",0x1d991e000,0x1d991e000,known@0x1d991e000,1,True,False,,LOC_SUCCESS,,False,False,0,0,,32.4
2059,Cough. Strep throat one month ago. Bronchitis.,0x1ba942000,0x1ba942000,known@0x1ba942000,1,True,False,,LOC_SUCCESS,,False,False,0,0,,19.4
2060,Left flank and rib pain due to coughing spells.,0x1d99fa000,0x1d99fa000,known@0x1d99fa000,1,True,False,,LOC_SUCCESS,,False,False,0,0,,21.7
2061,Shortness of breath. Fell and hit right-side of chest.,0x1d9a82000,0x1d9a82000,known@0x1d9a82000,1,True,False,,LOC_SUCCESS,,False,False,0,0,,19.5
2065,"Chest pain, shortness of breath for 4-5 days. Diagnosed with pneumonia 4 days ago.",0x1d9b2d000,0x1d9b2d000,known@0x1d9b2d000,2,True,False,,LOC_SUCCESS,,False,False,0,0,,20.7
2067,"Fever, wheezing",0x1d9b73000,None,FAIL,40,None,False,,LOC_FAIL,,,,0,0,,
2069,Chest pain. History of hypertension.,0x1da028000,0x1da028000,known@0x1da028000,2,True,False,,LOC_SUCCESS,,False,False,0,0,,21.9
2070,Soreness of breath and cough,0x1da08f000,0x1da08f000,known@0x1da08f000,1,True,False,,LOC_SUCCESS,,False,False,0,0,,20.2
2071,"Status post fall yesterday, mid left sided rib pain.",0x1da121000,0x1da121000,known@0x1da121000,2,True,False,,LOC_SUCCESS,,False,False,0,0,,30.6
2073,Chest pain. Chest tube placement.,0x1da1ba000,0x1da1ba000,known@0x1da1ba000,2,True,False,,LOC_SUCCESS,,False,False,0,0,,20.4
2074,Dyspnea on exertion with left lower extremity edema and shortness of breath.,0x1db701000,None,FAIL,40,None,False,,LOC_FAIL,,,,0,0,,
2075,"PICC line placement, colitis, failure to thrive",0x1db759000,0x1db759000,known@0x1db759000,1,True,False,,LOC_SUCCESS,,False,False,0,0,,18.1
2076,"Respiratory distress, acute onset. Premature newborn. Initial encounter.",0x1db787000,None,FAIL,40,None,False,,LOC_FAIL,,,,0,0,,
2078,38-year-old female with history of shortness of breath. COVID-19 infection.,0x1db540000,0x1db542000,known@0x1db542000,1,True,False,,LOC_SUCCESS,,False,False,0,0,,21.6
2079,Upper Respiratory Infection.,0x1db5f5000,0x1db5f5000,known@0x1db5f5000,2,True,False,,LOC_SUCCESS,,False,False,0,0,,20.2
2080,"Pneumonia, COPD.",0x1db64d000,0x1db64d000,known@0x1db64d000,1,True,False,,LOC_SUCCESS,,False,False,0,0,,21.4
2084,Respiratory failure. Concern for aspiration.,0x1db6f8000,0x1db6f8000,known@0x1db6f8000,2,True,False,,LOC_SUCCESS,,False,False,0,0,,19.7
2085,Status post dialysis catheter placement today.,0x1db3aa000,0x1db3aa000,known@0x1db3aa000,2,True,False,,LOC_SUCCESS,,False,False,0,0,,23.6
2086,Weakness and unresponsiveness after fall.,0x1db416000,0x1db416000,known@0x1db416000,1,True,False,,LOC_SUCCESS,,False,False,0,0,,19.9
2087,Constipation with abdominal pain. Cough,0x1db46f000,0x1db46f000,known@0x1db46f000,1,True,False,,LOC_SUCCESS,,False,False,0,0,,21.8
2088,History of pneumomediastinum and left pneumothorax. History of trauma.,0x1db4e3000,0x1db4e3000,known@0x1db4e3000,1,True,False,,LOC_SUCCESS,,False,False,0,0,,19.5
2091,Acute upper respiratory infection. Cough and chest pain,0x1d47eb000,0x1d47eb000,known@0x1d47eb000,6,True,False,,LOC_SUCCESS,,False,False,0,0,,35.2
2100,"Shortness of breath, cough.",0x1d48a8000,0x1d48a8000,known@0x1d48a8000,2,True,False,,LOC_SUCCESS,,False,False,0,0,,22.6
2101,Shortness of breath. Choking episode.,0x1d48c4000,None,FAIL,40,None,False,,LOC_FAIL,,,,0,0,,
2102,Left-sided chest pain. Diaphoresis. Shortness of breath. CT demonstrating mediastinal mass and possibly hemorrhage. Follow up effusions.,0x1d493e000,0x1d493e000,known@0x1d493e000,2,True,False,,LOC_SUCCESS,,False,False,0,0,,21.4
2103,"Cough and shortness of breath worsening over the last 3 weeks, history of interstitial lung disease, asthma, and pulmonary sarcoidosis.",0x1d49e8000,0x1d49e8000,known@0x1d49e8000,1,True,False,,LOC_SUCCESS,,False,False,0,0,,23.2
2104,"Respiratory failure, COPD exacerbation.",0x1d4a43000,0x1d4a43000,known@0x1d4a43000,1,True,False,,LOC_SUCCESS,,False,False,0,0,,18.8
2105,Upper back pain to rule out pneumonia. Patient states upper back pain and slight trouble breathing. Rule out pneumonia. Denied pregnancy.,0x1d4a9e000,0x1d4a9e000,known@0x1d4a9e000,1,True,False,,LOC_SUCCESS,,False,False,0,0,,20.3
2106,Precardiac catheterization study.,0x1d4af9000,0x1d4af9000,known@0x1d4af9000,1,True,False,,LOC_SUCCESS,,False,False,0,0,,19.4
2107,"Shortness of breath, cough and weakness. History of lupus.",0x1d4b8d000,0x1d4b8d000,known@0x1d4b8d000,2,True,False,,LOC_SUCCESS,,False,False,0,0,,33.3
2110,Cough for 10 days.,0x1d4c57000,0x1d4c57000,known@0x1d4c57000,1,True,False,,LOC_SUCCESS,,False,False,0,0,,20.1
2112,COPD chronic airway obstruction,0x1d4cc9000,0x1d4cc9000,known@0x1d4cc9000,1,True,False,,LOC_SUCCESS,,False,False,0,0,,22.2
2114,59 y/o M; shortness of breath.,0x1d4d77000,0x1d4d77000,known@0x1d4d77000,1,True,False,,LOC_SUCCESS,,False,False,0,0,,19.9
2118,"Respiratory distress syndrome, prematurity",0x1d4db9000,0x1d4db9000,known@0x1d4db9000,1,True,False,,LOC_SUCCESS,,False,False,0,0,,22.4
2119,"Chest pain, MVC on Tuesday",0x1d4e66000,0x1d4e66000,known@0x1d4e66000,1,True,False,,LOC_SUCCESS,,False,False,0,0,,19.8
2120,COVID-19 positive. Fall with altered mental status,0x1d4f15000,0x1d4f15000,known@0x1d4f15000,1,True,False,,LOC_SUCCESS,,False,False,0,0,,21.4
2121,Shortness of breath; rapid heart,0x1dac07000,0x1dac08000,known@0x1dac08000,1,True,False,,LOC_SUCCESS,,False,False,0,0,,21.4
2123,"Acute MI, shortness of breath, chest pain",0x1dacb5000,0x1dacb5000,known@0x1dacb5000,1,True,False,,LOC_SUCCESS,,False,False,0,0,,22.6
2126,Progressive weakness. Cough beginning today.,0x1dad65000,0x1dad65000,known@0x1dad65000,1,True,False,,LOC_SUCCESS,,False,False,0,0,,19.2
2127,"Shortness of breath, cough, fever.",0x1dae2b000,0x1dae2c000,known@0x1dae2c000,1,True,False,,LOC_SUCCESS,,False,False,0,0,,21.3
2130,Shortness of breath. Recent discharge from green Valley campus for COVID-19. Progressive shortness of breath tonight. Decreased oxygen saturation.,0x1daec8000,0x1daec8000,known@0x1daec8000,2,True,False,,LOC_SUCCESS,,False,False,0,0,,20.9
2132,"COVID-19 positivity with shortness of breath and cough, initial encounter",0x1daf78000,0x1daf78000,known@0x1daf78000,1,True,False,,LOC_SUCCESS,,False,False,0,0,,20.6
2134,42-year-old Chest pain.,0x1da831000,0x1da831000,known@0x1da831000,2,True,False,,LOC_SUCCESS,,False,False,0,0,,22.0
2135,Prior CABG. Shortness of breath with exertion,0x1da8fb000,0x1da8fc000,known@0x1da8fc000,1,True,False,,LOC_SUCCESS,,False,False,0,0,,20.8
2136,Pneumonia. Weakness.,0x1da9aa000,0x1da9aa000,known@0x1da9aa000,1,True,False,,LOC_SUCCESS,,False,False,0,0,,18.4
2138,"Occluded graft access, dialysis catheter insertion",0x1daa28000,0x1daa28000,known@0x1daa28000,2,True,False,,LOC_SUCCESS,,False,False,0,0,,21.0
2140,"COPD, pneumonia and worsening respiratory distress.",0x1daa83000,0x1daa83000,known@0x1daa83000,1,True,False,,LOC_SUCCESS,,False,False,0,0,,22.9
2141,Right-sided chest pain and mild difficulty breathing,0x1dab77000,0x1dab78000,known@0x1dab78000,2,True,False,,LOC_SUCCESS,,False,False,0,0,,20.6
2142,85-year-old male with wheezing. Heart block.,0x1dabf8000,0x1dabf8000,known@0x1dabf8000,3,True,False,,LOC_SUCCESS,,False,False,0,0,,33.2
2143,"83 year old male; congestive heart failure, chest pain, and atrial fibrillation.",0x1da43b000,0x1da43b000,known@0x1da43b000,2,True,False,,LOC_SUCCESS,,False,False,0,0,,20.3
2144,Postop for CABG.,0x1da491000,0x1da491000,known@0x1da491000,1,True,False,,LOC_SUCCESS,,False,False,0,0,,20.8
2152,Premature neonate. Respiratory distress syndrome. Patent ductus arteriosus. Heart murmur.,0x1da4ae000,None,FAIL,40,None,False,,LOC_FAIL,,,,0,0,,
2155,"Patient was in a motor vehicle collision today and is complaining of chest wall and sternal pain with associated shortness of breath, no pre-existing underlying cardiopulmonary problems, smoker.",0x1da585000,0x1da586000,known@0x1da586000,1,True,False,,LOC_SUCCESS,,False,False,0,0,,21.3
2157,62-year-old female with shortness of breath and wheezing.,0x1da62d000,0x1da62d000,known@0x1da62d000,2,True,False,,LOC_SUCCESS,,False,False,0,0,,23.3
2161,"soa, history of covid Patient has complaints of shortness of breath, chest pain, and a cough since the first part [DATE] which has recently turned productive. Diagnosed with COVID 05/08/2023.",0x1da680000,0x1da680000,known@0x1da680000,1,True,False,,LOC_SUCCESS,,False,False,0,0,,22.9
2162,Aspiration pneumonia. Pyelonephritis.,0x1da6d0000,0x1da6d0000,known@0x1da6d0000,1,True,False,,LOC_SUCCESS,,False,False,0,0,,21.2
2163,Shortness of breath on exertion.,0x1da79f000,0x1da79f000,known@0x1da79f000,2,True,False,,LOC_SUCCESS,,False,False,0,0,,32.5
2168,"Cough, congestion, fever, and shortness of breath all day",0x1da7ef000,0x1da7ef000,known@0x1da7ef000,1,True,False,,LOC_SUCCESS,,False,False,0,0,,20.2
2170,new onset apnea in term baby with history of pneumothorax,0x1dc01b000,None,FAIL,40,None,False,,LOC_FAIL,,,,0,0,,
2171,"Shortness of breath, chest discomfort",0x1dc0eb000,0x1dc0eb000,known@0x1dc0eb000,2,True,False,,LOC_SUCCESS,,False,False,0,0,,24.5
2172,Patient complains of shortness of breath. Decreased O2 saturation recorded in the emergency [HOSPITAL] with pneumonia 2 weeks ago.,0x1da62f000,0x1da62f000,known@0x1da62f000,2,True,False,,LOC_SUCCESS,,False,False,0,0,,24.7
2173,70 year-old-male with cough and shortness of breath x 9 months. Question pleural effusion. History of esophageal cancer.,0x1cc7ec000,0x1cc7ec000,known@0x1cc7ec000,1,True,False,,LOC_SUCCESS,,False,False,0,0,,22.9
2174,"Shortness of breath, productive cough.",0x1cf605000,0x1cf605000,known@0x1cf605000,1,True,False,,LOC_SUCCESS,,False,False,0,0,,21.1
2175,Swelling and groin. A phasic. Diabetic. Hypertensive.,0x1dc533000,0x1dc534000,known@0x1dc534000,2,True,False,,LOC_SUCCESS,,False,False,0,0,,20.4
2176,Short of breath. Weakness.,0x1dc580000,0x1dc580000,known@0x1dc580000,1,True,False,,LOC_SUCCESS,,False,False,0,0,,32.2
2177,Left-sided chest pain today,0x1dc662000,0x1dc663000,known@0x1dc663000,1,True,False,,LOC_SUCCESS,,False,False,0,0,,21.8
2179,Left pneumothorax.,0x1dc708000,0x1dc708000,known@0x1dc708000,2,True,False,,LOC_SUCCESS,,False,False,0,0,,21.9
2182,Chest pain and shortness of breath for 3 hours.,0x1dc7e3000,0x1dc7e4000,known@0x1dc7e4000,1,True,False,,LOC_SUCCESS,,False,False,0,0,,20.9
2183,Follow-up effusion.,0x1dc87a000,0x1dc87a000,known@0x1dc87a000,2,True,False,,LOC_SUCCESS,,False,False,0,0,,22.7
2185,"COVID positive, cough and shortness of breath",0x1dc914000,0x1dc914000,known@0x1dc914000,2,True,False,,LOC_SUCCESS,,False,False,0,0,,21.8
2187,Fever. Leukemia. Abdominal pain and bloody stool.,0x1dca5f000,0x1dca60000,known@0x1dca60000,2,True,False,,LOC_SUCCESS,,False,False,0,0,,20.9
2190,"Respiratory failure, history of hypertension and diabetes",0x1dcb0b000,0x1dcb0b000,known@0x1dcb0b000,2,True,False,,LOC_SUCCESS,,False,False,0,0,,21.4
2191,Follow-up left side pneumonia.,0x1dcbdb000,0x1dcbdb000,known@0x1dcbdb000,2,True,False,,LOC_SUCCESS,,False,False,0,0,,21.8
2192,Interscapular chest pain and shortness of breath.,0x1dc1bf000,0x1dc1bf000,known@0x1dc1bf000,2,True,False,,LOC_SUCCESS,,False,False,0,0,,22.9
2194,"Acute respiratory failure, cardiac arrest",0x1dcd1c000,0x1dcd1c000,known@0x1dcd1c000,2,True,False,,LOC_SUCCESS,,False,False,0,0,,21.0
2200,Shortness of breath; assess for airspace consolidation or free intra-abdominal air.,0x1dcdbe000,0x1dcdbe000,known@0x1dcdbe000,2,True,False,,LOC_SUCCESS,,False,False,0,0,,23.2
2201,Right chest pain,0x1dce53000,0x1dce53000,known@0x1dce53000,2,True,False,,LOC_SUCCESS,,False,False,0,0,,20.8
2203,Respiratory failure and status post intubation.,0x1dcec3000,0x1dcec3000,known@0x1dcec3000,1,True,False,,LOC_SUCCESS,,False,False,0,0,,19.4
2204,Hypoxia. Status post C-section at 35 weeks gestation.,0x1dceed000,0x1dceed000,known@0x1dceed000,1,True,False,,LOC_SUCCESS,,False,False,0,0,,19.2
2205,"47-year-old female with respiratory failure, presented with pancreatitis, DKA, and altered mental status. Found to have acute to subacute left MCA territory infarcts.",0x1dcf86000,0x1dcf86000,known@0x1dcf86000,2,True,False,,LOC_SUCCESS,,False,False,0,0,,32.7
2206,"COVID-19 pneumonia, hypoxia and bacterial pneumonia.",0x1dd030000,0x1dd030000,known@0x1dd030000,2,True,False,,LOC_SUCCESS,,False,False,0,0,,19.9
2217,"cough, fever, altered mental ALTERED MENTAL STATUS",0x1dd08c000,0x1dd08c000,known@0x1dd08c000,1,True,False,,LOC_SUCCESS,,False,False,0,0,,20.3
2218,"Shortness of breath, orthopnea",0x1dd17b000,0x1dd17c000,known@0x1dd17c000,1,True,False,,LOC_SUCCESS,,False,False,0,0,,21.5
2219,Nausea. Shortness of breath. COVID-19 positive.,0x1dd249000,0x1dd249000,known@0x1dd249000,2,True,False,,LOC_SUCCESS,,False,False,0,0,,19.4
2220,72-year-old female with shortness of breath and wheezing. Very high blood pressure.,0x1dd2f2000,0x1dd2f2000,known@0x1dd2f2000,2,True,False,,LOC_SUCCESS,,False,False,0,0,,21.4
2222,"Progressively worsening breathing. Cough, shortness of breath.",0x1dd39d000,0x1dd39d000,known@0x1dd39d000,2,True,False,,LOC_SUCCESS,,False,False,0,0,,22.7
2225,Short of breath. Rash.,0x1dd45e000,0x1dd45e000,known@0x1dd45e000,2,True,False,,LOC_SUCCESS,,False,False,0,0,,21.6
2229,Chest pain at rest and on exertion. Pain with palpation to left chest wall.,0x1dd528000,0x1dd528000,known@0x1dd528000,2,True,False,,LOC_SUCCESS,,False,False,0,0,,19.9
2230,Kidney stones. Hypertension.,0x1dd5f4000,0x1dd5f4000,known@0x1dd5f4000,2,True,False,,LOC_SUCCESS,,False,False,0,0,,24.3
2232,Weakness for 7 days.,0x1dd6a3000,0x1dd6a3000,known@0x1dd6a3000,2,True,False,,LOC_SUCCESS,,False,False,0,0,,20.0
2233,Wheezing and shortness breath. COVID exposure.,0x1dd76a000,0x1dd76a000,known@0x1dd76a000,2,True,False,,LOC_SUCCESS,,False,False,0,0,,22.5
2234,"Acute respiratory failure with hypoxemia, congestive heart failure.",0x1dd819000,0x1dd819000,known@0x1dd819000,10,True,False,,LOC_SUCCESS,,False,False,0,0,,37.4
2237,"Altered mental status, short of breath.",0x1dd87a000,0x1dd87a000,known@0x1dd87a000,1,True,False,,LOC_SUCCESS,,False,False,0,0,,20.8
2240,Chest discomfort. Intermittent chest pain.,0x1dd955000,0x1dd956000,known@0x1dd956000,1,True,False,,LOC_SUCCESS,,False,False,0,0,,21.2
2241,"Acute onset of central chest pain, radiating to the right arm. Initial encounter.",0x1dd9fe000,0x1dd9fe000,known@0x1dd9fe000,2,True,False,,LOC_SUCCESS,,False,False,0,0,,20.1
2242,Cough x 6 months,0x1dda73000,0x1dda73000,known@0x1dda73000,1,True,False,,LOC_SUCCESS,,False,False,0,0,,21.0
2243,Cough and congestion for 2 weeks. Some chest pain with the cough.,0x1ddafe000,0x1ddafe000,known@0x1ddafe000,2,True,False,,LOC_SUCCESS,,False,False,0,0,,20.8
2246,Cough and fever since yesterday,0x1ddb99000,0x1ddb99000,known@0x1ddb99000,2,True,False,,LOC_SUCCESS,,False,False,0,0,,23.1
2247,"Left chest pain, shortness of breath and generalized weakness for 5 days.",0x1ddc3a000,0x1ddc3a000,known@0x1ddc3a000,2,True,False,,LOC_SUCCESS,,False,False,0,0,,20.7
2249,"Hypoxia, shortness of breath, acute respiratory failure.",0x1ddce5000,0x1ddce5000,known@0x1ddce5000,2,True,False,,LOC_SUCCESS,,False,False,0,0,,19.7
2251,Chest pain and left arm pain,0x1dd45e000,0x1dd461000,known@0x1dd461000,1,True,False,,LOC_SUCCESS,,False,False,0,0,,18.1
2253,Female with cough. Initial encounter.,0x1d570e000,0x1d570e000,known@0x1d570e000,2,True,False,,LOC_SUCCESS,,False,False,0,0,,20.3
2255,Cough. The degree seven site. Nausea and vomiting.,0x1d576f000,0x1d576f000,known@0x1d576f000,1,True,False,,LOC_SUCCESS,,False,False,0,0,,21.0
2256,"2 day-old infant female with shortness of breath, respiratory distress.",0x1d5793000,0x1d5793000,known@0x1d5793000,2,True,False,,LOC_SUCCESS,,False,False,0,0,,33.8
2257,Short of breath. Respiratory failure.,0x1d57ee000,0x1d57ee000,known@0x1d57ee000,1,True,False,,LOC_SUCCESS,,False,False,0,0,,20.7
2260,Shortness of breath. Right lower extremity swelling. Congestive heart failure. Coronary artery disease.,0x1d344b000,0x1d344b000,known@0x1d344b000,9,True,False,,LOC_SUCCESS,,False,False,0,0,,23.0
2261,2-3 days of productive cough. Current smoker.,0x1cc33a000,0x1cc33a000,known@0x1cc33a000,2,True,False,,LOC_SUCCESS,,False,False,0,0,,22.0
2262,"Shortness of breath, neck and back pain when sitting, history COPD, sleep apnea, CHF, coronary artery disease post CABG, pulmonary hypertension, cirrhosis, atrial fibrillation.",0x1cc3ef000,0x1cc3ef000,known@0x1cc3ef000,3,True,False,,LOC_SUCCESS,,False,False,0,0,,21.9
2263,Cough and respiratory distress,0x1de43e000,0x1de43e000,known@0x1de43e000,1,True,False,,LOC_SUCCESS,,False,False,0,0,,17.3
2265,Follow-up recent episode of right-sided pneumonia following antibiotic treatment. Some persistent cough.,0x1de50d000,0x1de50e000,known@0x1de50e000,1,True,False,,LOC_SUCCESS,,False,False,0,0,,20.8
2267,Cough for 1 month.,0x1de5ac000,0x1de5ac000,known@0x1de5ac000,2,True,False,,LOC_SUCCESS,,False,False,0,0,,19.8
2268,Shortness of breath and CHF.,0x1de607000,0x1de607000,known@0x1de607000,1,True,False,,LOC_SUCCESS,,False,False,0,0,,20.6
2273,Mid upper back pain radiating to the shoulders after falling down stairs. Shortness of breath.,0x1de6b2000,0x1de6b2000,known@0x1de6b2000,2,True,False,,LOC_SUCCESS,,False,False,0,0,,21.2
2276,"Shortness of breath, hypertension",0x1de796000,0x1de797000,known@0x1de797000,1,True,False,,LOC_SUCCESS,,False,False,0,0,,18.0
2277,"Shortness of breath, cough, pneumonia.",0x1d344e000,0x1d344e000,known@0x1d344e000,3,True,False,,LOC_SUCCESS,,False,False,0,0,,33.3
2279,Chest pain. Post CABG. Ventilator.,0x1de851000,0x1de851000,known@0x1de851000,1,True,False,,LOC_SUCCESS,,False,False,0,0,,20.7
2284,[AGE] with COVID-19. Non ST-elevation MI.,0x1de8ff000,0x1de8ff000,known@0x1de8ff000,2,True,False,,LOC_SUCCESS,,False,False,0,0,,21.4
2286,"Pt comes to ER with respiratory distress recent hospitalization July 05-17, 7261 for sepsis/ pneumonia/ acute respiratory failure. Patient has history including, but not limited to, CAD with previous MI x 3; end-stage COPD; HTN; and anxiety.",0x1de9ac000,0x1de9ac000,known@0x1de9ac000,3,True,False,,LOC_SUCCESS,,False,False,0,0,,23.2
2287,Chest pain for 1 week. Hypertension.,0x1dea85000,0x1dea86000,known@0x1dea86000,1,True,False,,LOC_SUCCESS,,False,False,0,0,,19.7
2291,"Shortness of breath, cough, congestion, pregnant",0x1deb16000,0x1deb16000,known@0x1deb16000,2,True,False,,LOC_SUCCESS,,False,False,0,0,,19.5
2292,"Weakness, vomiting",0x1debde000,0x1debde000,known@0x1debde000,2,True,False,,LOC_SUCCESS,,False,False,0,0,,20.5
2293,"Respiratory failure, history of COVID-19 positivity",0x1dec6a000,0x1dec6a000,known@0x1dec6a000,2,True,False,,LOC_SUCCESS,,False,False,0,0,,20.8
2299,"Dyspnea today, chest pain. Smoker, prior renal transplant.",0x1ded08000,0x1ded08000,known@0x1ded08000,2,True,False,,LOC_SUCCESS,,False,False,0,0,,21.3
2303,Shortness of breath and states that he tested positive for COVID 2 days ago. He is a current smoker and this is the second time being diagnosed with COVID per patient.,0x1deda3000,0x1deda3000,known@0x1deda3000,2,True,False,,LOC_SUCCESS,,False,False,0,0,,21.8
2305,Cough and low grade fever,0x1dedde000,0x1dedde000,known@0x1dedde000,1,True,False,,LOC_SUCCESS,,False,False,0,0,,19.9
2307,Cough with side pain,0x1deea5000,0x1deea5000,known@0x1deea5000,2,True,False,,LOC_SUCCESS,,False,False,0,0,,20.0
2308,Short of breath. COVID positive.,0x1def70000,0x1def70000,known@0x1def70000,2,True,False,,LOC_SUCCESS,,False,False,0,0,,22.7
2310,"Chest pain, hypertension",0x1df054000,0x1df055000,known@0x1df055000,1,True,False,,LOC_SUCCESS,,False,False,0,0,,21.5
2311,Brain tumor. Cough.,0x1df09d000,0x1df09d000,known@0x1df09d000,1,True,False,,LOC_SUCCESS,,False,False,0,0,,31.2
2312,"Shortness of breath, CHF, and aspiration pneumonia",0x1df113000,0x1df113000,known@0x1df113000,3,True,False,,LOC_SUCCESS,,False,False,0,0,,22.5
2313,"Cough, dyspnea",0x1df1d7000,0x1df1d8000,known@0x1df1d8000,1,True,False,,LOC_SUCCESS,,False,False,0,0,,20.2
2320,Evaluate PICC line placement,0x1df258000,0x1df258000,known@0x1df258000,1,True,False,,LOC_SUCCESS,,False,False,0,0,,19.8
2322,Cough and fever and vomiting for the past 3 days. Family members with COVID at home. Shortness of breath.,0x1df331000,0x1df332000,known@0x1df332000,1,True,False,,LOC_SUCCESS,,False,False,0,0,,19.2
2326,Follow-up left pneumothorax,0x1df40b000,0x1df40c000,known@0x1df40c000,1,True,False,,LOC_SUCCESS,,False,False,0,0,,21.9
2327,Coughing for 10 days,0x1df466000,0x1df466000,known@0x1df466000,1,True,False,,LOC_SUCCESS,,False,False,0,0,,20.7
2328,Recent diagnosis of pneumonia. Worsening symptoms/shortness of breath.,0x1df4f7000,0x1df4f7000,known@0x1df4f7000,2,True,False,,LOC_SUCCESS,,False,False,0,0,,21.0
2330,Left PICC line placement,0x1df54c000,0x1df54c000,known@0x1df54c000,1,True,False,,LOC_SUCCESS,,False,False,0,0,,19.4
2333,"Pneumonia, sepsis and increased shortness of breath.",0x1df5a5000,0x1df5a5000,known@0x1df5a5000,1,True,False,,LOC_SUCCESS,,False,False,0,0,,20.5
2335,"Right chest soreness, coughing, chest pain",0x1df65f000,0x1df65f000,known@0x1df65f000,2,True,False,,LOC_SUCCESS,,False,False,0,0,,19.2
2336,"chest pain; hx of smoking, copd, emphyzema; htn, and diabetes",0x1df6fd000,0x1df6fd000,known@0x1df6fd000,2,True,False,,LOC_SUCCESS,,False,False,0,0,,21.3
2339,"Weakness, confusion",0x1df758000,0x1df758000,known@0x1df758000,1,True,False,,LOC_SUCCESS,,False,False,0,0,,19.8
2343,"Weakness, fatigue, shortness of breath for 2 days. Ex-smoker",0x1ca555000,0x1ca555000,known@0x1ca555000,7,True,False,,LOC_SUCCESS,,False,False,0,0,,25.3
2344,Chest pain. Pneumonia.,0x1ca5e8000,0x1ca5e8000,known@0x1ca5e8000,2,True,False,,LOC_SUCCESS,,False,False,0,0,,32.3
2347,Increased shortness of Breath,0x1ca68f000,0x1ca68f000,known@0x1ca68f000,2,True,False,,LOC_SUCCESS,,False,False,0,0,,21.2
2348,"Fever, cough, shortness of breath. History lymphoma.",0x1dfa24000,0x1dfa24000,known@0x1dfa24000,2,True,False,,LOC_SUCCESS,,False,False,0,0,,24.3
2349,Recent mediastinal mass resection. Hypertension.,0x1dfac2000,0x1dfac2000,known@0x1dfac2000,2,True,False,,LOC_SUCCESS,,False,False,0,0,,21.2
2351,"Chest pain, diaphoresis, syncope, vomiting.",0x1dfb25000,0x1dfb25000,known@0x1dfb25000,1,True,False,,LOC_SUCCESS,,False,False,0,0,,18.7
2352,"Dyspnea, respiratory failure.",0x1dfbd1000,0x1dfbd1000,known@0x1dfbd1000,3,True,False,,LOC_SUCCESS,,False,False,0,0,,20.6
2354,Fever for 5 days. Cough and nausea and vomiting for 1 day.,0x1dfc2c000,0x1dfc2c000,known@0x1dfc2c000,1,True,False,,LOC_SUCCESS,,False,False,0,0,,20.5
2359,Cough with nausea and diarrhea.,0x1dfcd1000,0x1dfcd1000,known@0x1dfcd1000,2,True,False,,LOC_SUCCESS,,False,False,0,0,,19.9
2360,chest pain; shortness of breath,0x1dfd2b000,0x1dfd2b000,known@0x1dfd2b000,1,True,False,,LOC_SUCCESS,,False,False,0,0,,22.9
2362,Shortness of breath and hemoptysis,0x1dfdef000,0x1dfdef000,known@0x1dfdef000,2,True,False,,LOC_SUCCESS,,False,False,0,0,,22.6
2364,Shortness of breath. Weight gain.,0x1dfec9000,0x1dfeca000,known@0x1dfeca000,1,True,False,,LOC_SUCCESS,,False,False,0,0,,21.8
2366,Cough and asthma.,0x1dff40000,0x1dff40000,known@0x1dff40000,1,True,False,,LOC_SUCCESS,,False,False,0,0,,20.1
2370,Fever. Vomiting.,0x1dff91000,0x1dff91000,known@0x1dff91000,1,True,False,,LOC_SUCCESS,,False,False,0,0,,20.1
2371,Left orbital cellulitis. PICC line placement.,0x1dfff1000,0x1dfff1000,known@0x1dfff1000,1,True,False,,LOC_SUCCESS,,False,False,0,0,,18.7
2374,Follow-up chest x-ray.,0x1e0070000,0x1e0070000,known@0x1e0070000,1,True,False,,LOC_SUCCESS,,False,False,0,0,,19.3
2377,Cough and chest congestion for 2-3 days. Also fever.,0x1e00bb000,0x1e00bb000,known@0x1e00bb000,1,True,False,,LOC_SUCCESS,,False,False,0,0,,21.5
2378,Shortness of breath following chlorine inhalation,0x1e0161000,0x1e0161000,known@0x1e0161000,2,True,False,,LOC_SUCCESS,,False,False,0,0,,34.3
2380,Unstable 2-day-old premature infant. Umbilical catheter placement.,0x1e01cb000,0x1e01cb000,known@0x1e01cb000,1,True,False,,LOC_SUCCESS,,False,False,0,0,,21.3
2381,"Infected knee, PICC placement",0x1e0226000,0x1e0226000,known@0x1e0226000,1,True,False,,LOC_SUCCESS,,False,False,0,0,,18.9
2383,Cough. Hypertension.,0x1e02e2000,0x1e02e2000,known@0x1e02e2000,2,True,False,,LOC_SUCCESS,,False,False,0,0,,20.8
2384,79-year-old male with respiratory failure.,0x1e0360000,0x1e0360000,known@0x1e0360000,2,True,False,,LOC_SUCCESS,,False,False,0,0,,18.5
2386,Intubation. Respiratory failure.,0x1e03ff000,0x1e03ff000,known@0x1e03ff000,1,True,False,,LOC_SUCCESS,,False,False,0,0,,19.5
2387,End stage renal disease. Pneumonia. CHF. AVGG insertion. Dry cough. Former smoker--ceased.,0x1e0863000,0x1e0863000,known@0x1e0863000,1,True,False,,LOC_SUCCESS,,False,False,0,0,,21.6
2388,"Mid to upper chest pain, smoker, COPD, colon cancer, coronary disease post MI",0x1e092f000,0x1e092f000,known@0x1e092f000,2,True,False,,LOC_SUCCESS,,False,False,0,0,,20.8
2389,Right rib pain x1 month without known injury.,0x1e0a09000,0x1e0a0a000,known@0x1e0a0a000,1,True,False,,LOC_SUCCESS,,False,False,0,0,,21.6
2392,Vomiting. Cough. Possible aspiration.,0x1e0aad000,0x1e0aad000,known@0x1e0aad000,1,True,False,,LOC_SUCCESS,,False,False,0,0,,22.0
2393,Acute respiratory failure; MI and CABG 3 days ago,0x1e0b5c000,0x1e0b5c000,known@0x1e0b5c000,1,True,False,,LOC_SUCCESS,,False,False,0,0,,21.1
2394,Left chest pain. Cough. Hypertension. Smoker.,0x1e0c33000,0x1e0c34000,known@0x1e0c34000,2,True,False,,LOC_SUCCESS,,False,False,0,0,,19.8
2396,Shortness of breath history of pulmonary motion 11/6/7,0x1e0ce7000,None,FAIL,40,None,False,,LOC_FAIL,,,,0,0,,
2398,Right flank and rib pain,0x1e0d31000,0x1e0d31000,known@0x1e0d31000,1,True,False,,LOC_SUCCESS,,False,False,0,0,,20.9
2401,Peripheral central venous catheter placement.,0x1e0cf5000,None,FAIL,40,None,False,,LOC_FAIL,,,,0,0,,
2402,Shortness of breath and fatigue for several months,0x1e0e84000,0x1e0e85000,known@0x1e0e85000,1,True,False,,LOC_SUCCESS,,False,False,0,0,,19.7
2404,"Shortness of breath, acute bronchitis.",0x1e0ee7000,0x1e0ee7000,known@0x1e0ee7000,1,True,False,,LOC_SUCCESS,,False,False,0,0,,19.2
2405,"Acute onset of cough, wheezing and dyspnea. Initial encounter.",0x1e0f9a000,0x1e0f9a000,known@0x1e0f9a000,3,True,False,,LOC_SUCCESS,,False,False,0,0,,34.2
2406,Chest pain for 2 days.,0x1e1053000,0x1e1053000,known@0x1e1053000,1,True,False,,LOC_SUCCESS,,False,False,0,0,,19.9
2408,Patient complains of shortness of breath. History of COPD and coronary artery disease.,0x1e10f1000,0x1e10f1000,known@0x1e10f1000,2,True,False,,LOC_SUCCESS,,False,False,0,0,,20.6
2410,Evaluate pneumothorax.,0x1e1137000,0x1e1137000,known@0x1e1137000,1,True,False,,LOC_SUCCESS,,False,False,0,0,,21.7
2413,Cough and congestion. COVID exposure. Wife is COVID positive.,0x1e11fb000,0x1e11fb000,known@0x1e11fb000,4,True,False,,LOC_SUCCESS,,False,False,0,0,,22.5
2414,Lung carcinoma. Follow-up pneumothorax.,0x1e12a0000,0x1e12a0000,known@0x1e12a0000,4,True,False,,LOC_SUCCESS,,False,False,0,0,,22.9
2415,COPD exacerbation.,0x1c97a8000,0x1c97a9000,known@0x1c97a9000,4,True,False,,LOC_SUCCESS,,False,False,0,0,,22.0
2418,"Cough, wheezing, congestion.",0x1c97e6000,0x1c97e6000,known@0x1c97e6000,2,True,False,,LOC_SUCCESS,,False,False,0,0,,21.1
2424,Short of breath. Chest pain. Asthma.,0x1e143f000,0x1e143f000,known@0x1e143f000,1,True,False,,LOC_SUCCESS,,False,False,0,0,,21.0
2428,Shortness of breath.. Weakness.,0x1e14a9000,0x1e14a9000,known@0x1e14a9000,9,True,False,,LOC_SUCCESS,,False,False,0,0,,36.4
2433,Chronic shortness of breath with headache cough for 1-2 days,0x1e1556000,0x1e1556000,known@0x1e1556000,3,True,False,,LOC_SUCCESS,,False,False,0,0,,23.7
2434,Shortness of breath and confusion. Nursing home patient.,0x1e15f2000,0x1e15f2000,known@0x1e15f2000,2,True,False,,LOC_SUCCESS,,False,False,0,0,,21.7
2438,"Shortness of breath and productive cough 3 weeks ago and 2 weeks ago. Now having chills, sweats, and dizziness. History of asthma as a child. Smoker.",0x1e16c7000,0x1e16c8000,known@0x1e16c8000,1,True,False,,LOC_SUCCESS,,False,False,0,0,,20.7
2440,"Chest pain, nonproductive cough, sore throat for the past 2 days. Chest pain is felt to be related to the cough.",0x1e1751000,0x1e1751000,known@0x1e1751000,2,True,False,,LOC_SUCCESS,,False,False,0,0,,21.0
2443,Of the chest pain. Short of breath.,0x1e17a4000,0x1e17a4000,known@0x1e17a4000,1,True,False,,LOC_SUCCESS,,False,False,0,0,,18.7
2446,Weakness. Slight nausea. Short of breath. Smoker.,0x1e2ded000,0x1e2dee000,known@0x1e2dee000,18,True,False,,LOC_SUCCESS,,False,False,0,0,,42.0
2447,Chest pain and shortness of breath since developing COVID 7 weeks ago.,0x1e2eba000,0x1e2ebb000,known@0x1e2ebb000,1,True,False,,LOC_SUCCESS,,False,False,0,0,,21.9
2452,Pneumonia. Shortness of breath. Anemia. Rectal cancer.,0x1e2f13000,0x1e2f13000,known@0x1e2f13000,1,True,False,,LOC_SUCCESS,,False,False,0,0,,21.8
2455,One month of productive cough associated with upper chest discomfort and shortness of breath. Nonsmoker. History of childhood pneumonia.,0x1e2c9f000,None,FAIL,40,None,False,,LOC_FAIL,,,,0,0,,
2459,Shortness of breath and productive cough for 1 week.,0x1e2d64000,0x1e2d64000,known@0x1e2d64000,2,True,False,,LOC_SUCCESS,,False,False,0,0,,33.9
2460,"Shortness of breath, chest pain, cough for 2 weeks",0x1e2a54000,0x1e2a54000,known@0x1e2a54000,2,True,False,,LOC_SUCCESS,,False,False,0,0,,21.4
2461,"Cough, chest pain.",0x1e2af2000,0x1e2af2000,known@0x1e2af2000,2,True,False,,LOC_SUCCESS,,False,False,0,0,,19.3
2464,"New onset shortness of breath, history of hypertension, Parkinson's, kidney stones, stroke, GERD.",0x1e2b99000,0x1e2b99000,known@0x1e2b99000,2,True,False,,LOC_SUCCESS,,False,False,0,0,,20.2
2465,This is a 74-year-old female with chest pain.,0x1e2815000,0x1e2815000,known@0x1e2815000,1,True,False,,LOC_SUCCESS,,False,False,0,0,,22.4
2466,"Mid chest pain this morning, worsening throughout the day. Shortness of breath and cough.",0x1e28fa000,0x1e28fa000,known@0x1e28fa000,2,True,False,,LOC_SUCCESS,,False,False,0,0,,22.0
2468,Shortness of breath. Weakness. Hypotension. Dementia. Hypertension. Prior CVAs.,0x1e2997000,0x1e2997000,known@0x1e2997000,2,True,False,,LOC_SUCCESS,,False,False,0,0,,21.4
2469,Panic attack. Chest pain. Shortness of breath. Tachycardia.,0x1e2671000,0x1e2672000,known@0x1e2672000,1,True,False,,LOC_SUCCESS,,False,False,0,0,,21.9
2472,SOA (Shortness of Air).,0x1e2749000,0x1e274a000,known@0x1e274a000,1,True,False,,LOC_SUCCESS,,False,False,0,0,,22.5
2476,"Hypoxia, follow up R sided pneumonia",0x1e2eb5000,0x1e2eb5000,known@0x1e2eb5000,1,True,False,,LOC_SUCCESS,,False,False,0,0,,22.1
2477,Evaluate central line placement. Respiratory distress.,0x1e2456000,0x1e2456000,known@0x1e2456000,2,True,False,,LOC_SUCCESS,,False,False,0,0,,19.3
2479,"4-month-old with wheezing, congestion and fever.",0x1e2496000,None,FAIL,40,None,False,,LOC_FAIL,,,,0,0,,
2484,"Shortness of breath, COVID positive. Unable to get deep breath since Friday. History of hypertension and diabetes mellitus.",0x1e2548000,0x1e2548000,known@0x1e2548000,2,True,False,,LOC_SUCCESS,,False,False,0,0,,22.2
2486,Central line placement and PICC placement. Seizure.,0x1e25d2000,0x1e25d2000,known@0x1e25d2000,1,True,False,,LOC_SUCCESS,,False,False,0,0,,18.4
2489,"Shortness of breath, admitted as CHF.",0x1e2247000,0x1e2247000,known@0x1e2247000,1,True,False,,LOC_SUCCESS,,False,False,0,0,,22.7
2496,Diatek catheter placement. Renal failure.,0x1e22a0000,0x1e22a0000,known@0x1e22a0000,1,True,False,,LOC_SUCCESS,,False,False,0,0,,20.1
2500,Back pain. Right posterior rib pain for 1 week.,0x1e233e000,0x1e233e000,known@0x1e233e000,2,True,False,,LOC_SUCCESS,,False,False,0,0,,20.6
2503,Follow-up pneumonia. Upper GI bleeding.,0x1e2387000,0x1e2387000,known@0x1e2387000,1,True,False,,LOC_SUCCESS,,False,False,0,0,,18.2
2505,worsening cough. C/O chronic cough. Worsening over last couple days.,0x1e23cf000,0x1e23cf000,known@0x1e23cf000,1,True,False,,LOC_SUCCESS,,False,False,0,0,,21.4
2506,Pulmonary edema. Shortness of breath.,0x1e208d000,0x1e208d000,known@0x1e208d000,2,True,False,,LOC_SUCCESS,,False,False,0,0,,20.1
2507,COPD SOB,0x1e20ff000,0x1e20ff000,known@0x1e20ff000,1,True,False,,LOC_SUCCESS,,False,False,0,0,,19.5
2508,"Shortness of breath, chest pain for 2 days. Cough. History of asthma.",0x1e21a8000,0x1e21a8000,known@0x1e21a8000,2,True,False,,LOC_SUCCESS,,False,False,0,0,,24.8
2509,Cough. Fell in swimming pool with possible aspiration.,0x1e21e6000,0x1e21e6000,known@0x1e21e6000,1,True,False,,LOC_SUCCESS,,False,False,0,0,,20.3
2510,PICC line placement. Patient pregnant with triplets and funneling cervix.,0x1e1e44000,0x1e1e44000,known@0x1e1e44000,1,True,False,,LOC_SUCCESS,,False,False,0,0,,19.7
2511,Right rib pain for 2 weeks.,0x1e1f20000,0x1e1f20000,known@0x1e1f20000,2,True,False,,LOC_SUCCESS,,False,False,0,0,,23.8
2516,"Left axillary rib pain, assault",0x1e1f7e000,0x1e1f7e000,known@0x1e1f7e000,1,True,False,,LOC_SUCCESS,,False,False,0,0,,32.4
2517,Respiratory distress in a newborn. Rule out pneumonia or pneumothorax.,0x1e1f9f000,None,FAIL,40,None,False,,LOC_FAIL,,,,0,0,,
2518,"Chest pain, shortness of breath. Patient max needed but living with sign waist COVID positive.",0x1ca3b5000,0x1ca3b5000,known@0x1ca3b5000,5,True,False,,LOC_SUCCESS,,False,False,0,0,,25.7
2519,"Respiratory failure, history of left pneumothorax",0x1cc856000,0x1cc856000,known@0x1cc856000,2,True,False,,LOC_SUCCESS,,False,False,0,0,,24.3
2520,"Shortness of breath, chest congestion and wheezing.",0x1cc8af000,0x1cc8af000,known@0x1cc8af000,1,True,False,,LOC_SUCCESS,,False,False,0,0,,19.0
2523,Chest pain for 1 day.,0x1e3430000,0x1e3430000,known@0x1e3430000,2,True,False,,LOC_SUCCESS,,False,False,0,0,,34.0
2526,Short of breath and chest pain,0x1e34d0000,0x1e34d0000,known@0x1e34d0000,2,True,False,,LOC_SUCCESS,,False,False,0,0,,19.8
2527,Central chest pain after falling onto chest wall 1 week ago,0x1e3561000,0x1e3561000,known@0x1e3561000,2,True,False,,LOC_SUCCESS,,False,False,0,0,,23.9
2531,Three months of cough. Nonsmoker.,0x1e3631000,0x1e3632000,known@0x1e3632000,1,True,False,,LOC_SUCCESS,,False,False,0,0,,22.2
2533,Acute central chest pain. Initial encounter.,0x1e36a0000,0x1e36a0000,known@0x1e36a0000,1,True,False,,LOC_SUCCESS,,False,False,0,0,,20.4
2536,Right chest tube removed. COVID-19 negative,0x1e374b000,0x1e374b000,known@0x1e374b000,2,True,False,,LOC_SUCCESS,,False,False,0,0,,22.4
2537,Follow-up pleural effusions.,0x1e3818000,0x1e3819000,known@0x1e3819000,1,True,False,,LOC_SUCCESS,,False,False,0,0,,22.0
2538,Cough and shortness of Breath,0x1e3907000,0x1e3908000,known@0x1e3908000,1,True,False,,LOC_SUCCESS,,False,False,0,0,,22.9
2539,"Shortness of breath, COPD. Flu symptoms.",0x1e39e6000,0x1e39e7000,known@0x1e39e7000,1,True,False,,LOC_SUCCESS,,False,False,0,0,,21.1
2542,Acute respiratory failure with hypoxemia,0x1e3a82000,0x1e3a82000,known@0x1e3a82000,4,True,False,,LOC_SUCCESS,,False,False,0,0,,22.7
2545,Chest pain. Shortness of breath. Syncope.,0x1e3ae6000,0x1e3ae6000,known@0x1e3ae6000,1,True,False,,LOC_SUCCESS,,False,False,0,0,,17.2
2546,Chest pain. Palpable right parasternal knot for 2 months.,0x1e3b3a000,0x1e3b3a000,known@0x1e3b3a000,1,True,False,,LOC_SUCCESS,,False,False,0,0,,19.0
2548,Evaluate PICC placement.,0x1e3bae000,0x1e3bae000,known@0x1e3bae000,1,True,False,,LOC_SUCCESS,,False,False,0,0,,20.0
2550,"Chest pain, generalized heavy chest pain, nausea, shortness of breath and headache for 2 days, pain increases at night when lying flat, history hypertension",0x1e3c84000,0x1e3c85000,known@0x1e3c85000,1,True,False,,LOC_SUCCESS,,False,False,0,0,,19.3
2551,"77-year-old male, respiratory failure, anemia, pneumonia.",0x1e3cde000,None,FAIL,40,None,False,,LOC_FAIL,,,,0,0,,
2552,Patient complains of not feeling well and shortness of breath today.,0x1e3dbb000,0x1e3dbb000,known@0x1e3dbb000,3,True,False,,LOC_SUCCESS,,False,False,0,0,,21.1
2554,"Shortness of breath, cough. Evaluate fluid status.",0x1e3e35000,0x1e3e35000,known@0x1e3e35000,2,True,False,,LOC_SUCCESS,,False,False,0,0,,19.8
2555,Respiratory distress rule out pulmonary edema.,0x1e3e8e000,0x1e3e8e000,known@0x1e3e8e000,1,True,False,,LOC_SUCCESS,,False,False,0,0,,22.2
2557,Hypertensive hemorrhage. Central line.,0x1e3ee1000,0x1e3ee1000,known@0x1e3ee1000,1,True,False,,LOC_SUCCESS,,False,False,0,0,,20.8
2558,Leg swelling. Cough.,0x1e3f94000,0x1e3f94000,known@0x1e3f94000,2,True,False,,LOC_SUCCESS,,False,False,0,0,,19.1
2566,Respiratory distress and evaluate central line placement.,0x1e3ff5000,0x1e3ff5000,known@0x1e3ff5000,1,True,False,,LOC_SUCCESS,,False,False,0,0,,21.5
2567,Shortness of breath. Fever.,0x1e404e000,0x1e404e000,known@0x1e404e000,1,True,False,,LOC_SUCCESS,,False,False,0,0,,20.5
2568,Weakness and shortness of breath. Cough.,0x1e40e9000,0x1e40e9000,known@0x1e40e9000,2,True,False,,LOC_SUCCESS,,False,False,0,0,,19.4
2571,"Cough, fever, nasal congestion, generalized body aches, headaches for 4 days, wet sounding cough but not coughing up much mucus, temperature 100.5 degrees with mild tachycardia in triage, rhonchi and expiratory wheezing on LEFT, former smoker.",0x1e41cd000,0x1e41ce000,known@0x1e41ce000,1,True,False,,LOC_SUCCESS,,False,False,0,0,,19.9
2572,"Low oxygen saturation on venous blood gas, COVID-19 diagnosis 07/28/2016",0x1e42a2000,0x1e42a3000,known@0x1e42a3000,1,True,False,,LOC_SUCCESS,,False,False,0,0,,22.6
2575,"Hypoxia, decreased breath sounds at the right lung base, post bronchoscopy",0x1e4310000,0x1e4310000,known@0x1e4310000,1,True,False,,LOC_SUCCESS,,False,False,0,0,,32.5
2579,Fever. Shortness of breath.,0x1e43be000,0x1e43be000,known@0x1e43be000,2,True,False,,LOC_SUCCESS,,False,False,0,0,,19.2
2583,Follow up left pneumothorax. Chest tube removal.,0x1e4477000,0x1e4477000,known@0x1e4477000,2,True,False,,LOC_SUCCESS,,False,False,0,0,,20.3
2584,Respiratory distress. Meningitis.,0x1e44f4000,0x1e44f4000,known@0x1e44f4000,2,True,False,,LOC_SUCCESS,,False,False,0,0,,22.4
2585,Increased cough. Crackles.,0x1e4552000,0x1e4552000,known@0x1e4552000,1,True,False,,LOC_SUCCESS,,False,False,0,0,,18.0
2586,Hypoxia and chest pain.,0x1e45fb000,0x1e45fb000,known@0x1e45fb000,2,True,False,,LOC_SUCCESS,,False,False,0,0,,21.4
2587,Chest pain. Motor vehicle accident [DATE].,0x1e4660000,0x1e4660000,known@0x1e4660000,1,True,False,,LOC_SUCCESS,,False,False,0,0,,22.4
2593,75-year-old male with mid chest pain.,0x1e46bc000,0x1e46bc000,known@0x1e46bc000,1,True,False,,LOC_SUCCESS,,False,False,0,0,,19.3
2595,"Cough, fever, and chills for the past 2 weeks",0x1e4735000,0x1e4735000,known@0x1e4735000,1,True,False,,LOC_SUCCESS,,False,False,0,0,,19.8
2597,Three-day history of central region chest pain. Tobacco use.,0x1e480e000,0x1e480f000,known@0x1e480f000,1,True,False,,LOC_SUCCESS,,False,False,0,0,,22.2
2601,Umbilical venous catheter repositioned,0x1e4851000,0x1e4851000,known@0x1e4851000,1,True,False,,LOC_SUCCESS,,False,False,0,0,,20.3
2602,COPD. Colitis.,0x1e48a6000,0x1e48a6000,known@0x1e48a6000,1,True,False,,LOC_SUCCESS,,False,False,0,0,,18.1
2603,"Dry cough and shortness of breath for 3 days, fever",0x1d2add000,0x1d2add000,known@0x1d2add000,1,True,False,,LOC_SUCCESS,,False,False,0,0,,20.3
2605,CLL. Cough. History of pneumonia.,0x1d61be000,0x1d61be000,known@0x1d61be000,2,True,False,,LOC_SUCCESS,,False,False,0,0,,21.3
2610,Recent traumatic injury with right-sided chest pain,0x1d6217000,0x1d6217000,known@0x1d6217000,1,True,False,,LOC_SUCCESS,,False,False,0,0,,20.3
2612,Follow-up lung infiltrate.,0x1d62e0000,0x1d62e0000,known@0x1d62e0000,2,True,False,,LOC_SUCCESS,,False,False,0,0,,21.0
2613,History given of PICC placement.,0x1d6330000,0x1d6330000,known@0x1d6330000,1,True,False,,LOC_SUCCESS,,False,False,0,0,,20.2
2614,Left arm PICC line placement.,0x1d638b000,0x1d638b000,known@0x1d638b000,1,True,False,,LOC_SUCCESS,,False,False,0,0,,21.0
2615,Short of breath. Chest tightness. History of prostate carcinoma.,0x1e4c59000,0x1e4c5a000,known@0x1e4c5a000,6,True,False,,LOC_SUCCESS,,False,False,0,0,,33.2
2616,Sudden onset of chest pain.,0x1e4d38000,0x1e4d38000,known@0x1e4d38000,2,True,False,,LOC_SUCCESS,,False,False,0,0,,21.7
2619,56-year-old male status post CABG.,0x1e4d8e000,0x1e4d8e000,known@0x1e4d8e000,1,True,False,,LOC_SUCCESS,,False,False,0,0,,18.6
2624,Hypoxia. PICC placement.,0x1e4e40000,0x1e4e40000,known@0x1e4e40000,2,True,False,,LOC_SUCCESS,,False,False,0,0,,20.3
2625,Short of breath. Rule out pneumonia,0x1e4ed9000,0x1e4ed9000,known@0x1e4ed9000,2,True,False,,LOC_SUCCESS,,False,False,0,0,,19.4
2626,Follow-up examination post intubation.,0x1e4f44000,0x1e4f44000,known@0x1e4f44000,1,True,False,,LOC_SUCCESS,,False,False,0,0,,21.1
2627,Chest pain with exertional shortness of breath and difficulty urinating for 2 weeks. History of atrial fibrillation.,0x1e4ff0000,0x1e4ff0000,known@0x1e4ff0000,2,True,False,,LOC_SUCCESS,,False,False,0,0,,21.0
2630,Code stroke. Cough.,0x1e5066000,0x1e5066000,known@0x1e5066000,3,True,False,,LOC_SUCCESS,,False,False,0,0,,22.8
2632,Respiratory distress tonight.,0x1e50fe000,0x1e50fe000,known@0x1e50fe000,2,True,False,,LOC_SUCCESS,,False,False,0,0,,19.8
2633,Worsening shortness of breath.,0x1e51ab000,0x1e51ab000,known@0x1e51ab000,2,True,False,,LOC_SUCCESS,,False,False,0,0,,21.2
2634,Shortness of breath history of COVID,0x1e5259000,0x1e5259000,known@0x1e5259000,2,True,False,,LOC_SUCCESS,,False,False,0,0,,20.9
2635,Cough and nausea. Former smoker.,0x1e52f9000,0x1e52f9000,known@0x1e52f9000,1,True,False,,LOC_SUCCESS,,False,False,0,0,,18.6
2638,Replacement of umbilical vein catheter. Left pneumothorax.,0x1e532e000,0x1e532e000,known@0x1e532e000,1,True,False,,LOC_SUCCESS,,False,False,0,0,,31.5
2639,68 year-old female with dehydration. PICC repositioning.,0x1e538f000,0x1e538f000,known@0x1e538f000,1,True,False,,LOC_SUCCESS,,False,False,0,0,,20.0
2641,58-year-old male status post dialysis catheter placement. Initial encounter.,0x1e4c5c000,0x1e4c5d000,known@0x1e4c5d000,1,True,False,,LOC_SUCCESS,,False,False,0,0,,20.8
2645,"Cough, wheezing and vomiting.",0x1e54bd000,0x1e54bd000,known@0x1e54bd000,1,True,False,,LOC_SUCCESS,,False,False,0,0,,19.1
2646,"Left rib pain, prior history of left chest surgery, rib fracture, pleurectomy",0x1e5511000,0x1e5511000,known@0x1e5511000,1,True,False,,LOC_SUCCESS,,False,False,0,0,,20.0
2651,Follow-up recent episode pneumonia.,0x1e55be000,0x1e55be000,known@0x1e55be000,2,True,False,,LOC_SUCCESS,,False,False,0,0,,21.0
2654,"Shortness of breath for days, increased.",0x1e5662000,0x1e5662000,known@0x1e5662000,2,True,False,,LOC_SUCCESS,,False,False,0,0,,19.5
2658,Acute left rib pain after fall in shower several days ago. Initial encounter.,0x1e56fe000,0x1e56fe000,known@0x1e56fe000,1,True,False,,LOC_SUCCESS,,False,False,0,0,,21.1
2660,"History of coughing, shortness of breath, and weakness.",0x1e578e000,0x1e578e000,known@0x1e578e000,2,True,False,,LOC_SUCCESS,,False,False,0,0,,21.9
2661,Respiratory failure. Follow-up infiltrate.,0x1e57ee000,0x1e57ee000,known@0x1e57ee000,1,True,False,,LOC_SUCCESS,,False,False,0,0,,20.0
2662,"Cough, vomiting, tachycardia, COVID positive",0x1e5c87000,0x1e5c87000,known@0x1e5c87000,2,True,False,,LOC_SUCCESS,,False,False,0,0,,20.6
2669,"Cough for 1 month, worse this morning.",0x1e5d66000,0x1e5d66000,known@0x1e5d66000,2,True,False,,LOC_SUCCESS,,False,False,0,0,,21.3
2670,Cough and chest congestion.,0x1e5db6000,0x1e5db6000,known@0x1e5db6000,1,True,False,,LOC_SUCCESS,,False,False,0,0,,18.6
2673,"Chills, sweats, congestion, cough, fatigue, headache, nausea, chest soreness with cough, ongoing symptoms for 5 days, smoker",0x1e5e7b000,0x1e5e7b000,known@0x1e5e7b000,3,True,False,,LOC_SUCCESS,,False,False,0,0,,23.4
2674,Sternal fracture 6 weeks ago. Follow-up exam.,0x1e5f30000,0x1e5f30000,known@0x1e5f30000,2,True,False,,LOC_SUCCESS,,False,False,0,0,,20.2
2675,"35 y/o M; dialysis patient with nausea, vomiting, and shortness of breath.",0x1e5fe0000,0x1e5fe0000,known@0x1e5fe0000,2,True,False,,LOC_SUCCESS,,False,False,0,0,,19.0
2677,Fever. Sepsis.,0x1e605f000,0x1e605f000,known@0x1e605f000,1,True,False,,LOC_SUCCESS,,False,False,0,0,,32.2
2679,"Acute respiratory failure, hypoxia, history of stroke",0x1e6102000,0x1e6102000,known@0x1e6102000,2,True,False,,LOC_SUCCESS,,False,False,0,0,,19.8
2680,"Weakness, cough, and shortness of breath.",0x1e6153000,0x1e6153000,known@0x1e6153000,1,True,False,,LOC_SUCCESS,,False,False,0,0,,18.4
2681,"Initial evaluation for acute respiratory distress, chest pain.",0x1e6219000,0x1e6219000,known@0x1e6219000,2,True,False,,LOC_SUCCESS,,False,False,0,0,,22.3
2682,"Low lung volumes, COVID-19 positive 6/25/2001",0x1e62ba000,0x1e62ba000,known@0x1e62ba000,2,True,False,,LOC_SUCCESS,,False,False,0,0,,21.3
2686,Cough. Exposure to black mold. Question asthma.,0x1e633d000,0x1e633d000,known@0x1e633d000,1,True,False,,LOC_SUCCESS,,False,False,0,0,,20.5
2687,Short of breath. Swollen legs.,0x1cb178000,0x1cb178000,known@0x1cb178000,1,True,False,,LOC_SUCCESS,,False,False,0,0,,21.4
2691,Shortness of breath. History of bilateral pleural effusions.,0x1cb20d000,0x1cb20d000,known@0x1cb20d000,2,True,False,,LOC_SUCCESS,,False,False,0,0,,20.4
2692,Shortness of breath. Post code. Confirm line placement.,0x1c7c21000,0x1c7c21000,known@0x1c7c21000,2,True,False,,LOC_SUCCESS,,False,False,0,0,,22.3
2693,Acute onset of fever. Subsequent encounter.,0x1c7ccc000,None,FAIL,40,None,False,,LOC_FAIL,,,,0,0,,
2697,Shortness of breath. Coughing.,0x1c7cdd000,0x1c7cdd000,known@0x1c7cdd000,5,True,False,,LOC_SUCCESS,,False,False,0,0,,23.4
2699,"Chest pain since motor vehicle collision 4 days ago. Restrained, no airbag deployment. Pain to neck and thoracic spine. Sternal pain.",0x1c7dca000,0x1c7dca000,known@0x1c7dca000,2,True,False,,LOC_SUCCESS,,False,False,0,0,,20.2
2702,Patient with new right upper extremity PICC line.,0x1e6339000,0x1e6339000,known@0x1e6339000,2,True,False,,LOC_SUCCESS,,False,False,0,0,,21.0
2703,COVID-19 positivity with dyspnea,0x1c7f00000,0x1c7f00000,known@0x1c7f00000,2,True,False,,LOC_SUCCESS,,False,False,0,0,,20.9
2704,"SOB, cough. PT states cough, SOA. DEGNES",0x1c7f64000,0x1c7f64000,known@0x1c7f64000,1,True,False,,LOC_SUCCESS,,False,False,0,0,,22.9
2706,Right chest pain and cough for 1 week.,0x1cd805000,0x1cd805000,known@0x1cd805000,2,True,False,,LOC_SUCCESS,,False,False,0,0,,22.1
2709,Cough. Smoking history.,0x1cd8ca000,0x1cd8ca000,known@0x1cd8ca000,2,True,False,,LOC_SUCCESS,,False,False,0,0,,23.6
2711,"78 year-old male, CHF. Shortness of breath.",0x1cd923000,0x1cd923000,known@0x1cd923000,11,True,False,,LOC_SUCCESS,,False,False,0,0,,36.8
2713,"Shortness of breath, COVID-19 positive, headache, history of hypertension, diabetes mellitus",0x1cd9db000,0x1cd9db000,known@0x1cd9db000,5,True,False,,LOC_SUCCESS,,False,False,0,0,,22.1
2714,Follow-up BILATERAL pneumonia. Sepsis.,0x1cda7c000,0x1cda7c000,known@0x1cda7c000,2,True,False,,LOC_SUCCESS,,False,False,0,0,,22.2
2715,51-year-old male diagnosed with right seventh rib fracture in Nabih. Shortness of Breath. Initial encounter.,0x1e6c26000,0x1e6c27000,known@0x1e6c27000,1,True,False,,LOC_SUCCESS,,False,False,0,0,,20.9
2716,"Pancreatitis, cough, wheezing.",0x1e6c77000,0x1e6c77000,known@0x1e6c77000,1,True,False,,LOC_SUCCESS,,False,False,0,0,,18.6
2719,"Shortness of breath, room 8.",0x1e6cc8000,0x1e6cc8000,known@0x1e6cc8000,1,True,False,,LOC_SUCCESS,,False,False,0,0,,19.0
2720,"sob. cough lung cancer SOB, Cough productive(green, yellow, bloody) per patient hx of lung cancer, smoker x 50 years.",0x1e6d62000,0x1e6d62000,known@0x1e6d62000,2,True,False,,LOC_SUCCESS,,False,False,0,0,,20.6
2722,Pneumonia. Respiratory distress.,0x1e6d90000,0x1e6d90000,known@0x1e6d90000,1,True,False,,LOC_SUCCESS,,False,False,0,0,,19.1
2723,Acute respiratory failure. Patient on a ventilator.,0x1e6dea000,0x1e6dea000,known@0x1e6dea000,5,True,False,,LOC_SUCCESS,,False,False,0,0,,22.6
2725,Pre-term infant. Status post needle aspiration for pneumothorax.,0x1e6e30000,0x1e6e30000,known@0x1e6e30000,1,True,False,,LOC_SUCCESS,,False,False,0,0,,19.0
2728,PICC line placement. Weakness. Hyponatremia. Acute renal failure.,0x1e6e3d000,0x1e6e3d000,known@0x1e6e3d000,1,True,False,,LOC_SUCCESS,,False,False,0,0,,32.1
2729,Follow-up,0x1e6e85000,0x1e6e85000,known@0x1e6e85000,1,True,False,,LOC_SUCCESS,,False,False,0,0,,21.1
2731,Premature neonate. Respiratory distress syndrome. Respiratory insufficiency on ventilator.,0x1e6e75000,None,FAIL,40,None,False,,LOC_FAIL,,,,0,0,,
2733,"Bronchitis symptoms, acute respiratory failure, community-acquired pneumonia, history of COPD and previous smoking",0x1e6fab000,0x1e6fab000,known@0x1e6fab000,10,True,False,,LOC_SUCCESS,,False,False,0,0,,36.3
2736,Fever of 104.8. Cough. Nausea. Influenza A.,0x1e6ffa000,0x1e6ffa000,known@0x1e6ffa000,1,True,False,,LOC_SUCCESS,,False,False,0,0,,19.2
2740,"Shortness of breath, wheezing and productive cough. Difficulty breathing.",0x1e705f000,0x1e705f000,known@0x1e705f000,1,True,False,,LOC_SUCCESS,,False,False,0,0,,20.1
2741,Chest pain following a fall.,0x1e710c000,0x1e710c000,known@0x1e710c000,2,True,False,,LOC_SUCCESS,,False,False,0,0,,23.6
2742,27-year-old female with acute respiratory failure.,0x1e71bb000,0x1e71bb000,known@0x1e71bb000,2,True,False,,LOC_SUCCESS,,False,False,0,0,,19.9
2747,"43-year-old male with chest pain, vomiting, tingling into the left shoulder.",0x1e7290000,0x1e7290000,known@0x1e7290000,2,True,False,,LOC_SUCCESS,,False,False,0,0,,22.7
2748,MVC ? left chest pain.,0x1e72e6000,0x1e72e6000,known@0x1e72e6000,1,True,False,,LOC_SUCCESS,,False,False,0,0,,21.7
2750,"Chest pain, chronic cough",0x1e6333000,0x1e6333000,known@0x1e6333000,2,True,False,,LOC_SUCCESS,,False,False,0,0,,22.1
2751,"COPD, tracheostomy patient, MAI infection, known large cavitary process in the right upper lobe.",0x1e7428000,0x1e7428000,known@0x1e7428000,2,True,False,,LOC_SUCCESS,,False,False,0,0,,19.8
2752,"Initial evaluation for acute cough, congestion.",0x1e7510000,0x1e7511000,known@0x1e7511000,1,True,False,,LOC_SUCCESS,,False,False,0,0,,21.5
2754,"cough, SOB",0x1e7585000,0x1e7585000,known@0x1e7585000,1,True,False,,LOC_SUCCESS,,False,False,0,0,,20.3
2755,Left-sided chest pain and shortness of breath.,0x1e75e1000,0x1e75e1000,known@0x1e75e1000,1,True,False,,LOC_SUCCESS,,False,False,0,0,,21.9
2757,PICC line placement. Infected sacral decubitus ulcer.,0x1e7640000,0x1e7640000,known@0x1e7640000,1,True,False,,LOC_SUCCESS,,False,False,0,0,,20.7
2758,"Shortness of breath and weakness, multiple falls.",0x1e76ed000,0x1e76ed000,known@0x1e76ed000,2,True,False,,LOC_SUCCESS,,False,False,0,0,,21.7
2761,"Cough, subcutaneous emphysema.",0x1e77cd000,0x1e77ce000,known@0x1e77ce000,1,True,False,,LOC_SUCCESS,,False,False,0,0,,21.2
2763,Chest pain. COVID positive.,0x1e7ca3000,0x1e7ca4000,known@0x1e7ca4000,1,True,False,,LOC_SUCCESS,,False,False,0,0,,18.8
2766,Cough and elevated white blood cell count,0x1c81d9000,0x1c81d9000,known@0x1c81d9000,4,True,False,,LOC_SUCCESS,,False,False,0,0,,35.1
2768,"Cough, congestion for 7 days",0x1c8235000,0x1c8235000,known@0x1c8235000,1,True,False,,LOC_SUCCESS,,False,False,0,0,,19.1
2769,"Shortness of breath, fever, history hypertension, diabetes mellitus, pneumonia",0x1cfa45000,0x1cfa45000,known@0x1cfa45000,2,True,False,,LOC_SUCCESS,,False,False,0,0,,20.2
2770,Weakness. Initial in count,0x1cfaa1000,None,FAIL,40,None,False,,LOC_FAIL,,,,0,0,,
2771,Swan-Ganz catheter insertion.,0x1cfb17000,0x1cfb17000,known@0x1cfb17000,2,True,False,,LOC_SUCCESS,,False,False,0,0,,20.6
2775,Weakness and cough,0x1e8107000,0x1e8108000,known@0x1e8108000,1,True,False,,LOC_SUCCESS,,False,False,0,0,,22.3
2781,"History of pneumonia, cough, congestion, shortness of breath, former smoking history, followup chest x-ray of 6/13/2006",0x1e81b7000,0x1e81b7000,known@0x1e81b7000,2,True,False,,LOC_SUCCESS,,False,False,0,0,,20.5
2782,"cough, wheeze, fever",0x1e8224000,0x1e8224000,known@0x1e8224000,1,True,False,,LOC_SUCCESS,,False,False,0,0,,31.7
2783,Left anterior rib pain after fall.,0x1e82e4000,0x1e82e4000,known@0x1e82e4000,2,True,False,,LOC_SUCCESS,,False,False,0,0,,21.0
2784,Respiratory failure. Encounter for Endotracheal tube,0x1e8376000,0x1e8376000,known@0x1e8376000,2,True,False,,LOC_SUCCESS,,False,False,0,0,,21.9
2789,Shortness of breath and weakness. Pleural effusions.,0x1e843b000,0x1e843c000,known@0x1e843c000,1,True,False,,LOC_SUCCESS,,False,False,0,0,,21.7
2792,Chest pain and heart palpitations beginning overnight.,0x1e84e4000,0x1e84e4000,known@0x1e84e4000,2,True,False,,LOC_SUCCESS,,False,False,0,0,,20.4
2794,Initial evaluation for acute chest pain.,0x1e8594000,0x1e8594000,known@0x1e8594000,2,True,False,,LOC_SUCCESS,,False,False,0,0,,19.8
2795,Fever. Follow-up.,0x1e8643000,0x1e8643000,known@0x1e8643000,2,True,False,,LOC_SUCCESS,,False,False,0,0,,22.1
2797,History given of left PICC placement. History of carcinoma of the stomach.,0x1e8696000,0x1e8696000,known@0x1e8696000,1,True,False,,LOC_SUCCESS,,False,False,0,0,,21.2
2798,"Questionable sepsis, shortness of breath",0x1e8722000,0x1e8722000,known@0x1e8722000,2,True,False,,LOC_SUCCESS,,False,False,0,0,,19.4
2803,CABG. Follow-up.,0x1e8777000,0x1e8777000,known@0x1e8777000,1,True,False,,LOC_SUCCESS,,False,False,0,0,,22.5
2804,82-year-old with shortness of breath. Smoker.,0x1e87d7000,0x1e87d7000,known@0x1e87d7000,1,True,False,,LOC_SUCCESS,,False,False,0,0,,19.3
2807,Chest pain and productive cough for 1 week.,0x1e88b1000,0x1e88b1000,known@0x1e88b1000,2,True,False,,LOC_SUCCESS,,False,False,0,0,,18.9
2809,Sepsis. Respiratory distress.,0x1e8929000,0x1e8929000,known@0x1e8929000,2,True,False,,LOC_SUCCESS,,False,False,0,0,,23.6
2810,Postop from aortic valve replacement. Chest tubes. Chest pain.,0x1e89dc000,0x1e89dc000,known@0x1e89dc000,2,True,False,,LOC_SUCCESS,,False,False,0,0,,21.9
2811,33-year-old female with acute chest pain and shortness of breath today. History of sickle cell disease.,0x1e8ab6000,0x1e8ab6000,known@0x1e8ab6000,2,True,False,,LOC_SUCCESS,,False,False,0,0,,22.3
2812,"Status post aorto mesenteric aneurysm repair, follow-up line placement. History of COPD",0x1e8b52000,0x1e8b52000,known@0x1e8b52000,2,True,False,,LOC_SUCCESS,,False,False,0,0,,30.7
2813,"Fever, shortness of breath, weakness",0x1e8c37000,0x1e8c38000,known@0x1e8c38000,1,True,False,,LOC_SUCCESS,,False,False,0,0,,20.4
2814,"Chest pain, chest pain",0x1e8d30000,0x1e8d31000,known@0x1e8d31000,1,True,False,,LOC_SUCCESS,,False,False,0,0,,20.8
2817,Shortness of breath. History of COPD. Cannot catch breath.,0x1e8d8a000,0x1e8d8a000,known@0x1e8d8a000,1,True,False,,LOC_SUCCESS,,False,False,0,0,,21.0
2819,Cough and cold for 2 weeks.,0x1e8e5f000,0x1e8e60000,known@0x1e8e60000,1,True,False,,LOC_SUCCESS,,False,False,0,0,,23.2
2820,Follow-up COVID pneumonia.,0x1e8f0d000,0x1e8f0d000,known@0x1e8f0d000,2,True,False,,LOC_SUCCESS,,False,False,0,0,,21.4
2821,"Fever (103 F), cough, congestion for 3 days; no known cardiopulmonary problems.",0x1e8f77000,0x1e8f77000,known@0x1e8f77000,2,True,False,,LOC_SUCCESS,,False,False,0,0,,20.6
2823,COPD exacerbation evaluate for infiltrates.,0x1e9020000,0x1e9020000,known@0x1e9020000,2,True,False,,LOC_SUCCESS,,False,False,0,0,,22.3
2827,Coughing and shortness of breath.,0x1e90be000,0x1e90be000,known@0x1e90be000,5,True,False,,LOC_SUCCESS,,False,False,0,0,,24.8
2828,Followup pulmonary edema. Ventilator dependent respiratory failure.,0x1e9118000,0x1e9118000,known@0x1e9118000,1,True,False,,LOC_SUCCESS,,False,False,0,0,,19.7
2829,Shortness of breath and coughing up blood.,0x1e9200000,0x1e9201000,known@0x1e9201000,1,True,False,,LOC_SUCCESS,,False,False,0,0,,19.8
2831,Acute onset of shortness of breath. Recent C-section. Initial encounter.,0x1e92c5000,0x1e92c5000,known@0x1e92c5000,2,True,False,,LOC_SUCCESS,,False,False,0,0,,20.1
2834,Chest pain and shortness of breath. Smoked marijuana today.,0x1e939b000,0x1e939c000,known@0x1e939c000,1,True,False,,LOC_SUCCESS,,False,False,0,0,,20.8
2837,Chest pain for 3 days. Weakness in legs.,0x1e944e000,0x1e944e000,known@0x1e944e000,2,True,False,,LOC_SUCCESS,,False,False,0,0,,20.8
2838,"Shortness of breath, syncopal episode, history sleep apnea, smoking",0x1e94fd000,0x1e94fd000,known@0x1e94fd000,2,True,False,,LOC_SUCCESS,,False,False,0,0,,33.7
2839,73-year-old female with shortness of breath.,0x1e95ab000,0x1e95ab000,known@0x1e95ab000,2,True,False,,LOC_SUCCESS,,False,False,0,0,,21.8
2840,Shortness of breath and cough. Recent COVID-19 positive,0x1e969d000,0x1e969e000,known@0x1e969e000,1,True,False,,LOC_SUCCESS,,False,False,0,0,,18.9
2844,"Cough, short of breath, fever",0x1e96f8000,0x1e96f8000,known@0x1e96f8000,1,True,False,,LOC_SUCCESS,,False,False,0,0,,19.6
2846,Respiratory distress. Evaluate pneumonia.,0x1d5844000,0x1d5844000,known@0x1d5844000,2,True,False,,LOC_SUCCESS,,False,False,0,0,,20.7
2847,Acute pancreatitis. PICC line placement.,0x1d58a0000,0x1d58a0000,known@0x1d58a0000,1,True,False,,LOC_SUCCESS,,False,False,0,0,,20.2
2849,Status post fall. Right lower chest pain.,0x1ce7fc000,0x1ce7fc000,known@0x1ce7fc000,3,True,False,,LOC_SUCCESS,,False,False,0,0,,21.1
2850,Respiratory distress of newborn. Premature neonate. Feeding tube placement.,0x1d3025000,None,FAIL,40,None,False,,LOC_FAIL,,,,0,0,,
2856,COVID positive with shortness of breath.,0x1d317c000,0x1d317c000,known@0x1d317c000,2,True,False,,LOC_SUCCESS,,False,False,0,0,,23.1
2857,"[AGE] female failure to thrive, shortness of breath, fever.",0x1d31d8000,0x1d31d8000,known@0x1d31d8000,1,True,False,,LOC_SUCCESS,,False,False,0,0,,20.0
2858,Sepsis. Follow-up.,0x1d3235000,0x1d3235000,known@0x1d3235000,1,True,False,,LOC_SUCCESS,,False,False,0,0,,18.9
2859,Smoker with cough. Physical exam screening.,0x1d3291000,0x1d3291000,known@0x1d3291000,1,True,False,,LOC_SUCCESS,,False,False,0,0,,20.4
2866,Chest pain/short of breath. History of lung cancer.,0x1d32ed000,0x1d32ed000,known@0x1d32ed000,1,True,False,,LOC_SUCCESS,,False,False,0,0,,21.4
2867,"Shortness of breath, recent pneumonia, history of hypertension.",0x1d3346000,0x1d3346000,known@0x1d3346000,1,True,False,,LOC_SUCCESS,,False,False,0,0,,23.0
2868,Unstable unstable angina; CABG,0x1d339e000,0x1d339e000,known@0x1d339e000,1,True,False,,LOC_SUCCESS,,False,False,0,0,,19.1
2871,Persistent cough. Diagnosed with pneumonia 2 days ago.,0x1d33da000,0x1d33da000,known@0x1d33da000,1,True,False,,LOC_SUCCESS,,False,False,0,0,,19.2
2872,Left lateral chest pain post motor vehicle collision.,0x1e9b5d000,0x1e9b5e000,known@0x1e9b5e000,2,True,False,,LOC_SUCCESS,,False,False,0,0,,23.5
2873,Weakness. Diarrhea.,0x1e9bb7000,0x1e9bb7000,known@0x1e9bb7000,1,True,False,,LOC_SUCCESS,,False,False,0,0,,20.4
2874,Right posterior rib pain after motor vehicle accident today. Initial encounter.,0x1e9c76000,0x1e9c76000,known@0x1e9c76000,3,True,False,,LOC_SUCCESS,,False,False,0,0,,22.3
2876,Left pneumothorax,0x1e9d13000,0x1e9d13000,known@0x1e9d13000,2,True,False,,LOC_SUCCESS,,False,False,0,0,,20.4
2877,Tracheostomy tube patient. Acute decreasing hemoglobin. Atrial fibrillation. Hypertension. Acute on chronic respiratory failure. Coronary artery disease.,0x1e9dd4000,0x1e9dd4000,known@0x1e9dd4000,2,True,False,,LOC_SUCCESS,,False,False,0,0,,21.6
2878,87-year-old male with chest pain.,0x1e9e84000,0x1e9e84000,known@0x1e9e84000,2,True,False,,LOC_SUCCESS,,False,False,0,0,,20.9
2880,"Cough, chest pain, shortness of breath, COVID positive",0x1e9ede000,0x1e9ede000,known@0x1e9ede000,1,True,False,,LOC_SUCCESS,,False,False,0,0,,19.8
2882,Follow-up of pneumonia.,0x1e9f8d000,0x1e9f8e000,known@0x1e9f8e000,1,True,False,,LOC_SUCCESS,,False,False,0,0,,19.4
2883,"71-year-old, with fever. Decreased level of consciousness.",0x1e9fe8000,0x1e9fe8000,known@0x1e9fe8000,1,True,False,,LOC_SUCCESS,,False,False,0,0,,20.4
2885,"Cough, fever, nasal congestion",0x1ea035000,0x1ea035000,known@0x1ea035000,1,True,False,,LOC_SUCCESS,,False,False,0,0,,32.1
2886,Positive PPD test. Cough.,0x1ea069000,0x1ea069000,known@0x1ea069000,1,True,False,,LOC_SUCCESS,,False,False,0,0,,20.2
2888,Coughing over the last week. Wheezing.,0x1ea0a4000,None,FAIL,40,None,False,,LOC_FAIL,,,,0,0,,
2889,"Shortness of breath. History of aortic stenosis, CAD, heart murmur, tachycardia, mitral regurgitation, and cardiac stent placement. TB",0x1ea140000,0x1ea140000,known@0x1ea140000,2,True,False,,LOC_SUCCESS,,False,False,0,0,,21.8
2890,Respiratory distress. Pneumonia. COPD. Follow-up.,0x1ea196000,0x1ea196000,known@0x1ea196000,1,True,False,,LOC_SUCCESS,,False,False,0,0,,21.9
2893,Followup pulmonary edema. Community acquired pneumonia. Sepsis. Acute on chronic diastolic congestive heart failure.,0x1ea248000,0x1ea248000,known@0x1ea248000,2,True,False,,LOC_SUCCESS,,False,False,0,0,,23.7
2895,"Woke up this a.m. with difficulty breathing. Pt has had chest pain going on the past few weeks - pain increases with inspiration. PNA dx x a few months ago. H/o Asthma, Diabetes, HTN. Smoker.",0x1ea2c3000,0x1ea2c3000,known@0x1ea2c3000,1,True,False,,LOC_SUCCESS,,False,False,0,0,,19.1
2896,"Cough, pulmonary edema",0x1ea359000,0x1ea359000,known@0x1ea359000,2,True,False,,LOC_SUCCESS,,False,False,0,0,,22.7
2898,60-year-old who was admitted 2 days ago for asthma exacerbation. Shortness of breath and mid chest pain persists. Negative COVID-19 testing.,0x1ea829000,0x1ea829000,known@0x1ea829000,2,True,False,,LOC_SUCCESS,,False,False,0,0,,33.4
2899,"Shortness of breath, intubated",0x1ea8bc000,0x1ea8bc000,known@0x1ea8bc000,2,True,False,,LOC_SUCCESS,,False,False,0,0,,22.3
2900,Cough x 1 day.,0x1ea8ff000,0x1ea8ff000,known@0x1ea8ff000,2,True,False,,LOC_SUCCESS,,False,False,0,0,,22.9
2902,"Motor vehicle accident, chest pain, leg abrasions",0x1ea9c9000,0x1ea9ca000,known@0x1ea9ca000,1,True,False,,LOC_SUCCESS,,False,False,0,0,,20.9
2903,Prior episode of fever and shortness of breath. Rule out infiltrate.,0x1eaa24000,0x1eaa24000,known@0x1eaa24000,1,True,False,,LOC_SUCCESS,,False,False,0,0,,19.9
2907,Shortness of breath and fever; congested cough.,0x1eaab2000,0x1eaab2000,known@0x1eaab2000,2,True,False,,LOC_SUCCESS,,False,False,0,0,,19.8
2908,PICC tube insertion right,0x1eab4c000,0x1eab4c000,known@0x1eab4c000,2,True,False,,LOC_SUCCESS,,False,False,0,0,,21.9
2909,Back pain and chest pain.,0x1eac1b000,0x1eac1c000,known@0x1eac1c000,1,True,False,,LOC_SUCCESS,,False,False,0,0,,22.0
2914,Follow-up pleural effusion,0x1eacc0000,0x1eacc0000,known@0x1eacc0000,2,True,False,,LOC_SUCCESS,,False,False,0,0,,19.1
2917,22-year-old female with pneumonia due to COVID-19.,0x1ead55000,0x1ead55000,known@0x1ead55000,2,True,False,,LOC_SUCCESS,,False,False,0,0,,23.7
2918,70-year-old male with history of left foot cellulitis. Wound infection. Concern for osteomyelitis. History of peripheral vascular disease. Shortness of breath without exertion.,0x1eae02000,0x1eae02000,known@0x1eae02000,2,True,False,,LOC_SUCCESS,,False,False,0,0,,22.4
2922,Preoperative gastric sleeve resection. Hypertension.,0x1e6ae3000,0x1e6ae4000,known@0x1e6ae4000,5,True,False,,LOC_SUCCESS,,False,False,0,0,,24.2
2923,"Cough, chest congestion and wheezing for 1 week. Intermittent fever.",0x1e6bbb000,0x1e6bbc000,known@0x1e6bbc000,5,True,False,,LOC_SUCCESS,,False,False,0,0,,35.0
2924,Wheezing. Congestion. Cough.,0x1eb003000,0x1eb003000,known@0x1eb003000,1,True,False,,LOC_SUCCESS,,False,False,0,0,,18.3
2926,"Shortness of breath, fever, cough.",0x1eb0e0000,0x1eb0e1000,known@0x1eb0e1000,2,True,False,,LOC_SUCCESS,,False,False,0,0,,21.6
2929,intraaortic balloon pump placement; chest pain,0x1eb13b000,0x1eb13b000,known@0x1eb13b000,1,True,False,,LOC_SUCCESS,,False,False,0,0,,20.6
2932,"Chest pain. History of smoking, COPD. Hypertension.",0x1edcab000,None,FAIL,40,None,False,,LOC_FAIL,,,,0,0,,
2934,Right rib pain post fall.,0x1edd33000,0x1edd33000,known@0x1edd33000,2,True,False,,LOC_SUCCESS,,False,False,0,0,,20.2
2935,Mild respiratory failure. Bilateral community-acquired pneumonia with failed outpatient therapy.,0x1edab9000,0x1edab9000,known@0x1edab9000,2,True,False,,LOC_SUCCESS,,False,False,0,0,,33.4
2937,Cold like symptoms. Cough. History of hypertension and MI.,0x1edb27000,0x1edb27000,known@0x1edb27000,1,True,False,,LOC_SUCCESS,,False,False,0,0,,17.9
2938,"Abnormal chest x-ray, follow-up. History of COVID-19.",0x1edc12000,0x1edc12000,known@0x1edc12000,2,True,False,,LOC_SUCCESS,,False,False,0,0,,21.3
2939,Weakness and wheezing,0x1ed8b5000,0x1ed8b5000,known@0x1ed8b5000,2,True,False,,LOC_SUCCESS,,False,False,0,0,,21.3
2940,"Dyspnea, wheezing and hypoxia",0x1ed952000,0x1ed952000,known@0x1ed952000,2,True,False,,LOC_SUCCESS,,False,False,0,0,,19.0
2941,Chest pain. Cough and chills.,0x1eda40000,0x1eda41000,known@0x1eda41000,1,True,False,,LOC_SUCCESS,,False,False,0,0,,21.0
2946,Cough and fever for 1 week.,0x1eda87000,0x1eda87000,known@0x1eda87000,1,True,False,,LOC_SUCCESS,,False,False,0,0,,21.3
2948,Shortness of breath and hypoxia. Metastatic bone disease.,0x1ed726000,0x1ed726000,known@0x1ed726000,2,True,False,,LOC_SUCCESS,,False,False,0,0,,23.3
2950,Term newborn. Umbilical catheter placement.,0x1ed769000,None,FAIL,40,None,False,,LOC_FAIL,,,,0,0,,
2952,Large left pneumothorax.,0x1ed7c3000,0x1ed7c3000,known@0x1ed7c3000,1,True,False,,LOC_SUCCESS,,False,False,0,0,,21.5
2955,Postoperative CABG.,0x1ed82b000,0x1ed82b000,known@0x1ed82b000,1,True,False,,LOC_SUCCESS,,False,False,0,0,,23.9
2956,Pneumonia. Fever. Evaluate for tuberculosis.,0x1ed883000,0x1ed883000,known@0x1ed883000,1,True,False,,LOC_SUCCESS,,False,False,0,0,,17.9
2957,Shortness of breath R/O Infil,0x1ed510000,0x1ed510000,known@0x1ed510000,2,True,False,,LOC_SUCCESS,,False,False,0,0,,22.7
2958,Cough over the last 10 weeks. Right-sided chest pain.,0x1ed5ba000,0x1ed5ba000,known@0x1ed5ba000,2,True,False,,LOC_SUCCESS,,False,False,0,0,,21.5
2961,Right internal jugular venous catheter placement.,0x1ed66b000,0x1ed66b000,known@0x1ed66b000,2,True,False,,LOC_SUCCESS,,False,False,0,0,,23.1
2966,"Cough, shortness of breath",0x1ed2e0000,0x1ed2e0000,known@0x1ed2e0000,1,True,False,,LOC_SUCCESS,,False,False,0,0,,20.3
2967,Trauma. MVC and pain. Mid chest pain with seat belt marks.,0x1ed38a000,0x1ed38a000,known@0x1ed38a000,2,True,False,,LOC_SUCCESS,,False,False,0,0,,21.6
2970,COVID positive. Shortness of breath. Fever.,0x1ed43a000,0x1ed43a000,known@0x1ed43a000,2,True,False,,LOC_SUCCESS,,False,False,0,0,,21.6
2971,Cough. Laryngitis. Chills. Seven days duration.,0x1ed128000,0x1ed129000,known@0x1ed129000,2,True,False,,LOC_SUCCESS,,False,False,0,0,,21.1
2972,Chest pain and shortness of breath radiating to the left arm. Nausea and diaphoresis.,0x1ed1dc000,0x1ed1dc000,known@0x1ed1dc000,2,True,False,,LOC_SUCCESS,,False,False,0,0,,23.4
2973,"Cough, shortness of breath and pneumonia.",0x1ed293000,0x1ed293000,known@0x1ed293000,2,True,False,,LOC_SUCCESS,,False,False,0,0,,21.1
2974,"Weakness, altered mental status.",0x1ecee5000,0x1ecee5000,known@0x1ecee5000,1,True,False,,LOC_SUCCESS,,False,False,0,0,,22.1
2975,Cough for 3 months. Evaluate for pneumonia and asthma. No fever. Shortness of breath and wheezing.,0x1ecf62000,0x1ecf62000,known@0x1ecf62000,1,True,False,,LOC_SUCCESS,,False,False,0,0,,19.7
2976,"Short of breath, abdominal aortic aneurysm",0x1ecfd7000,0x1ecfd7000,known@0x1ecfd7000,1,True,False,,LOC_SUCCESS,,False,False,0,0,,31.7
2979,Hypoxia. Recent motor vehicle accident,0x1ed06c000,0x1ed06c000,known@0x1ed06c000,2,True,False,,LOC_SUCCESS,,False,False,0,0,,21.5
2980,Cough since yesterday with chest congestion.,0x1ed0a3000,None,FAIL,40,None,False,,LOC_FAIL,,,,0,0,,
2983,"Wheezing, fever, cough, history of asthma",0x1ecd5a000,0x1ecd5a000,known@0x1ecd5a000,2,True,False,,LOC_SUCCESS,,False,False,0,0,,20.4
2984,Chest pain. Pain with deep inspiration. Pain for 1 month.,0x1ecdb6000,0x1ecdb6000,known@0x1ecdb6000,1,True,False,,LOC_SUCCESS,,False,False,0,0,,22.2
2985,69-year-old female status post fall with severe left lower rib pain.,0x1ece81000,0x1ece81000,known@0x1ece81000,2,True,False,,LOC_SUCCESS,,False,False,0,0,,22.8
2986,Cough and chills.,0x1ecad3000,0x1ecad3000,known@0x1ecad3000,1,True,False,,LOC_SUCCESS,,False,False,0,0,,18.7
2989,Fever. Pancreatitis.,0x1cfaa3000,0x1cfaa3000,known@0x1cfaa3000,2,True,False,,LOC_SUCCESS,,False,False,0,0,,32.4
2992,Shortness of breath. History of dyspnea.,0x1ecc1b000,0x1ecc1b000,known@0x1ecc1b000,2,True,False,,LOC_SUCCESS,,False,False,0,0,,21.1
2993,Cough and fever for several days,0x1ecc87000,0x1ecc87000,known@0x1ecc87000,1,True,False,,LOC_SUCCESS,,False,False,0,0,,18.9
2998,Cough and congestion. History of esophageal tear.,0x1cbeac000,0x1cbeac000,known@0x1cbeac000,3,True,False,,LOC_SUCCESS,,False,False,0,0,,26.9
3006,Post CABG x4.,0x1cd012000,0x1cd012000,known@0x1cd012000,1,True,False,,LOC_SUCCESS,,False,False,0,0,,19.1
3007,"Shortness of breath, cough, sore throat and fever; upper back pain.",0x1cd0a3000,0x1cd0a3000,known@0x1cd0a3000,10,True,False,,LOC_SUCCESS,,False,False,0,0,,27.3
3008,"Shortness of breath, fever, hypoxia.",0x1cd102000,None,FAIL,40,None,False,,LOC_FAIL,,,,0,0,,
3010,Shortness of breath and history of pneumothorax.,0x207550000,0x207550000,known@0x207550000,1,True,False,,LOC_SUCCESS,,False,False,0,0,,21.4
3012,CHF. Short of breath.,0x1f393b000,0x1f393b000,known@0x1f393b000,1,True,False,,LOC_SUCCESS,,False,False,0,0,,18.8
3013,Shortness of breath and wheezing,0x2069e9000,0x2069e9000,known@0x2069e9000,1,True,False,,LOC_SUCCESS,,False,False,0,0,,21.9
3014,COVID. Shortness of breath.,0x20a1a9000,0x20a1a9000,known@0x20a1a9000,2,True,False,,LOC_SUCCESS,,False,False,0,0,,21.2
3015,Cough for a month. Fever.,0x200dce000,0x200dce000,known@0x200dce000,1,True,False,,LOC_SUCCESS,,False,False,0,0,,19.1
3017,"Fever, wheezing, cough, congestion",0x207dec000,None,FAIL,40,None,False,,LOC_FAIL,,,,0,0,,
3018,"Left lower anterior rib pain, MVA 2 days ago",0x20972d000,0x20972d000,known@0x20972d000,1,True,False,,LOC_SUCCESS,,False,False,0,0,,19.6
3020,Shortness of breath. Recent esophagectomy.,0x20a0f9000,0x20a0f9000,known@0x20a0f9000,2,True,False,,LOC_SUCCESS,,False,False,0,0,,20.8
3021,"Severe left chest pain with shortness of breath began this morning. Current smoker. History of seizure disorder, post traumatic intercerebral bleed, alcohol abuse, tobacco abuse.",0x208383000,0x208383000,known@0x208383000,2,True,False,,LOC_SUCCESS,,False,False,0,0,,23.1
3023,"Shortness of breath even at rest, history of diabetes, hyperlipidemia",0x1f5ba7000,0x1f5ba7000,known@0x1f5ba7000,2,True,False,,LOC_SUCCESS,,False,False,0,0,,22.4
3030,"Central venous catheter placement, COVID pneumonia",0x214abe000,0x214abe000,known@0x214abe000,2,True,False,,LOC_SUCCESS,,False,False,0,0,,19.6
3032,"Cough, shortness of breath and fever.",0x1cd22f000,0x1cd22f000,known@0x1cd22f000,1,True,False,,LOC_SUCCESS,,False,False,0,0,,19.3
3033,Respiratory distress. Altered level of consciousness.,0x203ecb000,0x203ecb000,known@0x203ecb000,1,True,False,,LOC_SUCCESS,,False,False,0,0,,21.3
3034,Increasing shortness of breath and productive cough with reddish sputum. Clinical diagnosis of CHF and possible pneumonitis-atypical pneumonia.,0x214120000,0x214120000,known@0x214120000,2,True,False,,LOC_SUCCESS,,False,False,0,0,,21.5
3036,Check catheter placement,0x21453c000,0x21453c000,known@0x21453c000,1,True,False,,LOC_SUCCESS,,False,False,0,0,,23.8
3038,Status post PICC placement.,0x214468000,0x214468000,known@0x214468000,2,True,False,,LOC_SUCCESS,,False,False,0,0,,20.8
3040,Fall. Right-sided rib pain. Diminished breath sounds on the right at physical examination. Former smoker.,0x20b72a000,0x20b72a000,known@0x20b72a000,1,True,False,,LOC_SUCCESS,,False,False,0,0,,19.4
3043,73-year-old with chest pain. Precardiac cath. Abnormal stress test.,0x208204000,0x208204000,known@0x208204000,1,True,False,,LOC_SUCCESS,,False,False,0,0,,19.1
3044,Shortness of breath and chest tightness for 3 months.,0x21426b000,0x214254000,known@0x214254000,2,True,False,,LOC_SUCCESS,,False,False,0,0,,22.2
3047,Ascending aortic aneurysm. AI. CABG.,0x2141dd000,0x2141dd000,known@0x2141dd000,1,True,False,,LOC_SUCCESS,,False,False,0,0,,21.3
3049,Wheezing & Cough,0x1f8bbb000,None,FAIL,40,None,False,,LOC_FAIL,,,,0,0,,
3053,"Cough for 2-3 days, with mild chest tightness and pain. Initial encounter.",0x20a2c8000,0x20a2fc000,known@0x20a2fc000,23,False,False,,LOC_MISMATCH,,False,False,0,0,,44.9
3054,Premature newborn. Follow-up respiratory distress syndrome.,0x209af3000,0x209af3000,known@0x209af3000,1,True,False,,LOC_SUCCESS,,False,False,0,0,,20.6
3057,Follow-up of sternal fracture. Treated with ORIF,0x20b0f5000,0x20b110000,known@0x20b110000,1,False,False,,LOC_MISMATCH,,False,False,0,0,,19.4
3059,Hypoxia. Chest pain. Short of breath.,0x1f4aa4000,0x1f4aa4000,known@0x1f4aa4000,1,True,False,,LOC_SUCCESS,,False,False,0,0,,20.2
3060,"82-year-old female with pneumothorax, lung surgery in the past.",0x209ac0000,0x209b00000,known@0x209b00000,1,False,False,,LOC_MISMATCH,,False,False,0,0,,19.5
3061,"Acute pancreatitis, PICC placement.",0x1f1954000,0x1f1954000,known@0x1f1954000,1,True,False,,LOC_SUCCESS,,False,False,0,0,,22.2
3062,Rib fractures. Shortness of breath.,0x1cd165000,0x1cd165000,known@0x1cd165000,1,True,False,,LOC_SUCCESS,,False,False,0,0,,21.8
3066,COPD/smoker.,0x211775000,0x2117c7000,known@0x2117c7000,1,False,False,,LOC_MISMATCH,,False,False,0,0,,21.0
3068,Syncope. Weakness.,0x1f3d86000,0x1f3d86000,known@0x1f3d86000,1,True,False,,LOC_SUCCESS,,False,False,0,0,,20.2
3069,Respiratory distress R/O Infil,0x1f5da3000,0x1f5da3000,known@0x1f5da3000,2,True,False,,LOC_SUCCESS,,False,False,0,0,,20.6
3074,Chest pain. Former smoker.,0x1f20f1000,0x1f20f1000,known@0x1f20f1000,1,True,False,,LOC_SUCCESS,,False,False,0,0,,21.4
3077,Shortness of breath and cough. Smoker.,0x213f90000,0x213f7b000,known@0x213f7b000,1,True,False,,LOC_SUCCESS,,False,False,0,0,,20.4
3079,Cough. Short of breath.,0x213e70000,0x213e80000,known@0x213e80000,9,True,False,,LOC_SUCCESS,,False,False,0,0,,37.6
3084,"Cough, shortness of breath for 1 weeks, possible pneumonia",0x1f5e91000,0x1f5e91000,known@0x1f5e91000,1,True,False,,LOC_SUCCESS,,False,False,0,0,,21.5
3087,89-year-old with PICC line placement.,0x1f2e1d000,0x1f2e1d000,known@0x1f2e1d000,1,True,False,,LOC_SUCCESS,,False,False,0,0,,22.3
3088,Cough and fever for 4 days. Shortness of breath last night.,0x1d094f000,0x1d094f000,known@0x1d094f000,2,True,False,,LOC_SUCCESS,,False,False,0,0,,20.9
3093,"Pacemaker insertion 1 week ago, pain and shortness of breath",0x1d1047000,0x1d1048000,known@0x1d1048000,1,True,False,,LOC_SUCCESS,,False,False,0,0,,21.0
3094,Postop from CABG. Ischemic cardiomyopathy.,0x1d10eb000,0x1d10eb000,known@0x1d10eb000,2,True,False,,LOC_SUCCESS,,False,False,0,0,,21.3
3097,"LV dysfunction, pre procedure respiratory exam. Slight shortness of breath.",0x1d114a000,0x1d114a000,known@0x1d114a000,1,True,False,,LOC_SUCCESS,,False,False,0,0,,19.0
3099,Hypoxia/respiratory failure,0x1d11f7000,0x1d11f7000,known@0x1d11f7000,2,True,False,,LOC_SUCCESS,,False,False,0,0,,20.0
3102,Hypoxia. Sneezing.,0x1d1241000,0x1d1241000,known@0x1d1241000,1,True,False,,LOC_SUCCESS,,False,False,0,0,,21.2
3103,Cough and fever. Question pneumonia.,0x1d1263000,0x1d1263000,known@0x1d1263000,1,True,False,,LOC_SUCCESS,,False,False,0,0,,21.3
3104,Chest pain. Left-sided lower chest pain.,0x1d12d6000,0x1d12d6000,known@0x1d12d6000,1,True,False,,LOC_SUCCESS,,False,False,0,0,,20.3
3108,"37-year-old male with cough, body ache, malaise. Onset of fever this week.",0x1d137e000,0x1d137e000,known@0x1d137e000,2,True,False,,LOC_SUCCESS,,False,False,0,0,,19.6
3109,Fell - left anterior rib pain,0x1d1c25000,0x1d1c25000,known@0x1d1c25000,2,True,False,,LOC_SUCCESS,,False,False,0,0,,33.0
3111,Persistent cough and intermittent shortness of air for about a week.,0x1d1c80000,0x1d1c80000,known@0x1d1c80000,1,True,False,,LOC_SUCCESS,,False,False,0,0,,20.5
3114,79-year-old male with progressive shortness of breath,0x1d1d3a000,0x1d1d3a000,known@0x1d1d3a000,3,True,False,,LOC_SUCCESS,,False,False,0,0,,22.1
3116,Status post CABG 1 week ago.,0x1d1e06000,0x1d1e06000,known@0x1d1e06000,2,True,False,,LOC_SUCCESS,,False,False,0,0,,22.0
3119,Shortness of breath after surgery. Crepitus and neck swelling.,0x1d1eb4000,0x1d1eb4000,known@0x1d1eb4000,2,True,False,,LOC_SUCCESS,,False,False,0,0,,21.5
3120,Pericardiocentesis. Shortness of breath.,0x1d1f94000,0x1d1f95000,known@0x1d1f95000,1,True,False,,LOC_SUCCESS,,False,False,0,0,,22.5
3121,Post COVID cough. Question pneumonia. COVID in Bardina.,0x1d1845000,0x1d1845000,known@0x1d1845000,2,True,False,,LOC_SUCCESS,,False,False,0,0,,21.0
3123,Weakness and diarrhea; suspect sepsis,0x1d18aa000,0x1d18aa000,known@0x1d18aa000,1,True,False,,LOC_SUCCESS,,False,False,0,0,,21.3
3125,"Weakness, fall from bed. Dementia.",0x1d194d000,0x1d194d000,known@0x1d194d000,2,True,False,,LOC_SUCCESS,,False,False,0,0,,18.5
3127,Respiratory failure; ETT present,0x1d19e8000,0x1d19e8000,known@0x1d19e8000,2,True,False,,LOC_SUCCESS,,False,False,0,0,,20.0
3129,Insertion of Diatek catheter.,0x1d1a43000,0x1d1a43000,known@0x1d1a43000,6,True,False,,LOC_SUCCESS,,False,False,0,0,,23.4
3131,chest pressure; shortness of breath,0x1d1abe000,0x1d1abe000,known@0x1d1abe000,1,True,False,,LOC_SUCCESS,,False,False,0,0,,18.7
3132,Short of breath. Chest pain.,0x1d1b81000,0x1d1b81000,known@0x1d1b81000,2,True,False,,LOC_SUCCESS,,False,False,0,0,,33.4
3139,Newborn. Respiratory distress. 36-weeks gestational age.,0x1d1ba7000,0x1d1ba7000,known@0x1d1ba7000,1,True,False,,LOC_SUCCESS,,False,False,0,0,,19.5
3142,Cough and dementia,0x1ec438000,0x1ec438000,known@0x1ec438000,2,True,False,,LOC_SUCCESS,,False,False,0,0,,20.5
3143,Chest pain shortness of breath,0x1ec4ed000,0x1ec4ed000,known@0x1ec4ed000,2,True,False,,LOC_SUCCESS,,False,False,0,0,,21.5
3146,Fracture. Chest pain.,0x1ec54a000,0x1ec54a000,known@0x1ec54a000,1,True,False,,LOC_SUCCESS,,False,False,0,0,,20.0
3147,Respiratory distress/intracranial hematoma,0x1ec5c8000,0x1ec5c8000,known@0x1ec5c8000,2,True,False,,LOC_SUCCESS,,False,False,0,0,,20.6
3150,Shortness of breath. Fall.,0x1ec620000,0x1ec620000,known@0x1ec620000,1,True,False,,LOC_SUCCESS,,False,False,0,0,,20.5
3154,"Cough, chest congestion",0x1ec67b000,0x1ec67b000,known@0x1ec67b000,1,True,False,,LOC_SUCCESS,,False,False,0,0,,19.6
3155,"Shortness of breath, fever, myalgias and cough since 02/02/2013. The patient's son tested positive for COVID-19 on 2/11/2019. She had exposure to her son. Weaker today.",0x1ec71a000,0x1ec71a000,known@0x1ec71a000,2,True,False,,LOC_SUCCESS,,False,False,0,0,,19.0
3159,"Shortness of breath. Patient tested positive for COVID-03 November 10, 2002.",0x1ec7b6000,0x1ec7b6000,known@0x1ec7b6000,2,True,False,,LOC_SUCCESS,,False,False,0,0,,20.1
3160,Chest pain. ST-elevation MI.,0x1ccc5f000,0x1ccc5f000,known@0x1ccc5f000,2,True,False,,LOC_SUCCESS,,False,False,0,0,,23.8
3161,78-year-old male with pulmonary edema and shortness of breath-followup.,0x1ccd14000,0x1ccd14000,known@0x1ccd14000,2,True,False,,LOC_SUCCESS,,False,False,0,0,,19.4
3162,Shortness of breath and chest pain over the last 2 weeks. Asthma.,0x1ccdd9000,0x1ccdd9000,known@0x1ccdd9000,2,True,False,,LOC_SUCCESS,,False,False,0,0,,20.9
3163,Cough and fever for 4 days,0x1cce21000,0x1cce21000,known@0x1cce21000,1,True,False,,LOC_SUCCESS,,False,False,0,0,,20.8
3164,Trauma and respiratory failure.,0x1cced2000,0x1cced2000,known@0x1cced2000,2,True,False,,LOC_SUCCESS,,False,False,0,0,,19.9
3165,"Follow-up for right middle lobe mass. The patient is experiencing experience cough, chest congestion, shortness of breath, and wheezing for the past 3-4 weeks. Patient is a former smoker. History of chronic respiratory failure, COPD.",0x1ccf82000,0x1ccf82000,known@0x1ccf82000,2,True,False,,LOC_SUCCESS,,False,False,0,0,,33.8
3166,"Chest pain for 3 days, shortness of breath, hypertension, previous tobacco abuse",0x1d2049000,0x1d2049000,known@0x1d2049000,2,True,False,,LOC_SUCCESS,,False,False,0,0,,23.2
3167,Shortness of breath. Patient admitted to the hospital 10/11/1997 with a diagnosis of multilobar pneumonia.,0x1d20fc000,0x1d20fc000,known@0x1d20fc000,2,True,False,,LOC_SUCCESS,,False,False,0,0,,20.5
3172,Short of breath/wheezing/chest pain,0x1d21de000,0x1d21df000,known@0x1d21df000,1,True,False,,LOC_SUCCESS,,False,False,0,0,,22.9
3176,Shortness of breath. History of cardiac murmur.,0x1d0c2b000,0x1d0c2b000,known@0x1d0c2b000,1,True,False,,LOC_SUCCESS,,False,False,0,0,,19.7
3179,COVID pneumonia. COVID positive 11/06/2020. Patient reports persistent shortness of breath.,0x1d0cc5000,0x1d0cc5000,known@0x1d0cc5000,3,True,False,,LOC_SUCCESS,,False,False,0,0,,20.2
3180,Left-sided chest pain for 2 weeks.,0x1d150c000,0x1d150c000,known@0x1d150c000,2,True,False,,LOC_SUCCESS,,False,False,0,0,,20.3
3183,"Wheezing, chest tightness, history asthma, chest pain",0x214c72000,0x214c73000,known@0x214c73000,1,True,False,,LOC_SUCCESS,,False,False,0,0,,19.2
3184,LEFT side chest pain for 2 days worse with exertion,0x214d1a000,0x214d1a000,known@0x214d1a000,2,True,False,,LOC_SUCCESS,,False,False,0,0,,21.2
3185,"Cough and chest congestion, previous history of esophageal tear",0x214de7000,0x214de7000,known@0x214de7000,3,True,False,,LOC_SUCCESS,,False,False,0,0,,18.6
3187,Tripped while stepping off curb today. Injury. Right rib pain.,0x214ed7000,0x214ed8000,known@0x214ed8000,1,True,False,,LOC_SUCCESS,,False,False,0,0,,24.1
3189,Dyspnea. Productive cough. History of COPD and lung cancer.,0x1d1a47000,0x1d1a45000,known@0x1d1a45000,1,True,False,,LOC_SUCCESS,,False,False,0,0,,20.7
3190,"Shortness of breath, pneumonia follow up.",0x1cf04a000,0x1cf04a000,known@0x1cf04a000,2,True,False,,LOC_SUCCESS,,False,False,0,0,,21.5
3191,"Panda tube placement, ET tube placement, respiratory failure",0x1cf0a4000,0x1cf0a4000,known@0x1cf0a4000,1,True,False,,LOC_SUCCESS,,False,False,0,0,,19.5
3194,"Cough, shortness of breath and wheezing. Question pneumonia.",0x1cf0ff000,0x1cf0ff000,known@0x1cf0ff000,1,True,False,,LOC_SUCCESS,,False,False,0,0,,19.1
3195,History of renal cell carcinoma. Shortness of breath. Former smoker.,0x1cf1cc000,0x1cf1cc000,known@0x1cf1cc000,2,True,False,,LOC_SUCCESS,,False,False,0,0,,32.2
3198,Coronary artery disease and CABG procedure.,0x1cf244000,0x1cf244000,known@0x1cf244000,10,True,False,,LOC_SUCCESS,,False,False,0,0,,26.4
3200,49-year-old female with shortness of breath. Evaluate pneumonia.,0x1cf2c3000,0x1cf2c3000,known@0x1cf2c3000,4,True,False,,LOC_SUCCESS,,False,False,0,0,,21.8
3203,Hypertension. Fever.,0x1cf322000,0x1cf322000,known@0x1cf322000,1,True,False,,LOC_SUCCESS,,False,False,0,0,,19.8
3204,Altered mental status. Hypoxia.,0x1cf3da000,0x1cf3da000,known@0x1cf3da000,2,True,False,,LOC_SUCCESS,,False,False,0,0,,21.1
3205,"Cough, congestion. Fever, runny nose for 1 week.",0x1cb80d000,0x1cb80d000,known@0x1cb80d000,1,True,False,,LOC_SUCCESS,,False,False,0,0,,21.6
3206,"Visit reason: L pleuritic cp, r/p pneumothorax. Aids, pneumonia;",0x1cb8a9000,0x1cb8a9000,known@0x1cb8a9000,2,True,False,,LOC_SUCCESS,,False,False,0,0,,21.0
3207,"Cough, chest congestion.",0x1cb8ed000,0x1cb8ed000,known@0x1cb8ed000,1,True,False,,LOC_SUCCESS,,False,False,0,0,,20.7
3208,Short of breath. Atrial fibrillation.,0x1cb99e000,0x1cb99e000,known@0x1cb99e000,2,True,False,,LOC_SUCCESS,,False,False,0,0,,22.0
3213,Cough and short of breath. Dizziness,0x1cba04000,0x1cba04000,known@0x1cba04000,1,True,False,,LOC_SUCCESS,,False,False,0,0,,19.3
3214,Fever. Hypertension.,0x1cba8e000,0x1cba8e000,known@0x1cba8e000,2,True,False,,LOC_SUCCESS,,False,False,0,0,,34.4
3216,COVID-19 positive,0x1cbb75000,None,FAIL,40,None,False,,LOC_FAIL,,,,0,0,,
3217,Chest pain and chest congestion. Rhonchi.,0x1d03bf000,0x1d03bf000,known@0x1d03bf000,1,True,False,,LOC_SUCCESS,,False,False,0,0,,21.9
3220,Short of breath. Wheezing. Dizziness.,0x1d0032000,0x1d0039000,known@0x1d0039000,1,True,False,,LOC_SUCCESS,,False,False,0,0,,21.6
3221,"Right-sided chest pain, cough for renal",0x1d00af000,0x1d00af000,known@0x1d00af000,1,True,False,,LOC_SUCCESS,,False,False,0,0,,19.8
3223,Chest pain and upper G.I. bleeding.,0x1d0264000,0x1d0264000,known@0x1d0264000,1,True,False,,LOC_SUCCESS,,False,False,0,0,,21.8
3224,Cough. Pregnancy.,0x1d0387000,0x1d0387000,known@0x1d0387000,2,True,False,,LOC_SUCCESS,,False,False,0,0,,21.0
3225,Status post right jugular dialysis catheter placement,0x1d02ad000,0x1d02ad000,known@0x1d02ad000,1,True,False,,LOC_SUCCESS,,False,False,0,0,,19.6
3227,Cough. Ventilator dependent.,0x1d04a9000,0x1d04a9000,known@0x1d04a9000,1,True,False,,LOC_SUCCESS,,False,False,0,0,,19.8
3235,"Chest pain, shortness of breath, dizziness, weakness.",0x1d0505000,0x1d0505000,known@0x1d0505000,1,True,False,,LOC_SUCCESS,,False,False,0,0,,31.9
3237,Cough with nausea and vomiting,0x1d06cf000,0x1d06d5000,known@0x1d06d5000,1,True,False,,LOC_SUCCESS,,False,False,0,0,,19.7
3239,"Follow-up pneumonia, wheezing",0x1d072c000,0x1d072c000,known@0x1d072c000,1,True,False,,LOC_SUCCESS,,False,False,0,0,,20.7
3242,Premature newborn. Follow-up respiratory distress syndrome and left pneumothorax.,0x1d0780000,0x1d0780000,known@0x1d0780000,1,True,False,,LOC_SUCCESS,,False,False,0,0,,20.8
3246,"Shortness of breath, fever, dizziness and elevated heart rate after playing football, smoker",0x1d05c7000,0x1d05c7000,known@0x1d05c7000,1,True,False,,LOC_SUCCESS,,False,False,0,0,,22.2
3247,"Nausea, chest pain, shortness of breath",0x1cfc5a000,0x1cfc5a000,known@0x1cfc5a000,2,True,False,,LOC_SUCCESS,,False,False,0,0,,20.5
3248,Acute onset of shortness of breath,0x1cfdaa000,0x1cfdaa000,known@0x1cfdaa000,2,True,False,,LOC_SUCCESS,,False,False,0,0,,22.3
3249,"MVA - trauma with anterior left knee and left upper chest pain, shortness of breath, nonsmoker / asthma.",0x21513a000,0x21513b000,known@0x21513b000,1,True,False,,LOC_SUCCESS,,False,False,0,0,,21.3
3252,"Abdominal pain, weakness, hypertension, shortness of breath",0x1cff48000,0x1cff48000,known@0x1cff48000,2,True,False,,LOC_SUCCESS,,False,False,0,0,,21.7
3254,"Asthma, difficulty breathing, chest pain and cough beginning yesterday",0x215902000,0x21591a000,known@0x21591a000,1,True,False,,LOC_SUCCESS,,False,False,0,0,,22.0
3255,Wheezing with shortness of breath. Evaluate endotracheal tube.,0x1e4b83000,0x1e4b83000,known@0x1e4b83000,5,True,False,,LOC_SUCCESS,,False,False,0,0,,22.4
3256,Acute allergic reaction. Shortness of breath. Better now.,0x1e4be1000,0x1e4be1000,known@0x1e4be1000,1,True,False,,LOC_SUCCESS,,False,False,0,0,,19.6
3257,Status post PICC line placement.,0x1cc43b000,0x1cc43b000,known@0x1cc43b000,2,True,False,,LOC_SUCCESS,,False,False,0,0,,23.4
3259,"Chest pain, back pain",0x215742000,0x215742000,known@0x215742000,2,True,False,,LOC_SUCCESS,,False,False,0,0,,21.9
3260,Posterior left rib pain with cough,0x21a713000,0x21a713000,known@0x21a713000,2,True,False,,LOC_SUCCESS,,False,False,0,0,,25.3
3261,Cough for 1 week. Recent croup. Fever.,0x21a75f000,0x21a75f000,known@0x21a75f000,1,True,False,,LOC_SUCCESS,,False,False,0,0,,32.3
3264,Cough and congestion x1 month.,0x1d160e000,0x1d160e000,known@0x1d160e000,2,True,False,,LOC_SUCCESS,,False,False,0,0,,19.8
3266,9-week-old male with cough and fever. Subsequent encounter.,0x1d1648000,None,FAIL,40,None,False,,LOC_FAIL,,,,0,0,,
3269,Cough and sore throat. Chest pain dyspnea. Fatigue. COVID-19 virus infection.,0x1d171f000,0x1d1720000,known@0x1d1720000,1,True,False,,LOC_SUCCESS,,False,False,0,0,,22.5
3271,Respiratory failure. Hypoxia.,0x1d17e2000,0x1d17e2000,known@0x1d17e2000,2,True,False,,LOC_SUCCESS,,False,False,0,0,,21.9
3272,"Shortness of breath, status post tracheostomy",0x1d0e99000,0x1d0e99000,known@0x1d0e99000,2,True,False,,LOC_SUCCESS,,False,False,0,0,,21.6
3273,OG tube placement. Central line placement. Respiratory arrest.,0x1d0f4a000,0x1d0f4a000,known@0x1d0f4a000,4,True,False,,LOC_SUCCESS,,False,False,0,0,,31.8
3274,"Shortness of breath, interstitial lung disease, evaluate for pneumonia.",0x1d0fb8000,0x1d0fb8000,known@0x1d0fb8000,1,True,False,,LOC_SUCCESS,,False,False,0,0,,19.8
3277,Acute onset of vomiting and diarrhea. Cough. Generalized weakness. Fever.,0x21a292000,0x21a293000,known@0x21a293000,1,True,False,,LOC_SUCCESS,,False,False,0,0,,21.4
3280,"Chest pain, followup examination to assess for nipple shadow",0x21a372000,0x21a373000,known@0x21a373000,1,True,False,,LOC_SUCCESS,,False,False,0,0,,20.3
3283,Pt presents with tachycardia that began at 3028. Pt does not have a hx of cardiac issues. Pt stated that he did have chest pain earlier today and shortness of breath.,0x1d6820000,0x1d6820000,known@0x1d6820000,2,True,False,,LOC_SUCCESS,,False,False,0,0,,19.6
3288,Chest pain. Shortness of breath and weakness.,0x1d6892000,0x1d6892000,known@0x1d6892000,2,True,False,,LOC_SUCCESS,,False,False,0,0,,22.0
3289,ARDS. COVID pneumonia. Prone positioning,0x1d693f000,None,FAIL,40,None,False,,LOC_FAIL,,,,0,0,,
3290,"MVC 02/04/1998, worsening shortness of breath",0x219c4a000,0x219c4b000,known@0x219c4b000,2,True,False,,LOC_SUCCESS,,False,False,0,0,,31.0
3292,"Post CABG, some shortness of breath, history coronary artery disease post MI, hypertension, GERD, former smoker",0x219d37000,0x219d38000,known@0x219d38000,1,True,False,,LOC_SUCCESS,,False,False,0,0,,22.5
3295,Shortness of breath and cough for the past 2 weeks. Ex-smoker.,0x219e05000,0x219e06000,known@0x219e06000,1,True,False,,LOC_SUCCESS,,False,False,0,0,,22.6
3297,"cough, fatigue, hypoxia",0x219e54000,0x219e54000,known@0x219e54000,1,True,False,,LOC_SUCCESS,,False,False,0,0,,22.4
3298,Status post CABG procedure.,0x219f32000,0x219f33000,known@0x219f33000,1,True,False,,LOC_SUCCESS,,False,False,0,0,,19.4
3299,Shortness of breath. Cough.,0x219fca000,0x219fca000,known@0x219fca000,2,True,False,,LOC_SUCCESS,,False,False,0,0,,24.0
3301,PU4.6G (ICD-10-CM) - SOB (shortness of breath) COPD (chronic obstructive pulmonary disease) (HCC) G5E-KY 1ppd/60 yrs,0x219869000,0x219869000,known@0x219869000,2,True,False,,LOC_SUCCESS,,False,False,0,0,,22.2
3308,"3 syncopal episodes in the last 24 hours, CABG on Feb 13th",0x1d69d3000,0x1d69d3000,known@0x1d69d3000,1,True,False,,LOC_SUCCESS,,False,False,0,0,,19.8
3309,Cough and fever. COVID-19 positive.,0x1d6a8e000,0x1d6a8e000,known@0x1d6a8e000,2,True,False,,LOC_SUCCESS,,False,False,0,0,,22.4
3310,New onset of mid chest pain and 6 this morning associated with tachycardia and nausea and vomiting. Patient has an unspecified cardiac condition and is followed by cardiology is.,0x2198ef000,0x2198f0000,known@0x2198f0000,2,True,False,,LOC_SUCCESS,,False,False,0,0,,19.8
3311,Followup rib fracture. Small right pneumothorax.,0x219944000,0x219944000,known@0x219944000,1,True,False,,LOC_SUCCESS,,False,False,0,0,,21.6
3312,Respiratory difficulty,0x2199f3000,0x2199f3000,known@0x2199f3000,14,True,False,,LOC_SUCCESS,,False,False,0,0,,37.8
3313,Fever. Nausea and vomiting. Questionable sepsis - evaluate for abnormality,0x219aa3000,0x219aa3000,known@0x219aa3000,2,True,False,,LOC_SUCCESS,,False,False,0,0,,21.2
3315,Found on the ground. Shortness of breath.,0x219b28000,0x219b28000,known@0x219b28000,1,True,False,,LOC_SUCCESS,,False,False,0,0,,18.4
3319,Hypotension and shortness of breath.,0x219b67000,0x219b67000,known@0x219b67000,2,True,False,,LOC_SUCCESS,,False,False,0,0,,20.7
3320,49-year-old male with shortness of breath,0x219414000,0x219414000,known@0x219414000,2,True,False,,LOC_SUCCESS,,False,False,0,0,,26.0
3321,Altered mental status. Weakness.,0x219475000,0x219475000,known@0x219475000,1,True,False,,LOC_SUCCESS,,False,False,0,0,,21.0
3325,Metastatic cancer. PICC line placement.,0x2194ce000,0x2194ce000,known@0x2194ce000,1,True,False,,LOC_SUCCESS,,False,False,0,0,,19.7
3326,"Respiratory failure, pneumonia",0x219531000,0x219531000,known@0x219531000,2,True,False,,LOC_SUCCESS,,False,False,0,0,,21.8
3327,Shortness of breath. COVID-19 positive patient.,0x2195cf000,0x2195cf000,known@0x2195cf000,2,True,False,,LOC_SUCCESS,,False,False,0,0,,21.7
3328,Osteoarthritis left new. Short of breath.,0x21962a000,0x21962a000,known@0x21962a000,1,True,False,,LOC_SUCCESS,,False,False,0,0,,22.7
3332,"CVA, shortness of breath, chest pain",0x219674000,0x219674000,known@0x219674000,1,True,False,,LOC_SUCCESS,,False,False,0,0,,19.0
3333,"Suspected right leg wound infection. History of hypertension, COPD and atrial fibrillation.",0x1d419c000,0x1d419c000,known@0x1d419c000,6,True,False,,LOC_SUCCESS,,False,False,0,0,,23.7
3335,PICC Placement.,0x1d41f8000,0x1d41f8000,known@0x1d41f8000,8,True,False,,LOC_SUCCESS,,False,False,0,0,,35.7
3339,"Follow-up pneumonia, worsening shortness of breath.",0x214885000,0x214885000,known@0x214885000,1,True,False,,LOC_SUCCESS,,False,False,0,0,,19.9
3343,"Cough, fever, body aches for 3 days",0x2148b6000,0x2148b6000,known@0x2148b6000,1,True,False,,LOC_SUCCESS,,False,False,0,0,,19.1
3345,Followup left pneumothorax and pneumonia,0x2149d3000,0x2149d3000,known@0x2149d3000,5,True,False,,LOC_SUCCESS,,False,False,0,0,,21.7
3346,"1-day-old former 29-30 week pre term female. Respiratory insufficiency, central line placement.",0x170e01000,None,FAIL,40,None,False,,LOC_FAIL,,,,0,0,,
3347,"Throat swelling, cough, difficulty swallowing",0x170e5c000,0x170e5c000,known@0x170e5c000,1,True,False,,LOC_SUCCESS,,False,False,0,0,,22.8
3348,"Cough for 1 week, fever, chills, body aches",0x170f57000,0x170f57000,known@0x170f57000,2,True,False,,LOC_SUCCESS,,False,False,0,0,,24.9
3350,"Chest pain, allergic reaction.",0x170ffb000,0x170ffb000,known@0x170ffb000,2,True,False,,LOC_SUCCESS,,False,False,0,0,,20.3
3356,Three days of chest pain,0x218b5c000,0x218b5c000,known@0x218b5c000,2,True,False,,LOC_SUCCESS,,False,False,0,0,,19.5
3357,Shortness of breath for several days,0x21841e000,0x21841e000,known@0x21841e000,2,True,False,,LOC_SUCCESS,,False,False,0,0,,22.9
3359,Leg and ankle swelling. Hypertension. Diabetes.,0x21847b000,0x21847b000,known@0x21847b000,1,True,False,,LOC_SUCCESS,,False,False,0,0,,19.4
3360,"Cough, fever times 1½ months. Smoker.",0x2184fb000,0x2184fb000,known@0x2184fb000,1,True,False,,LOC_SUCCESS,,False,False,0,0,,21.8
3362,"Cough, shortness of breath and chest pain.",0x218551000,0x218551000,known@0x218551000,1,True,False,,LOC_SUCCESS,,False,False,0,0,,20.3
3363,"Productive cough, 4 days duration.",0x21861a000,0x21861b000,known@0x21861b000,1,True,False,,LOC_SUCCESS,,False,False,0,0,,24.1
3364,"Shortness of breath, cough and fever.",0x21869f000,0x21869f000,known@0x21869f000,1,True,False,,LOC_SUCCESS,,False,False,0,0,,22.2
3365,"Dry cough, shortness of breath, dizziness and weakness for 2 weeks",0x21876d000,0x21876d000,known@0x21876d000,2,True,False,,LOC_SUCCESS,,False,False,0,0,,19.5
3366,Follow-up pneumothorax,0x2187df000,0x2187df000,known@0x2187df000,1,True,False,,LOC_SUCCESS,,False,False,0,0,,18.5
3369,Altered mental status. Shortness of breath and chest pain.,0x218092000,0x218092000,known@0x218092000,2,True,False,,LOC_SUCCESS,,False,False,0,0,,21.4
3371,History of kidney CA. Shortness of breath. Hypertension.,0x218169000,0x218169000,known@0x218169000,10,True,False,,LOC_SUCCESS,,False,False,0,0,,34.1
3372,"Follow up CABG, chest soreness",0x218231000,0x218231000,known@0x218231000,2,True,False,,LOC_SUCCESS,,False,False,0,0,,23.2
3375,"Initial evaluation for acute chest pain, shortness of breath.",0x2182e1000,0x2182e1000,known@0x2182e1000,2,True,False,,LOC_SUCCESS,,False,False,0,0,,22.2
3377,"ARDS due to COVID-19, hypoxia",0x21838d000,0x21838d000,known@0x21838d000,2,True,False,,LOC_SUCCESS,,False,False,0,0,,18.4
3379,Weakness and diarrhea.,0x217c39000,0x217c39000,known@0x217c39000,2,True,False,,LOC_SUCCESS,,False,False,0,0,,22.1
3380,Evaluate PICC line placement.,0x217c8f000,0x217c8f000,known@0x217c8f000,1,True,False,,LOC_SUCCESS,,False,False,0,0,,20.4
3381,Chest pain for 10 days,0x217d62000,0x217d62000,known@0x217d62000,2,True,False,,LOC_SUCCESS,,False,False,0,0,,20.4
3385,Right anterior chest pain.,0x217dbd000,0x217dbd000,known@0x217dbd000,1,True,False,,LOC_SUCCESS,,False,False,0,0,,22.4
3386,Chest pain and dyspnea.,0x217e20000,0x217e20000,known@0x217e20000,1,True,False,,LOC_SUCCESS,,False,False,0,0,,24.1
3387,"Cough, shortness of breath, COVID positive contact",0x217ecb000,0x217ecb000,known@0x217ecb000,2,True,False,,LOC_SUCCESS,,False,False,0,0,,20.4
3389,Chest pain and short of breath,0x217f8c000,0x217f8c000,known@0x217f8c000,2,True,False,,LOC_SUCCESS,,False,False,0,0,,31.1
3393,"Right sided chest pain, pt was in motorcycle accident 4-5 days ago, bike fell on her, hx of PEs",0x217fe8000,0x217fe8000,known@0x217fe8000,1,True,False,,LOC_SUCCESS,,False,False,0,0,,20.9
3395,"Cough, Hx COPD; Pacemaker alerted for A.Fib, denies any chest pain. Recent cough x 4 days. H/O A.Fib, HTN, COPD, Pacemaker.",0x217445000,0x217445000,known@0x217445000,1,True,False,,LOC_SUCCESS,,False,False,0,0,,22.2
3396,Ventilator dependent respiratory failure,0x2174e1000,None,FAIL,40,None,False,,LOC_FAIL,,,,0,0,,
3397,"Cough, wheeze",0x2175a3000,0x2175a3000,known@0x2175a3000,2,True,False,,LOC_SUCCESS,,False,False,0,0,,19.7
3398,"Productive yellow sputum cough for 1 week with reported nausea/vomiting/diarrhea as well, and shortness of breath on exertion. Patient denies any fevers or urinary symptoms.",0x21767c000,0x21767c000,known@0x21767c000,2,True,False,,LOC_SUCCESS,,False,False,0,0,,21.5
3399,Shortness of breath for 3-4 days. History of chronic renal disease.,0x21771e000,0x21771e000,known@0x21771e000,2,True,False,,LOC_SUCCESS,,False,False,0,0,,20.0
3401,"36-year-old male with dry cough, wheezing and shortness of breath for the past 2 weeks.",0x2177e3000,0x2177e3000,known@0x2177e3000,2,True,False,,LOC_SUCCESS,,False,False,0,0,,33.1
3405,Productive cough and shortness of breath. Symptoms since last month.,0x21708b000,0x21708b000,known@0x21708b000,2,True,False,,LOC_SUCCESS,,False,False,0,0,,23.0
3406,Shortness of breath. Hemoptysis.,0x217e1c000,0x217e1c000,known@0x217e1c000,2,True,False,,LOC_SUCCESS,,False,False,0,0,,21.9
3407,Fall with rib fracture and small pneumothorax.,0x21719e000,0x21719e000,known@0x21719e000,1,True,False,,LOC_SUCCESS,,False,False,0,0,,21.1
3412,COVID-19 pneumonia,0x2172b1000,0x2172b2000,known@0x2172b2000,4,True,False,,LOC_SUCCESS,,False,False,0,0,,22.2
3413,Right anterior mid rib pain and shortness of breath after being kicked in the chest.,0x217391000,0x217392000,known@0x217392000,1,True,False,,LOC_SUCCESS,,False,False,0,0,,20.3
3414,"Pneumonia, respiratory failure - ARDS",0x216c3f000,0x216c3f000,known@0x216c3f000,2,True,False,,LOC_SUCCESS,,False,False,0,0,,21.3
3415,Shortness of breath. COVID positive.,0x216d00000,0x216d00000,known@0x216d00000,2,True,False,,LOC_SUCCESS,,False,False,0,0,,23.1
3418,"Cough, shortness of breath, pneumonia 3 weeks.",0x216eed000,0x216eee000,known@0x216eee000,2,True,False,,LOC_SUCCESS,,False,False,0,0,,23.4
3419,Coughing congestion over the last 10 days. Fever and diarrhea for the last 4 days.,0x216f4f000,0x216f4f000,known@0x216f4f000,1,True,False,,LOC_SUCCESS,,False,False,0,0,,21.5
3420,37-year-old female with shortness of breath and right chest pain for 1 week.,0x216821000,0x216822000,known@0x216822000,2,True,False,,LOC_SUCCESS,,False,False,0,0,,22.6
3421,Assault with left lateral and posterior rib pain. Some shortness of breath. Nonsmoker.,0x2168e1000,0x2168e2000,known@0x2168e2000,1,True,False,,LOC_SUCCESS,,False,False,0,0,,19.0
3424,"Cough, chest pain and shortness of breath for a week.",0x2169b5000,0x2169b5000,known@0x2169b5000,2,True,False,,LOC_SUCCESS,,False,False,0,0,,21.2
3428,Respiratory failure. Metastatic prostate cancer.,0x216a66000,0x216a66000,known@0x216a66000,2,True,False,,LOC_SUCCESS,,False,False,0,0,,21.9
3429,Left lower lobe 2 cm primary lung cancer. Followup left pneumothorax.,0x216abc000,0x216abc000,known@0x216abc000,1,True,False,,LOC_SUCCESS,,False,False,0,0,,30.7
3430,Shortness of breath for 2 weeks.,0x216b8f000,0x216b8f000,known@0x216b8f000,1,True,False,,LOC_SUCCESS,,False,False,0,0,,20.3
3431,"28-year-old presenting with 1 week history of chest pain, increasing bilateral lower extremity edema and shortness of breath. Current history of lupus.",0x217e19000,0x217e19000,known@0x217e19000,2,True,False,,LOC_SUCCESS,,False,False,0,0,,24.2
3437,Assault trauma yesterday. Struck in the left ribs. Today has bloody stool and shortness of breath.,0x21652e000,0x21652f000,known@0x21652f000,1,True,False,,LOC_SUCCESS,,False,False,0,0,,21.4
3442,44-year-old male status post slip and fall while trail running. Possible loss of consciousness. Right rib pain. Abrasions.,0x216606000,0x216606000,known@0x216606000,1,True,False,,LOC_SUCCESS,,False,False,0,0,,21.0
3446,"chest pain, trauma",0x2166f5000,0x2166f5000,known@0x2166f5000,1,True,False,,LOC_SUCCESS,,False,False,0,0,,20.7
3454,15-year-old female status post blunt trauma with posterior right rib pain and abrasion. Initial encounter.,0x216797000,0x216797000,known@0x216797000,2,True,False,,LOC_SUCCESS,,False,False,0,0,,23.7
3462,"Hypoxia, weakness",0x1ef87e000,0x1ef87e000,known@0x1ef87e000,10,True,False,,LOC_SUCCESS,,False,False,0,0,,27.0
