index,indication,gt_base,host_base,loc_strategy,loc_swaps,loc_match,blind,N_pad_est,verdict,recovered_labels,top1_match,any_match,multi_match_count,false_positive_count,false_positive_labels,elapsed_sec
2,Shortness of breath and fever,0x1b004b000,0x1b004b000,run_base@0x1b004b000,43,True,True,,SUCCESS,,,,0,0,,
5,Shortness of breath and cough,0x19f4b4000,0x19f4b4000,neighbor@0x19f4b4000,5,True,True,,LOC_SUCCESS,,False,False,0,0,,23.6
9,Respiratory distress. Twin born at 33.1 weeks gestational age.,0x170e6c000,None,FAIL,100,None,True,,LOC_FAIL,,,,0,0,,
11,"MVC, complains of chest pain",0x14c077000,None,FAIL,100,None,True,,LOC_FAIL,,,,0,0,,
12,"Coughing, right chest pain",0x14c28e000,None,FAIL,100,None,True,,LOC_FAIL,,,,0,0,,
13,Shortness of breath,0x14c1a5000,None,FAIL,100,None,True,,LOC_FAIL,,,,0,0,,
15,"Cough, right-sided chest pain, PICC line not flushing",0x14c1a5000,None,FAIL,100,None,True,,LOC_FAIL,,,,0,0,,
17,"Shortness of breath, congestion.",0x186067000,0x171a7a000,neighbor@0x171a7a000,71,False,True,,SUCCESS,,,,0,0,,
22,Cough and shortness of breath for 3 days.,0x14d019000,None,FAIL,100,None,True,,LOC_FAIL,,,,0,0,,
24,Cough and congestion.,0x180127000,None,FAIL,100,None,True,,LOC_FAIL,,,,0,0,,
26,Respiratory failure.,0x181120000,None,FAIL,100,None,True,,LOC_FAIL,,,,0,0,,
28,Chest pain.,0x19adec000,None,FAIL,100,None,True,,LOC_FAIL,,,,0,0,,
29,Cough. Congestion.,0x19adee000,0x19adee000,run_base@0x19adee000,60,True,True,,SUCCESS,,,,0,0,,
31,Prematurity. Respiratory distress.,0x19adf0000,0x19adf0000,best_hit@0x19adf0000,100,True,True,,SUCCESS,,,,0,0,,
32,Chest pain and throat pain.,0x19adf2000,0x19adf2000,run_base@0x19adf2000,1,True,True,,SUCCESS,,,,0,0,,
34,wheezing altered mental status,0x19adf4000,0x19adf4000,run_base@0x19adf4000,7,True,True,,SUCCESS,,,,0,0,,
36,Fever. Pancreatic cancer,0x19adf6000,0x19adf6000,run_base@0x19adf6000,3,True,True,,SUCCESS,,,,0,0,,
38,Respiratory failure. Pneumonia.,0x19adf9000,0x19adf9000,run_base@0x19adf9000,3,True,True,,SUCCESS,,,,0,0,,
39,Acute respiratory failure,0x19adfa000,0x19adfa000,run_base@0x19adfa000,1,True,True,,SUCCESS,,,,0,0,,
41,Follow up pneumonia and shortness of breath,0x19adfc000,0x19adfc000,run_base@0x19adfc000,7,True,True,,SUCCESS,,,,0,0,,
43,Weakness,0x19aedc000,0x19aedc000,run_base@0x19aedc000,1,True,True,,SUCCESS,,,,0,0,,
44,Central line placement. Hypertension.,0x19ac5f000,0x19ac5f000,run_base@0x19ac5f000,1,True,True,,SUCCESS,,,,0,0,,
45,Shortness of breath and cough for 2 weeks,0x19acfc000,0x19acfc000,run_base@0x19acfc000,1,True,True,,SUCCESS,,,,0,0,,
46,"8 pound weight loss over the past year, 1 month of cough, current smoker. History of COPD and abdominal aortic aneurysm.",0x19adde000,0x19adde000,run_base@0x19adde000,1,True,True,,SUCCESS,,,,0,0,,
47,PICC line placement.,0x19a63a000,0x19a63a000,run_base@0x19a63a000,3,True,True,,SUCCESS,,,,0,0,,
50,Recent COVID-19 positive. Hyperglycemia.,0x19a6d9000,0x19a6d9000,run_base@0x19a6d9000,1,True,True,,SUCCESS,,,,0,0,,
51,Left anterior rib pain and abrasion; hit by tailgate of truck.,0x19a737000,0x19a737000,run_base@0x19a737000,3,True,True,,SUCCESS,,,,0,0,,
52,"Chest pain, pneumonia.",0x19a799000,0x19a799000,run_base@0x19a799000,3,True,True,,SUCCESS,,,,0,0,,
56,Shortness of breath and chest tightness for 3 weeks.,0x19a46b000,0x19a46b000,run_base@0x19a46b000,1,True,True,,SUCCESS,,,,0,0,,
61,Fatigue and short of breath.,0x19a54a000,0x19a54a000,run_base@0x19a54a000,1,True,True,,SUCCESS,,,,0,0,,
62,"Severe shortness of breath, weakness.",0x19a5a5000,0x19a5a5000,run_base@0x19a5a5000,3,True,True,,SUCCESS,,,,0,0,,
63,Respiratory failure,0x1af657000,None,FAIL,100,None,True,,LOC_FAIL,,,,0,0,,
64,"COPD, pneumonia",0x1af668000,0x19b696000,run_base@0x19b696000,66,False,True,,SUCCESS,,,,0,0,,
65,"Shortness of breath, fever, body aches, unknown COVID status.",0x1af757000,0x1af757000,run_base@0x1af757000,9,True,True,,SUCCESS,,,,0,0,,
67,Premature neonate. Respiratory distress syndrome. On ventilator. Bilious emesis.,0x1af78e000,0x1af78e000,run_base@0x1af78e000,3,True,True,,SUCCESS,,,,0,0,,
69,Shortness of breath.,0x1a667a000,None,FAIL,100,None,True,,LOC_FAIL,,,,0,0,,
70,Left-sided chest pain and shoulder pain. History of hypertension and asthma.,0x1a6522000,0x1a6523000,run_base@0x1a6523000,63,True,True,,SUCCESS,,,,0,0,,
78,Back and flank pain. Shortness of breath.,0x1a6581000,0x1a6581000,run_base@0x1a6581000,3,True,True,,SUCCESS,,,,0,0,,
79,"Fever, cough, shortness of breath, question pneumonia",0x1a65e1000,0x1a65e1000,run_base@0x1a65e1000,3,True,True,,SUCCESS,,,,0,0,,
83,"Cough, congestion",0x170f8d000,None,FAIL,100,None,True,,LOC_FAIL,,,,0,0,,
86,"Preop, mediastinal adenopathy, short of breath, smoking history",0x170fe3000,0x170fe3000,run_base@0x170fe3000,77,True,True,,SUCCESS,,,,0,0,,
88,Short of breath.,0x19af92000,0x19af92000,run_base@0x19af92000,13,True,True,,SUCCESS,,,,0,0,,
92,"57-year-old male with respiratory failure, shortness of breath.",0x1a6456000,0x1a6456000,run_base@0x1a6456000,25,True,True,,SUCCESS,,,,0,0,,
93,Pneumothorax. Follow-up.,0x19b98c000,0x19b98c000,run_base@0x19b98c000,3,True,True,,SUCCESS,,,,0,0,,
96,Cough for 2 weeks.,0x19b9d2000,0x19b9d2000,run_base@0x19b9d2000,3,True,True,,SUCCESS,,,,0,0,,
97,"History of a spontaneous pneumothorax on the right, some chest pain and cough",0x192d03000,None,FAIL,100,None,True,,LOC_FAIL,,,,0,0,,
98,None,None,0x195a8e000,neighbor@0x195a8e000,49,None,True,,SUCCESS,,,,0,0,,
99,Shortness of breath (SOB),0x19a90a000,None,FAIL,100,None,True,,LOC_FAIL,,,,0,0,,
100,Cough. Congestion. Vomiting. Fever.,0x19a94e000,0x19a94e000,run_base@0x19a94e000,15,True,True,,SUCCESS,,,,0,0,,
101,Cough and congestion,0x1af99a000,0x1af999000,run_base@0x1af999000,47,True,True,,SUCCESS,,,,0,0,,
102,56-year-old male with chest pain status post CABG.,0x1af9fb000,0x1af9fb000,run_base@0x1af9fb000,3,True,True,,SUCCESS,,,,0,0,,
103,Motor vehicle accident. Chest pain.,0x1afadb000,0x1afada000,run_base@0x1afada000,5,True,True,,SUCCESS,,,,0,0,,
107,Respiratory distress. Pneumonitis.,0x1afb20000,0x1afb20000,run_base@0x1afb20000,7,True,True,,SUCCESS,,,,0,0,,
108,Shortness of breath-intubation.,0x1afba1000,0x1afba1000,run_base@0x1afba1000,3,True,True,,SUCCESS,,,,0,0,,
109,Mid chest pain.,0x1a9887000,0x1a9887000,run_base@0x1a9887000,9,True,True,,SUCCESS,,,,0,0,,
112,Short of breath,0x1a9907000,0x1a9907000,run_base@0x1a9907000,3,True,True,,SUCCESS,,,,0,0,,
116,Chest pain and altered mental status. History of lung cancer on the right.,0x1a999d000,0x1a999d000,run_base@0x1a999d000,1,True,True,,SUCCESS,,,,0,0,,
120,Cough and shortness of breath. Right lower back pain.,0x1a9a50000,0x1a9a50000,neighbor@0x1a9a50000,3,True,True,,SUCCESS,,,,0,0,,
121,"Hypertension, diabetes. Dementia. Altered level of consciousness.",0x1a9af2000,0x1a9af2000,run_base@0x1a9af2000,1,True,True,,SUCCESS,,,,0,0,,
125,Acute respiratory failure.,0x1a9b9a000,0x1a9b9a000,run_base@0x1a9b9a000,1,True,True,,SUCCESS,,,,0,0,,
126,Left chest pain,0x1a9478000,0x1a9478000,run_base@0x1a9478000,1,True,True,,SUCCESS,,,,0,0,,
127,3-year-old female with shortness of breath.,0x1a949a000,None,FAIL,100,None,True,,LOC_FAIL,,,,0,0,,
133,Left chest pain. Patient complains of left sided chest pain for 3 weeks. History of smoking.,0x1d302e000,None,FAIL,100,None,True,,LOC_FAIL,,,,0,0,,
134,Cough and fever for two days. Left lower rib pain.,0x1ab766000,None,FAIL,100,None,True,,LOC_FAIL,,,,0,0,,
137,Visit reason: Cough,0x1b28f9000,None,FAIL,100,None,True,,LOC_FAIL,,,,0,0,,
139,PICC line placement,0x16f087000,None,FAIL,100,None,True,,LOC_FAIL,,,,0,0,,
140,"Chest pain, dizziness, shortness of breath.",0x16dae3000,None,FAIL,100,None,True,,LOC_FAIL,,,,0,0,,
142,Onset of shortness of breath today in a patient with a history of COPD.,0x18e74a000,None,FAIL,100,None,True,,LOC_FAIL,,,,0,0,,
143,"Shortness of breath, smoker.",0x18beae000,None,FAIL,100,None,True,,LOC_FAIL,,,,0,0,,
148,Generalized weakness. Lethargy. Cough. Current history of bronchiectasis.,0x1a683f000,None,FAIL,100,None,True,,LOC_FAIL,,,,0,0,,
149,Shortness of breath and crepitus.,0x1a68c8000,None,FAIL,100,None,True,,LOC_FAIL,,,,0,0,,
151,"Shortness of breath, and the cardiomegaly and CHF",0x1a6b10000,None,FAIL,100,None,True,,LOC_FAIL,,,,0,0,,
152,Vitreous hemorrhage and traction retinal detachment. Preop workup. Views smoker. Hypertension. Diabetes.,0x1a6f7f000,0x1a6f7f000,run_base@0x1a6f7f000,19,True,True,,SUCCESS,,,,0,0,,
154,Atrial fibrillation. Decreased oxygen saturations. Short of breath.,0x1a6e01000,None,FAIL,100,None,True,,LOC_FAIL,,,,0,0,,
155,Shortness of breath and cough for 1 day,0x1a704d000,0x1a704d000,run_base@0x1a704d000,21,True,True,,SUCCESS,,,,0,0,,
156,Weakness and unresponsive during dialysis.,0x1ad07d000,0x1ad07d000,run_base@0x1ad07d000,68,True,True,,SUCCESS,,,,0,0,,
158,Coronary artery disease. Status post CABG.,0x1ad1e6000,0x1ad1e6000,neighbor@0x1ad1e6000,35,True,True,,SUCCESS,,,,0,0,,
160,Increased Weakness today per family member; HTN;,0x1ad289000,0x1ad289000,run_base@0x1ad289000,3,True,True,,SUCCESS,,,,0,0,,
162,Shortness of breath and weakness.,0x1ad5dd000,0x1ad5dd000,run_base@0x1ad5dd000,3,True,True,,SUCCESS,,,,0,0,,
163,COPD,0x1ad628000,0x1ad628000,run_base@0x1ad628000,5,True,True,,SUCCESS,,,,0,0,,
165,Pneumonia. Congestion. Shortness of breath.,0x1ad684000,0x1ad684000,run_base@0x1ad684000,3,True,True,,SUCCESS,,,,0,0,,
167,Right-sided rib pain.,0x1ad70e000,0x1ad70e000,run_base@0x1ad70e000,3,True,True,,SUCCESS,,,,0,0,,
172,"Cough, wheezing and chest pain for 4 days.",0x1ad7b4000,0x1ad7b4000,run_base@0x1ad7b4000,3,True,True,,SUCCESS,,,,0,0,,
174,"Legs swollen - denies cough, SOB",0x1adc5b000,0x1adc5b000,run_base@0x1adc5b000,3,True,True,,SUCCESS,,,,0,0,,
176,Shortness of breath. Chest pain. Chronic bronchitis. Reportedly diagnosed with laryngitis on 10/03/10.,0x1adcb3000,0x1adcb3000,run_base@0x1adcb3000,3,True,True,,SUCCESS,,,,0,0,,
177,Cough and fever 3 days,0x1adcf4000,0x1adcf4000,run_base@0x1adcf4000,3,True,True,,SUCCESS,,,,0,0,,
179,"Chest pain associated with headache and nausea; history of atrial fibrillation, rest angina, asthma, former smoker.",0x1addd0000,0x1addcf000,run_base@0x1addcf000,1,True,True,,SUCCESS,,,,0,0,,
180,"Cough, fever",0x1ade33000,0x1ade33000,run_base@0x1ade33000,3,True,True,,SUCCESS,,,,0,0,,
186,Chest pain; Two views of the chest in frontal and lateral projections are performed.,0x1adee3000,0x1adee3000,run_base@0x1adee3000,1,True,True,,SUCCESS,,,,0,0,,
187,Left-sided chest pain post lifting up a heavy object.,0x1adfd8000,0x1adfd8000,run_base@0x1adfd8000,1,True,True,,SUCCESS,,,,0,0,,
188,Hypertension. Atrial fibrillation. Urinary tract infection,0x1ae03a000,0x1ae03a000,run_base@0x1ae03a000,3,True,True,,SUCCESS,,,,0,0,,
189,Respiratory failure. NG tube in place.,0x1ae0c5000,0x1ae0c5000,run_base@0x1ae0c5000,1,True,True,,SUCCESS,,,,0,0,,
191,27-year-old male with left side gunshot wound and pneumothorax. Chest tube.,0x1ae175000,0x1ae175000,neighbor@0x1ae175000,3,True,True,,SUCCESS,,,,0,0,,
192,Chest and rib pain after a fall today.,0x1ae226000,0x1ae226000,run_base@0x1ae226000,1,True,True,,SUCCESS,,,,0,0,,
194,Chest pain and acid reflux.,0x1ae316000,0x1ae315000,run_base@0x1ae315000,1,True,True,,SUCCESS,,,,0,0,,
196,"PICC placement, weakness.",0x1ae36e000,0x1ae36e000,run_base@0x1ae36e000,3,True,True,,SUCCESS,,,,0,0,,
198,"3 y/o F; fever, cough, congestion. Seizure episode.",0x1ae3bd000,0x1ae3bd000,run_base@0x1ae3bd000,3,True,True,,SUCCESS,,,,0,0,,
199,Hypoxia,0x1ae456000,0x1ae456000,run_base@0x1ae456000,1,True,True,,SUCCESS,,,,0,0,,
200,Hypoxemia,0x1ae519000,0x1ae519000,run_base@0x1ae519000,1,True,True,,SUCCESS,,,,0,0,,
201,"Six months of nonproductive cough, nonsmoker.",0x1ae5f1000,0x1ae5f1000,neighbor@0x1ae5f1000,3,True,True,,SUCCESS,,,,0,0,,
204,Pre dialysis catheter placement; history of hypertension and diabetes and previous tobacco use.,0x1ae6be000,0x1ae6bd000,run_base@0x1ae6bd000,1,True,True,,SUCCESS,,,,0,0,,
205,"Short of breath, concern for pneumothorax",0x1ae718000,0x1ae718000,run_base@0x1ae718000,3,True,True,,SUCCESS,,,,0,0,,
206,Respiratory distress,0x1ae7cb000,0x1ae7cb000,run_base@0x1ae7cb000,1,True,True,,SUCCESS,,,,0,0,,
207,Shortness of breath. History of COVID-19 positive status,0x1ae878000,0x1ae878000,run_base@0x1ae878000,1,True,True,,SUCCESS,,,,0,0,,
211,Central chest pain,0x1ae96e000,0x1ae96d000,run_base@0x1ae96d000,1,True,True,,SUCCESS,,,,0,0,,
212,Central chest pain and tightness,0x1aea1c000,0x1aea1c000,run_base@0x1aea1c000,1,True,True,,SUCCESS,,,,0,0,,
213,wheezing,0x1aea5c000,0x1aea5c000,run_base@0x1aea5c000,3,True,True,,SUCCESS,,,,0,0,,
214,"One week history of chest pain, shortness of breath, and cough; history of tobacco use.",0x1aeb26000,0x1aeb26000,run_base@0x1aeb26000,1,True,True,,SUCCESS,,,,0,0,,
215,"Chest pain, shortness of breath.",0x1aeb82000,0x1aeb82000,run_base@0x1aeb82000,3,True,True,,SUCCESS,,,,0,0,,
216,"Shortness of breath, cough, chest pain",0x1aec30000,0x1aec30000,run_base@0x1aec30000,1,True,True,,SUCCESS,,,,0,0,,
221,49-year-old male with shortness of breath.,0x1aecf9000,0x1aecf9000,run_base@0x1aecf9000,1,True,True,,SUCCESS,,,,0,0,,
224,Intermittent chest pain and shortness of breath for the past 2 months especially with exertion.,0x1aedd1000,0x1aedd1000,run_base@0x1aedd1000,1,True,True,,SUCCESS,,,,0,0,,
228,Intermittent fevers. Cough.,0x1aee7c000,0x1aee7c000,run_base@0x1aee7c000,1,True,True,,SUCCESS,,,,0,0,,
230,"Cough, wheezing, rapid heart rate",0x1aeebe000,0x1aeebe000,run_base@0x1aeebe000,3,True,True,,SUCCESS,,,,0,0,,
233,"Shortness of breath, left lower quadrant pain",0x1aef60000,0x1aef60000,run_base@0x1aef60000,1,True,True,,SUCCESS,,,,0,0,,
235,Cough/fever.,0x1aefd5000,0x1aefd5000,run_base@0x1aefd5000,3,True,True,,SUCCESS,,,,0,0,,
238,"Visit reason: Cough 4 days, fever/lll rales",0x1af00f000,0x1af00f000,run_base@0x1af00f000,1,True,True,,SUCCESS,,,,0,0,,
239,Tracheostomy. Respiratory failure.,0x1af0af000,0x1af0af000,run_base@0x1af0af000,1,True,True,,SUCCESS,,,,0,0,,
240,"Right pneumothorax, chest tube",0x1af154000,0x1af154000,run_base@0x1af154000,1,True,True,,SUCCESS,,,,0,0,,
245,Cough and dizziness. Recent COVID-19 positive,0x1af202000,0x1af202000,run_base@0x1af202000,5,True,True,,SUCCESS,,,,0,0,,
246,"cough, ShoB",0x1af27b000,0x1af27b000,run_base@0x1af27b000,3,True,True,,SUCCESS,,,,0,0,,
247,Shortness of breath. Fever and chills. History of asthma and sarcoidosis.,0x1af2df000,0x1af2df000,run_base@0x1af2df000,3,True,True,,SUCCESS,,,,0,0,,
248,Fell. Cough and congestion.,0x1af3a0000,0x1af3a0000,run_base@0x1af3a0000,1,True,True,,SUCCESS,,,,0,0,,
250,"Shortness of breath, history of asthma, diabetes, hypertension",0x1af80a000,0x1af80a000,run_base@0x1af80a000,3,True,True,,SUCCESS,,,,0,0,,
251,Chest pain. Shortness of breath. Mental status changes.,0x1af87d000,0x1af87d000,run_base@0x1af87d000,3,True,True,,SUCCESS,,,,0,0,,
252,CABG. Chest pain.,0x1af8cf000,0x1af8cf000,run_base@0x1af8cf000,3,True,True,,SUCCESS,,,,0,0,,
256,Shortness of breath. Left chest pain. Left shoulder pain. Cough.,0x1af998000,0x1af998000,run_base@0x1af998000,1,True,True,,SUCCESS,,,,0,0,,
257,Chest pain. Nonsmoker,0x1afa77000,0x1afa77000,run_base@0x1afa77000,1,True,True,,SUCCESS,,,,0,0,,
263,Upper back and left posterior rib pain following lifting heavy object,0x1afb0a000,0x1afb0a000,run_base@0x1afb0a000,3,True,True,,SUCCESS,,,,0,0,,
266,"One month history of productive cough and sinonasal drainage, worsening over the past 1 week. Hypoxemia with oxygen saturation 88%.",0x1afba6000,0x1afba6000,run_base@0x1afba6000,3,True,True,,SUCCESS,,,,0,0,,
267,Motor vehicle accident yesterday with left anterior rib pain.,0x1afc95000,0x1afc95000,run_base@0x1afc95000,1,True,True,,SUCCESS,,,,0,0,,
269,Shortness of breath and lower extremity swelling for 1 month.,0x1afcef000,0x1afcef000,run_base@0x1afcef000,3,True,True,,SUCCESS,,,,0,0,,
272,"Weakness, altered level of consciousness.",0x1afd4b000,0x1afd4b000,run_base@0x1afd4b000,3,True,True,,SUCCESS,,,,0,0,,
273,Status post CABG for coronary artery disease.,0x1afda7000,0x1afda7000,run_base@0x1afda7000,3,True,True,,SUCCESS,,,,0,0,,
277,Left lower lobe pneumonia. Failure to thrive. Intubated.,0x1afe01000,0x1afe01000,run_base@0x1afe01000,18,True,True,,SUCCESS,,,,0,0,,
279,Unstable newborn. Evaluate for pneumothorax,0x1afe40000,0x1afe40000,run_base@0x1afe40000,3,True,True,,SUCCESS,,,,0,0,,
280,Dyspnea and wheezing.,0x1afe6d000,0x1afe6d000,run_base@0x1afe6d000,3,True,True,,SUCCESS,,,,0,0,,
281,"Sepsis, concern for pneumonia. Cough and fever.",0x1aff33000,0x1aff33000,run_base@0x1aff33000,1,True,True,,SUCCESS,,,,0,0,,
282,Shortness breath. Productive cough.,0x1affa5000,0x1affa5000,run_base@0x1affa5000,3,True,True,,SUCCESS,,,,0,0,,
285,73-year-old male with cough and shortness of breath.,0x1b003b000,0x1b003b000,run_base@0x1b003b000,1,True,True,,SUCCESS,,,,0,0,,
287,Right posterior lower rib pain. Cough.,0x1b0115000,0x1b0115000,run_base@0x1b0115000,1,True,True,,SUCCESS,,,,0,0,,
288,"Fever, cough and shortness of breath since last night. History of asthma.",0x1b01cc000,0x1b01cc000,run_base@0x1b01cc000,1,True,True,,SUCCESS,,,,0,0,,
289,History given of body edema and swelling. History of shortness of breath and diabetes and congestive heart failure.,0x1b02a9000,0x1b02a9000,run_base@0x1b02a9000,1,True,True,,SUCCESS,,,,0,0,,
291,"Cough, short of breath, body aches",0x1b0306000,0x1b0306000,run_base@0x1b0306000,3,True,True,,SUCCESS,,,,0,0,,
292,Left lower leg cramps and shortness of breath. Left ankle and foot swelling for 2 days. Initial encounter.,0x1b03e0000,0x1b03e0000,run_base@0x1b03e0000,1,True,True,,SUCCESS,,,,0,0,,
293,"Cough, elevated white blood cell count, congestion",0x1b0828000,0x1b0828000,run_base@0x1b0828000,3,True,True,,SUCCESS,,,,0,0,,
295,Progressive shortness of breath over the past 2 days.,0x1b08d7000,0x1b08d7000,run_base@0x1b08d7000,1,True,True,,SUCCESS,,,,0,0,,
296,Cough and congestion for 4 days.,0x1b097f000,0x1b097f000,run_base@0x1b097f000,1,True,True,,SUCCESS,,,,0,0,,
297,Respiratory distress.,0x1b0a25000,0x1b0a25000,run_base@0x1b0a25000,3,True,True,,SUCCESS,,,,0,0,,
298,Pain. Shortness of breath. History of asthma. Smoker,0x1b0ac9000,0x1b0ac9000,run_base@0x1b0ac9000,1,True,True,,SUCCESS,,,,0,0,,
299,Post CABG,0x1b0b45000,0x1b0b45000,run_base@0x1b0b45000,3,True,True,,SUCCESS,,,,0,0,,
303,"Chest pain, cough, congestion",0x1b101b000,0x1b101b000,run_base@0x1b101b000,1,True,True,,SUCCESS,,,,0,0,,
304,"Shortness of breath, acute respiratory failure, hepatic cirrhosis, current smoker. Intubated patient.",0x1b10cc000,0x1b10cc000,run_base@0x1b10cc000,1,True,True,,SUCCESS,,,,0,0,,
311,"COVID, shortness of breath, back pain",0x1b1168000,0x1b1168000,run_base@0x1b1168000,3,True,True,,SUCCESS,,,,0,0,,
315,Hypoxia. COVID-19 positive.,0x1b121e000,0x1b121e000,run_base@0x1b121e000,1,True,True,,SUCCESS,,,,0,0,,
319,"Hypertension, leg weakness",0x1b1299000,0x1b1299000,run_base@0x1b1299000,3,True,True,,SUCCESS,,,,0,0,,
321,"Injury, fall and landing on the right side, lower right anterior rib pain",0x1b1375000,0x1b1375000,run_base@0x1b1375000,1,True,True,,SUCCESS,,,,0,0,,
322,"Short of breath, CHF",0x1b1428000,0x1b1428000,run_base@0x1b1428000,1,True,True,,SUCCESS,,,,0,0,,
328,Cough and right-sided chest pain since Saturday.,0x1b1515000,0x1b1516000,run_base@0x1b1516000,1,True,True,,SUCCESS,,,,0,0,,
331,Short of breath and wheezing,0x1b1565000,0x1b1565000,run_base@0x1b1565000,3,True,True,,SUCCESS,,,,0,0,,
332,"32-year-old female with shortness of breath, cough congestion mid chest pain and fever for 1 week.",0x1b163b000,0x1b163b000,run_base@0x1b163b000,1,True,True,,SUCCESS,,,,0,0,,
338,Central catheter placement. Hypoxia.,0x1b16d8000,0x1b16d8000,run_base@0x1b16d8000,1,True,True,,SUCCESS,,,,0,0,,
339,Left-sided chest pain.,0x1b17cd000,0x1b17cd000,run_base@0x1b17cd000,1,True,True,,SUCCESS,,,,0,0,,
340,High blood sugar. Shortness of breath. Mid chest pain for 2 weeks. History of smoking.,0x1b1899000,0x1b1899000,run_base@0x1b1899000,1,True,True,,SUCCESS,,,,0,0,,
343,Weakness - dialysis patient.,0x1b195f000,0x1b195f000,run_base@0x1b195f000,1,True,True,,SUCCESS,,,,0,0,,
346,Weakness and congestion.,0x1b19a3000,0x1b19a3000,run_base@0x1b19a3000,3,True,True,,SUCCESS,,,,0,0,,
347,Right chest pain for the past 1-2 days. Nausea and vomiting since this morning.,0x1b1a61000,0x1b1a61000,run_base@0x1b1a61000,1,True,True,,SUCCESS,,,,0,0,,
349,"New onset of shortness of breath and mid chest pain last night. History of atypical chest pain, Barrett's esophagus, hypertension, nonsmoker.",0x1b1b0a000,0x1b1b0a000,run_base@0x1b1b0a000,1,True,True,,SUCCESS,,,,0,0,,
350,Productive cough. Shortness of breath.,0x1b1bf4000,0x1b1bf4000,run_base@0x1b1bf4000,1,True,True,,SUCCESS,,,,0,0,,
353,"Cough and congestion for 3 weeks, no fever",0x1b1c50000,0x1b1c50000,run_base@0x1b1c50000,3,True,True,,SUCCESS,,,,0,0,,
360,Code stroke. Productive cough. Chest congestion.,0x1b1cce000,0x1b1cce000,run_base@0x1b1cce000,1,True,True,,SUCCESS,,,,0,0,,
362,"Generalized weakness, shortness of breath. History coronary artery disease.",0x1b1d29000,0x1b1d29000,run_base@0x1b1d29000,3,True,True,,SUCCESS,,,,0,0,,
363,Status post CABG.,0x1b1d84000,0x1b1d84000,run_base@0x1b1d84000,3,True,True,,SUCCESS,,,,0,0,,
364,Cough. Tracheostomy.,0x1b1e36000,0x1b1e36000,neighbor@0x1b1e36000,7,True,True,,SUCCESS,,,,0,0,,
376,"Status post motor vehicle collision. Patient with chest pain. Patient intubated. Patient reportedly was walking at the scene of the motor vehicle accident, but collapsed in the emergency department.",0x1b1ea4000,0x1b1ea4000,run_base@0x1b1ea4000,3,True,True,,SUCCESS,,,,0,0,,
377,Hypoglycemia ; umbilical venous catheter placement,0x1b1edb000,0x1b1edb000,run_base@0x1b1edb000,3,True,True,,SUCCESS,,,,0,0,,
380,Patient with GI bleed denies dyspnea or chest pain.,0x1b1fa4000,0x1b1fa5000,run_base@0x1b1fa5000,1,True,True,,SUCCESS,,,,0,0,,
381,Cough. Prostate cancer. Fever. Chills.,0x1b205a000,0x1b205a000,run_base@0x1b205a000,1,True,True,,SUCCESS,,,,0,0,,
382,"Shortness of breath, dyspnea",0x1b210e000,0x1b210e000,neighbor@0x1b210e000,3,True,True,,SUCCESS,,,,0,0,,
384,Weakness. Abnormal lab values. Lung carcinoma.,0x1b2170000,0x1b2170000,run_base@0x1b2170000,3,True,True,,SUCCESS,,,,0,0,,
385,Intermittent chest pain. COVID positive.,0x1b2212000,0x1b2212000,run_base@0x1b2212000,1,True,True,,SUCCESS,,,,0,0,,
387,Persistent intermittently productive cough with mid upper chest tightness and shortness of breath on exertion since an episode of flu in March of 2001.,0x1b22c0000,0x1b22c0000,run_base@0x1b22c0000,1,True,True,,SUCCESS,,,,0,0,,
389,Cough and wheezing,0x1b23a5000,0x1b23a5000,run_base@0x1b23a5000,1,True,True,,SUCCESS,,,,0,0,,
391,84-year-old female with chest pain.,0x1b2469000,0x1b2469000,run_base@0x1b2469000,1,True,True,,SUCCESS,,,,0,0,,
392,Cough and headache.,0x1b2541000,0x1b2541000,run_base@0x1b2541000,1,True,True,,SUCCESS,,,,0,0,,
393,"Shortness of breath, getting worse last few days. History of stroke, CVA, hypertension, diabetes.",0x1b262f000,0x1b262f000,run_base@0x1b262f000,1,True,True,,SUCCESS,,,,0,0,,
394,Shortness of breath and wheezing.,0x1b2687000,0x1b2687000,run_base@0x1b2687000,3,True,True,,SUCCESS,,,,0,0,,
396,"Cough, 6 months duration.",0x1b26f2000,0x1b26f2000,run_base@0x1b26f2000,3,True,True,,SUCCESS,,,,0,0,,
397,Left rib pain after fall.,0x1b27d6000,0x1b27d6000,run_base@0x1b27d6000,1,True,True,,SUCCESS,,,,0,0,,
400,"Chest pain and pressure, jaw pain, smoker",0x1b2c30000,0x1b2c30000,run_base@0x1b2c30000,3,True,True,,SUCCESS,,,,0,0,,
405,Acute onset left chest pain. Shortness of breath. Dry cough. Fatigued. Smoker.,0x1b2d03000,0x1b2d03000,run_base@0x1b2d03000,1,True,True,,SUCCESS,,,,0,0,,
408,Chest pain. Back pain. Short of breath.,0x1b2d60000,0x1b2d60000,run_base@0x1b2d60000,3,True,True,,SUCCESS,,,,0,0,,
411,"Nausea, chest pain",0x1b2dbc000,0x1b2dbc000,run_base@0x1b2dbc000,3,True,True,,SUCCESS,,,,0,0,,
412,Pneumonia. Septic shock. Fall. Respiratory distress.,0x1b2e10000,0x1b2e10000,run_base@0x1b2e10000,3,True,True,,SUCCESS,,,,0,0,,
413,Right sided chest pain,0x1b2eae000,0x1b2eae000,run_base@0x1b2eae000,1,True,True,,SUCCESS,,,,0,0,,
414,Chest pain for 1 hour,0x1b2f49000,0x1b2f49000,run_base@0x1b2f49000,1,True,True,,SUCCESS,,,,0,0,,
415,Post-op. Respiratory distress.,0x1b2fa5000,0x1b2fa5000,run_base@0x1b2fa5000,3,True,True,,SUCCESS,,,,0,0,,
416,Fever. Tachycardia. Short of breath.,0x1b303a000,0x1b303a000,run_base@0x1b303a000,1,True,True,,SUCCESS,,,,0,0,,
417,Premature neonate. Respiratory distress.,0x1b305e000,None,FAIL,100,None,True,,LOC_FAIL,,,,0,0,,
418,MVA May 07st. Left mid chest pain.,0x1b30e8000,0x1b30e8000,run_base@0x1b30e8000,3,True,True,,SUCCESS,,,,0,0,,
419,Chest pain. CABG.,0x1b3145000,0x1b3145000,run_base@0x1b3145000,3,True,True,,SUCCESS,,,,0,0,,
425,"74-year-old male, shortness of breath, history of lung carcinoma and pneumonia versus pulmonary edema.",0x1b31a0000,0x1b31a0000,run_base@0x1b31a0000,3,True,True,,SUCCESS,,,,0,0,,
427,"Chest pain. Shortness of breath and dizziness, 4 days duration.",0x1b3244000,0x1b3244000,run_base@0x1b3244000,1,True,True,,SUCCESS,,,,0,0,,
430,Acute onset of fever and cough. Initial encounter.,0x1b3279000,0x1b3279000,run_base@0x1b3279000,3,True,True,,SUCCESS,,,,0,0,,
431,Cough. Chest congestion. Shortness of breath.,0x1b32d0000,0x1b32d0000,run_base@0x1b32d0000,3,True,True,,SUCCESS,,,,0,0,,
432,"Worsening cough, congestion",0x1b3393000,0x1b3393000,run_base@0x1b3393000,1,True,True,,SUCCESS,,,,0,0,,
436,Respiratory distress in newborn.,0x1b33bf000,None,FAIL,100,None,True,,LOC_FAIL,,,,0,0,,
438,"Productive cough, fever",0x1a40ea000,None,FAIL,100,None,True,,LOC_FAIL,,,,0,0,,
440,Follow-up pneumonia. Persistent fever.,0x1a4130000,None,FAIL,100,None,True,,LOC_FAIL,,,,0,0,,
442,Cough for 6 months.,0x1a4243000,0x1a4243000,run_base@0x1a4243000,1,True,True,,SUCCESS,,,,0,0,,
443,Cough for 1 week. Smoker.,0x1a4334000,0x1a4334000,run_base@0x1a4334000,1,True,True,,SUCCESS,,,,0,0,,
444,Chest pain for three days.,0x1a3c01000,0x1a3c01000,run_base@0x1a3c01000,25,True,True,,SUCCESS,,,,0,0,,
446,"Shortness of breath, bilateral ovarian carcinoma currently undergoing chemotherapy, former smoking history",0x1a3ce7000,0x1a3ce7000,run_base@0x1a3ce7000,1,True,True,,SUCCESS,,,,0,0,,
449,Cough and gagging.,0x1a3d3a000,0x1a3d3a000,run_base@0x1a3d3a000,2,True,True,,SUCCESS,,,,0,0,,
453,Shortness of breath status post fall.,0x1b4f7e000,None,FAIL,100,None,True,,LOC_FAIL,,,,0,0,,
454,86-year-old male intubated. Acute respiratory failure. Cerebral infarct status post revascularization. Initial encounter.,0x1b5030000,0x1b5030000,run_base@0x1b5030000,69,True,True,,SUCCESS,,,,0,0,,
455,Cough for 2 days.,0x1b5088000,0x1b5088000,run_base@0x1b5088000,3,True,True,,SUCCESS,,,,0,0,,
456,Left upper chest pain with shortness of breath,0x1b4dcb000,0x1b4dcb000,run_base@0x1b4dcb000,3,True,True,,SUCCESS,,,,0,0,,
457,Visit reason: Cough;,0x1b4e42000,0x1b4e42000,run_base@0x1b4e42000,1,True,True,,SUCCESS,,,,0,0,,
459,Hypertension.,0x1b4ede000,0x1b4ede000,run_base@0x1b4ede000,1,True,True,,SUCCESS,,,,0,0,,
461,shortness of breath,0x1b4f51000,0x1b4f51000,run_base@0x1b4f51000,3,True,True,,SUCCESS,,,,0,0,,
464,Left rib pain,0x1b4c20000,0x1b4c20000,run_base@0x1b4c20000,1,True,True,,SUCCESS,,,,0,0,,
466,Right lateral rib pain for several days.,0x1b4cf9000,0x1b4cfa000,run_base@0x1b4cfa000,2,True,True,,SUCCESS,,,,0,0,,
471,"Cough, short of breath, pre cardiac catheterization",0x1b4d5e000,0x1b4d5e000,run_base@0x1b4d5e000,3,True,True,,SUCCESS,,,,0,0,,
473,Patient with cough. Respiratory failure.,0x1b4a14000,0x1b4a14000,run_base@0x1b4a14000,1,True,True,,SUCCESS,,,,0,0,,
474,Shortness of breath and chest congestion.,0x1b4a70000,0x1b4a70000,run_base@0x1b4a70000,3,True,True,,SUCCESS,,,,0,0,,
475,Initial evaluation for wheezing. History of asthma and recent pneumonia.,0x1b4b1b000,0x1b4b1b000,run_base@0x1b4b1b000,1,True,True,,SUCCESS,,,,0,0,,
476,Follow-up right-sided thoracentesis.,0x1b47cf000,0x1b47cf000,run_base@0x1b47cf000,1,True,True,,SUCCESS,,,,0,0,,
481,"Status post CABG, follow-up",0x1b48b0000,0x1b48b0000,run_base@0x1b48b0000,1,True,True,,SUCCESS,,,,0,0,,
482,Progressively worsening weakness. Cough and fever since yesterday. Ex-smoker.,0x1b494b000,0x1b494b000,run_base@0x1b494b000,1,True,True,,SUCCESS,,,,0,0,,
484,"Cough fever. Cough since Tuesday, Flu test negative, Covid last Jan.",0x1b45fd000,0x1b45fd000,run_base@0x1b45fd000,1,True,True,,SUCCESS,,,,0,0,,
488,Smoking history. Respiratory clearance.,0x1b4659000,0x1b4659000,run_base@0x1b4659000,3,True,True,,SUCCESS,,,,0,0,,
489,Hypertension for 1 day.,0x1b4741000,0x1b4741000,run_base@0x1b4741000,1,True,True,,SUCCESS,,,,0,0,,
494,Chest pain. History of pericarditis.,0x1b4415000,0x1b4415000,run_base@0x1b4415000,1,True,True,,SUCCESS,,,,0,0,,
497,"53-year-old male with 1 week history of shortness of breath, cough and chest pain",0x1b4500000,0x1b4500000,run_base@0x1b4500000,1,True,True,,SUCCESS,,,,0,0,,
498,"53-year-old male, chest pain status post VATS.",0x1b455b000,0x1b455b000,run_base@0x1b455b000,3,True,True,,SUCCESS,,,,0,0,,
502,"Left anterior chest pain for about 3 months, smoker.",0x1b3639000,0x1b3639000,run_base@0x1b3639000,1,True,True,,SUCCESS,,,,0,0,,
507,Chest pain after trauma,0x1b36e4000,0x1b36e4000,run_base@0x1b36e4000,1,True,True,,SUCCESS,,,,0,0,,
512,Acute chest pain after motorcycle accident.,0x1a3bdc000,0x1a3bdc000,run_base@0x1a3bdc000,5,True,True,,SUCCESS,,,,0,0,,
514,"Fever, cough, congestion",0x1b3419000,0x1b3419000,run_base@0x1b3419000,58,True,True,,SUCCESS,,,,0,0,,
516,"Wheezing, cough and shortness of breath for the past 2 days.",0x1b34e8000,0x1b34e8000,run_base@0x1b34e8000,1,True,True,,SUCCESS,,,,0,0,,
517,"Cough, chest congestion for 3 weeks",0x1b355e000,0x1b355e000,run_base@0x1b355e000,3,True,True,,SUCCESS,,,,0,0,,
518,Increased shortness of breath. Body aches. COVID-19 positive yesterday.,0x1a39d4000,0x1a39d4000,run_base@0x1a39d4000,3,True,True,,SUCCESS,,,,0,0,,
522,Postop CABG.,0x1a3a50000,0x1a3a50000,run_base@0x1a3a50000,1,True,True,,SUCCESS,,,,0,0,,
523,Cough and congestion for couple weeks. Nonsmoker.,0x1a3ab8000,0x1a3ab8000,run_base@0x1a3ab8000,3,True,True,,SUCCESS,,,,0,0,,
526,Cough and congestion for 1 week.,0x1a3b12000,0x1a3b12000,run_base@0x1a3b12000,3,True,True,,SUCCESS,,,,0,0,,
528,"59-year-old female, obesity, shortness of breath.",0x1a3b5c000,0x1a3b5c000,run_base@0x1a3b5c000,3,True,True,,SUCCESS,,,,0,0,,
529,27 y/o M; motor vehicle collision with anterior chest pain.,0x1a3843000,0x1a3843000,run_base@0x1a3843000,1,True,True,,SUCCESS,,,,0,0,,
530,Tachycardia and shortness of breath beginning last night. Chest pain.,0x1a38f4000,0x1a38f4000,run_base@0x1a38f4000,1,True,True,,SUCCESS,,,,0,0,,
533,Coughing shortness of breath and asthma,0x1a3930000,0x1a3930000,run_base@0x1a3930000,3,True,True,,SUCCESS,,,,0,0,,
534,46-year-old male with COVID and acute shortness of breath.,0x1b50fc000,0x1b50fc000,run_base@0x1b50fc000,87,True,True,,SUCCESS,,,,0,0,,
535,"Acute respiratory failure, COPD, diabetes mellitus, CHF, COVID-19",0x1b51ad000,0x1b51ad000,run_base@0x1b51ad000,1,True,True,,SUCCESS,,,,0,0,,
536,Weakness for several days. Near syncope today.,0x1b525c000,0x1b525c000,run_base@0x1b525c000,1,True,True,,SUCCESS,,,,0,0,,
539,Hypoxia. Fatigue.,0x1b530a000,0x1b530a000,run_base@0x1b530a000,1,True,True,,SUCCESS,,,,0,0,,
542,Cough and shortness of breath,0x1b53b6000,0x1b53b6000,run_base@0x1b53b6000,1,True,True,,SUCCESS,,,,0,0,,
544,Level II trauma with substernal chest pain.,0x1b580b000,0x1b580b000,run_base@0x1b580b000,3,True,True,,SUCCESS,,,,0,0,,
545,Cough for 3 weeks. Wheezing. Congestion.,0x1b583b000,0x1b583b000,run_base@0x1b583b000,3,True,True,,SUCCESS,,,,0,0,,
546,Pneumonia. Respiratory failure.,0x1b58df000,0x1b58df000,run_base@0x1b58df000,1,True,True,,SUCCESS,,,,0,0,,
547,Short of breath and weakness.,0x1b5968000,0x1b5968000,run_base@0x1b5968000,3,True,True,,SUCCESS,,,,0,0,,
553,Trach replacement. Bleeding at stoma. Tachycardia and shortness of breath.,0x1b59c7000,0x1b59c7000,run_base@0x1b59c7000,3,True,True,,SUCCESS,,,,0,0,,
556,Cough and shortness of breath.,0x1b5a66000,0x1b5a66000,run_base@0x1b5a66000,1,True,True,,SUCCESS,,,,0,0,,
559,Cough fever,0x1b5af9000,0x1b5af9000,run_base@0x1b5af9000,1,True,True,,SUCCESS,,,,0,0,,
560,Fever. Hypoxia.,0x1b5b54000,0x1b5b54000,run_base@0x1b5b54000,3,True,True,,SUCCESS,,,,0,0,,
563,"Spontaneous pneumothorax, follow-up",0x1b5bae000,0x1b5bae000,run_base@0x1b5bae000,3,True,True,,SUCCESS,,,,0,0,,
564,"Cough, shortness of breath.",0x1b5c5a000,0x1b5c5a000,run_base@0x1b5c5a000,1,True,True,,SUCCESS,,,,0,0,,
568,"CABG, cough. Monitor.",0x1b5cb8000,0x1b5cb8000,run_base@0x1b5cb8000,3,True,True,,SUCCESS,,,,0,0,,
569,Three-week history weakness. Hypoxia.,0x1b5d63000,0x1b5d63000,run_base@0x1b5d63000,1,True,True,,SUCCESS,,,,0,0,,
570,Preoperative study prior to CABG and aortic valve replacement,0x1b5e37000,0x1b5e37000,run_base@0x1b5e37000,1,True,True,,SUCCESS,,,,0,0,,
571,"Two-day history of mid and right-sided chest pain, shortness of breath and productive cough. Current history of asthma.",0x1b5f1c000,0x1b5f1c000,run_base@0x1b5f1c000,1,True,True,,SUCCESS,,,,0,0,,
576,Shortness of breath. Hypoxia,0x1b5f52000,0x1b5f52000,best_hit@0x1b5f52000,100,True,True,,SUCCESS,,,,0,0,,
577,"40-year-old female with cough, congestion, fever, chest pain and shortness of breath.",0x1b6007000,0x1b6007000,run_base@0x1b6007000,1,True,True,,SUCCESS,,,,0,0,,
578,Difficulty breathing. Shortness of breath.,0x1b60df000,0x1b60df000,run_base@0x1b60df000,1,True,True,,SUCCESS,,,,0,0,,
584,Fell. Chest pain.,0x1b61c5000,0x1b61c5000,run_base@0x1b61c5000,1,True,True,,SUCCESS,,,,0,0,,
587,82-year-old female with COPD and history of hypertension. Difficulty breathing. Initial encounter.,0x1b62af000,0x1b62af000,run_base@0x1b62af000,1,True,True,,SUCCESS,,,,0,0,,
590,Substernal chest pain,0x1b6351000,0x1b6351000,run_base@0x1b6351000,1,True,True,,SUCCESS,,,,0,0,,
591,Follow up effusions and pneumonia. Ventilator dependent respiratory failure.,0x1b63aa000,0x1b63aa000,run_base@0x1b63aa000,3,True,True,,SUCCESS,,,,0,0,,
593,Cough and fever since yesterday.,0x1b63eb000,0x1b63eb000,run_base@0x1b63eb000,3,True,True,,SUCCESS,,,,0,0,,
594,Anterior chest pain,0x1b68aa000,0x1b68aa000,run_base@0x1b68aa000,1,True,True,,SUCCESS,,,,0,0,,
595,Follow-up post intubation,0x1b6944000,0x1b6944000,run_base@0x1b6944000,1,True,True,,SUCCESS,,,,0,0,,
596,Shortness of breath. Weakness,0x1b69f4000,0x1b69f4000,run_base@0x1b69f4000,1,True,True,,SUCCESS,,,,0,0,,
597,Fall with chest pain,0x1b6a7b000,0x1b6a7b000,run_base@0x1b6a7b000,1,True,True,,SUCCESS,,,,0,0,,
602,Shortness of Breath/Dyspnea. Surgery 5 days ago.,0x1b6b5d000,0x1b6b5d000,run_base@0x1b6b5d000,1,True,True,,SUCCESS,,,,0,0,,
603,Weakness. History of pneumonia.,0x1b6c0c000,0x1b6c0c000,run_base@0x1b6c0c000,1,True,True,,SUCCESS,,,,0,0,,
604,Meconium aspiration. Hypoxia.,0x1b6c3a000,0x1b6c3a000,best_hit@0x1b6c3a000,100,True,True,,SUCCESS,,,,0,0,,
605,"Weakness, rectal bleeding.",0x1b6cd6000,0x1b6cd6000,run_base@0x1b6cd6000,1,True,True,,SUCCESS,,,,0,0,,
607,"Cough and congestion and fever for 1 month, initial encounter",0x1b6d9f000,0x1b6d9f000,run_base@0x1b6d9f000,1,True,True,,SUCCESS,,,,0,0,,
608,"Drug overdose, shortness of breath",0x1b6e8d000,0x1b6e8d000,run_base@0x1b6e8d000,1,True,True,,SUCCESS,,,,0,0,,
609,Respiratory failure and atelectasis.,0x1b85ee000,None,FAIL,100,None,True,,LOC_FAIL,,,,0,0,,
612,Increasing shortness of breath for 2 weeks. Swelling. Wheezing.,0x1b70e5000,None,FAIL,100,None,True,,LOC_FAIL,,,,0,0,,
623,Right-sided rib pain. Football injury.,0x1b6fcf000,None,FAIL,100,None,True,,LOC_FAIL,,,,0,0,,
625,Respiratory failure. Shortness of breath.,0x1b7712000,0x1b7712000,run_base@0x1b7712000,5,True,True,,SUCCESS,,,,0,0,,
627,"Cough, shortness of breath, left-sided chest pain. Positive COVID test 10 days ago.",0x1b732d000,None,FAIL,100,None,True,,LOC_FAIL,,,,0,0,,
628,Right pneumothorax,0x1b760b000,0x1b760b000,run_base@0x1b760b000,2,True,True,,SUCCESS,,,,0,0,,
631,MI. Ventilator dependent respiratory failure. Intra-aortic balloon pump. Possible aspiration.,0x1b76c1000,None,FAIL,100,None,True,,LOC_FAIL,,,,0,0,,
635,Chest pain. Recent common bile duct extraction. Anemia.,0x1aa32e000,None,FAIL,100,None,True,,LOC_FAIL,,,,0,0,,
637,Cough and chest pain.,0x1aab44000,0x1aab44000,run_base@0x1aab44000,5,True,True,,SUCCESS,,,,0,0,,
641,Palpitations today with shortness of breath,0x1aab9d000,0x1aab9d000,run_base@0x1aab9d000,3,True,True,,SUCCESS,,,,0,0,,
644,"Shortness of breath, dementia",0x1aa44e000,0x1aa44e000,run_base@0x1aa44e000,1,True,True,,SUCCESS,,,,0,0,,
649,Chest pain and hypertension,0x1aa4b5000,0x1aa4b5000,run_base@0x1aa4b5000,3,True,True,,SUCCESS,,,,0,0,,
650,Shortness of breath. Asthma.,0x1aa50f000,0x1aa50f000,run_base@0x1aa50f000,3,True,True,,SUCCESS,,,,0,0,,
651,"41-year-old male with shortness of breath for 2 weeks, worsening today. Initial encounter.",0x1aa5d6000,0x1aa5d6000,neighbor@0x1aa5d6000,2,True,True,,SUCCESS,,,,0,0,,
653,Severe shortness of breath. COPD. Congestive heart failure.,0x1aa627000,0x1aa627000,run_base@0x1aa627000,3,True,True,,SUCCESS,,,,0,0,,
657,Five day history of shortness of breath. 1-2 month history of cough,0x1aa69b000,0x1aa69b000,run_base@0x1aa69b000,3,True,True,,SUCCESS,,,,0,0,,
660,Short of breath. Fever. Chest pressure.,0x1aa6f5000,0x1aa6f5000,run_base@0x1aa6f5000,3,True,True,,SUCCESS,,,,0,0,,
662,Respiratory failure. Follow-up LEFT basilar atelectasis.,0x1aa7a6000,0x1aa7a6000,run_base@0x1aa7a6000,1,True,True,,SUCCESS,,,,0,0,,
663,Umbilical catheter placements,0x1aa7e9000,0x1aa7e9000,run_base@0x1aa7e9000,3,True,True,,SUCCESS,,,,0,0,,
664,"Left anterior rib pain, recent fall",0x1aac90000,0x1aac90000,run_base@0x1aac90000,1,True,True,,SUCCESS,,,,0,0,,
665,Leg pain. Hypertension.,0x1aad0e000,0x1aad0e000,run_base@0x1aad0e000,1,True,True,,SUCCESS,,,,0,0,,
666,Shortness of breath. Chest pain. Hypertension. Two weeks postpartum from C-section delivery.,0x1aad6f000,0x1aad6f000,run_base@0x1aad6f000,3,True,True,,SUCCESS,,,,0,0,,
672,Central catheter placement,0x1aae1e000,0x1aae1e000,run_base@0x1aae1e000,1,True,True,,SUCCESS,,,,0,0,,
675,Mild shortness-of-breath with productive cough 6 months. History of smoking. Quit 25 years ago.,0x1aaefa000,None,FAIL,100,None,True,,LOC_FAIL,,,,0,0,,
677,"Respiratory distress, pneumonia, endotracheal tube.",0x1aafac000,None,FAIL,100,None,True,,LOC_FAIL,,,,0,0,,
679,58-year-old male with history of pneumonia from COVID-19 infection.,0x1ab94f000,0x1ab950000,run_base@0x1ab950000,9,True,True,,SUCCESS,,,,0,0,,
680,New onset chest pain.,0x1aba41000,0x1aba41000,run_base@0x1aba41000,1,True,True,,SUCCESS,,,,0,0,,
682,Left-sided chest pain. Nonsmoker.,0x1abb08000,0x1abb08000,run_base@0x1abb08000,1,True,True,,SUCCESS,,,,0,0,,
685,Right rib pain.,0x1abbbc000,0x1abbbc000,run_base@0x1abbbc000,1,True,True,,SUCCESS,,,,0,0,,
686,Chest pain. Chest pressure. Short of breath. Right arm pain. History of CABG.,0x1ab418000,0x1ab418000,run_base@0x1ab418000,3,True,True,,SUCCESS,,,,0,0,,
692,"Shortness of breath, fever",0x1ab4c1000,0x1ab4c1000,run_base@0x1ab4c1000,1,True,True,,SUCCESS,,,,0,0,,
695,"Left-sided chest pain, shortness of breath.",0x1ab584000,0x1ab584000,run_base@0x1ab584000,1,True,True,,SUCCESS,,,,0,0,,
696,PICC placement,0x1ab5dd000,0x1ab5dd000,run_base@0x1ab5dd000,3,True,True,,SUCCESS,,,,0,0,,
697,"Respiratory distress, cough and GI bleed.",0x1ab631000,0x1ab631000,run_base@0x1ab631000,3,True,True,,SUCCESS,,,,0,0,,
698,Chest pain. Shortness of breath.,0x1ab6c1000,0x1ab6c1000,run_base@0x1ab6c1000,1,True,True,,SUCCESS,,,,0,0,,
700,Chest pain. Shortness of breath. History of sarcoidosis.,0x1ab755000,0x1ab755000,run_base@0x1ab755000,1,True,True,,SUCCESS,,,,0,0,,
703,Weakness. Hiccups.,0x1b882c000,0x1b882c000,run_base@0x1b882c000,22,True,True,,SUCCESS,,,,0,0,,
705,"Gradual worsening, weakness over 2 weeks. History of CLL. Fever, cough, confusion over last few days.",0x1b8905000,0x1b8905000,run_base@0x1b8905000,1,True,True,,SUCCESS,,,,0,0,,
708,Follow-up for pneumonia.,0x1b89b9000,0x1b89b9000,run_base@0x1b89b9000,1,True,True,,SUCCESS,,,,0,0,,
711,Hypoxemia.,0x1b8a17000,0x1b8a17000,run_base@0x1b8a17000,3,True,True,,SUCCESS,,,,0,0,,
713,"CABG, postop day #1",0x1b8a95000,0x1b8a95000,run_base@0x1b8a95000,1,True,True,,SUCCESS,,,,0,0,,
714,Shortness of breath for 1 week. Productive cough.,0x1b8b22000,0x1b8b22000,run_base@0x1b8b22000,1,True,True,,SUCCESS,,,,0,0,,
717,Hypoxia. Question pneumonia.,0x1b8b7c000,0x1b8b7c000,run_base@0x1b8b7c000,3,True,True,,SUCCESS,,,,0,0,,
718,Microscopic polyangiitis. Bilateral lower extremity swelling. Hypertension.,0x1b8c02000,0x1b8c02000,run_base@0x1b8c02000,7,True,True,,SUCCESS,,,,0,0,,
719,"Shortness of breath, Covid-19 positive.",0x1b8caf000,0x1b8caf000,run_base@0x1b8caf000,1,True,True,,SUCCESS,,,,0,0,,
720,Shortness of breath. Mild chest discomfort.,0x1b8d5f000,0x1b8d5f000,run_base@0x1b8d5f000,1,True,True,,SUCCESS,,,,0,0,,
727,Cough and weakness,0x1b8ddc000,0x1b8ddc000,run_base@0x1b8ddc000,3,True,True,,SUCCESS,,,,0,0,,
728,13 weeks old male; 4 days of cough. Low-grade fever.,0x1b8e0e000,None,FAIL,100,None,True,,LOC_FAIL,,,,0,0,,
731,Severe shortness of breath. Fibrosis.,0x1a239a000,None,FAIL,100,None,True,,LOC_FAIL,,,,0,0,,
732,"Right-sided chest pain, short of breath, cough, former smoker",0x1a2dd3000,0x1a2dd3000,run_base@0x1a2dd3000,21,True,True,,SUCCESS,,,,0,0,,
734,Left rib pain. Possible mass.,0x1a24da000,0x1a24db000,run_base@0x1a24db000,1,True,True,,SUCCESS,,,,0,0,,
735,Renal failure. Diatek catheter placement.,0x1a2533000,0x1a2533000,run_base@0x1a2533000,3,True,True,,SUCCESS,,,,0,0,,
738,"Wheezing, cough, chest pain",0x1a257e000,0x1a257e000,run_base@0x1a257e000,3,True,True,,SUCCESS,,,,0,0,,
739,Fever and shortness of breath.,0x1a264a000,0x1a264a000,neighbor@0x1a264a000,3,True,True,,SUCCESS,,,,0,0,,
740,Shortness of breath. Wheezing.,0x1a272d000,0x1a272d000,run_base@0x1a272d000,1,True,True,,SUCCESS,,,,0,0,,
741,Cough and chest tightness for 2 weeks,0x1b9018000,0x1b9017000,run_base@0x1b9017000,59,True,True,,SUCCESS,,,,0,0,,
742,Shortness of breath and leg swelling.,0x14e36a000,None,FAIL,100,None,True,,LOC_FAIL,,,,0,0,,
748,COVID-19 positive. Shortness of breath,0x1a2c70000,None,FAIL,100,None,True,,LOC_FAIL,,,,0,0,,
750,Follow-up CABG.,0x14f564000,0x1b8759000,run_base@0x1b8759000,60,False,True,,SUCCESS,,,,0,0,,
755,Chest pain. Onset of symptoms at 7846 hr today.,0x1b9184000,0x1b9184000,run_base@0x1b9184000,1,True,True,,SUCCESS,,,,0,0,,
758,"Hypoxia, acute respiratory failure.",0x1b921d000,0x1b921d000,run_base@0x1b921d000,1,True,True,,SUCCESS,,,,0,0,,
760,Shortness of breath. Hypertension. Alcohol dependence.,0x1b927c000,0x1b927c000,run_base@0x1b927c000,1,True,True,,SUCCESS,,,,0,0,,
763,"83-year-old female with history of shortness of breath for the past 2 weeks, worsening on exertion. History of bronchiectasis.",0x1b930f000,0x1b930f000,run_base@0x1b930f000,1,True,True,,SUCCESS,,,,0,0,,
764,Shortness of breath with lower extremity edema,0x1b93bf000,0x1b93bf000,run_base@0x1b93bf000,1,True,True,,SUCCESS,,,,0,0,,
767,Bilateral pneumothorax.,0x1b9871000,0x1b9871000,neighbor@0x1b9871000,3,True,True,,SUCCESS,,,,0,0,,
768,Pain and weakness and shortness of breath. Left hand numbness.,0x1b98cd000,0x1b98cd000,run_base@0x1b98cd000,3,True,True,,SUCCESS,,,,0,0,,
770,"Preoperative study prior to video-assisted thoracostomy in wedge resection on the right, history of COPD and right upper lung mass, current smoker.",0x1b9984000,0x1b9984000,run_base@0x1b9984000,3,True,True,,SUCCESS,,,,0,0,,
773,left-sided chest pain,0x1b99d4000,0x1b99d4000,run_base@0x1b99d4000,3,True,True,,SUCCESS,,,,0,0,,
774,"Shortness of breath, cold sweats, overheating, chest tightness; history of gastroesophageal reflux",0x1b9ac8000,0x1b9ac8000,run_base@0x1b9ac8000,1,True,True,,SUCCESS,,,,0,0,,
775,Persistent cough. Had COVID in Muaythai. Patient complains of cough and dyspnea with exertion. History of open heart surgery in 8610.,0x1b9b23000,0x1b9b23000,run_base@0x1b9b23000,3,True,True,,SUCCESS,,,,0,0,,
777,"Pulmonary edema, shortness of breath, history of shortness of breath, sarcoidosis, chronic kidney disease, COPD, pulmonary hypertension",0x1b9b83000,0x1b9b83000,run_base@0x1b9b83000,3,True,True,,SUCCESS,,,,0,0,,
778,CABG,0x1b9bff000,0x1b9bff000,run_base@0x1b9bff000,3,True,True,,SUCCESS,,,,0,0,,
779,Cough and right-sided chest pain for the past 2 days. Nonsmoker.,0x1ba0b3000,0x1ba0b3000,run_base@0x1ba0b3000,1,True,True,,SUCCESS,,,,0,0,,
782,Abdominal pain. PICC placement.,0x1ba107000,0x1ba107000,run_base@0x1ba107000,3,True,True,,SUCCESS,,,,0,0,,
783,Left PICC line placement.,0x1ba1af000,0x1ba1af000,run_base@0x1ba1af000,1,True,True,,SUCCESS,,,,0,0,,
784,Diabetes. Hypertension. Fracture left facial bone.,0x1ba206000,0x1ba206000,run_base@0x1ba206000,6,True,True,,SUCCESS,,,,0,0,,
785,"Productive cough, body aches, fever",0x1ba2a8000,0x1ba2a8000,run_base@0x1ba2a8000,1,True,True,,SUCCESS,,,,0,0,,
787,Lethargy. Weakness.,0x1ba354000,0x1ba354000,run_base@0x1ba354000,1,True,True,,SUCCESS,,,,0,0,,
790,"Weakness, cough and congestion. Smoker.",0x1ba825000,0x1ba825000,run_base@0x1ba825000,1,True,True,,SUCCESS,,,,0,0,,
792,3rd degree heart block. Shortness of breath. Lung cancer.,0x1ba8c3000,0x1ba8c3000,run_base@0x1ba8c3000,1,True,True,,SUCCESS,,,,0,0,,
793,Syncopal episode. History of CHF and COPD.,0x1ba95c000,0x1ba95c000,run_base@0x1ba95c000,1,True,True,,SUCCESS,,,,0,0,,
794,65 y/o M; shortness of breath and chest tightness. Status post radiation therapy on chemo for lung cancer.,0x1baa35000,0x1baa35000,run_base@0x1baa35000,1,True,True,,SUCCESS,,,,0,0,,
795,"Decreased level of consciousness, shortness of breath",0x1baa90000,0x1baa90000,run_base@0x1baa90000,3,True,True,,SUCCESS,,,,0,0,,
797,Shortness of breath and renal failure.,0x1bab0b000,0x1bab0b000,run_base@0x1bab0b000,1,True,True,,SUCCESS,,,,0,0,,
798,Cough and weakness.,0x1babbb000,0x1babbb000,run_base@0x1babbb000,1,True,True,,SUCCESS,,,,0,0,,
802,"Two weeks of cough, wheezing, and fatigue. Onset of fever 2 days ago.",0x1bac5f000,0x1bac5f000,run_base@0x1bac5f000,1,True,True,,SUCCESS,,,,0,0,,
804,68-year-old male with pleural effusion. Status post thoracentesis. Patient presenting with chest pain since the procedure.,0x1bad1f000,0x1bad1f000,run_base@0x1bad1f000,1,True,True,,SUCCESS,,,,0,0,,
806,"Productive cough for 2 days, weakness, mid chest pain off and on for a few days, smoker",0x1bae11000,0x1bae11000,run_base@0x1bae11000,1,True,True,,SUCCESS,,,,0,0,,
807,Aortic stenosis. CABG.,0x1bae6a000,0x1bae6a000,run_base@0x1bae6a000,3,True,True,,SUCCESS,,,,0,0,,
808,62 y/o F; productive cough and wheezing for 1 week.,0x1baf21000,0x1baf21000,run_base@0x1baf21000,1,True,True,,SUCCESS,,,,0,0,,
809,"Shortness of breath, fever.",0x1bafa9000,0x1bafa9000,run_base@0x1bafa9000,3,True,True,,SUCCESS,,,,0,0,,
810,"Cough, congestion.",0x1bb002000,0x1bb002000,run_base@0x1bb002000,50,True,True,,SUCCESS,,,,0,0,,
813,Weakness. Cough.,0x1bb0d2000,0x1bb0d2000,run_base@0x1bb0d2000,1,True,True,,SUCCESS,,,,0,0,,
814,Shortness of breath. History of diastolic heart failure.,0x1bb187000,0x1bb187000,neighbor@0x1bb187000,2,True,True,,SUCCESS,,,,0,0,,
818,Chest pain and dyspnea,0x1bb233000,0x1bb233000,run_base@0x1bb233000,1,True,True,,SUCCESS,,,,0,0,,
821,Persistent productive cough and wheezing after 6 days of prednisone treatment.,0x1bb2e7000,0x1bb2e7000,run_base@0x1bb2e7000,1,True,True,,SUCCESS,,,,0,0,,
822,Premature newborn. RDS. Status post umbilical catheter repositioning.,0x1bb313000,0x1bb313000,run_base@0x1bb313000,3,True,True,,SUCCESS,,,,0,0,,
824,Shortness of breath. Extremity swelling and Kidney disease.,0x1bb384000,0x1bb384000,run_base@0x1bb384000,3,True,True,,SUCCESS,,,,0,0,,
827,Diatek catheter placement.,0x1bb3e4000,0x1bb3e4000,run_base@0x1bb3e4000,3,True,True,,SUCCESS,,,,0,0,,
832,"Cough, congestion, and fever.",0x1bb82b000,0x1bb82b000,run_base@0x1bb82b000,3,True,True,,SUCCESS,,,,0,0,,
833,"Cough, fever and congestion.",0x1bb89a000,0x1bb89a000,run_base@0x1bb89a000,3,True,True,,SUCCESS,,,,0,0,,
837,Shortness of breath. Morbid obesity.,0x1bb8ef000,0x1bb8ef000,run_base@0x1bb8ef000,3,True,True,,SUCCESS,,,,0,0,,
839,Short of breath. Cough. Wheezing.,0x1bb960000,0x1bb960000,run_base@0x1bb960000,3,True,True,,SUCCESS,,,,0,0,,
841,COPD. Dysrhythmia.,0x1bb9ba000,0x1bb9ba000,run_base@0x1bb9ba000,3,True,True,,SUCCESS,,,,0,0,,
845,63-year-old female with a history of shortness of breath and abdominal pain,0x1bba67000,0x1bba67000,neighbor@0x1bba67000,3,True,True,,SUCCESS,,,,0,0,,
846,Worsening shortness of breath following home dialysis. Known lung masses.,0x1bbaf0000,0x1bbaf0000,run_base@0x1bbaf0000,1,True,True,,SUCCESS,,,,0,0,,
848,Right lower rib pain after lifting something heavy at work 1 hour ago,0x1bbbe0000,0x1bbbdf000,run_base@0x1bbbdf000,1,True,True,,SUCCESS,,,,0,0,,
849,Shortness of breath COVID positive,0x1bbc89000,0x1bbc89000,neighbor@0x1bbc89000,3,True,True,,SUCCESS,,,,0,0,,
850,Shortness of breath ascites abdominal pain,0x1bbd2a000,0x1bbd2a000,run_base@0x1bbd2a000,1,True,True,,SUCCESS,,,,0,0,,
859,Cough and short of breath,0x1bbdd9000,0x1bbdd9000,run_base@0x1bbdd9000,1,True,True,,SUCCESS,,,,0,0,,
861,"Left-sided chest pain, shortness of breath",0x1bbe9e000,0x1bbe9e000,neighbor@0x1bbe9e000,3,True,True,,SUCCESS,,,,0,0,,
862,76-year-old male with shortness of breath and respiratory distress.,0x1bbefa000,0x1bbefa000,run_base@0x1bbefa000,3,True,True,,SUCCESS,,,,0,0,,
865,"Chest pain, sore throat, cough and back pain. Tachycardia. Weakness.",0x1bbfc1000,0x1bbfc1000,run_base@0x1bbfc1000,1,True,True,,SUCCESS,,,,0,0,,
867,Right chest pain. No known injury.,0x1bc09e000,0x1bc09e000,run_base@0x1bc09e000,1,True,True,,SUCCESS,,,,0,0,,
868,69-hour-old male peripheral central venous catheter placement.,0x1bc0cc000,0x1bc0cc000,run_base@0x1bc0cc000,3,True,True,,SUCCESS,,,,0,0,,
870,short of breath,0x1bc173000,0x1bc173000,run_base@0x1bc173000,1,True,True,,SUCCESS,,,,0,0,,
872,Chest pain and shortness of breath with exertion,0x1bc240000,0x1bc240000,run_base@0x1bc240000,11,True,True,,SUCCESS,,,,0,0,,
873,"Cough probable COVID, COVID exposure",0x1bc28f000,0x1bc28f000,run_base@0x1bc28f000,3,True,True,,SUCCESS,,,,0,0,,
874,"Shortness of breath, post renal stent placement",0x1bc338000,0x1bc338000,run_base@0x1bc338000,1,True,True,,SUCCESS,,,,0,0,,
877,"Short of breath, hot flashes.",0x1bc390000,0x1bc390000,run_base@0x1bc390000,3,True,True,,SUCCESS,,,,0,0,,
878,"CLL, chest pain",0x1bc3ec000,0x1bc3ec000,run_base@0x1bc3ec000,3,True,True,,SUCCESS,,,,0,0,,
880,Shortness of breath. Possible PICC line infection. On antibiotics.,0x1bc4c1000,0x1bc4c1000,run_base@0x1bc4c1000,1,True,True,,SUCCESS,,,,0,0,,
881,Dyspnea with separate gating sensation and chest pain.,0x1bc5b6000,0x1bc5b6000,run_base@0x1bc5b6000,1,True,True,,SUCCESS,,,,0,0,,
886,Possible pneumothorax.,0x1bc631000,0x1bc631000,run_base@0x1bc631000,1,True,True,,SUCCESS,,,,0,0,,
895,Short of breath and hemoptysis for 2 weeks,0x1bc705000,0x1bc705000,run_base@0x1bc705000,1,True,True,,SUCCESS,,,,0,0,,
897,"Fever, cough, and congestion.",0x1bc752000,0x1bc752000,run_base@0x1bc752000,3,True,True,,SUCCESS,,,,0,0,,
904,MVC yesterday. Restrained driver. Chest pain with deep inspiration.,0x1bcc14000,0x1bcc14000,run_base@0x1bcc14000,1,True,True,,SUCCESS,,,,0,0,,
907,"Mid back pain, chest pain, sudden onset today",0x1bccc3000,0x1bccc3000,run_base@0x1bccc3000,1,True,True,,SUCCESS,,,,0,0,,
910,Productive cough and wheezing,0x1bcd6b000,0x1bcd6b000,run_base@0x1bcd6b000,1,True,True,,SUCCESS,,,,0,0,,
911,Shortness of breath. Respiratory distress.,0x1bcdc5000,0x1bcdc5000,run_base@0x1bcdc5000,3,True,True,,SUCCESS,,,,0,0,,
912,CHF. Weakness.,0x1bce1d000,0x1bce1d000,run_base@0x1bce1d000,3,True,True,,SUCCESS,,,,0,0,,
913,"Shortness of breath beginning today. History of hypertension, diabetes, former smoker.",0x1bcecc000,0x1bcecc000,run_base@0x1bcecc000,1,True,True,,SUCCESS,,,,0,0,,
915,Overdose. Rule out aspiration. Chest pain beginning this morning.,0x1bcf72000,0x1bcf72000,run_base@0x1bcf72000,3,True,True,,SUCCESS,,,,0,0,,
917,"Shortness of breath, recent CHF and pneumonia, recent heart attack",0x1bcfcb000,0x1bcfcb000,run_base@0x1bcfcb000,3,True,True,,SUCCESS,,,,0,0,,
918,Fall several days ago. Right rib pain.,0x1bd051000,0x1bd051000,run_base@0x1bd051000,3,True,True,,SUCCESS,,,,0,0,,
919,"Weakness, history of hypertension and atrial fibrillation.",0x1bd09e000,0x1bd09e000,run_base@0x1bd09e000,3,True,True,,SUCCESS,,,,0,0,,
921,Cough and fever for 2 days.,0x1bd0fe000,0x1bd0fe000,run_base@0x1bd0fe000,3,True,True,,SUCCESS,,,,0,0,,
923,"Respiratory failure, cardiac arrest",0x1bd1ad000,0x1bd1ad000,run_base@0x1bd1ad000,1,True,True,,SUCCESS,,,,0,0,,
924,53-year-old male with weakness and shortness of breath.,0x1bd229000,0x1bd229000,run_base@0x1bd229000,1,True,True,,SUCCESS,,,,0,0,,
926,Cough. Pleural effusion.,0x1bd281000,0x1bd281000,run_base@0x1bd281000,3,True,True,,SUCCESS,,,,0,0,,
927,"Mid back, rib pain.",0x1bd389000,0x1bd389000,run_base@0x1bd389000,1,True,True,,SUCCESS,,,,0,0,,
929,Weakness. Altered mental status. Recent fall. Elevated white blood cell count.,0x1bd45c000,0x1bd45c000,run_base@0x1bd45c000,1,True,True,,SUCCESS,,,,0,0,,
931,84 year-old with nausea and vomiting. PICC line placement.,0x1bd4b7000,0x1bd4b7000,run_base@0x1bd4b7000,3,True,True,,SUCCESS,,,,0,0,,
935,Shortness of breath and fever.,0x1bd557000,0x1bd557000,run_base@0x1bd557000,1,True,True,,SUCCESS,,,,0,0,,
938,"Respiratory distress, COPD",0x1bd601000,0x1bd601000,run_base@0x1bd601000,9,True,True,,SUCCESS,,,,0,0,,
942,"Respiratory failure following ERCP, he ETT adjustment",0x1bd674000,0x1bd674000,run_base@0x1bd674000,3,True,True,,SUCCESS,,,,0,0,,
943,Status post CABG,0x1bd70e000,0x1bd70e000,run_base@0x1bd70e000,1,True,True,,SUCCESS,,,,0,0,,
944,Hypertension; diaphoresis. Leg swelling and cough.,0x1bd78e000,None,FAIL,100,None,True,,LOC_FAIL,,,,0,0,,
945,Weakness and altered mental status.,0x1bd7a0000,None,FAIL,100,None,True,,LOC_FAIL,,,,0,0,,
946,Evaluate peripheral venous catheter placement.,0x1bd838000,0x1bd838000,run_base@0x1bd838000,2,True,True,,SUCCESS,,,,0,0,,
947,"COPD exacerbation, pneumonia.",0x1bda44000,0x1bda45000,run_base@0x1bda45000,1,True,True,,SUCCESS,,,,0,0,,
948,Follow-up right pneumothorax. Atelectasis.,0x1bdb01000,0x1bdb01000,run_base@0x1bdb01000,1,True,True,,SUCCESS,,,,0,0,,
949,Shortness of breath. Thoracoscopy on the left 2 days prior,0x1bdbb2000,0x1bdbb2000,run_base@0x1bdbb2000,1,True,True,,SUCCESS,,,,0,0,,
950,Fall with left rib pain. Initial encounter.,0x1bdc64000,0x1bdc64000,neighbor@0x1bdc64000,3,True,True,,SUCCESS,,,,0,0,,
951,Respiratory distress in a term neonate.,0x1bdc96000,None,FAIL,100,None,True,,LOC_FAIL,,,,0,0,,
952,"72-year-old female with acute on chronic respiratory failure. COVID-19, recovery phase.",0x1bdd42000,0x1bdd42000,run_base@0x1bdd42000,1,True,True,,SUCCESS,,,,0,0,,
955,Weakness. Headaches.,0x1bdda5000,0x1bdda5000,run_base@0x1bdda5000,3,True,True,,SUCCESS,,,,0,0,,
961,49-year-old female with left-sided chest pain and mild shortness of breath,0x1bde5d000,0x1bde5d000,run_base@0x1bde5d000,1,True,True,,SUCCESS,,,,0,0,,
962,Urethral retention. Follow-up right lower lobe atelectasis.,0x1bdebb000,0x1bdebb000,run_base@0x1bdebb000,3,True,True,,SUCCESS,,,,0,0,,
963,Shortness of breath. Croup. Asthma. Breathing difficulty.,0x1bdf2d000,0x1bdf2d000,run_base@0x1bdf2d000,3,True,True,,SUCCESS,,,,0,0,,
966,"Chest pain, MVA",0x1bdfde000,0x1bdfde000,run_base@0x1bdfde000,1,True,True,,SUCCESS,,,,0,0,,
968,"Shortness of breath on exertion for 1 month, hypertension, question pneumonia, former smoker",0x1be040000,0x1be040000,run_base@0x1be040000,3,True,True,,SUCCESS,,,,0,0,,
970,Sore throat for 2 months. Laryngitis. Nonproductive cough. Smoker.,0x1be118000,0x1be118000,run_base@0x1be118000,1,True,True,,SUCCESS,,,,0,0,,
971,PICC line repositioning.,0x1be18c000,0x1be18c000,run_base@0x1be18c000,3,True,True,,SUCCESS,,,,0,0,,
974,Shortness of breath with weakness,0x1be1d2000,0x1be1d2000,run_base@0x1be1d2000,3,True,True,,SUCCESS,,,,0,0,,
976,Cough for 5 days,0x1be29a000,0x1be29a000,run_base@0x1be29a000,1,True,True,,SUCCESS,,,,0,0,,
977,Initial encounter for Mid chest pain and shortness of breath for the last 2-3 days.,0x1be36c000,0x1be36c000,run_base@0x1be36c000,1,True,True,,SUCCESS,,,,0,0,,
983,"COVID-19 positive, fever and shortness of breath",0x1be83d000,0x1be83d000,run_base@0x1be83d000,1,True,True,,SUCCESS,,,,0,0,,
984,Cough. Leukocytosis.,0x1be8e7000,0x1be8e7000,run_base@0x1be8e7000,1,True,True,,SUCCESS,,,,0,0,,
985,Hypoxia. Status post MVA.,0x1be997000,0x1be997000,run_base@0x1be997000,1,True,True,,SUCCESS,,,,0,0,,
986,Shortness of breath. COPD. The patient smokes 1.5 packs per day of cigarettes.,0x1bea60000,0x1bea60000,run_base@0x1bea60000,1,True,True,,SUCCESS,,,,0,0,,
987,Cough and congestion for 1 month. Left-sided chest pain. Initial encounter.,0x1beb4e000,0x1beb4e000,run_base@0x1beb4e000,1,True,True,,SUCCESS,,,,0,0,,
990,"Shortness of breath (SOB), shortness of air on exertion (SOA), right side chest pain, heartburn (HB).",0x1bebef000,0x1bebef000,run_base@0x1bebef000,1,True,True,,SUCCESS,,,,0,0,,
991,Hypoxia.,0x1bec93000,0x1bec93000,run_base@0x1bec93000,1,True,True,,SUCCESS,,,,0,0,,
992,Bowel obstruction. PICC line placement.,0x1becf3000,0x1becf3000,run_base@0x1becf3000,3,True,True,,SUCCESS,,,,0,0,,
993,Difficulty breathing with chest pain.,0x1bedbe000,0x1bedbe000,run_base@0x1bedbe000,1,True,True,,SUCCESS,,,,0,0,,
995,86-year-old male with shortness of breath and fever.,0x1bee30000,0x1bee30000,run_base@0x1bee30000,3,True,True,,SUCCESS,,,,0,0,,
997,"VQ Scan ordered, Shortness of breath",0x1bee9a000,0x1bee9a000,run_base@0x1bee9a000,3,True,True,,SUCCESS,,,,0,0,,
998,Internal jugular catheter placement.,0x1beef3000,0x1beef3000,run_base@0x1beef3000,3,True,True,,SUCCESS,,,,0,0,,
999,Right-sided chest pain for 4 days; history of smoking.,0x1bef4b000,0x1bef4b000,run_base@0x1bef4b000,3,True,True,,SUCCESS,,,,0,0,,
1002,"Shortness of breath, nausea, possible aspiration",0x1beffd000,0x1beffd000,run_base@0x1beffd000,1,True,True,,SUCCESS,,,,0,0,,
1003,Hemoptysis and shortness of breath.,0x1bf0a3000,0x1bf0a3000,run_base@0x1bf0a3000,1,True,True,,SUCCESS,,,,0,0,,
1007,"Chest pain, nausea, alcohol dependence, recent attempt at detoxification",0x1bf150000,0x1bf150000,run_base@0x1bf150000,1,True,True,,SUCCESS,,,,0,0,,
1009,Cough and fever to 105 degrees,0x1bf194000,0x1bf194000,run_base@0x1bf194000,3,True,True,,SUCCESS,,,,0,0,,
1015,"43-year-old female postop day 1 exploratory laparotomy. Pelvic hemorrhage status post hysterectomy, status post coil embolization right uterine artery. Respiratory failure. Initial encounter.",0x1bf240000,0x1bf240000,neighbor@0x1bf240000,2,True,True,,SUCCESS,,,,0,0,,
1016,Follow-up of right-sided pneumothorax.,0x1bf2f4000,0x1bf2f4000,run_base@0x1bf2f4000,1,True,True,,SUCCESS,,,,0,0,,
1017,Chest discomfort and pressure for the past 2 days. Shortness of breath.,0x1bf3c2000,0x1bf3c2000,run_base@0x1bf3c2000,1,True,True,,SUCCESS,,,,0,0,,
1018,Follow-up pneumonia. Subsequent encounter.,0x1bf459000,0x1bf459000,run_base@0x1bf459000,3,True,True,,SUCCESS,,,,0,0,,
1021,"Shortness of breath, pulmonary edema",0x1bf4b2000,0x1bf4b2000,run_base@0x1bf4b2000,3,True,True,,SUCCESS,,,,0,0,,
1022,Status post peripherally inserted central catheter (PICC) central line placement,0x1bf563000,0x1bf563000,run_base@0x1bf563000,1,True,True,,SUCCESS,,,,0,0,,
1024,"cough, fever. Patient's mother states a cough since Jojima.",0x1bf5a7000,0x1bf5a7000,run_base@0x1bf5a7000,3,True,True,,SUCCESS,,,,0,0,,
1025,Right PICC line reposition.,0x1bf653000,0x1bf653000,run_base@0x1bf653000,1,True,True,,SUCCESS,,,,0,0,,
1026,Fever. Intermittent fever for 1 month. Cough. Initial encounter.,0x1bf6a3000,0x1bf6a3000,run_base@0x1bf6a3000,3,True,True,,SUCCESS,,,,0,0,,
1029,Cough. Chest discomfort. Former smoker.,0x1bf6fe000,0x1bf6fe000,run_base@0x1bf6fe000,3,True,True,,SUCCESS,,,,0,0,,
1031,"Initial evaluation for chest pain, patient unable to give history",0x1bf7c6000,0x1bf7c6000,run_base@0x1bf7c6000,1,True,True,,SUCCESS,,,,0,0,,
1032,"Fall, right lower rib pain.",0x1bf81d000,0x1bf81d000,run_base@0x1bf81d000,3,True,True,,SUCCESS,,,,0,0,,
1033,"Shortness of breath with exertion, status post left VATS and talc pleurodesis",0x1bf877000,0x1bf877000,run_base@0x1bf877000,3,True,True,,SUCCESS,,,,0,0,,
1035,Respiratory distress of newborn.,0x1bf8a2000,None,FAIL,100,None,True,,LOC_FAIL,,,,0,0,,
1037,Fever. Cough.,0x1bf958000,0x1bf958000,run_base@0x1bf958000,1,True,True,,SUCCESS,,,,0,0,,
1038,Cough and congestion for several months with hemoptysis,0x1bf9f3000,0x1bf9f3000,run_base@0x1bf9f3000,3,True,True,,SUCCESS,,,,0,0,,
1041,"Shortness of breath, cough, smoker, COPD",0x1bfae9000,0x1bfae9000,run_base@0x1bfae9000,1,True,True,,SUCCESS,,,,0,0,,
1043,"Initial evaluation for acute cough, difficulty breathing.",0x1bfb40000,0x1bfb40000,run_base@0x1bfb40000,3,True,True,,SUCCESS,,,,0,0,,
1047,Cough fever and wheezing,0x1bfba8000,0x1bfba8000,run_base@0x1bfba8000,3,True,True,,SUCCESS,,,,0,0,,
1048,Rule out diaphragmatic hernia. Respiratory distress and distended abdomen,0x1bfbdf000,0x1bfbdf000,run_base@0x1bfbdf000,3,True,True,,SUCCESS,,,,0,0,,
1049,Visit reason: Cough h/o pna;,0x1bfc77000,0x1bfc77000,run_base@0x1bfc77000,1,True,True,,SUCCESS,,,,0,0,,
1050,Nonproductive cough for shortness of breath.,0x1bfd25000,0x1bfd25000,run_base@0x1bfd25000,1,True,True,,SUCCESS,,,,0,0,,
1053,"17 m/o F; cough, runny nose, fever.",0x1bfd77000,0x1bfd77000,run_base@0x1bfd77000,3,True,True,,SUCCESS,,,,0,0,,
1055,Shortness of breath. CABG.,0x1bfe1d000,0x1bfe1d000,run_base@0x1bfe1d000,1,True,True,,SUCCESS,,,,0,0,,
1057,"Shortness of breath today, history hypertension, COPD",0x1bfec2000,0x1bfec2000,run_base@0x1bfec2000,1,True,True,,SUCCESS,,,,0,0,,
1062,"Fall, chest pain",0x1bff92000,0x1bff92000,run_base@0x1bff92000,1,True,True,,SUCCESS,,,,0,0,,
1064,Cough and congestion 3 days.,0x1c0471000,0x1c0471000,run_base@0x1c0471000,1,True,True,,SUCCESS,,,,0,0,,
1067,Central line placement. Ventilator dependent respiratory failure.,0x1c04c7000,0x1c04c7000,run_base@0x1c04c7000,3,True,True,,SUCCESS,,,,0,0,,
1068,Shortness of breath. Smoking history. Cough.,0x1c0524000,0x1c0524000,run_base@0x1c0524000,3,True,True,,SUCCESS,,,,0,0,,
1069,Fall today with left posterior rib pain,0x1c0609000,0x1c0609000,run_base@0x1c0609000,1,True,True,,SUCCESS,,,,0,0,,
1070,"Hypertension, sharp stabbing mid chest pain, tobacco abuse",0x1c06e1000,0x1c06e1000,run_base@0x1c06e1000,1,True,True,,SUCCESS,,,,0,0,,
1071,Weakness. Short of breath. Hypertension. Asthma. COPD. Left renal pelvic tumor.,0x1c07ad000,0x1c07ad000,run_base@0x1c07ad000,1,True,True,,SUCCESS,,,,0,0,,
1074,PICC,0x1c0809000,0x1c0809000,run_base@0x1c0809000,3,True,True,,SUCCESS,,,,0,0,,
1075,History of CABG,0x1c08e5000,0x1c08e5000,run_base@0x1c08e5000,1,True,True,,SUCCESS,,,,0,0,,
1076,Acute onset of shortness of breath. Initial encounter.,0x1c09b8000,0x1c09b8000,run_base@0x1c09b8000,1,True,True,,SUCCESS,,,,0,0,,
1077,"Hypertension, headache",0x1c0a66000,0x1c0a66000,run_base@0x1c0a66000,1,True,True,,SUCCESS,,,,0,0,,
1078,Shortness of breath and left chest pain; lung cancer,0x1c0ac2000,0x1c0ac2000,run_base@0x1c0ac2000,3,True,True,,SUCCESS,,,,0,0,,
1083,Left rib pain after MVA,0x1c0b26000,0x1c0b26000,run_base@0x1c0b26000,3,True,True,,SUCCESS,,,,0,0,,
1085,"Pulmonary hypertension, shortness of breath, pre VQ scan",0x1c0bcd000,0x1c0bcd000,run_base@0x1c0bcd000,1,True,True,,SUCCESS,,,,0,0,,
1087,"Chest pain, tachycardia",0x1c0c7c000,0x1c0c7c000,run_base@0x1c0c7c000,1,True,True,,SUCCESS,,,,0,0,,
1088,"Cough, congestion and low grade fever for the past 3 weeks.",0x1c0d46000,0x1c0d46000,run_base@0x1c0d46000,1,True,True,,SUCCESS,,,,0,0,,
1090,"Cough and congestion for 1 month, negative COVID testing last week, history of heart murmur",0x1c0e13000,0x1c0e13000,run_base@0x1c0e13000,1,True,True,,SUCCESS,,,,0,0,,
1092,"Acute onset of lower extremity swelling, numbness and tingling. Shortness of breath, wheezing and cough.",0x1c0ed7000,0x1c0ed7000,run_base@0x1c0ed7000,1,True,True,,SUCCESS,,,,0,0,,
1095,Acute onset of generalized chest pain and syncope. Initial encounter.,0x1c0fbd000,0x1c0fbd000,run_base@0x1c0fbd000,1,True,True,,SUCCESS,,,,0,0,,
1096,"Cough, shortness of breath, and headache. COVID-19 positive.",0x1c1083000,0x1c1083000,run_base@0x1c1083000,1,True,True,,SUCCESS,,,,0,0,,
1097,"Cough for 1 day, hypoxia, history hypertension, type II diabetes mellitus",0x1c1111000,0x1c1111000,run_base@0x1c1111000,1,True,True,,SUCCESS,,,,0,0,,
1098,Nausea and chest pain,0x1c1236000,0x1c1237000,run_base@0x1c1237000,5,True,True,,SUCCESS,,,,0,0,,
1099,"Acute MI, PICC line reposition.",0x1c128d000,0x1c128d000,run_base@0x1c128d000,3,True,True,,SUCCESS,,,,0,0,,
1103,Weakness. Status post carotid endarterectomy.,0x1c1330000,0x1c1330000,run_base@0x1c1330000,1,True,True,,SUCCESS,,,,0,0,,
1105,chest pain,0x1c13a5000,0x1c13a5000,run_base@0x1c13a5000,3,True,True,,SUCCESS,,,,0,0,,
1106,"weakness, short of breath",0x1c1419000,0x1c1419000,run_base@0x1c1419000,3,True,True,,SUCCESS,,,,0,0,,
1107,Low O2 sats. Hypoxia.,0x1c14c1000,0x1c14c1000,run_base@0x1c14c1000,1,True,True,,SUCCESS,,,,0,0,,
1110,Increased shortness of breath,0x1c155d000,0x1c155d000,run_base@0x1c155d000,1,True,True,,SUCCESS,,,,0,0,,
1111,"Coughing, congestion",0x1c15a4000,0x1c15a4000,run_base@0x1c15a4000,3,True,True,,SUCCESS,,,,0,0,,
1112,Chest pain. Cough. Sweating.,0x1c16b2000,0x1c16b3000,run_base@0x1c16b3000,1,True,True,,SUCCESS,,,,0,0,,
1113,"History of pneumonia, followup, COPD",0x1c174f000,0x1c174f000,run_base@0x1c174f000,1,True,True,,SUCCESS,,,,0,0,,
1117,Lumbar wound infection. PICC line placement.,0x1c17aa000,0x1c17aa000,run_base@0x1c17aa000,3,True,True,,SUCCESS,,,,0,0,,
1120,wheezing/short of breath.,0x1c1806000,0x1c1806000,run_base@0x1c1806000,3,True,True,,SUCCESS,,,,0,0,,
1121,Follow-up pneumonia.,0x1c18da000,0x1c18da000,run_base@0x1c18da000,1,True,True,,SUCCESS,,,,0,0,,
1122,Pneumonia. COVID-19.,0x1c1973000,0x1c1973000,run_base@0x1c1973000,1,True,True,,SUCCESS,,,,0,0,,
1123,"Shortness of breath for several days, history of pneumonia",0x1c1a17000,0x1c1a17000,run_base@0x1c1a17000,1,True,True,,SUCCESS,,,,0,0,,
1125,"Chest pain, cough. Cough, Influenza A+, shortness of air.",0x1c1a74000,0x1c1a74000,run_base@0x1c1a74000,3,True,True,,SUCCESS,,,,0,0,,
1126,Sepsis and respiratory failure.,0x1c1b20000,0x1c1b20000,run_base@0x1c1b20000,1,True,True,,SUCCESS,,,,0,0,,
1129,Follow-up of congestion and pleural effusion,0x1c1b89000,0x1c1b89000,run_base@0x1c1b89000,3,True,True,,SUCCESS,,,,0,0,,
1132,"Traumatic hemo pneumothorax with right-sided chest tube treatment, status post gunshot wound, smoker.",0x1c1c28000,0x1c1c28000,run_base@0x1c1c28000,1,True,True,,SUCCESS,,,,0,0,,
1134,"Fever, cough, congestion.",0x1c1c5c000,0x1c1c5c000,run_base@0x1c1c5c000,3,True,True,,SUCCESS,,,,0,0,,
1138,"Flu like symptoms, vomiting, weakness, shortness of breath, wheezing, productive cough, and dehydration for 2-3 days, history asthma",0x1c1d20000,0x1c1d20000,run_base@0x1c1d20000,1,True,True,,SUCCESS,,,,0,0,,
1139,Unstable premature newborn. Follow-up RDS. On ventilator.,0x1c1d47000,0x1c1d47000,run_base@0x1c1d47000,3,True,True,,SUCCESS,,,,0,0,,
1146,Chest pain and 28 weeks pregnant,0x1c1e0a000,0x1c1e0a000,run_base@0x1c1e0a000,1,True,True,,SUCCESS,,,,0,0,,
1147,Shortness of breath. Using his voice. Symptoms for 1 week. Productive cough.,0x1c1ed5000,0x1c1ed5000,run_base@0x1c1ed5000,1,True,True,,SUCCESS,,,,0,0,,
1148,"In initial evaluation for acute chest pain, URI symptoms.",0x1c1f2e000,0x1c1f2e000,run_base@0x1c1f2e000,3,True,True,,SUCCESS,,,,0,0,,
1149,Shortness of breath. Sepsis.,0x1c1fd6000,0x1c1fd6000,run_base@0x1c1fd6000,1,True,True,,SUCCESS,,,,0,0,,
1151,Chest pain status post fall.,0x1c247b000,0x1c247b000,run_base@0x1c247b000,1,True,True,,SUCCESS,,,,0,0,,
1152,Shortness of breath. Respiratory distress. Patient unresponsive.,0x1c24f5000,0x1c24f5000,run_base@0x1c24f5000,1,True,True,,SUCCESS,,,,0,0,,
1153,PICC placement.,0x1c2551000,0x1c2551000,run_base@0x1c2551000,3,True,True,,SUCCESS,,,,0,0,,
1162,Follow-up pneumonia/on ventilator.,0x1c25ac000,0x1c25ac000,run_base@0x1c25ac000,3,True,True,,SUCCESS,,,,0,0,,
1166,Sharp mid and left-sided chest pain. Recent cardiac catheterization with diagnosis of pericarditis. Chills.,0x1c267f000,0x1c267f000,run_base@0x1c267f000,1,True,True,,SUCCESS,,,,0,0,,
1168,COPD. Shortness of breath.,0x1c26d0000,0x1c26d0000,run_base@0x1c26d0000,3,True,True,,SUCCESS,,,,0,0,,
1169,Chest pain and shortness of breath.,0x1c276f000,0x1c276f000,run_base@0x1c276f000,1,True,True,,SUCCESS,,,,0,0,,
1171,Fever and altered mental status. Hypoxia.,0x1c2816000,0x1c2816000,run_base@0x1c2816000,1,True,True,,SUCCESS,,,,0,0,,
1173,Shortness of breath. Hypoxia.,0x1c2900000,0x1c2900000,run_base@0x1c2900000,1,True,True,,SUCCESS,,,,0,0,,
1174,Respiratory failure with endotracheal tube,0x1c298b000,0x1c298b000,run_base@0x1c298b000,1,True,True,,SUCCESS,,,,0,0,,
1175,Hypoxemia. Follow up pneumonia.,0x1c29e7000,0x1c29e7000,run_base@0x1c29e7000,3,True,True,,SUCCESS,,,,0,0,,
1176,65-year-old male with acute respiratory failure.,0x1c2a98000,0x1c2a98000,run_base@0x1c2a98000,1,True,True,,SUCCESS,,,,0,0,,
1178,59-year-old male status post CABG. No current chest complaints.,0x1c2b7e000,0x1c2b7e000,run_base@0x1c2b7e000,1,True,True,,SUCCESS,,,,0,0,,
1182,50-year-old male with shortness of breath status post intubation.,0x1c3027000,0x1c3027000,run_base@0x1c3027000,1,True,True,,SUCCESS,,,,0,0,,
1183,Fall with rib pain. Pain in the left anterior ribs.,0x1c30d8000,0x1c30d8000,run_base@0x1c30d8000,1,True,True,,SUCCESS,,,,0,0,,
1187,Respiratory failure. Cardiac patient.,0x1c312e000,0x1c312e000,run_base@0x1c312e000,3,True,True,,SUCCESS,,,,0,0,,
1188,"Motor vehicle collision, anterior right rib pain",0x1c31ef000,0x1c31ef000,run_base@0x1c31ef000,1,True,True,,SUCCESS,,,,0,0,,
1190,episodic shortness of breath,0x1c3265000,0x1c3265000,run_base@0x1c3265000,3,True,True,,SUCCESS,,,,0,0,,
1191,"Cough, chest pain and fatigue for 2 days.",0x1c330a000,0x1c330a000,run_base@0x1c330a000,1,True,True,,SUCCESS,,,,0,0,,
1192,Shortness of breath. Fever. Nausea and vomiting.,0x1c3366000,0x1c3366000,run_base@0x1c3366000,3,True,True,,SUCCESS,,,,0,0,,
1195,"Fever, cough. Shortness of breath. Fever of 101. Congestion.",0x1c33a5000,0x1c33a5000,run_base@0x1c33a5000,3,True,True,,SUCCESS,,,,0,0,,
1196,Shortness of breath and fatigue. Dry cough.,0x1c3462000,0x1c3462000,run_base@0x1c3462000,1,True,True,,SUCCESS,,,,0,0,,
1197,Shortness of breath with black stools,0x1c3506000,0x1c3506000,run_base@0x1c3506000,1,True,True,,SUCCESS,,,,0,0,,
1199,Central chest pain for 2 weeks.,0x1c35d1000,0x1c35d1000,run_base@0x1c35d1000,1,True,True,,SUCCESS,,,,0,0,,
1200,Acute onset of hypoxia and shortness of breath. Initial encounter.,0x1c3685000,0x1c3685000,run_base@0x1c3685000,1,True,True,,SUCCESS,,,,0,0,,
1206,Diverticulitis. Evaluate PICC line placement.,0x1c36de000,0x1c36de000,run_base@0x1c36de000,3,True,True,,SUCCESS,,,,0,0,,
1207,Left-sided chest pain after motor vehicle accident,0x1c378f000,0x1c378f000,run_base@0x1c378f000,1,True,True,,SUCCESS,,,,0,0,,
1210,"Shortness of breath for 4 days, initial encounter",0x1c383f000,0x1c383f000,run_base@0x1c383f000,1,True,True,,SUCCESS,,,,0,0,,
1211,Preop lung mass. Short of breath. Chest pain.,0x1c38a7000,0x1c38a7000,run_base@0x1c38a7000,3,True,True,,SUCCESS,,,,0,0,,
1213,Urinary tract infection. Hypertension.,0x1c3948000,0x1c3948000,run_base@0x1c3948000,4,True,True,,SUCCESS,,,,0,0,,
1215,"Chest pain. Weakness. Left knee laceration. Initial encounter. Per patient, no memory of falling but knee laceration.",0x1c39f8000,0x1c39f8000,run_base@0x1c39f8000,1,True,True,,SUCCESS,,,,0,0,,
1216,Cough. Sore throat.,0x1c3a47000,0x1c3a47000,run_base@0x1c3a47000,3,True,True,,SUCCESS,,,,0,0,,
1217,Weakness and abdominal pain.,0x1c3ac6000,0x1c3ac6000,run_base@0x1c3ac6000,1,True,True,,SUCCESS,,,,0,0,,
1218,"COVID-19 positive, hypoxia, O2 requirement",0x1c3b5f000,0x1c3b5f000,run_base@0x1c3b5f000,1,True,True,,SUCCESS,,,,0,0,,
1220,Shortness of breath and abdominal pain.,0x1c3c06000,0x1c3c06000,run_base@0x1c3c06000,1,True,True,,SUCCESS,,,,0,0,,
1221,Chest pain. Portable chest film demonstrated possible right pulmonary nodule versus nipple shadow. Two view study is now repeated with nipple markers.,0x1c3c62000,0x1c3c62000,run_base@0x1c3c62000,3,True,True,,SUCCESS,,,,0,0,,
1223,The chest pain intermittently for 1 week.,0x1c3d24000,0x1c3d24000,run_base@0x1c3d24000,1,True,True,,SUCCESS,,,,0,0,,
1224,Shortness of Air,0x1c3df3000,0x1c3df3000,run_base@0x1c3df3000,1,True,True,,SUCCESS,,,,0,0,,
1227,Fever. Loss of taste and smell.,0x1c3ea2000,0x1c3ea2000,run_base@0x1c3ea2000,1,True,True,,SUCCESS,,,,0,0,,
1231,Shortness of breath and chest pain.,0x1c3efc000,0x1c3efc000,run_base@0x1c3efc000,3,True,True,,SUCCESS,,,,0,0,,
1234,Chest pain. Diabetes. Hypertension. Coronary artery disease.,0x1c3f57000,0x1c3f57000,run_base@0x1c3f57000,3,True,True,,SUCCESS,,,,0,0,,
1238,Suspected COVID-19. Sore throat for 4 days. Cough. Chills.,0x1c3fde000,0x1c3fde000,run_base@0x1c3fde000,3,True,True,,SUCCESS,,,,0,0,,
1239,Weakness and cough.,0x1c443a000,0x1c443a000,run_base@0x1c443a000,3,True,True,,SUCCESS,,,,0,0,,
1241,"Hypoxia, cough",0x1c448d000,0x1c448d000,run_base@0x1c448d000,3,True,True,,SUCCESS,,,,0,0,,
1242,Shortness of breath. COPD. Follow-up upper right apical disease. Abnormal chest x-ray.,0x1c4566000,0x1c4566000,run_base@0x1c4566000,1,True,True,,SUCCESS,,,,0,0,,
1244,"SOB. Post operative Left IM nail. Hx PNA, HTN, COPD.",0x1c45e9000,0x1c45e9000,run_base@0x1c45e9000,1,True,True,,SUCCESS,,,,0,0,,
1246,Shortness of breath and chest tightness,0x1c46dc000,None,FAIL,100,None,True,,LOC_FAIL,,,,0,0,,
1247,"Chest pain, coughing. Short of breath for four days.",0x1c4725000,None,FAIL,100,None,True,,LOC_FAIL,,,,0,0,,
1253,"Dyspnea, COVID-19, diabetes mellitus",0x1c47f3000,0x1c47f3000,run_base@0x1c47f3000,1,True,True,,SUCCESS,,,,0,0,,
1255,Weakness.,0x1c4884000,0x1c4884000,run_base@0x1c4884000,1,True,True,,SUCCESS,,,,0,0,,
1257,"MVC passenger, right-sided neck pain and shoulder pain. Right anterior lower rib pain. Rib pain marked by a BB.",0x1c4953000,0x1c4953000,run_base@0x1c4953000,1,True,True,,SUCCESS,,,,0,0,,
1260,Chest pain and shortness of breath for 1 day,0x1c4a38000,0x1c4a38000,run_base@0x1c4a38000,1,True,True,,SUCCESS,,,,0,0,,
1261,"INCREASING SOA X 5-6 MONTHS. MUCH WORSE RECENTLY. EXTENSIVE CARDIAC HISTORY INCLUDING MULTIPLE CABG, VALVE REPLACEMENTS, STENTS.",0x1c4a92000,0x1c4a92000,run_base@0x1c4a92000,3,True,True,,SUCCESS,,,,0,0,,
1266,Cough and anemia,0x1c4b46000,0x1c4b46000,run_base@0x1c4b46000,1,True,True,,SUCCESS,,,,0,0,,
1267,Initial evaluation for acute shortness of breath and chest pain.,0x1c4bf3000,0x1c4bf3000,run_base@0x1c4bf3000,1,True,True,,SUCCESS,,,,0,0,,
1269,Cough. Upper back pain.,0x1c4c44000,0x1c4c44000,run_base@0x1c4c44000,3,True,True,,SUCCESS,,,,0,0,,
1272,Chronic respiratory failure with hypoxia.,0x1c4cec000,0x1c4cec000,run_base@0x1c4cec000,1,True,True,,SUCCESS,,,,0,0,,
1273,Aspiration. Hypertension.,0x1c4d80000,0x1c4d80000,run_base@0x1c4d80000,1,True,True,,SUCCESS,,,,0,0,,
1274,Shortness of breath for 3 days. History of bilateral pulmonary embolism.,0x1c4e2b000,0x1c4e2b000,run_base@0x1c4e2b000,1,True,True,,SUCCESS,,,,0,0,,
1275,62-year-old male with respiratory failure.,0x1c4e7e000,0x1c4e7e000,run_base@0x1c4e7e000,3,True,True,,SUCCESS,,,,0,0,,
1277,Respiratory failure. Status post surgery for left renal mass.,0x1c4ed1000,0x1c4ed1000,run_base@0x1c4ed1000,3,True,True,,SUCCESS,,,,0,0,,
1278,"Intubated patient, cardiac arrest, pneumonia. Current smoker.",0x1c4f7f000,0x1c4f7f000,run_base@0x1c4f7f000,1,True,True,,SUCCESS,,,,0,0,,
1284,Cough. Asthma.,0x1c500a000,0x1c500a000,run_base@0x1c500a000,1,True,True,,SUCCESS,,,,0,0,,
1286,Cough and cold symptoms.,0x1c509b000,0x1c509b000,run_base@0x1c509b000,1,True,True,,SUCCESS,,,,0,0,,
1290,"Shortness of breath, cough, evaluate effusion",0x1c513b000,0x1c513b000,run_base@0x1c513b000,1,True,True,,SUCCESS,,,,0,0,,
1293,Shortness of breath and wheezing. COPD. Arrhythmia.,0x1c5191000,0x1c5191000,run_base@0x1c5191000,3,True,True,,SUCCESS,,,,0,0,,
1294,Chest pain. Cough. COPD.,0x1c51f2000,0x1c51f2000,run_base@0x1c51f2000,3,True,True,,SUCCESS,,,,0,0,,
1296,"Shortness of breath, weakness",0x1c5284000,0x1c5284000,run_base@0x1c5284000,1,True,True,,SUCCESS,,,,0,0,,
1300,Chest pain and dizziness.,0x1c532b000,0x1c532b000,run_base@0x1c532b000,1,True,True,,SUCCESS,,,,0,0,,
1301,Acute respiratory failure. Asthma. Smoker.,0x1c53dc000,0x1c53dc000,run_base@0x1c53dc000,1,True,True,,SUCCESS,,,,0,0,,
1302,Left pneumothorax follow-up.,0x1c54ac000,0x1c54ac000,run_base@0x1c54ac000,1,True,True,,SUCCESS,,,,0,0,,
1303,Diaphoretic. Shortness of breath.,0x1c5558000,0x1c5558000,run_base@0x1c5558000,1,True,True,,SUCCESS,,,,0,0,,
1304,"Post CABG, pleural effusion, shortness of breath",0x1c5624000,0x1c5624000,run_base@0x1c5624000,1,True,True,,SUCCESS,,,,0,0,,
1305,Shortness of breath. Community acquired pneumonia,0x1c56c1000,0x1c56c1000,run_base@0x1c56c1000,1,True,True,,SUCCESS,,,,0,0,,
1307,Hero catheter insertion for dialysis,0x1c5770000,0x1c5770000,run_base@0x1c5770000,1,True,True,,SUCCESS,,,,0,0,,
1309,"Acute right upper chest pain, palpitations for 2 days",0x1c5824000,0x1c5824000,run_base@0x1c5824000,1,True,True,,SUCCESS,,,,0,0,,
1310,Post CABG.,0x1c58a1000,0x1c58a1000,run_base@0x1c58a1000,1,True,True,,SUCCESS,,,,0,0,,
1311,"Shortness of breath, chest pain",0x1c594c000,0x1c594c000,run_base@0x1c594c000,1,True,True,,SUCCESS,,,,0,0,,
1313,"Fever, cough, coarse breath sounds",0x1c5990000,0x1c5990000,run_base@0x1c5990000,3,True,True,,SUCCESS,,,,0,0,,
1316,Followup pleural effusion. Shortness of breath.,0x1c59e4000,0x1c59e4000,run_base@0x1c59e4000,3,True,True,,SUCCESS,,,,0,0,,
1319,"Chest pain, tightness.",0x1c5a9d000,0x1c5a9d000,run_base@0x1c5a9d000,1,True,True,,SUCCESS,,,,0,0,,
1320,Altered mental status. Decreased oxygen saturation. Short of breath.,0x1c5aee000,0x1c5aee000,run_base@0x1c5aee000,3,True,True,,SUCCESS,,,,0,0,,
1321,Severe chest pain for 30 minutes. Some shortness of breath. Ex-smoker.,0x1c5b61000,0x1c5b61000,run_base@0x1c5b61000,3,True,True,,SUCCESS,,,,0,0,,
1322,"Chest pain, altered mental status",0x1c5bed000,0x1c5bed000,run_base@0x1c5bed000,1,True,True,,SUCCESS,,,,0,0,,
1324,Right PICC placement.,0x1c6047000,0x1c6047000,run_base@0x1c6047000,3,True,True,,SUCCESS,,,,0,0,,
1326,Shortness of breath. Pulmonary infiltrate.,0x1c60c4000,0x1c60c4000,run_base@0x1c60c4000,3,True,True,,SUCCESS,,,,0,0,,
1328,Follow-up basilar pneumonia.,0x1c616e000,0x1c616e000,run_base@0x1c616e000,1,True,True,,SUCCESS,,,,0,0,,
1330,Respiratory distress. Overdose.,0x1c6223000,0x1c6223000,run_base@0x1c6223000,1,True,True,,SUCCESS,,,,0,0,,
1333,Evaluate umbilical venous catheter placement,0x1c624d000,None,FAIL,100,None,True,,LOC_FAIL,,,,0,0,,
1334,Chest pain. Abdominal pain.,0x1c6332000,0x1c6332000,run_base@0x1c6332000,1,True,True,,SUCCESS,,,,0,0,,
1336,Respiratory distress. Tube placement.,0x1c63de000,0x1c63de000,run_base@0x1c63de000,1,True,True,,SUCCESS,,,,0,0,,
1338,"Respiratory distress, shortness of breath for 2 hours.",0x1c6486000,0x1c6486000,run_base@0x1c6486000,1,True,True,,SUCCESS,,,,0,0,,
1339,"Right PICC line placement, brain abscess",0x1c64dc000,0x1c64dc000,run_base@0x1c64dc000,3,True,True,,SUCCESS,,,,0,0,,
1340,Cough and syncope,0x1c6581000,0x1c6581000,run_base@0x1c6581000,1,True,True,,SUCCESS,,,,0,0,,
1343,Cough fever possible aspiration from seizure. Prolonged seizure activity today. History of pacemaker. Patient is wearing an alert necklace in chest X-ray.,0x1c65dc000,0x1c65dc000,run_base@0x1c65dc000,3,True,True,,SUCCESS,,,,0,0,,
1347,"chest pain with cough, shortness of breath",0x1c6650000,0x1c6650000,run_base@0x1c6650000,3,True,True,,SUCCESS,,,,0,0,,
1348,"Short of breath, follow-up emphysema",0x1c66aa000,0x1c66aa000,run_base@0x1c66aa000,3,True,True,,SUCCESS,,,,0,0,,
1352,"Chest pain, cough and congestion. History of asthma.",0x1c66f6000,0x1c66f6000,run_base@0x1c66f6000,3,True,True,,SUCCESS,,,,0,0,,
1355,Hypertensive emergency,0x1c67a9000,0x1c67a9000,run_base@0x1c67a9000,1,True,True,,SUCCESS,,,,0,0,,
1356,Cough and fever for 12 hr. Febrile seizure,0x1c680b000,0x1c680b000,run_base@0x1c680b000,3,True,True,,SUCCESS,,,,0,0,,
1357,Right anterior rib pain. Trauma.,0x1c6864000,0x1c6864000,run_base@0x1c6864000,3,True,True,,SUCCESS,,,,0,0,,
1358,"Chest pain, epigastric pain, nausea",0x1c693b000,0x1c693b000,run_base@0x1c693b000,1,True,True,,SUCCESS,,,,0,0,,
1361,Right-sided rib pain. No known injury.,0x1c6a03000,0x1c6a03000,run_base@0x1c6a03000,1,True,True,,SUCCESS,,,,0,0,,
1364,Right rib pain,0x1c6acf000,0x1c6acf000,run_base@0x1c6acf000,1,True,True,,SUCCESS,,,,0,0,,
1365,"Shortness of breath, swelling in the legs, atrial fibrillation",0x1c6ba3000,0x1c6ba3000,run_base@0x1c6ba3000,1,True,True,,SUCCESS,,,,0,0,,
1366,Weakness. Altered mental status. Fever.,0x1c6c40000,0x1c6c40000,run_base@0x1c6c40000,1,True,True,,SUCCESS,,,,0,0,,
1367,Respiratory failure. Sepsis.,0x1c6cee000,0x1c6cee000,run_base@0x1c6cee000,1,True,True,,SUCCESS,,,,0,0,,
1368,Hypoxemia. Altered mental status. Unresponsive.,0x1c6d44000,0x1c6d44000,run_base@0x1c6d44000,1,True,True,,SUCCESS,,,,0,0,,
1370,"Cough, hemoptysis",0x1c6e27000,0x1c6e27000,run_base@0x1c6e27000,1,True,True,,SUCCESS,,,,0,0,,
1372,Nonproductive cough and shortness of breath for 4 months.,0x1c6f1c000,0x1c6f1c000,run_base@0x1c6f1c000,1,True,True,,SUCCESS,,,,0,0,,
1374,History of seizure. History of alcohol dependence. Coughing. Question of aspiration.,0x1c6f74000,0x1c6f74000,run_base@0x1c6f74000,3,True,True,,SUCCESS,,,,0,0,,
1377,Centralized chest pain for 2 days.,0x1c705e000,0x1c705e000,run_base@0x1c705e000,1,True,True,,SUCCESS,,,,0,0,,
1381,Two day history of chest pain and back pain. Nausea and vomiting which began yesterday. Current history of hypertension.,0x1c70b0000,0x1c70b0000,run_base@0x1c70b0000,3,True,True,,SUCCESS,,,,0,0,,
1382,Hypoxia. Recent bronchoscopy and biopsy.,0x1c7155000,0x1c7155000,run_base@0x1c7155000,1,True,True,,SUCCESS,,,,0,0,,
1384,Chest pain. Left arm pain.,0x1c7235000,0x1c7235000,run_base@0x1c7235000,1,True,True,,SUCCESS,,,,0,0,,
1385,"Productive cough, sinus congestion, and wheezing for 1 month. History of COPD. Smoker.",0x1c7328000,0x1c7328000,run_base@0x1c7328000,1,True,True,,SUCCESS,,,,0,0,,
1388,Status post bronchoscopy. Assess for pneumothorax.,0x1c7370000,0x1c7370000,run_base@0x1c7370000,3,True,True,,SUCCESS,,,,0,0,,
1389,"Atelectasis, previous CABG",0x1c7422000,0x1c7422000,run_base@0x1c7422000,1,True,True,,SUCCESS,,,,0,0,,
1391,"Stab wound to the left neck and chest, some shortness of breath",0x1c74ec000,0x1c74ec000,run_base@0x1c74ec000,1,True,True,,SUCCESS,,,,0,0,,
1393,COPD wheezing and crackles,0x1c7560000,0x1c7560000,run_base@0x1c7560000,3,True,True,,SUCCESS,,,,0,0,,
1396,Chest pain. Cough.,0x1c75f8000,0x1c75f8000,run_base@0x1c75f8000,1,True,True,,SUCCESS,,,,0,0,,
1400,Cough and fever over the last several days.,0x1c76e0000,0x1c76e0000,run_base@0x1c76e0000,1,True,True,,SUCCESS,,,,0,0,,
1401,Syncope. Hypertension.,0x1c77cf000,0x1c77cf000,run_base@0x1c77cf000,1,True,True,,SUCCESS,,,,0,0,,
1404,"Fever, shortness of breath",0x1c7c27000,0x1c7c27000,run_base@0x1c7c27000,3,True,True,,SUCCESS,,,,0,0,,
1408,Followup left pneumothorax. Status post left diaphragmatic hernia repair.,0x1c7c7d000,0x1c7c7d000,run_base@0x1c7c7d000,3,True,True,,SUCCESS,,,,0,0,,
1415,"82 year old with atrial fibrillation, shortness of breath, and cough.",0x1c7cc9000,0x1c7cc9000,run_base@0x1c7cc9000,3,True,True,,SUCCESS,,,,0,0,,
1417,Follow-up CHF.,0x1c7d77000,0x1c7d77000,run_base@0x1c7d77000,1,True,True,,SUCCESS,,,,0,0,,
1424,"Status post motor vehicle collision, with chest pain.",0x1c7de1000,0x1c7de1000,run_base@0x1c7de1000,3,True,True,,SUCCESS,,,,0,0,,
1425,Confusion. Fever. Nausea and vomiting.,0x1c7e3a000,0x1c7e3a000,run_base@0x1c7e3a000,3,True,True,,SUCCESS,,,,0,0,,
1428,Cough and wheezing since Sunday. Congestion started Monday.,0x1c7ed2000,0x1c7ed2000,run_base@0x1c7ed2000,1,True,True,,SUCCESS,,,,0,0,,
1429,"new arrhythmia and chest pain, covid a month ago",0x1c7f80000,0x1c7f80000,run_base@0x1c7f80000,1,True,True,,SUCCESS,,,,0,0,,
1431,Difficulty breathing and shortness of breath.,0x1c8033000,0x1c8033000,run_base@0x1c8033000,1,True,True,,SUCCESS,,,,0,0,,
1433,"Tube, catheter placement.",0x1c8088000,0x1c8088000,run_base@0x1c8088000,3,True,True,,SUCCESS,,,,0,0,,
1434,Fall with RIGHT chest pain.,0x1c812f000,0x1c812f000,run_base@0x1c812f000,1,True,True,,SUCCESS,,,,0,0,,
1437,"SOB, weakness, wheezing",0x1c81c1000,0x1c81c1000,run_base@0x1c81c1000,1,True,True,,SUCCESS,,,,0,0,,
1438,Pneumonia. Chest pain.,0x1c8234000,0x1c8234000,run_base@0x1c8234000,3,True,True,,SUCCESS,,,,0,0,,
1441,Motor vehicle collision with liver laceration. Follow-up chest.,0x1c827f000,0x1c827f000,run_base@0x1c827f000,3,True,True,,SUCCESS,,,,0,0,,
1442,"Wheezing, cough, fever",0x1c82d6000,0x1c82d6000,run_base@0x1c82d6000,3,True,True,,SUCCESS,,,,0,0,,
1444,Acute shortness of breath.,0x1c8389000,0x1c8389000,run_base@0x1c8389000,1,True,True,,SUCCESS,,,,0,0,,
1448,sudden shortness of breath,0x1c83f8000,0x1c83f8000,run_base@0x1c83f8000,3,True,True,,SUCCESS,,,,0,0,,
1449,Shortness of breath. End-stage renal disease.,0x1c8457000,0x1c8457000,run_base@0x1c8457000,3,True,True,,SUCCESS,,,,0,0,,
1450,78-year-old male with fever. Known exposure to COVID-19.,0x1c84fd000,0x1c84fd000,run_base@0x1c84fd000,1,True,True,,SUCCESS,,,,0,0,,
1453,Patient states he tested positive for COVID last week and this morning he woke up and felt short of breath.,0x1c85d4000,0x1c85d4000,run_base@0x1c85d4000,1,True,True,,SUCCESS,,,,0,0,,
1455,Allergic reaction to peanuts tonight. Shortness of breath. Throat swelling.,0x1c8681000,0x1c8681000,run_base@0x1c8681000,1,True,True,,SUCCESS,,,,0,0,,
1456,Cough. Low grade fever.,0x1c870d000,0x1c870d000,run_base@0x1c870d000,1,True,True,,SUCCESS,,,,0,0,,
1458,COVID-19.,0x1c8797000,0x1c8797000,run_base@0x1c8797000,3,True,True,,SUCCESS,,,,0,0,,
1461,"Shortness of breath, wheezing, and productive cough",0x1c8851000,0x1c8851000,run_base@0x1c8851000,1,True,True,,SUCCESS,,,,0,0,,
1462,Pneumothorax. Difficult intubation. Evaluate for infiltrate. Postoperative chest pain.,0x1c88df000,0x1c88df000,run_base@0x1c88df000,1,True,True,,SUCCESS,,,,0,0,,
1464,46 year old with chest pain.,0x1c893c000,0x1c893c000,run_base@0x1c893c000,3,True,True,,SUCCESS,,,,0,0,,
1465,Motor vehicle accident. Chest pain,0x1c8a04000,0x1c8a04000,run_base@0x1c8a04000,1,True,True,,SUCCESS,,,,0,0,,
1467,"Respiratory failure acute encephalopathy, history of diabetes.",0x1c8a41000,None,FAIL,100,None,True,,LOC_FAIL,,,,0,0,,
1471,Right arm PICC line placement.,0x1a9e64000,None,FAIL,100,None,True,,LOC_FAIL,,,,0,0,,
1472,"Hypotension, COPD",0x1a572f000,None,FAIL,100,None,True,,LOC_FAIL,,,,0,0,,
1473,"Preoperative examination prior heart catheterization on September 2nd, history of previous MI and left ventricular thrombus, previous tobacco use, history of vocal cord malignancy.",0x1a638e000,None,FAIL,100,None,True,,LOC_FAIL,,,,0,0,,
1474,Apparent allergic reaction. Shortness of breath.,0x1a59b8000,None,FAIL,100,None,True,,LOC_FAIL,,,,0,0,,
1475,Visit reason: Cough and fever;,0x1a6017000,None,FAIL,100,None,True,,LOC_FAIL,,,,0,0,,
1476,Chest congestion and productive cough for 1 month; shortness of breath and body aches; smoker,0x1a6483000,None,FAIL,100,None,True,,LOC_FAIL,,,,0,0,,
1478,shortness of breath-pt in Kinley,0x1a5e5c000,None,FAIL,100,None,True,,LOC_FAIL,,,,0,0,,
1479,"Pneumonia. Cough, smoker.",0x1a668d000,None,FAIL,100,None,True,,LOC_FAIL,,,,0,0,,
1485,"One day history of left-sided lower anterior rib pain, status post injury when slipping and falling while pushing a below low are.",0x1a6b00000,None,FAIL,100,None,True,,LOC_FAIL,,,,0,0,,
1486,"Left lower lobe pneumonia, congestive heart failure, shortness of breath.",0x1a691c000,None,FAIL,100,None,True,,LOC_FAIL,,,,0,0,,
1488,"Chest pain, congestion, cough, vomiting for several weeks. History of asthma. The patient is a smoker.",0x1aaf05000,None,FAIL,100,None,True,,LOC_FAIL,,,,0,0,,
1489,Respiratory distress of newborn,0x1aaf33000,None,FAIL,100,None,True,,LOC_FAIL,,,,0,0,,
1493,COVID-19 yesterday with fever for 5 days.,0x1aaf64000,None,FAIL,100,None,True,,LOC_FAIL,,,,0,0,,
1494,"Shortness of breath, cough, evaluate for pneumonia",0x1a2791000,None,FAIL,100,None,True,,LOC_FAIL,,,,0,0,,
1497,Acute respiratory failure. History of lung cancer.,0x1509e0000,None,FAIL,100,None,True,,LOC_FAIL,,,,0,0,,
1500,Fever and cough. Diminished breath sounds on the right.,0x1a28bb000,None,FAIL,100,None,True,,LOC_FAIL,,,,0,0,,
1503,Confusion and dizziness. Hypertension.,0x1353a3000,None,FAIL,100,None,True,,LOC_FAIL,,,,0,0,,
1504,Fever with shortness of breath. COVID-19 infection.,0x1a0aaa000,None,FAIL,100,None,True,,LOC_FAIL,,,,0,0,,
1505,Central line placement. Hypoxemic respiratory failure.,0x1405d0000,None,FAIL,100,None,True,,LOC_FAIL,,,,0,0,,
1506,Fever. Recent drain removal.,0x1a07be000,None,FAIL,100,None,True,,LOC_FAIL,,,,0,0,,
1511,"CABG 3 days ago, bilateral atelectasis",0x143cf7000,None,FAIL,100,None,True,,LOC_FAIL,,,,0,0,,
1513,Cough for 3 weeks.,0x143f27000,None,FAIL,100,None,True,,LOC_FAIL,,,,0,0,,
1515,Acute onset of respiratory failure. Initial encounter.,0x13a34e000,None,FAIL,100,None,True,,LOC_FAIL,,,,0,0,,
1520,"Fever, cough, for 2 days",0x13c0f1000,None,FAIL,100,None,True,,LOC_FAIL,,,,0,0,,
1522,Respiratory distress syndrome in the newborn. Repositioning of endotracheal tube.,0x13eae3000,None,FAIL,100,None,True,,LOC_FAIL,,,,0,0,,
1523,"Productive cough, sneezing for 2 weeks",0x1a08b1000,None,FAIL,100,None,True,,LOC_FAIL,,,,0,0,,
1525,Increase shortness of breath. Respiratory failure.,0x1a0fad000,None,FAIL,100,None,True,,LOC_FAIL,,,,0,0,,
1526,Fever. Cough and congestion.,0x1a0bda000,None,FAIL,100,None,True,,LOC_FAIL,,,,0,0,,
1529,History of fever and rash. History of left chest pain.,0x1a1127000,None,FAIL,100,None,True,,LOC_FAIL,,,,0,0,,
1530,Shortness of breath; history of coronary artery disease and remote history of tobacco use,0x1a1178000,None,FAIL,100,None,True,,LOC_FAIL,,,,0,0,,
1531,"CABG, chest tubes",0x1a11c9000,None,FAIL,100,None,True,,LOC_FAIL,,,,0,0,,
1532,"Productive cough, difficulty breathing. Smoker. History of COPD.",0x1a0809000,None,FAIL,100,None,True,,LOC_FAIL,,,,0,0,,
1534,"PICC line placement, right foot osteomyelitis",0x1a11f1000,None,FAIL,100,None,True,,LOC_FAIL,,,,0,0,,
1535,"Cough, unresponsive",0x1a1da3000,None,FAIL,100,None,True,,LOC_FAIL,,,,0,0,,
1536,Cough 1 year.,0x1a101d000,None,FAIL,100,None,True,,LOC_FAIL,,,,0,0,,
1537,"Chest pain, cough and fever.",0x1a1d62000,None,FAIL,100,None,True,,LOC_FAIL,,,,0,0,,
1539,54-year-old with acute pancreatitis. Verify left PICC line placement.,0x1a1cf0000,None,FAIL,100,None,True,,LOC_FAIL,,,,0,0,,
1542,Left-sided chest pain. Asthma. History of pneumonia.,0x1a1c13000,None,FAIL,100,None,True,,LOC_FAIL,,,,0,0,,
1543,"Dyspnea, chest pain.",0x1a1ee1000,None,FAIL,100,None,True,,LOC_FAIL,,,,0,0,,
1545,83 y/o F; cough and shortness of breath.,0x1a20bb000,None,FAIL,100,None,True,,LOC_FAIL,,,,0,0,,
1551,"Two weeks of productive cough, recent diagnosis of pneumonia; right-sided pleuritic chest pain",0x19827d000,None,FAIL,100,None,True,,LOC_FAIL,,,,0,0,,
1552,Cough with mid back pain and chest pain,0x197c22000,None,FAIL,100,None,True,,LOC_FAIL,,,,0,0,,
1554,"Cough and congestion, comparison 01/11/2001.",0x197d08000,0x197d09000,run-fast@0x197d09000,16,True,True,,LOC_SUCCESS,,False,False,0,0,,39.6
1557,Chest pain. Ongoing treatment for prostate cancer.,0x197d63000,None,FAIL,100,None,True,,LOC_FAIL,,,,0,0,,
1559,"MVA. Shortness of breath, chest pain.",0x197df8000,None,FAIL,100,None,True,,LOC_FAIL,,,,0,0,,
1561,"SOB, Cough",0x19e484000,None,FAIL,100,None,True,,LOC_FAIL,,,,0,0,,
1564,"Cough, wheezing",0x19e4b8000,None,FAIL,100,None,True,,LOC_FAIL,,,,0,0,,
1566,cough wheezing,0x19e4f5000,None,FAIL,100,None,True,,LOC_FAIL,,,,0,0,,
1572,"Left side chest pain, MVA 4 days ago",0x19e57e000,None,FAIL,100,None,True,,LOC_FAIL,,,,0,0,,
1573,Recent pneumonia worsening shortness of breath,0x19efa2000,None,FAIL,100,None,True,,LOC_FAIL,,,,0,0,,
1577,central catheter placement,0x196c54000,None,FAIL,100,None,True,,LOC_FAIL,,,,0,0,,
1580,Shortness of breath. Weakness.,0x196ce9000,None,FAIL,100,None,True,,LOC_FAIL,,,,0,0,,
1584,"Cough, fever and fatigue.",0x196d44000,None,FAIL,100,None,True,,LOC_FAIL,,,,0,0,,
1585,Severe shortness of breath and dyspnea.,0x19e850000,None,FAIL,100,None,True,,LOC_FAIL,,,,0,0,,
1588,"Cough for 2 days, and dyspnea and shortness of breath.",0x19e87d000,None,FAIL,100,None,True,,LOC_FAIL,,,,0,0,,
1589,"Cough, chest pain, and SOB. Former smoker.",0x196b78000,None,FAIL,100,None,True,,LOC_FAIL,,,,0,0,,
1591,Right pneumothorax and shortness of breath.,0x1954d3000,None,FAIL,100,None,True,,LOC_FAIL,,,,0,0,,
1593,"Right rib pain for several months, no known injury",0x1a3900000,None,FAIL,100,None,True,,LOC_FAIL,,,,0,0,,
1598,Diaphoresis and chest pain.,0x1a39bf000,None,FAIL,100,None,True,,LOC_FAIL,,,,0,0,,
1600,"Centralized chest pain after using crack. History of cocaine abuse, alcohol abuse, hypertension.",0x1a3a66000,0x1969aa000,run-fast@0x1969aa000,37,False,True,,LOC_MISMATCH,,False,False,0,0,,61.3
1604,Short of breath and chest pain this a.m. Pain is predominantly between the shoulders.,0x1a3abe000,0x1969aa000,cache@0x1969aa000,1,False,True,,LOC_MISMATCH,,False,False,0,0,,21.7
1605,Right rib pain following over exertion,0x1a3b87000,None,FAIL,100,None,True,,LOC_FAIL,,,,0,0,,
1608,Cough and 38,0x1a3be7000,0x1969f6000,run-fast@0x1969f6000,45,False,True,,LOC_MISMATCH,,False,False,0,0,,54.2
1609,CAD. CABG. Rule-out fluid overload.,0x197045000,None,FAIL,100,None,True,,LOC_FAIL,,,,0,0,,
1610,Fever with cough. History of CVA,0x1970db000,0x1969a8000,run-fast@0x1969a8000,30,False,True,,LOC_MISMATCH,,False,False,0,0,,57.1
1615,Left-sided chest pain for 30 minutes. Patient reports remote history of pulmonary embolus.,0x1971b2000,None,FAIL,100,None,True,,LOC_FAIL,,,,0,0,,
1616,"Chest pain, tingling in arms and hands today. History of asthma.",0x197269000,0x1969aa000,cache@0x1969aa000,4,False,True,,LOC_MISMATCH,,False,False,0,0,,24.9
1618,Productive cough. Shortness of breath,0x197332000,None,FAIL,100,None,True,,LOC_FAIL,,,,0,0,,
1621,Right lateral rib pain,0x197384000,None,FAIL,100,None,True,,LOC_FAIL,,,,0,0,,
1623,"Fall, right lower rib pain/contusion",0x1973df000,None,FAIL,100,None,True,,LOC_FAIL,,,,0,0,,
1624,"Fever, pain and shortness of breath",0x197830000,None,FAIL,100,None,True,,LOC_FAIL,,,,0,0,,
1625,Venous catheter placement.,0x19786a000,None,FAIL,100,None,True,,LOC_FAIL,,,,0,0,,
1627,Cough and shortness of breath. COVID-19 positive,0x19667e000,None,FAIL,100,None,True,,LOC_FAIL,,,,0,0,,
1631,Increasing shortness of breath. Respiratory distress.,0x196730000,0x196730000,run-fast@0x196730000,77,True,True,,LOC_SUCCESS,,False,False,0,0,,90.5
1634,Flu-like symptoms. Upper extremity chest pain. Shortness of breath.,0x19daab000,None,FAIL,100,None,True,,LOC_FAIL,,,,0,0,,
1638,Right-sided PICC line placement. Colon cancer.,0x19db07000,None,FAIL,100,None,True,,LOC_FAIL,,,,0,0,,
1639,Left rib pain. Patient status post fall 4 days ago.,0x19dba7000,None,FAIL,100,None,True,,LOC_FAIL,,,,0,0,,
1640,Respiratory failure. COPD exacerbation.,0x19dbf7000,None,FAIL,100,None,True,,LOC_FAIL,,,,0,0,,
1641,47-year-old male with wheezing for 1-2 years.,0x1a40ea000,None,FAIL,100,None,True,,LOC_FAIL,,,,0,0,,
1643,71-year-old female under preoperative evaluation for pacemaker placement. Shortness of breath.,0x1a419b000,None,FAIL,100,None,True,,LOC_FAIL,,,,0,0,,
1644,"Cough, chest pain and shortness of breath.",0x1a422e000,None,FAIL,100,None,True,,LOC_FAIL,,,,0,0,,
1645,Five days of shortness of breath,0x1a42fa000,None,FAIL,100,None,True,,LOC_FAIL,,,,0,0,,
1653,61-year-old ? lung cancer. Confusion. Uncooperative. Chest pain.,0x1a435a000,None,FAIL,100,None,True,,LOC_FAIL,,,,0,0,,
1654,Abdominal pain. Fever. Nausea. Gastric carcinoma.,0x197409000,None,FAIL,100,None,True,,LOC_FAIL,,,,0,0,,
1656,Weakness and shortness of breath.,0x1974cc000,None,FAIL,100,None,True,,LOC_FAIL,,,,0,0,,
1657,Encounter for PICC line placement.,0x19cb2b000,None,FAIL,100,None,True,,LOC_FAIL,,,,0,0,,
1658,PICC line placement. Pneumonia.,0x19a7c0000,None,FAIL,100,None,True,,LOC_FAIL,,,,0,0,,
1661,Intubation. Shortness of breath.,0x199c22000,None,FAIL,100,None,True,,LOC_FAIL,,,,0,0,,
1663,Right rib pain since a fall 3 days ago. Shortness of breath.,0x19df97000,None,FAIL,100,None,True,,LOC_FAIL,,,,0,0,,
1665,Shortness of breath for 2 weeks,0x19d501000,None,FAIL,100,None,True,,LOC_FAIL,,,,0,0,,
1667,Preoperative evaluation. Hypertension. No current chest complaints.,0x19cb2e000,None,FAIL,100,None,True,,LOC_FAIL,,,,0,0,,
1668,Asthma. Chest pain.,0x1a4cef000,None,FAIL,100,None,True,,LOC_FAIL,,,,0,0,,
1669,"Injured while tubing, injury to lower RIGHT rib cage laterally, contusion, shortness of breath",0x1a4d67000,None,FAIL,100,None,True,,LOC_FAIL,,,,0,0,,
1670,History of COPD. Emphysema.,0x1a4e13000,None,FAIL,100,None,True,,LOC_FAIL,,,,0,0,,
1672,Visit reason: COPD;,0x1a4ea4000,None,FAIL,100,None,True,,LOC_FAIL,,,,0,0,,
1678,Right shoulder and posterior rib pain after fall from horse.,0x1a4f01000,None,FAIL,100,None,True,,LOC_FAIL,,,,0,0,,
1681,Assault. Trauma. Chest pain. Left lateral rib pain.,0x1a4fd0000,None,FAIL,100,None,True,,LOC_FAIL,,,,0,0,,
1683,"Follow up infiltrate, history hypertension, COPD, coronary disease, CHF",0x1a3c75000,None,FAIL,100,None,True,,LOC_FAIL,,,,0,0,,
1684,Left lower rib pain,0x1a3d59000,None,FAIL,100,None,True,,LOC_FAIL,,,,0,0,,
1685,"Shortness of breath, weakness, COVID-19 positive",0x1a3df8000,None,FAIL,100,None,True,,LOC_FAIL,,,,0,0,,
1687,Persistent cough. Former smoker. Follow-up pneumonia.,0x1a3e5b000,None,FAIL,100,None,True,,LOC_FAIL,,,,0,0,,
1691,Shortness of breath. Hypoxia. Lung carcinoma.,0x1a3ecf000,None,FAIL,100,None,True,,LOC_FAIL,,,,0,0,,
1693,5-day-old male former 30 week gestation. Respiratory distress syndrome. Small for gestational age. Lines and tubes.,0x1a3eef000,None,FAIL,100,None,True,,LOC_FAIL,,,,0,0,,
1695,"3-4 weeks of shortness of breath, onset of medial chest pain and productive cough 1 week ago. Discontinued smoking in 4367.",0x1a3fdf000,None,FAIL,100,None,True,,LOC_FAIL,,,,0,0,,
1696,Shortness of breath. Chest pain and cough.,0x19cdeb000,None,FAIL,100,None,True,,LOC_FAIL,,,,0,0,,
1697,Shortness of breath with exertion. Productive cough for 2 days. History of CHF and hypertension.,0x1a5979000,None,FAIL,100,None,True,,LOC_FAIL,,,,0,0,,
1700,Chest pain radiating to back.,0x1a5a5f000,None,FAIL,100,None,True,,LOC_FAIL,,,,0,0,,
1705,"Early pneumonia. Follow-up. Cough, congestion, fever.",0x1a5b15000,None,FAIL,100,None,True,,LOC_FAIL,,,,0,0,,
1706,History of coughing for 1-1/2 weeks. Shortness of breath.,0x1a5b60000,None,FAIL,100,None,True,,LOC_FAIL,,,,0,0,,
1707,Respiratory failure/hypoxia,0x1a4431000,None,FAIL,100,None,True,,LOC_FAIL,,,,0,0,,
1709,Fall. Left posterior rib pain.,0x1a449b000,None,FAIL,100,None,True,,LOC_FAIL,,,,0,0,,
1710,44-year-old male with a history of chest pain,0x1a4569000,None,FAIL,100,None,True,,LOC_FAIL,,,,0,0,,
1711,Cough congestion fever.,0x1a4616000,None,FAIL,100,None,True,,LOC_FAIL,,,,0,0,,
1713,"Respiratory failure, intubation.",0x19c093000,None,FAIL,100,None,True,,LOC_FAIL,,,,0,0,,
1714,62-year-old with shortness of breath and chest pain.,0x19c0ef000,None,FAIL,100,None,True,,LOC_FAIL,,,,0,0,,
1718,"CABG, valve repair",0x19c14c000,None,FAIL,100,None,True,,LOC_FAIL,,,,0,0,,
1720,"COPD, shortness of breath.",0x1a603e000,None,FAIL,100,None,True,,LOC_FAIL,,,,0,0,,
1724,"Routine examination, former smoker, history of COPD, no current chest complaints",0x1a60f3000,None,FAIL,100,None,True,,LOC_FAIL,,,,0,0,,
1725,Lung cancer. Fever. Chest pain.,0x1a6159000,None,FAIL,100,None,True,,LOC_FAIL,,,,0,0,,
1729,Shortness of breath. Hypertension.,0x1a6241000,None,FAIL,100,None,True,,LOC_FAIL,,,,0,0,,
1731,Wheezing and shortness of breath,0x1a6273000,None,FAIL,100,None,True,,LOC_FAIL,,,,0,0,,
1736,Cough for 3 weeks,0x1a633c000,None,FAIL,100,None,True,,LOC_FAIL,,,,0,0,,
1738,Status post fall. Anterior left rib pain.,0x1a639e000,None,FAIL,100,None,True,,LOC_FAIL,,,,0,0,,
1739,"Football injury, left anterior chest pain",0x1a5060000,None,FAIL,100,None,True,,LOC_FAIL,,,,0,0,,
1741,Fever. Occasional shortness of breath.,0x1a5107000,None,FAIL,100,None,True,,LOC_FAIL,,,,0,0,,
1744,"Respiratory distress, post intubation.",0x1a5175000,None,FAIL,100,None,True,,LOC_FAIL,,,,0,0,,
1745,Ovarian CA. Right portacath insertion. Reevaluate pneumothorax.,0x1a51d2000,None,FAIL,100,None,True,,LOC_FAIL,,,,0,0,,
1748,"Left-sided chest pain today, painful inspiration.",0x1a52a3000,None,FAIL,100,None,True,,LOC_FAIL,,,,0,0,,
1750,"Cough, sob, pneumonia.",0x19b404000,None,FAIL,100,None,True,,LOC_FAIL,,,,0,0,,
1753,Mid chest pain and pressure extending into the throat.,0x1a6c2c000,None,FAIL,100,None,True,,LOC_FAIL,,,,0,0,,
1754,Hypoxemia status post motor vehicle accident.,0x1a6e42000,None,FAIL,100,None,True,,LOC_FAIL,,,,0,0,,
1757,Painful swelling and left chest. Hypertension.,0x19c5c0000,None,FAIL,100,None,True,,LOC_FAIL,,,,0,0,,
1758,"Respiratory failure, history of hypertension and atrial fibrillation",0x19c66a000,None,FAIL,100,None,True,,LOC_FAIL,,,,0,0,,
1759,Cough and wheezing for 2 days. Intermittent fever suggested. Fever to 102.5,0x19c6b8000,None,FAIL,100,None,True,,LOC_FAIL,,,,0,0,,
1762,PICC placement. GI bleeding.,0x19c714000,None,FAIL,100,None,True,,LOC_FAIL,,,,0,0,,
1764,Follow up CABG.,0x19c78e000,None,FAIL,100,None,True,,LOC_FAIL,,,,0,0,,
1767,COPD with cough; pulmonary edema,0x1a6824000,None,FAIL,100,None,True,,LOC_FAIL,,,,0,0,,
1769,"Shortness of breath, nausea, headache for 2 days",0x1a6916000,None,FAIL,100,None,True,,LOC_FAIL,,,,0,0,,
1771,Weakness. Hypotension. Confusion.,0x1a69b3000,None,FAIL,100,None,True,,LOC_FAIL,,,,0,0,,
1775,Intermittent sharp chest pain radiating into the back. Symptoms began several months ago. Nonsmoker. No history of cardiopulmonary disease.,0x1a6a6c000,None,FAIL,100,None,True,,LOC_FAIL,,,,0,0,,
1777,"cough, cancer lung",0x1a00ec000,None,FAIL,100,None,True,,LOC_FAIL,,,,0,0,,
1780,"Respiratory failure, right-sided chest pain, history of GI bleeding, Barrett's esophagus, nonsmoker.",0x19c90e000,None,FAIL,100,None,True,,LOC_FAIL,,,,0,0,,
1781,"Cough, shortness of breath, fever",0x19c9b0000,None,FAIL,100,None,True,,LOC_FAIL,,,,0,0,,
1783,66-year-old male with history of shortness of breath. COVID-19 positive.,0x19b661000,None,FAIL,100,None,True,,LOC_FAIL,,,,0,0,,
1788,Respiratory distress. Dementia.,0x19b70f000,None,FAIL,100,None,True,,LOC_FAIL,,,,0,0,,
1792,Acute on chronic respiratory failure.,0x19b7a7000,None,FAIL,100,None,True,,LOC_FAIL,,,,0,0,,
1795,Cough and wheezing for 3 days. Rhonchi on exam.,0x1a7586000,None,FAIL,100,None,True,,LOC_FAIL,,,,0,0,,
1798,Fever. History of esophageal carcinoma,0x1a7635000,None,FAIL,100,None,True,,LOC_FAIL,,,,0,0,,
1799,"74-year-old with kidney infection. Shortness of breath, fever, congestion and emphysema.",0x1a7692000,None,FAIL,100,None,True,,LOC_FAIL,,,,0,0,,
1804,20-year-old male with history of spontaneous pneumothorax. Chest tube evaluation.,0x1a7737000,None,FAIL,100,None,True,,LOC_FAIL,,,,0,0,,
1807,Motor vehicle accident. Follow-up.,0x1a77b1000,None,FAIL,100,None,True,,LOC_FAIL,,,,0,0,,
1808,"Mid chest pain and tightness, shortness of breath, diaphoresis, all beginning last night, smoker",0x1a7997000,None,FAIL,100,None,True,,LOC_FAIL,,,,0,0,,
1810,Congestion and cough. Shortness of breath.,0x1a7b32000,None,FAIL,100,None,True,,LOC_FAIL,,,,0,0,,
1815,CHF. Shortness of breath.,0x1a0d5b000,None,FAIL,100,None,True,,LOC_FAIL,,,,0,0,,
1817,Follow-up CABG,0x191d3e000,None,FAIL,100,None,True,,LOC_FAIL,,,,0,0,,
1818,Cough and wheezing for 2 days.,0x19695f000,None,FAIL,100,None,True,,LOC_FAIL,,,,0,0,,
1820,Shortness of breath. Former smoker. TB,0x170814000,None,FAIL,100,None,True,,LOC_FAIL,,,,0,0,,
1823,R/O pneumothorax,0x191d83000,None,FAIL,100,None,True,,LOC_FAIL,,,,0,0,,
1824,"Shortness of breath, leg swelling, and chest",0x1942b8000,None,FAIL,100,None,True,,LOC_FAIL,,,,0,0,,
1828,"Acute shortness of breath. History of COPD, hypertension, and tobacco abuse.",0x196eaf000,None,FAIL,100,None,True,,LOC_FAIL,,,,0,0,,
1831,"Cough, smoking history",0x197b36000,None,FAIL,100,None,True,,LOC_FAIL,,,,0,0,,
1836,"Recent pneumonia. PT had teeth extracted 1 week ago. Took multiple pain medicines this AM. Complains of dizziness, weakness.",0x197b12000,None,FAIL,100,None,True,,LOC_FAIL,,,,0,0,,
1841,Sore chest after CABG,0x197a8e000,None,FAIL,100,None,True,,LOC_FAIL,,,,0,0,,
1844,84-year-old male respiratory failure.,0x1a9202000,None,FAIL,100,None,True,,LOC_FAIL,,,,0,0,,
1845,"73-year-old female, congestive heart failure, shortness of breath.",0x1a9259000,None,FAIL,100,None,True,,LOC_FAIL,,,,0,0,,
1847,Respiratory distress. Shortness of breath. The patient is CPAP. History of hypertension.,0x1ae479000,None,FAIL,100,None,True,,LOC_FAIL,,,,0,0,,
1849,"Productive cough, fever and shortness of Breath.",0x1ae69c000,None,FAIL,100,None,True,,LOC_FAIL,,,,0,0,,
1850,Awakened this morning with left-sided substernal chest pain extending into the left upper extremity. New onset dyspnea.,0x1ae416000,0x19606a000,run-expand@0x19606a000,22,False,True,,LOC_MISMATCH,,False,False,0,0,,45.4
1852,30-year-old female with cough and wheezing and emesis.,0x1adcd0000,None,FAIL,100,None,True,,LOC_FAIL,,,,0,0,,
1855,Shortness of air. History of asthma.,0x1ae4b5000,None,FAIL,100,None,True,,LOC_FAIL,,,,0,0,,
1861,"Shortness of breath, weakness, productive cough. History of lung cancer.",0x1ae9d5000,None,FAIL,100,None,True,,LOC_FAIL,,,,0,0,,
1864,Follow up pneumothorax. Shortness of breath.,0x1aed6f000,0x19a172000,run-fast@0x19a172000,91,False,True,,LOC_MISMATCH,,False,False,0,0,,99.5
1865,Intermittent vomiting for 2 weeks. Recent cough. Sick sibling.,0x1aedfb000,None,FAIL,100,None,True,,LOC_FAIL,,,,0,0,,
1868,Cough and wheezing. Follow up.,0x1cafb5000,None,FAIL,100,None,True,,LOC_FAIL,,,,0,0,,
1872,Shortness of breath. Nausea and vomiting. Headache.,0x1ba16e000,None,FAIL,100,None,True,,LOC_FAIL,,,,0,0,,
1875,Wheezing. Coughing. Fever.,0x1bb1eb000,None,FAIL,100,None,True,,LOC_FAIL,,,,0,0,,
1876,Follow-up heart surgery post chest tube removal.,0x1b9fa9000,None,FAIL,100,None,True,,LOC_FAIL,,,,0,0,,
1877,Weakness. Questionable fall.,0x1ba7df000,None,FAIL,100,None,True,,LOC_FAIL,,,,0,0,,
1881,"Recent fall with chest pain, initial encounter",0x1b9dbd000,None,FAIL,100,None,True,,LOC_FAIL,,,,0,0,,
1883,"Chest pain, new onset atrial fibrillation.",0x1c5ab7000,None,FAIL,100,None,True,,LOC_FAIL,,,,0,0,,
1886,Left chest pain with shortness of breath.,0x1c5b16000,None,FAIL,100,None,True,,LOC_FAIL,,,,0,0,,
1887,Short of breath. Hypoxia. Left-sided crackles.,0x1c5bb1000,None,FAIL,100,None,True,,LOC_FAIL,,,,0,0,,
1888,Chest pain since last night,0x1c5074000,None,FAIL,100,None,True,,LOC_FAIL,,,,0,0,,
1892,Cough for 3 months. History of asthma,0x1abcaf000,None,FAIL,100,None,True,,LOC_FAIL,,,,0,0,,
1894,Inspiratory chest pain. Syncope.,0x1a98e7000,None,FAIL,100,None,True,,LOC_FAIL,,,,0,0,,
1897,dyspnea; chest pain,0x1a994b000,None,FAIL,100,None,True,,LOC_FAIL,,,,0,0,,
1898,Post bronchoscopy and biopsy. Rule out delayed pneumothorax.,0x1a9a01000,None,FAIL,100,None,True,,LOC_FAIL,,,,0,0,,
1901,Shortness of breath. CHF.,0x1a9bf2000,None,FAIL,100,None,True,,LOC_FAIL,,,,0,0,,
1904,"CHF, cough, COPD",0x1c4c84000,None,FAIL,100,None,True,,LOC_FAIL,,,,0,0,,
1905,Acute onset of shortness of breath and generalized weakness.,0x1c4d33000,None,FAIL,100,None,True,,LOC_FAIL,,,,0,0,,
1909,Postop CABG,0x1c4d92000,None,FAIL,100,None,True,,LOC_FAIL,,,,0,0,,
1910,Follow-up COVID-19 viral pneumonia.,0x1c4e5e000,None,FAIL,100,None,True,,LOC_FAIL,,,,0,0,,
1911,"Atypical chest pain, abnormal EKG",0x1c4ebc000,None,FAIL,100,None,True,,LOC_FAIL,,,,0,0,,
1913,[AGE] female with history of acute respiratory failure. Chronic dyspnea. Generalized weakness and fever.,0x1c4f69000,None,FAIL,100,None,True,,LOC_FAIL,,,,0,0,,
1914,"Large left pneumothorax, chest tube placement",0x1c4fb7000,None,FAIL,100,None,True,,LOC_FAIL,,,,0,0,,
1915,80-year-old male with shortness of breath. Palpitations. History of congestive heart failure. Initial encounter.,0x1c5498000,None,FAIL,100,None,True,,LOC_FAIL,,,,0,0,,
1916,Cough. Recent sinus infection.,0x1c6ca8000,None,FAIL,100,None,True,,LOC_FAIL,,,,0,0,,
1917,"Chest pain, shortness of breath, atrial fibrillation. History of hypertension. Nonsmoker.",0x1c6d5c000,None,FAIL,100,None,True,,LOC_FAIL,,,,0,0,,
1919,Respiratory distress of newborn. Vaginal delivery.,0x1c6d99000,None,FAIL,100,None,True,,LOC_FAIL,,,,0,0,,
1920,75-year-old female with congestive heart failure. Hypertension.,0x1c6e6b000,None,FAIL,100,None,True,,LOC_FAIL,,,,0,0,,
1921,Increasing weakness. Shortness of breath.,0x1c6efc000,None,FAIL,100,None,True,,LOC_FAIL,,,,0,0,,
1924,Cough and shortness of breath; metastatic lung carcinoma,0x1c6fa6000,None,FAIL,100,None,True,,LOC_FAIL,,,,0,0,,
1925,"Shortness of breath, swelling in the hands and feet, mid chest pain with cough and congestion",0x1c400c000,None,FAIL,100,None,True,,LOC_FAIL,,,,0,0,,
1926,Premature newborn. Follow-up atelectasis.,0x1c4043000,None,FAIL,100,None,True,,LOC_FAIL,,,,0,0,,
1927,Respiratory distress syndrome. Newborn today.,0x1c406a000,None,FAIL,100,None,True,,LOC_FAIL,,,,0,0,,
1928,"Cough, history of pulmonary fibrosis",0x1c4134000,None,FAIL,100,None,True,,LOC_FAIL,,,,0,0,,
1930,Respiratory congestion.,0x1c41d1000,None,FAIL,100,None,True,,LOC_FAIL,,,,0,0,,
1931,"Motor vehicle accident, chest pain",0x1a4876000,None,FAIL,100,None,True,,LOC_FAIL,,,,0,0,,
1932,"Lung lesion, right IJ catheter placement and bronchoscopy.",0x19a510000,None,FAIL,100,None,True,,LOC_FAIL,,,,0,0,,
1933,Hemoptysis left evening associated with chest congestion. Abnormal chest exam. No fever. Nonsmoker.,0x19a554000,None,FAIL,100,None,True,,LOC_FAIL,,,,0,0,,
1935,"Shortness of breath, cough, altered mental status.",0x1a85a5000,None,FAIL,100,None,True,,LOC_FAIL,,,,0,0,,
1938,"Cough, fever, chest tightness",0x1a90a2000,None,FAIL,100,None,True,,LOC_FAIL,,,,0,0,,
1939,Preop exam. Hypertension.,0x19ba3c000,None,FAIL,100,None,True,,LOC_FAIL,,,,0,0,,
1940,Right-sided chest trauma and rib pain.,0x19bbc0000,None,FAIL,100,None,True,,LOC_FAIL,,,,0,0,,
1943,Shortness of air.,0x1a90b9000,None,FAIL,100,None,True,,LOC_FAIL,,,,0,0,,
1944,"Pneumonia, shortness of breath, history of CVA and CABG.",0x1c42cf000,None,FAIL,100,None,True,,LOC_FAIL,,,,0,0,,
1946,"Chest pain, shortness of breath. Code stroke.",0x1c4371000,None,FAIL,100,None,True,,LOC_FAIL,,,,0,0,,
1950,"Motorcycle accident with chest pain, initial encounter",0x1c480d000,None,FAIL,100,None,True,,LOC_FAIL,,,,0,0,,
1952,"Chest pain, PT states has upper chest pain x 1 day. History of asthma.",0x1c486a000,None,FAIL,100,None,True,,LOC_FAIL,,,,0,0,,
1954,Respiratory illness. Fever. Clinical concern of croup.,0x1c48c9000,None,FAIL,100,None,True,,LOC_FAIL,,,,0,0,,
1956,"Fall several weeks ago with persistent left-sided chest pain, initial encounter",0x1c4928000,None,FAIL,100,None,True,,LOC_FAIL,,,,0,0,,
1958,Status post dialysis catheter placement,0x1c49d9000,None,FAIL,100,None,True,,LOC_FAIL,,,,0,0,,
1960,Aortic stenosis. AVR. CABG.,0x1c6813000,None,FAIL,100,None,True,,LOC_FAIL,,,,0,0,,
1961,Ventilator dependent respiratory failure. Sepsis. Acute renal failure.,0x1c686f000,None,FAIL,100,None,True,,LOC_FAIL,,,,0,0,,
1962,Acute respiratory failure. Hypoxia,0x1c7494000,None,FAIL,100,None,True,,LOC_FAIL,,,,0,0,,
1963,"CA lung, productive cough, shortness of breath.",0x1cb40c000,None,FAIL,100,None,True,,LOC_FAIL,,,,0,0,,
1964,Respiratory arrest. Intubated.,0x1c7a6e000,None,FAIL,100,None,True,,LOC_FAIL,,,,0,0,,
1966,"Respiratory distress, ET tube placement, central line placement",0x1c7ac7000,None,FAIL,100,None,True,,LOC_FAIL,,,,0,0,,
1967,"Abdominal pain for 3 weeks. Previous peritoneal catheter placed with abscess surrounding the catheter. Right upper chest hemodialysis catheter placed yesterday. Abdominal pain, vomiting, temperature.",0x1c7e36000,None,FAIL,100,None,True,,LOC_FAIL,,,,0,0,,
1968,Umbilical artery catheter repositioning.,0x1c7e87000,None,FAIL,100,None,True,,LOC_FAIL,,,,0,0,,
1970,"Shortness of breath, fever, history of cancer",0x1c7f2f000,None,FAIL,100,None,True,,LOC_FAIL,,,,0,0,,
1973,Chest pain and shortness of breath,0x1b49bd000,None,FAIL,100,None,True,,LOC_FAIL,,,,0,0,,
1978,"Cough, fever for 5 days",0x1c6048000,None,FAIL,100,None,True,,LOC_FAIL,,,,0,0,,
1979,"Back and flank pain, shortness of breath.",0x1c6115000,None,FAIL,100,None,True,,LOC_FAIL,,,,0,0,,
1981,Central venous catheter placement. Status post L5-S1 ALIF.,0x1c6170000,None,FAIL,100,None,True,,LOC_FAIL,,,,0,0,,
1982,Cough and fever. Upper chest pain for 3 weeks.,0x1c61d6000,None,FAIL,100,None,True,,LOC_FAIL,,,,0,0,,
1983,Hypoxia today. Altered mental status. COVID positive 2 months ago.,0x1c6286000,None,FAIL,100,None,True,,LOC_FAIL,,,,0,0,,
1987,PICC line placement by IV therapy.,0x1c62da000,None,FAIL,100,None,True,,LOC_FAIL,,,,0,0,,
1988,"Dizziness, shortness of breath",0x1c6372000,None,FAIL,100,None,True,,LOC_FAIL,,,,0,0,,
1989,Short of breath. Pulmonary edema appear,0x1c71b2000,None,FAIL,100,None,True,,LOC_FAIL,,,,0,0,,
1991,Follow-up COVID-19 pneumonia/ARDS.,0x1c7258000,None,FAIL,100,None,True,,LOC_FAIL,,,,0,0,,
1992,Chest pain since insertion of a left PICC line yesterday.,0x1c7305000,None,FAIL,100,None,True,,LOC_FAIL,,,,0,0,,
1995,Worsening shortness of breath and generalized weakness for several days. History of gastric cancer post chemotherapy.,0x1c73a6000,None,FAIL,100,None,True,,LOC_FAIL,,,,0,0,,
1998,Substernal chest pain; 2 weeks status post stent placement,0x1cb308000,None,FAIL,100,None,True,,LOC_FAIL,,,,0,0,,
1999,Cough and hypoxia. Status post lumbar spine surgery.,0x1c5d52000,None,FAIL,100,None,True,,LOC_FAIL,,,,0,0,,
2001,Newborn. Umbilical vein catheter placement.,0x1c5dae000,None,FAIL,100,None,True,,LOC_FAIL,,,,0,0,,
2007,"Fever, headaches, tachycardia, shortness breath",0x1c5e67000,None,FAIL,100,None,True,,LOC_FAIL,,,,0,0,,
2009,[AGE] female with a history of shortness of breath and positive viral test,0x1c899f000,None,FAIL,100,None,True,,LOC_FAIL,,,,0,0,,
2011,Centralized chest pain and dizziness. History of hypertension.,0x1cc5ce000,None,FAIL,100,None,True,,LOC_FAIL,,,,0,0,,
2013,Acute onset of shortness of breath. Fever. Initial encounter.,0x1c8fd4000,None,FAIL,100,None,True,,LOC_FAIL,,,,0,0,,
2014,"Shortness of breath, pneumonia, weakness",0x1bbfdb000,None,FAIL,100,None,True,,LOC_FAIL,,,,0,0,,
2016,COPD. Respiratory failure.,0x1cb837000,None,FAIL,100,None,True,,LOC_FAIL,,,,0,0,,
2018,"shortness of breath, chest pain",0x1c9a1e000,None,FAIL,100,None,True,,LOC_FAIL,,,,0,0,,
2020,70-year-old with chest pain.,0x1c9a5f000,None,FAIL,100,None,True,,LOC_FAIL,,,,0,0,,
2022,"83-year-old male with shortness of breath, arrhythmia, mid chest pain.",0x1c917c000,None,FAIL,100,None,True,,LOC_FAIL,,,,0,0,,
2027,"Congestive heart failure, congestion, cough. Followup aeration.",0x1c91c7000,None,FAIL,100,None,True,,LOC_FAIL,,,,0,0,,
2029,Intermittent shortness of breath for 2 months.,0x1c92a1000,None,FAIL,100,None,True,,LOC_FAIL,,,,0,0,,
2031,"Chest pain, shortness of breath and tachypnea; left-sided chest pain radiates down both arms.",0x1c931e000,None,FAIL,100,None,True,,LOC_FAIL,,,,0,0,,
2034,Cough for two weeks. Wheezing.,0x1c935e000,None,FAIL,100,None,True,,LOC_FAIL,,,,0,0,,
2038,"Hypoxia, CHF. Patient reports a hacking cough for 1 week. Hypertension, takes meds to control it. Pacemaker in 08766. Smoker for 50 years.",0x1c93bc000,None,FAIL,100,None,True,,LOC_FAIL,,,,0,0,,
2041,Follow-up pericardial effusion. Chest tubes.,0x1cc817000,None,FAIL,100,None,True,,LOC_FAIL,,,,0,0,,
2043,"Chest pain, punched in chest/shortness of breath. Additional history provided: Left-sided chest pain and mild shortness of breath after being punched in left side of chest today.",0x1cc8d4000,None,FAIL,100,None,True,,LOC_FAIL,,,,0,0,,
2045,"Chest pain, short of breath, VFIB.",0x1cc925000,None,FAIL,100,None,True,,LOC_FAIL,,,,0,0,,
2047,Acute hypoxic respiratory failure. Pneumonia.,0x1cc9d9000,None,FAIL,100,None,True,,LOC_FAIL,,,,0,0,,
2049,"4-year-old female with cough, fever, and history of asthma.",0x1cca2a000,None,FAIL,100,None,True,,LOC_FAIL,,,,0,0,,
2051,Follow-up coronary bypass graft,0x1cca48000,None,FAIL,100,None,True,,LOC_FAIL,,,,0,0,,
2056,Cough. Wheezing. Initial encounter.,0x1ccb4a000,None,FAIL,100,None,True,,LOC_FAIL,,,,0,0,,
2057,Altered mental status. Cough and shortness of breath. Respiratory distress.,0x1ccbab000,None,FAIL,100,None,True,,LOC_FAIL,,,,0,0,,
2058,"Follow-up small left pneumothorax demonstrated on exams of July 16, 1998; continued left-sided chest discomfort and shortness of breath",0x1cc002000,None,FAIL,100,None,True,,LOC_FAIL,,,,0,0,,
2059,Cough. Strep throat one month ago. Bronchitis.,0x1cc061000,None,FAIL,100,None,True,,LOC_FAIL,,,,0,0,,
2060,Left flank and rib pain due to coughing spells.,0x1cc0e9000,None,FAIL,100,None,True,,LOC_FAIL,,,,0,0,,
2061,Shortness of breath. Fell and hit right-side of chest.,0x1cc171000,None,FAIL,100,None,True,,LOC_FAIL,,,,0,0,,
2065,"Chest pain, shortness of breath for 4-5 days. Diagnosed with pneumonia 4 days ago.",0x1cc21e000,None,FAIL,100,None,True,,LOC_FAIL,,,,0,0,,
2067,"Fever, wheezing",0x1cc265000,None,FAIL,100,None,True,,LOC_FAIL,,,,0,0,,
2069,Chest pain. History of hypertension.,0x1cc312000,None,FAIL,100,None,True,,LOC_FAIL,,,,0,0,,
2070,Soreness of breath and cough,0x1cc37a000,None,FAIL,100,None,True,,LOC_FAIL,,,,0,0,,
2071,"Status post fall yesterday, mid left sided rib pain.",0x1ccc0c000,None,FAIL,100,None,True,,LOC_FAIL,,,,0,0,,
2073,Chest pain. Chest tube placement.,0x1ccca5000,None,FAIL,100,None,True,,LOC_FAIL,,,,0,0,,
2074,Dyspnea on exertion with left lower extremity edema and shortness of breath.,0x1ce2fb000,None,FAIL,100,None,True,,LOC_FAIL,,,,0,0,,
2075,"PICC line placement, colitis, failure to thrive",0x1ce357000,None,FAIL,100,None,True,,LOC_FAIL,,,,0,0,,
2076,"Respiratory distress, acute onset. Premature newborn. Initial encounter.",0x19fd32000,None,FAIL,100,None,True,,LOC_FAIL,,,,0,0,,
2078,38-year-old female with history of shortness of breath. COVID-19 infection.,0x1a03d5000,None,FAIL,100,None,True,,LOC_FAIL,,,,0,0,,
2079,Upper Respiratory Infection.,0x1a06b9000,None,FAIL,100,None,True,,LOC_FAIL,,,,0,0,,
2080,"Pneumonia, COPD.",0x1a0b6f000,None,FAIL,100,None,True,,LOC_FAIL,,,,0,0,,
2084,Respiratory failure. Concern for aspiration.,0x1a059a000,None,FAIL,100,None,True,,LOC_FAIL,,,,0,0,,
2085,Status post dialysis catheter placement today.,0x142433000,None,FAIL,100,None,True,,LOC_FAIL,,,,0,0,,
2086,Weakness and unresponsiveness after fall.,0x143735000,None,FAIL,100,None,True,,LOC_FAIL,,,,0,0,,
2087,Constipation with abdominal pain. Cough,0x13fef2000,None,FAIL,100,None,True,,LOC_FAIL,,,,0,0,,
2088,History of pneumomediastinum and left pneumothorax. History of trauma.,0x13f826000,None,FAIL,100,None,True,,LOC_FAIL,,,,0,0,,
2091,Acute upper respiratory infection. Cough and chest pain,0x1a0e38000,None,FAIL,100,None,True,,LOC_FAIL,,,,0,0,,
2100,"Shortness of breath, cough.",0x143183000,None,FAIL,100,None,True,,LOC_FAIL,,,,0,0,,
2101,Shortness of breath. Choking episode.,0x142e75000,None,FAIL,100,None,True,,LOC_FAIL,,,,0,0,,
2102,Left-sided chest pain. Diaphoresis. Shortness of breath. CT demonstrating mediastinal mass and possibly hemorrhage. Follow up effusions.,0x142cb3000,None,FAIL,100,None,True,,LOC_FAIL,,,,0,0,,
2103,"Cough and shortness of breath worsening over the last 3 weeks, history of interstitial lung disease, asthma, and pulmonary sarcoidosis.",0x1a889b000,None,FAIL,100,None,True,,LOC_FAIL,,,,0,0,,
2104,"Respiratory failure, COPD exacerbation.",0x145510000,None,FAIL,100,None,True,,LOC_FAIL,,,,0,0,,
2105,Upper back pain to rule out pneumonia. Patient states upper back pain and slight trouble breathing. Rule out pneumonia. Denied pregnancy.,0x1a898c000,None,FAIL,100,None,True,,LOC_FAIL,,,,0,0,,
2106,Precardiac catheterization study.,0x14454c000,None,FAIL,100,None,True,,LOC_FAIL,,,,0,0,,
2107,"Shortness of breath, cough and weakness. History of lupus.",0x1a8939000,None,FAIL,100,None,True,,LOC_FAIL,,,,0,0,,
2110,Cough for 10 days.,0x1a8d84000,None,FAIL,100,None,True,,LOC_FAIL,,,,0,0,,
2112,COPD chronic airway obstruction,0x1a8f39000,None,FAIL,100,None,True,,LOC_FAIL,,,,0,0,,
2114,59 y/o M; shortness of breath.,0x1a9000000,None,FAIL,100,None,True,,LOC_FAIL,,,,0,0,,
2118,"Respiratory distress syndrome, prematurity",0x1a0793000,None,FAIL,100,None,True,,LOC_FAIL,,,,0,0,,
2119,"Chest pain, MVC on Tuesday",0x19e3b4000,None,FAIL,100,None,True,,LOC_FAIL,,,,0,0,,
2120,COVID-19 positive. Fall with altered mental status,0x1a0063000,None,FAIL,100,None,True,,LOC_FAIL,,,,0,0,,
2121,Shortness of breath; rapid heart,0x19fc01000,None,FAIL,100,None,True,,LOC_FAIL,,,,0,0,,
2123,"Acute MI, shortness of breath, chest pain",0x19fcaf000,None,FAIL,100,None,True,,LOC_FAIL,,,,0,0,,
2126,Progressive weakness. Cough beginning today.,0x19fd61000,None,FAIL,100,None,True,,LOC_FAIL,,,,0,0,,
2127,"Shortness of breath, cough, fever.",0x19fe29000,None,FAIL,100,None,True,,LOC_FAIL,,,,0,0,,
2130,Shortness of breath. Recent discharge from green Valley campus for COVID-19. Progressive shortness of breath tonight. Decreased oxygen saturation.,0x19fec9000,None,FAIL,100,None,True,,LOC_FAIL,,,,0,0,,
2132,"COVID-19 positivity with shortness of breath and cough, initial encounter",0x19ff7b000,None,FAIL,100,None,True,,LOC_FAIL,,,,0,0,,
2134,42-year-old Chest pain.,0x19f835000,None,FAIL,100,None,True,,LOC_FAIL,,,,0,0,,
2135,Prior CABG. Shortness of breath with exertion,0x19f8ff000,None,FAIL,100,None,True,,LOC_FAIL,,,,0,0,,
2136,Pneumonia. Weakness.,0x19f9b0000,None,FAIL,100,None,True,,LOC_FAIL,,,,0,0,,
2138,"Occluded graft access, dialysis catheter insertion",0x19fa2f000,None,FAIL,100,None,True,,LOC_FAIL,,,,0,0,,
2140,"COPD, pneumonia and worsening respiratory distress.",0x19fa91000,None,FAIL,100,None,True,,LOC_FAIL,,,,0,0,,
2141,Right-sided chest pain and mild difficulty breathing,0x19fb8a000,None,FAIL,100,None,True,,LOC_FAIL,,,,0,0,,
2142,85-year-old male with wheezing. Heart block.,0x19f40a000,None,FAIL,100,None,True,,LOC_FAIL,,,,0,0,,
2143,"83 year old male; congestive heart failure, chest pain, and atrial fibrillation.",0x19f462000,None,FAIL,100,None,True,,LOC_FAIL,,,,0,0,,
2144,Postop for CABG.,0x19f4ba000,None,FAIL,100,None,True,,LOC_FAIL,,,,0,0,,
2152,Premature neonate. Respiratory distress syndrome. Patent ductus arteriosus. Heart murmur.,0x19f4d8000,None,FAIL,100,None,True,,LOC_FAIL,,,,0,0,,
2155,"Patient was in a motor vehicle collision today and is complaining of chest wall and sternal pain with associated shortness of breath, no pre-existing underlying cardiopulmonary problems, smoker.",0x19f5b0000,None,FAIL,100,None,True,,LOC_FAIL,,,,0,0,,
2157,62-year-old female with shortness of breath and wheezing.,0x178a1c000,None,FAIL,100,None,True,,LOC_FAIL,,,,0,0,,
2161,"soa, history of covid Patient has complaints of shortness of breath, chest pain, and a cough since the first part [DATE] which has recently turned productive. Diagnosed with COVID 05/08/2023.",0x178a6c000,None,FAIL,100,None,True,,LOC_FAIL,,,,0,0,,
2162,Aspiration pneumonia. Pyelonephritis.,0x19db6b000,None,FAIL,100,None,True,,LOC_FAIL,,,,0,0,,
2163,Shortness of breath on exertion.,0x1aaa5c000,None,FAIL,100,None,True,,LOC_FAIL,,,,0,0,,
2168,"Cough, congestion, fever, and shortness of breath all day",0x1aaaac000,None,FAIL,100,None,True,,LOC_FAIL,,,,0,0,,
2170,new onset apnea in term baby with history of pneumothorax,0x1a60c4000,None,FAIL,100,None,True,,LOC_FAIL,,,,0,0,,
2171,"Shortness of breath, chest discomfort",0x1a6fb8000,None,FAIL,100,None,True,,LOC_FAIL,,,,0,0,,
2172,Patient complains of shortness of breath. Decreased O2 saturation recorded in the emergency [HOSPITAL] with pneumonia 2 weeks ago.,0x19f08d000,None,FAIL,100,None,True,,LOC_FAIL,,,,0,0,,
2173,70 year-old-male with cough and shortness of breath x 9 months. Question pleural effusion. History of esophageal cancer.,0x19f0ea000,None,FAIL,100,None,True,,LOC_FAIL,,,,0,0,,
2174,"Shortness of breath, productive cough.",0x19f19e000,None,FAIL,100,None,True,,LOC_FAIL,,,,0,0,,
2175,Swelling and groin. A phasic. Diabetic. Hypertensive.,0x1ab806000,None,FAIL,100,None,True,,LOC_FAIL,,,,0,0,,
2176,Short of breath. Weakness.,0x1ab855000,None,FAIL,100,None,True,,LOC_FAIL,,,,0,0,,
2177,Left-sided chest pain today,0x1ab930000,None,FAIL,100,None,True,,LOC_FAIL,,,,0,0,,
2179,Left pneumothorax.,0x1ab6a8000,None,FAIL,100,None,True,,LOC_FAIL,,,,0,0,,
2182,Chest pain and shortness of breath for 3 hours.,0x19e5c9000,None,FAIL,100,None,True,,LOC_FAIL,,,,0,0,,
2183,Follow-up effusion.,0x19e664000,None,FAIL,100,None,True,,LOC_FAIL,,,,0,0,,
2185,"COVID positive, cough and shortness of breath",0x19e701000,None,FAIL,100,None,True,,LOC_FAIL,,,,0,0,,
2187,Fever. Leukemia. Abdominal pain and bloody stool.,0x1abd51000,None,FAIL,100,None,True,,LOC_FAIL,,,,0,0,,
2190,"Respiratory failure, history of hypertension and diabetes",0x1abdfd000,None,FAIL,100,None,True,,LOC_FAIL,,,,0,0,,
2191,Follow-up left side pneumonia.,0x1aa7a1000,None,FAIL,100,None,True,,LOC_FAIL,,,,0,0,,
2192,Interscapular chest pain and shortness of breath.,0x1abc3e000,None,FAIL,100,None,True,,LOC_FAIL,,,,0,0,,
2194,"Acute respiratory failure, cardiac arrest",0x1abcee000,None,FAIL,100,None,True,,LOC_FAIL,,,,0,0,,
2200,Shortness of breath; assess for airspace consolidation or free intra-abdominal air.,0x1aa594000,None,FAIL,100,None,True,,LOC_FAIL,,,,0,0,,
2201,Right chest pain,0x1aa62c000,None,FAIL,100,None,True,,LOC_FAIL,,,,0,0,,
2203,Respiratory failure and status post intubation.,0x1aa6a1000,None,FAIL,100,None,True,,LOC_FAIL,,,,0,0,,
2204,Hypoxia. Status post C-section at 35 weeks gestation.,0x1aa6cd000,None,FAIL,100,None,True,,LOC_FAIL,,,,0,0,,
2205,"47-year-old female with respiratory failure, presented with pancreatitis, DKA, and altered mental status. Found to have acute to subacute left MCA territory infarcts.",0x1ab36a000,None,FAIL,100,None,True,,LOC_FAIL,,,,0,0,,
2206,"COVID-19 pneumonia, hypoxia and bacterial pneumonia.",0x1aa40e000,None,FAIL,100,None,True,,LOC_FAIL,,,,0,0,,
2217,"cough, fever, altered mental ALTERED MENTAL STATUS",0x1aa46c000,None,FAIL,100,None,True,,LOC_FAIL,,,,0,0,,
2218,"Shortness of breath, orthopnea",0x1ab161000,None,FAIL,100,None,True,,LOC_FAIL,,,,0,0,,
2219,Nausea. Shortness of breath. COVID-19 positive.,0x1ab231000,None,FAIL,100,None,True,,LOC_FAIL,,,,0,0,,
2220,72-year-old female with shortness of breath and wheezing. Very high blood pressure.,0x1ab2da000,None,FAIL,100,None,True,,LOC_FAIL,,,,0,0,,
2222,"Progressively worsening breathing. Cough, shortness of breath.",0x1aaf89000,None,FAIL,100,None,True,,LOC_FAIL,,,,0,0,,
2225,Short of breath. Rash.,0x19d689000,None,FAIL,100,None,True,,LOC_FAIL,,,,0,0,,
2229,Chest pain at rest and on exertion. Pain with palpation to left chest wall.,0x19e86e000,None,FAIL,100,None,True,,LOC_FAIL,,,,0,0,,
2230,Kidney stones. Hypertension.,0x19e93b000,None,FAIL,100,None,True,,LOC_FAIL,,,,0,0,,
2232,Weakness for 7 days.,0x19e9ea000,None,FAIL,100,None,True,,LOC_FAIL,,,,0,0,,
2233,Wheezing and shortness breath. COVID exposure.,0x19eab9000,None,FAIL,100,None,True,,LOC_FAIL,,,,0,0,,
2234,"Acute respiratory failure with hypoxemia, congestive heart failure.",0x19eb78000,None,FAIL,100,None,True,,LOC_FAIL,,,,0,0,,
2237,"Altered mental status, short of breath.",0x19ebd2000,None,FAIL,100,None,True,,LOC_FAIL,,,,0,0,,
2240,Chest discomfort. Intermittent chest pain.,0x1a57be000,None,FAIL,100,None,True,,LOC_FAIL,,,,0,0,,
2241,"Acute onset of central chest pain, radiating to the right arm. Initial encounter.",0x1ac46b000,None,FAIL,100,None,True,,LOC_FAIL,,,,0,0,,
2242,Cough x 6 months,0x1a4eee000,None,FAIL,100,None,True,,LOC_FAIL,,,,0,0,,
2243,Cough and congestion for 2 weeks. Some chest pain with the cough.,0x1a4f7f000,None,FAIL,100,None,True,,LOC_FAIL,,,,0,0,,
2246,Cough and fever since yesterday,0x1aa01a000,None,FAIL,100,None,True,,LOC_FAIL,,,,0,0,,
2247,"Left chest pain, shortness of breath and generalized weakness for 5 days.",0x1a6b7b000,None,FAIL,100,None,True,,LOC_FAIL,,,,0,0,,
2249,"Hypoxia, shortness of breath, acute respiratory failure.",0x1a1027000,None,FAIL,100,None,True,,LOC_FAIL,,,,0,0,,
2251,Chest pain and left arm pain,0x1a8069000,None,FAIL,100,None,True,,LOC_FAIL,,,,0,0,,
2253,Female with cough. Initial encounter.,0x1a2f04000,None,FAIL,100,None,True,,LOC_FAIL,,,,0,0,,
2255,Cough. The degree seven site. Nausea and vomiting.,0x1a2f67000,None,FAIL,100,None,True,,LOC_FAIL,,,,0,0,,
2256,"2 day-old infant female with shortness of breath, respiratory distress.",0x1a2f8c000,None,FAIL,100,None,True,,LOC_FAIL,,,,0,0,,
2257,Short of breath. Respiratory failure.,0x1a2fe8000,None,FAIL,100,None,True,,LOC_FAIL,,,,0,0,,
2260,Shortness of breath. Right lower extremity swelling. Congestive heart failure. Coronary artery disease.,0x1a2446000,None,FAIL,100,None,True,,LOC_FAIL,,,,0,0,,
2261,2-3 days of productive cough. Current smoker.,0x1a1b2e000,None,FAIL,100,None,True,,LOC_FAIL,,,,0,0,,
2262,"Shortness of breath, neck and back pain when sitting, history COPD, sleep apnea, CHF, coronary artery disease post CABG, pulmonary hypertension, cirrhosis, atrial fibrillation.",0x1a1be3000,None,FAIL,100,None,True,,LOC_FAIL,,,,0,0,,
2263,Cough and respiratory distress,0x1a2032000,None,FAIL,100,None,True,,LOC_FAIL,,,,0,0,,
2265,Follow-up recent episode of right-sided pneumonia following antibiotic treatment. Some persistent cough.,0x1a2104000,None,FAIL,100,None,True,,LOC_FAIL,,,,0,0,,
2267,Cough for 1 month.,0x1a2144000,None,FAIL,100,None,True,,LOC_FAIL,,,,0,0,,
2268,Shortness of breath and CHF.,0x1a2208000,None,FAIL,100,None,True,,LOC_FAIL,,,,0,0,,
2273,Mid upper back pain radiating to the shoulders after falling down stairs. Shortness of breath.,0x1a22b3000,None,FAIL,100,None,True,,LOC_FAIL,,,,0,0,,
2276,"Shortness of breath, hypertension",0x1a239b000,None,FAIL,100,None,True,,LOC_FAIL,,,,0,0,,
2277,"Shortness of breath, cough, pneumonia.",0x1a23f8000,None,FAIL,100,None,True,,LOC_FAIL,,,,0,0,,
2279,Chest pain. Post CABG. Ventilator.,0x1a1455000,None,FAIL,100,None,True,,LOC_FAIL,,,,0,0,,
2284,[AGE] with COVID-19. Non ST-elevation MI.,0x1a1505000,None,FAIL,100,None,True,,LOC_FAIL,,,,0,0,,
2286,"Pt comes to ER with respiratory distress recent hospitalization July 05-17, 7261 for sepsis/ pneumonia/ acute respiratory failure. Patient has history including, but not limited to, CAD with previous MI x 3; end-stage COPD; HTN; and anxiety.",0x1a15b3000,None,FAIL,100,None,True,,LOC_FAIL,,,,0,0,,
2287,Chest pain for 1 week. Hypertension.,0x1a168b000,None,FAIL,100,None,True,,LOC_FAIL,,,,0,0,,
2291,"Shortness of breath, cough, congestion, pregnant",0x1a171c000,None,FAIL,100,None,True,,LOC_FAIL,,,,0,0,,
2292,"Weakness, vomiting",0x1a17dd000,None,FAIL,100,None,True,,LOC_FAIL,,,,0,0,,
2293,"Respiratory failure, history of COVID-19 positivity",0x1ac06a000,None,FAIL,100,None,True,,LOC_FAIL,,,,0,0,,
2299,"Dyspnea today, chest pain. Smoker, prior renal transplant.",0x1ac109000,None,FAIL,100,None,True,,LOC_FAIL,,,,0,0,,
2303,Shortness of breath and states that he tested positive for COVID 2 days ago. He is a current smoker and this is the second time being diagnosed with COVID per patient.,0x1ac1a7000,None,FAIL,100,None,True,,LOC_FAIL,,,,0,0,,
2305,Cough and low grade fever,0x1ac1e4000,None,FAIL,100,None,True,,LOC_FAIL,,,,0,0,,
2307,Cough with side pain,0x1ac2ab000,None,FAIL,100,None,True,,LOC_FAIL,,,,0,0,,
2308,Short of breath. COVID positive.,0x1ac378000,None,FAIL,100,None,True,,LOC_FAIL,,,,0,0,,
2310,"Chest pain, hypertension",0x1ad85d000,None,FAIL,100,None,True,,LOC_FAIL,,,,0,0,,
2311,Brain tumor. Cough.,0x1ad8be000,None,FAIL,100,None,True,,LOC_FAIL,,,,0,0,,
2312,"Shortness of breath, CHF, and aspiration pneumonia",0x1ad937000,None,FAIL,100,None,True,,LOC_FAIL,,,,0,0,,
2313,"Cough, dyspnea",0x1ad9fb000,None,FAIL,100,None,True,,LOC_FAIL,,,,0,0,,
2320,Evaluate PICC line placement,0x1ada7b000,None,FAIL,100,None,True,,LOC_FAIL,,,,0,0,,
2322,Cough and fever and vomiting for the past 3 days. Family members with COVID at home. Shortness of breath.,0x1adb4d000,None,FAIL,100,None,True,,LOC_FAIL,,,,0,0,,
2326,Follow-up left pneumothorax,0x1acc29000,None,FAIL,100,None,True,,LOC_FAIL,,,,0,0,,
2327,Coughing for 10 days,None,None,FAIL,100,None,True,,LOC_FAIL,,,,0,0,,
2328,Recent diagnosis of pneumonia. Worsening symptoms/shortness of breath.,0x1a2990000,None,FAIL,100,None,True,,LOC_FAIL,,,,0,0,,
2330,Left PICC line placement,0x1a29e9000,None,FAIL,100,None,True,,LOC_FAIL,,,,0,0,,
2333,"Pneumonia, sepsis and increased shortness of breath.",0x1a2a43000,None,FAIL,100,None,True,,LOC_FAIL,,,,0,0,,
2335,"Right chest soreness, coughing, chest pain",0x1a531a000,None,FAIL,100,None,True,,LOC_FAIL,,,,0,0,,
2336,"chest pain; hx of smoking, copd, emphyzema; htn, and diabetes",0x1a53c1000,None,FAIL,100,None,True,,LOC_FAIL,,,,0,0,,
2339,"Weakness, confusion",0x1a5173000,None,FAIL,100,None,True,,LOC_FAIL,,,,0,0,,
2343,"Weakness, fatigue, shortness of breath for 2 days. Ex-smoker",0x1a51a1000,None,FAIL,100,None,True,,LOC_FAIL,,,,0,0,,
2344,Chest pain. Pneumonia.,0x1a522c000,None,FAIL,100,None,True,,LOC_FAIL,,,,0,0,,
2347,Increased shortness of Breath,0x1adc53000,None,FAIL,100,None,True,,LOC_FAIL,,,,0,0,,
2348,"Fever, cough, shortness of breath. History lymphoma.",0x1ad023000,None,FAIL,100,None,True,,LOC_FAIL,,,,0,0,,
2349,Recent mediastinal mass resection. Hypertension.,0x1ad0c6000,None,FAIL,100,None,True,,LOC_FAIL,,,,0,0,,
2351,"Chest pain, diaphoresis, syncope, vomiting.",0x1ad122000,None,FAIL,100,None,True,,LOC_FAIL,,,,0,0,,
2352,"Dyspnea, respiratory failure.",0x1ad1ce000,None,FAIL,100,None,True,,LOC_FAIL,,,,0,0,,
2354,Fever for 5 days. Cough and nausea and vomiting for 1 day.,0x1ad22c000,None,FAIL,100,None,True,,LOC_FAIL,,,,0,0,,
2359,Cough with nausea and diarrhea.,0x1ad2d1000,None,FAIL,100,None,True,,LOC_FAIL,,,,0,0,,
2360,chest pain; shortness of breath,0x1ad32f000,None,FAIL,100,None,True,,LOC_FAIL,,,,0,0,,
2362,Shortness of breath and hemoptysis,0x1ad3f3000,None,FAIL,100,None,True,,LOC_FAIL,,,,0,0,,
2364,Shortness of breath. Weight gain.,0x1ae0ce000,None,FAIL,100,None,True,,LOC_FAIL,,,,0,0,,
2366,Cough and asthma.,0x1ae146000,None,FAIL,100,None,True,,LOC_FAIL,,,,0,0,,
2370,Fever. Vomiting.,0x1ae195000,None,FAIL,100,None,True,,LOC_FAIL,,,,0,0,,
2371,Left orbital cellulitis. PICC line placement.,0x1ae1ef000,None,FAIL,100,None,True,,LOC_FAIL,,,,0,0,,
2374,Follow-up chest x-ray.,0x1ae270000,None,FAIL,100,None,True,,LOC_FAIL,,,,0,0,,
2377,Cough and chest congestion for 2-3 days. Also fever.,0x1a44c8000,None,FAIL,100,None,True,,LOC_FAIL,,,,0,0,,
2378,Shortness of breath following chlorine inhalation,0x1a3862000,None,FAIL,100,None,True,,LOC_FAIL,,,,0,0,,
2380,Unstable 2-day-old premature infant. Umbilical catheter placement.,0x1a38d2000,None,FAIL,100,None,True,,LOC_FAIL,,,,0,0,,
2381,"Infected knee, PICC placement",0x1a3c73000,None,FAIL,100,None,True,,LOC_FAIL,,,,0,0,,
2383,Cough. Hypertension.,0x1aedfe000,None,FAIL,100,None,True,,LOC_FAIL,,,,0,0,,
2384,79-year-old male with respiratory failure.,0x1aee7e000,None,FAIL,100,None,True,,LOC_FAIL,,,,0,0,,
2386,Intubation. Respiratory failure.,0x1a3b1d000,None,FAIL,100,None,True,,LOC_FAIL,,,,0,0,,
2387,End stage renal disease. Pneumonia. CHF. AVGG insertion. Dry cough. Former smoker--ceased.,0x1a3b88000,None,FAIL,100,None,True,,LOC_FAIL,,,,0,0,,
2388,"Mid to upper chest pain, smoker, COPD, colon cancer, coronary disease post MI",0x1aebb6000,0x1a7f06000,run-fast@0x1a7f06000,18,False,True,,LOC_MISMATCH,,False,False,0,0,,40.8
2389,Right rib pain x1 month without known injury.,0x1a3090000,None,FAIL,100,None,True,,LOC_FAIL,,,,0,0,,
2392,Vomiting. Cough. Possible aspiration.,0x1a3135000,None,FAIL,100,None,True,,LOC_FAIL,,,,0,0,,
2393,Acute respiratory failure; MI and CABG 3 days ago,0x1a31e4000,None,FAIL,100,None,True,,LOC_FAIL,,,,0,0,,
2394,Left chest pain. Cough. Hypertension. Smoker.,0x1a0702000,None,FAIL,100,None,True,,LOC_FAIL,,,,0,0,,
2396,Shortness of breath history of pulmonary motion 11/6/7,0x13dc23000,None,FAIL,100,None,True,,LOC_FAIL,,,,0,0,,
2398,Right flank and rib pain,0x142b1c000,None,FAIL,100,None,True,,LOC_FAIL,,,,0,0,,
2401,Peripheral central venous catheter placement.,0x143c82000,None,FAIL,100,None,True,,LOC_FAIL,,,,0,0,,
2402,Shortness of breath and fatigue for several months,0x1a0a95000,None,FAIL,100,None,True,,LOC_FAIL,,,,0,0,,
2404,"Shortness of breath, acute bronchitis.",0x1a09ce000,None,FAIL,100,None,True,,LOC_FAIL,,,,0,0,,
2405,"Acute onset of cough, wheezing and dyspnea. Initial encounter.",0x143535000,None,FAIL,100,None,True,,LOC_FAIL,,,,0,0,,
2406,Chest pain for 2 days.,0x1a0d42000,None,FAIL,100,None,True,,LOC_FAIL,,,,0,0,,
2408,Patient complains of shortness of breath. History of COPD and coronary artery disease.,0x1a0ba3000,None,FAIL,100,None,True,,LOC_FAIL,,,,0,0,,
2410,Evaluate pneumothorax.,0x19831a000,None,FAIL,100,None,True,,LOC_FAIL,,,,0,0,,
2413,Cough and congestion. COVID exposure. Wife is COVID positive.,0x195f54000,None,FAIL,100,None,True,,LOC_FAIL,,,,0,0,,
2414,Lung carcinoma. Follow-up pneumothorax.,0x170519000,None,FAIL,100,None,True,,LOC_FAIL,,,,0,0,,
2415,COPD exacerbation.,0x1707b4000,None,FAIL,100,None,True,,LOC_FAIL,,,,0,0,,
2418,"Cough, wheezing, congestion.",0x19fe2c000,None,FAIL,100,None,True,,LOC_FAIL,,,,0,0,,
2424,Short of breath. Chest pain. Asthma.,0x140224000,None,FAIL,100,None,True,,LOC_FAIL,,,,0,0,,
2428,Shortness of breath.. Weakness.,0x144ee7000,None,FAIL,100,None,True,,LOC_FAIL,,,,0,0,,
2433,Chronic shortness of breath with headache cough for 1-2 days,0x13fcad000,None,FAIL,100,None,True,,LOC_FAIL,,,,0,0,,
2434,Shortness of breath and confusion. Nursing home patient.,0x1436b5000,None,FAIL,100,None,True,,LOC_FAIL,,,,0,0,,
2438,"Shortness of breath and productive cough 3 weeks ago and 2 weeks ago. Now having chills, sweats, and dizziness. History of asthma as a child. Smoker.",0x1a064d000,None,FAIL,100,None,True,,LOC_FAIL,,,,0,0,,
2440,"Chest pain, nonproductive cough, sore throat for the past 2 days. Chest pain is felt to be related to the cough.",0x142ee3000,None,FAIL,100,None,True,,LOC_FAIL,,,,0,0,,
2443,Of the chest pain. Short of breath.,0x1a00ef000,None,FAIL,100,None,True,,LOC_FAIL,,,,0,0,,
2446,Weakness. Slight nausea. Short of breath. Smoker.,0x1a0b33000,None,FAIL,100,None,True,,LOC_FAIL,,,,0,0,,
2447,,,,,,,,,GEN_FAIL,,,,,,,
2452,Pneumonia. Shortness of breath. Anemia. Rectal cancer.,0x195d39000,None,FAIL,100,None,True,,LOC_FAIL,,,,0,0,,
2455,,,,,,,,,GEN_FAIL,,,,,,,
2459,Shortness of breath and productive cough for 1 week.,0x143a45000,None,FAIL,160,None,True,,LOC_FAIL,,,,0,0,,
2460,"Shortness of breath, chest pain, cough for 2 weeks",0x1a060a000,None,FAIL,160,None,True,,LOC_FAIL,,,,0,0,,
2461,"Cough, chest pain.",0x1a02e2000,None,FAIL,160,None,True,,LOC_FAIL,,,,0,0,,
2464,,,,,,,,,GEN_FAIL,,,,,,,
2465,This is a 74-year-old female with chest pain.,0x19fda8000,None,FAIL,160,None,True,,LOC_FAIL,,,,0,0,,
2466,,,,,,,,,GEN_FAIL,,,,,,,
2468,Shortness of breath. Weakness. Hypotension. Dementia. Hypertension. Prior CVAs.,0x142b63000,None,FAIL,160,None,True,,LOC_FAIL,,,,0,0,,
2469,Panic attack. Chest pain. Shortness of breath. Tachycardia.,0x1a0295000,None,FAIL,160,None,True,,LOC_FAIL,,,,0,0,,
2472,,,,,,,,,GEN_FAIL,,,,,,,
2476,"Hypoxia, follow up R sided pneumonia",0x19631d000,None,FAIL,160,None,True,,LOC_FAIL,,,,0,0,,
2477,Evaluate central line placement. Respiratory distress.,0x197fe7000,None,FAIL,160,None,True,,LOC_FAIL,,,,0,0,,
2479,"4-month-old with wheezing, congestion and fever.",0x1435cf000,None,FAIL,160,None,True,,LOC_FAIL,,,,0,0,,
2484,,,,,,,,,GEN_FAIL,,,,,,,
2486,,,,,,,,,GEN_FAIL,,,,,,,
2489,"Shortness of breath, admitted as CHF.",0x171711000,None,FAIL,160,None,True,,LOC_FAIL,,,,0,0,,
2496,Diatek catheter placement. Renal failure.,0x142424000,None,FAIL,160,None,True,,LOC_FAIL,,,,0,0,,
2500,Back pain. Right posterior rib pain for 1 week.,0x1406c8000,None,FAIL,160,None,True,,LOC_FAIL,,,,0,0,,
2503,Follow-up pneumonia. Upper GI bleeding.,0x13fcc3000,0x196db7000,run-fast@0x196db7000,57,False,True,,LOC_MISMATCH,,False,False,0,0,,100.2
2505,worsening cough. C/O chronic cough. Worsening over last couple days.,0x140010000,0x196db8000,cache@0x196db8000,2,False,True,,LOC_MISMATCH,,False,False,0,0,,35.7
2506,,,,,,,,,GEN_FAIL,,,,,,,
2507,COPD SOB,0x19ff4c000,None,FAIL,160,None,True,,LOC_FAIL,,,,0,0,,
2508,"Shortness of breath, chest pain for 2 days. Cough. History of asthma.",0x1303a1000,None,FAIL,160,None,True,,LOC_FAIL,,,,0,0,,
2509,Cough. Fell in swimming pool with possible aspiration.,0x1431bf000,None,FAIL,160,None,True,,LOC_FAIL,,,,0,0,,
2510,PICC line placement. Patient pregnant with triplets and funneling cervix.,0x19ff70000,None,FAIL,160,None,True,,LOC_FAIL,,,,0,0,,
2511,Right rib pain for 2 weeks.,0x1a0e2c000,None,FAIL,160,None,True,,LOC_FAIL,,,,0,0,,
2516,"Left axillary rib pain, assault",0x1a0c8c000,None,FAIL,160,None,True,,LOC_FAIL,,,,0,0,,
2517,Respiratory distress in a newborn. Rule out pneumonia or pneumothorax.,0x19f25a000,None,FAIL,145,None,True,,LOC_FAIL,,,,0,0,,
2518,,,,,,,,,GEN_FAIL,,,,,,,
2519,"Respiratory failure, history of left pneumothorax",0x14b406000,None,FAIL,160,None,True,,LOC_FAIL,,,,0,0,,
2520,"Shortness of breath, chest congestion and wheezing.",0x14c699000,None,FAIL,160,None,True,,LOC_FAIL,,,,0,0,,
2523,Chest pain for 1 day.,0x1a3148000,None,FAIL,160,None,True,,LOC_FAIL,,,,0,0,,
2526,,,,,,,,,GEN_FAIL,,,,,,,
2527,Central chest pain after falling onto chest wall 1 week ago,0x13e9c9000,None,FAIL,160,None,True,,LOC_FAIL,,,,0,0,,
2531,Three months of cough. Nonsmoker.,0x1a0618000,0x1a071e000,tail-fast@0x1a071e000,12,False,True,,LOC_MISMATCH,,False,False,0,0,,29.7
2533,Acute central chest pain. Initial encounter.,0x142df0000,None,FAIL,160,None,True,,LOC_FAIL,,,,0,0,,
2536,Right chest tube removed. COVID-19 negative,0x1a0d02000,None,FAIL,160,None,True,,LOC_FAIL,,,,0,0,,
2537,Follow-up pleural effusions.,0x13f969000,None,FAIL,160,None,True,,LOC_FAIL,,,,0,0,,
2538,Cough and shortness of Breath,0x1a05ef000,None,FAIL,160,None,True,,LOC_FAIL,,,,0,0,,
2539,"Shortness of breath, COPD. Flu symptoms.",0x1a07ed000,None,FAIL,160,None,True,,LOC_FAIL,,,,0,0,,
2542,Acute respiratory failure with hypoxemia,0x1a04cf000,None,FAIL,160,None,True,,LOC_FAIL,,,,0,0,,
2545,Chest pain. Shortness of breath. Syncope.,0x140a9a000,None,FAIL,160,None,True,,LOC_FAIL,,,,0,0,,
2546,Chest pain. Palpable right parasternal knot for 2 months.,0x1a09e6000,None,FAIL,160,None,True,,LOC_FAIL,,,,0,0,,
2548,,,,,,,,,GEN_FAIL,,,,,,,
2550,"Chest pain, generalized heavy chest pain, nausea, shortness of breath and headache for 2 days, pain increases at night when lying flat, history hypertension",0x1a088e000,None,FAIL,160,None,True,,LOC_FAIL,,,,0,0,,
2551,"77-year-old male, respiratory failure, anemia, pneumonia.",0x13dd08000,None,FAIL,160,None,True,,LOC_FAIL,,,,0,0,,
2552,,,,,,,,,GEN_FAIL,,,,,,,
2554,"Shortness of breath, cough. Evaluate fluid status.",0x141c87000,None,FAIL,160,None,True,,LOC_FAIL,,,,0,0,,
2555,Respiratory distress rule out pulmonary edema.,0x1419d9000,None,FAIL,160,None,True,,LOC_FAIL,,,,0,0,,
2557,Hypertensive hemorrhage. Central line.,0x13f8b2000,None,FAIL,160,None,True,,LOC_FAIL,,,,0,0,,
2558,,,,,,,,,GEN_FAIL,,,,,,,
