  0%|          | 0.00/9.91M [00:00<?, ?B/s] 86%|████████▌ | 8.52M/9.91M [00:00<00:00, 85.0MB/s]100%|██████████| 9.91M/9.91M [00:00<00:00, 88.5MB/s]
  0%|          | 0.00/28.9k [00:00<?, ?B/s]100%|██████████| 28.9k/28.9k [00:00<00:00, 4.13MB/s]
  0%|          | 0.00/1.65M [00:00<?, ?B/s]100%|██████████| 1.65M/1.65M [00:00<00:00, 34.2MB/s]
  0%|          | 0.00/4.54k [00:00<?, ?B/s]100%|██████████| 4.54k/4.54k [00:00<00:00, 19.2MB/s]
[Train] batch 0 GPA: 0x0000000307ba0000
[TS] batch0/input: write_done_realtime_ns=1787618474257579675
[GT] batch0 labels=[5, 7, 9, 4, 3, 9, 3, 9, 1, 6, 5, 5, 7, 2, 6, 3, 9, 5, 9, 4, 7, 5, 2, 8, 9, 1, 3, 4, 3, 6, 1, 8, 5, 8, 8, 1, 5, 9, 2, 3, 8, 8, 4, 2, 9, 8, 2, 7, 6, 4, 1, 1, 2, 2, 5, 1, 1, 7, 3, 4, 0, 2, 5, 5] indices=[8975, 45053, 47588, 16068, 10865, 46651, 39317, 15167, 27465, 47383, 21034, 39208, 9606, 9780, 11348, 18218, 33974, 46365, 40485, 22584, 37001, 1433, 3647, 17672, 48524, 53468, 51343, 38619, 17038, 43592, 25842, 25715, 52257, 45954, 6533, 24122, 58569, 15433, 46197, 6904, 51785, 30268, 33415, 56467, 14647, 53556, 52501, 53843, 7273, 52015, 16988, 41247, 37580, 28, 28267, 31318, 39160, 25444, 24356, 15682, 35175, 38665, 29771, 11785]
Train Epoch: 1 [0/60000 (0%)]	Loss: 2.299823
[Train] batch 1 GPA: 0x000000038da01400
[TS] batch1/input: write_done_realtime_ns=1787618474927703748
[GT] batch1 labels=[8, 0, 2, 4, 5, 1, 4, 0, 3, 4, 6, 7, 6, 7, 9, 3, 5, 5, 0, 9, 6, 1, 0, 6, 2, 4, 4, 3, 1, 9, 0, 3, 1, 3, 9, 0, 6, 6, 8, 8, 2, 7, 2, 2, 4, 5, 5, 0, 1, 6, 8, 7, 2, 5, 1, 1, 8, 7, 2, 0, 5, 1, 1, 8] indices=[8536, 14430, 22104, 10311, 17201, 676, 32830, 16221, 41929, 54017, 36996, 38916, 21061, 30913, 19992, 8684, 35310, 23825, 9257, 57469, 2741, 51188, 2245, 44358, 30794, 11024, 16312, 3033, 49876, 40857, 6611, 46532, 36273, 45079, 24300, 26241, 22758, 3572, 1434, 21730, 6639, 32844, 40513, 12404, 17091, 18573, 37249, 37408, 1450, 5576, 9154, 34386, 2205, 22729, 45703, 8705, 32181, 56670, 43430, 29243, 47622, 56384, 54974, 14831]
[Train] batch 2 GPA: 0x000000038da18a00
[TS] batch2/input: write_done_realtime_ns=1787618474935334070
[GT] batch2 labels=[1, 4, 3, 8, 9, 1, 3, 8, 0, 9, 0, 9, 2, 9, 4, 8, 0, 8, 6, 3, 9, 9, 7, 4, 9, 2, 7, 8, 1, 0, 7, 5, 8, 0, 5, 7, 4, 0, 5, 7, 2, 4, 9, 9, 9, 8, 2, 9, 0, 2, 8, 3, 2, 8, 0, 0, 1, 1, 4, 0, 1, 1, 5, 6] indices=[2695, 57146, 25789, 57045, 27107, 47429, 26156, 528, 29695, 13806, 21736, 6842, 30580, 34489, 9634, 42442, 20215, 59581, 46538, 695, 55711, 18441, 11159, 48876, 1370, 390, 41941, 47892, 13649, 25290, 15718, 25335, 8213, 18278, 42680, 46341, 47326, 22265, 34984, 10377, 48822, 4410, 39331, 41162, 32672, 52390, 2875, 3310, 40171, 7414, 42832, 25454, 52677, 32011, 56140, 49310, 35427, 33369, 50411, 27638, 28322, 50682, 23870, 44715]
[Train] batch 3 GPA: 0x000000038da01400
[TS] batch3/input: write_done_realtime_ns=1787618474946068831
[GT] batch3 labels=[5, 4, 9, 1, 3, 0, 0, 7, 0, 3, 5, 8, 2, 0, 4, 0, 8, 6, 1, 8, 0, 1, 5, 3, 0, 1, 2, 3, 4, 1, 4, 3, 1, 6, 5, 5, 1, 0, 1, 7, 1, 8, 6, 4, 5, 5, 2, 0, 2, 2, 4, 4, 3, 6, 2, 4, 2, 7, 1, 6, 3, 9, 8, 9] indices=[38433, 27424, 20767, 26125, 52543, 5342, 53344, 58450, 16787, 74, 28717, 19237, 44611, 54939, 3399, 13926, 20807, 52100, 59010, 53517, 19584, 54579, 26143, 17734, 48412, 57979, 20715, 56697, 44636, 16651, 44459, 45862, 15380, 42143, 57662, 25958, 39012, 50876, 47407, 27507, 408, 25859, 13224, 50009, 33349, 13331, 39031, 40471, 2626, 50315, 30921, 54895, 10520, 21728, 10354, 5735, 16198, 52786, 12734, 13881, 58550, 41219, 21805, 42376]
[Train] batch 4 GPA: 0x000000038da18a00
[TS] batch4/input: write_done_realtime_ns=1787618474961438554
[GT] batch4 labels=[5, 2, 8, 8, 9, 3, 5, 6, 4, 8, 8, 1, 5, 1, 1, 7, 2, 6, 9, 2, 0, 5, 6, 3, 0, 4, 1, 4, 0, 9, 4, 8, 0, 5, 6, 0, 8, 4, 2, 1, 7, 1, 1, 0, 4, 7, 0, 2, 3, 3, 2, 7, 7, 4, 3, 3, 3, 1, 9, 6, 7, 9, 8, 7] indices=[23996, 44455, 26616, 17924, 17152, 11284, 56658, 36175, 44921, 50074, 49901, 2794, 32060, 33628, 30366, 56028, 10024, 39337, 46714, 58019, 9296, 23211, 19274, 58163, 53573, 23174, 46782, 50090, 8509, 42882, 53985, 19650, 25987, 34365, 11952, 28131, 47989, 18473, 3064, 59028, 58118, 31348, 47019, 58073, 12197, 43821, 11022, 5400, 5588, 20941, 57105, 8849, 50796, 19233, 36005, 4658, 3651, 57711, 50724, 22806, 24094, 2312, 44041, 49540]
[Train] batch 5 GPA: 0x000000038da01400
[TS] batch5/input: write_done_realtime_ns=1787618474982045584
[GT] batch5 labels=[9, 2, 8, 8, 7, 3, 3, 6, 3, 2, 7, 3, 3, 9, 7, 3, 4, 9, 4, 6, 4, 3, 1, 8, 6, 2, 4, 4, 7, 4, 1, 7, 2, 7, 6, 8, 8, 2, 9, 2, 5, 8, 9, 0, 9, 2, 9, 7, 2, 5, 8, 7, 3, 6, 4, 6, 3, 6, 7, 2, 6, 7, 7, 2] indices=[14681, 22620, 4258, 15941, 57763, 30229, 48781, 46859, 51871, 14063, 11689, 21370, 13127, 53250, 7866, 49912, 43636, 39286, 22071, 58224, 35926, 12108, 59391, 8303, 33159, 854, 25197, 27365, 32441, 9116, 9609, 48341, 8342, 4794, 40034, 10927, 40893, 58244, 24956, 36553, 42687, 59612, 34248, 46818, 59939, 27311, 19995, 5206, 19321, 59400, 368, 4925, 28773, 6150, 10633, 12262, 8773, 11289, 49554, 55049, 28817, 40742, 51322, 57605]
[Train] batch 6 GPA: 0x000000038da18a00
[TS] batch6/input: write_done_realtime_ns=1787618474996587486
[GT] batch6 labels=[3, 4, 7, 9, 6, 3, 2, 2, 2, 9, 5, 1, 5, 6, 9, 5, 6, 5, 6, 3, 6, 6, 9, 8, 9, 1, 4, 1, 3, 4, 1, 9, 5, 2, 6, 1, 4, 7, 3, 0, 0, 4, 8, 1, 9, 8, 2, 1, 8, 0, 4, 0, 7, 9, 0, 7, 1, 2, 2, 3, 8, 3, 0, 8] indices=[11377, 41068, 29099, 40528, 18625, 31395, 26646, 22922, 1609, 45381, 751, 8823, 38801, 8357, 20434, 16733, 18336, 27963, 38192, 46247, 49139, 51219, 33215, 49808, 35283, 49807, 30422, 15696, 8228, 46325, 7821, 28446, 15834, 29496, 17788, 398, 15876, 15554, 49948, 4744, 11887, 8239, 21421, 34926, 54586, 7076, 13722, 184, 36114, 24345, 32442, 10563, 23360, 29318, 596, 5367, 42786, 18318, 36775, 7966, 46650, 5621, 59898, 11444]
[Train] batch 7 GPA: 0x000000038da01400
[TS] batch7/input: write_done_realtime_ns=1787618475011056829
[GT] batch7 labels=[8, 6, 8, 3, 5, 2, 6, 3, 2, 8, 1, 8, 5, 7, 5, 0, 5, 1, 2, 4, 6, 9, 9, 7, 5, 4, 7, 7, 4, 5, 9, 9, 6, 7, 7, 9, 0, 0, 3, 4, 4, 5, 4, 9, 4, 3, 5, 8, 3, 7, 0, 4, 0, 8, 3, 2, 8, 5, 6, 2, 3, 0, 7, 9] indices=[30985, 33227, 14908, 43466, 44621, 17202, 5889, 1924, 16527, 4700, 38207, 51105, 8779, 15106, 29156, 35067, 23312, 11440, 46288, 16856, 33886, 21510, 26214, 4296, 55164, 24530, 32289, 27868, 27588, 26451, 29379, 27004, 41790, 7277, 5818, 44044, 34064, 59372, 57679, 22418, 29588, 55212, 34192, 17186, 10670, 33908, 44793, 30416, 49638, 1871, 14445, 56676, 31043, 52954, 53943, 25902, 58233, 21532, 31620, 47610, 5611, 32846, 16016, 53505]
[Train] batch 8 GPA: 0x000000038da18a00
[TS] batch8/input: write_done_realtime_ns=1787618475025641580
[GT] batch8 labels=[0, 4, 4, 8, 6, 0, 8, 5, 7, 2, 8, 8, 2, 4, 9, 9, 2, 5, 4, 5, 7, 9, 9, 0, 6, 3, 4, 0, 7, 2, 8, 7, 6, 6, 6, 7, 5, 1, 9, 6, 7, 6, 9, 5, 6, 7, 4, 0, 3, 8, 0, 7, 3, 7, 8, 9, 2, 2, 4, 9, 1, 8, 4, 3] indices=[31015, 45153, 7914, 1788, 22969, 7135, 6152, 20381, 43279, 30569, 8659, 3489, 4509, 6652, 42059, 57294, 41087, 610, 36296, 17584, 8353, 38880, 48186, 59272, 6387, 21524, 58003, 4713, 2380, 8952, 1105, 16304, 18381, 26884, 54068, 10986, 38798, 51671, 46870, 59008, 54691, 50776, 50528, 10277, 34393, 30201, 6669, 35963, 44837, 6243, 15505, 46466, 6420, 34032, 35577, 53166, 35023, 49248, 58420, 974, 4553, 20339, 12438, 9915]
[Train] batch 9 GPA: 0x000000038da01400
[TS] batch9/input: write_done_realtime_ns=1787618475040174972
[GT] batch9 labels=[3, 6, 3, 0, 3, 7, 2, 4, 0, 1, 0, 5, 5, 8, 6, 1, 7, 0, 4, 2, 6, 1, 4, 2, 3, 7, 2, 6, 3, 5, 9, 1, 8, 8, 9, 5, 9, 3, 9, 1, 2, 0, 6, 2, 6, 5, 7, 6, 0, 4, 8, 9, 7, 9, 4, 3, 5, 2, 8, 0, 8, 8, 6, 8] indices=[48233, 36857, 56621, 32459, 18044, 42828, 42373, 56379, 10120, 44038, 50492, 57853, 35171, 45481, 53111, 22656, 8182, 17314, 18607, 5647, 17843, 30509, 48235, 30530, 7582, 44239, 23410, 17996, 51816, 51844, 12320, 52668, 5119, 32971, 25237, 37119, 51284, 39325, 31659, 10568, 41702, 7985, 16088, 47273, 54523, 47707, 1608, 21961, 43074, 22535, 23729, 31798, 39643, 4824, 26288, 49955, 40182, 25238, 4357, 23521, 48162, 59967, 4886, 36199]
[Train] batch 10 GPA: 0x000000038da18a00
[TS] batch10/input: write_done_realtime_ns=1787618475054311328
[GT] batch10 labels=[7, 4, 9, 7, 1, 2, 3, 2, 0, 1, 6, 1, 6, 1, 1, 3, 2, 5, 7, 2, 7, 7, 2, 9, 9, 7, 0, 9, 3, 7, 1, 6, 3, 0, 3, 5, 7, 8, 2, 6, 9, 2, 8, 8, 3, 7, 4, 3, 6, 4, 1, 4, 2, 7, 3, 0, 7, 4, 8, 9, 8, 6, 9, 6] indices=[49458, 26192, 50562, 45329, 26059, 15731, 20378, 49158, 8000, 40101, 40845, 58008, 6553, 50225, 26531, 16510, 37320, 3385, 24140, 53269, 11400, 23571, 35198, 33129, 11903, 52137, 23124, 1056, 48336, 1513, 41238, 19298, 34293, 19292, 59467, 39021, 29325, 33476, 58135, 15780, 42577, 42866, 31721, 32161, 54735, 24259, 16874, 157, 52062, 53205, 8895, 17045, 49908, 12774, 24369, 40825, 12511, 19922, 46216, 35556, 52485, 49593, 23515, 32866]
Train Epoch: 1 [640/60000 (1%)]	Loss: 1.734673
[Train] batch 11 GPA: 0x000000038da01400
[TS] batch11/input: write_done_realtime_ns=1787618475068584403
[GT] batch11 labels=[9, 0, 6, 9, 5, 9, 7, 0, 8, 7, 1, 8, 3, 1, 7, 4, 7, 0, 9, 1, 9, 3, 1, 3, 8, 3, 8, 3, 4, 8, 5, 2, 5, 3, 6, 2, 1, 3, 5, 4, 8, 7, 3, 4, 7, 2, 3, 9, 2, 1, 8, 7, 6, 5, 2, 7, 6, 3, 7, 4, 1, 4, 3, 8] indices=[15162, 2996, 15483, 39234, 16832, 57657, 46957, 57162, 56412, 46636, 40744, 52583, 34660, 19626, 50553, 33551, 45059, 22453, 18131, 37882, 28463, 56495, 1697, 52300, 57352, 20423, 14173, 45848, 21888, 28503, 31891, 52802, 8988, 52871, 32929, 54408, 4810, 7058, 48576, 27495, 45351, 4571, 9268, 11463, 45492, 38406, 27419, 16152, 35240, 54384, 57087, 41054, 21294, 54525, 14121, 3343, 51676, 52747, 14601, 51081, 8575, 11692, 6667, 45679]
[Train] batch 12 GPA: 0x000000038da18a00
[TS] batch12/input: write_done_realtime_ns=1787618475082613640
[GT] batch12 labels=[5, 0, 5, 3, 4, 6, 1, 5, 6, 3, 2, 5, 7, 6, 6, 6, 1, 5, 6, 2, 8, 5, 7, 4, 3, 7, 3, 1, 9, 4, 0, 6, 6, 0, 9, 3, 3, 2, 9, 3, 4, 7, 3, 6, 1, 6, 4, 0, 3, 2, 6, 1, 7, 2, 6, 4, 9, 8, 9, 8, 2, 9, 2, 3] indices=[30761, 55917, 57821, 49404, 6193, 55725, 13283, 18719, 47891, 52773, 14569, 19035, 43381, 49216, 59876, 47877, 30486, 49038, 48760, 42934, 46584, 22783, 39517, 10845, 27248, 18449, 20540, 57749, 41942, 36977, 55023, 19021, 34220, 9695, 22116, 20167, 20362, 41004, 45244, 10666, 46754, 36546, 48732, 1159, 21019, 34049, 59047, 27820, 5573, 3342, 55590, 24168, 5568, 27475, 6246, 45950, 34377, 53651, 36004, 45326, 23089, 59644, 3853, 12709]
[Train] batch 13 GPA: 0x000000038da01400
[TS] batch13/input: write_done_realtime_ns=1787618475096616898
[GT] batch13 labels=[4, 8, 8, 7, 0, 8, 7, 4, 2, 9, 7, 3, 2, 3, 5, 9, 6, 9, 4, 5, 1, 6, 1, 7, 9, 6, 0, 7, 4, 4, 1, 1, 8, 2, 0, 1, 7, 6, 8, 9, 1, 5, 3, 3, 8, 5, 3, 7, 0, 9, 9, 0, 2, 6, 6, 4, 7, 4, 5, 1, 1, 2, 4, 8] indices=[21490, 240, 45313, 28562, 44558, 21383, 19509, 17250, 14005, 4879, 14395, 25071, 59577, 28343, 6929, 3678, 51295, 51930, 43370, 9951, 37232, 56182, 50292, 8044, 21969, 49879, 49220, 918, 25154, 44594, 43714, 54388, 36219, 6780, 23679, 11995, 47511, 11098, 59235, 16350, 32138, 29204, 35491, 4996, 11904, 59889, 49286, 35337, 51041, 1177, 43765, 48350, 24226, 11985, 55066, 18190, 42763, 34971, 9367, 6822, 11262, 42309, 10964, 33273]
[Train] batch 14 GPA: 0x000000038da18a00
[TS] batch14/input: write_done_realtime_ns=1787618475110540785
[GT] batch14 labels=[8, 0, 0, 8, 6, 1, 8, 0, 7, 7, 1, 4, 3, 8, 6, 7, 7, 6, 4, 3, 1, 3, 1, 4, 1, 5, 1, 8, 4, 7, 2, 5, 1, 2, 4, 7, 6, 5, 9, 9, 4, 0, 4, 6, 2, 8, 8, 8, 1, 0, 5, 4, 1, 6, 3, 9, 4, 2, 9, 7, 0, 6, 7, 5] indices=[876, 51533, 11654, 27995, 33429, 28521, 52881, 58500, 23271, 14475, 55740, 54376, 49378, 11586, 34060, 12453, 22301, 53969, 58621, 25033, 45579, 40463, 53016, 22482, 5176, 40930, 54393, 24578, 12935, 54643, 35909, 25913, 59364, 12385, 36394, 20218, 22814, 54562, 54039, 49386, 25050, 39746, 27196, 40917, 29176, 43008, 32468, 4058, 5601, 27637, 57028, 39375, 16805, 27169, 58227, 35189, 166, 732, 20170, 3505, 5461, 5329, 20883, 44148]
[Train] batch 15 GPA: 0x000000038da01400
[TS] batch15/input: write_done_realtime_ns=1787618475124695971
[GT] batch15 labels=[3, 4, 2, 2, 7, 4, 4, 0, 1, 4, 2, 1, 5, 5, 3, 9, 1, 1, 4, 5, 5, 0, 2, 6, 1, 3, 4, 1, 6, 9, 5, 0, 4, 0, 3, 8, 3, 2, 8, 0, 3, 8, 8, 0, 8, 9, 9, 9, 7, 4, 2, 1, 2, 3, 9, 5, 2, 0, 0, 1, 6, 9, 3, 6] indices=[5640, 19813, 44672, 51262, 56983, 42018, 41913, 12239, 49786, 23801, 33695, 57505, 31287, 15975, 36287, 33329, 28133, 41897, 25380, 4820, 12637, 44518, 41398, 54661, 42874, 55851, 32310, 52492, 36129, 50967, 38932, 45812, 31163, 52941, 28157, 28710, 22835, 1988, 11823, 32184, 5086, 19182, 33387, 51685, 39432, 9949, 39030, 46907, 42023, 14652, 8411, 28035, 51517, 433, 29369, 44014, 50478, 17466, 30827, 15473, 32219, 46609, 29823, 56692]
[Train] batch 16 GPA: 0x000000038da18a00
[TS] batch16/input: write_done_realtime_ns=1787618475138614729
[GT] batch16 labels=[4, 0, 9, 3, 3, 5, 8, 4, 0, 3, 3, 4, 7, 2, 0, 8, 2, 9, 9, 3, 5, 0, 4, 5, 4, 2, 0, 1, 2, 2, 5, 6, 8, 6, 8, 8, 9, 1, 2, 9, 5, 3, 7, 2, 9, 3, 1, 0, 5, 4, 0, 7, 5, 8, 9, 3, 6, 0, 2, 7, 5, 7, 3, 7] indices=[18436, 26197, 10004, 17192, 51695, 14544, 6187, 35098, 30222, 59016, 42355, 2360, 17789, 10657, 2340, 31800, 38879, 21445, 56807, 37022, 28491, 5321, 55529, 52172, 46568, 10978, 40179, 3427, 15905, 989, 7276, 26342, 39395, 52233, 20639, 11028, 38369, 2136, 17992, 24305, 8320, 20080, 2417, 26718, 48964, 29181, 24737, 35157, 20109, 3946, 21266, 51465, 38773, 12857, 50439, 28441, 36743, 39044, 9658, 48829, 42652, 55090, 26412, 41113]
[Train] batch 17 GPA: 0x000000038da01400
[TS] batch17/input: write_done_realtime_ns=1787618475153579237
[GT] batch17 labels=[2, 0, 1, 8, 2, 5, 7, 4, 9, 0, 9, 5, 6, 7, 2, 5, 8, 8, 2, 5, 8, 9, 9, 8, 1, 7, 7, 0, 5, 9, 9, 6, 3, 6, 9, 6, 5, 9, 8, 2, 8, 7, 7, 8, 5, 9, 0, 3, 1, 1, 7, 9, 0, 8, 7, 7, 3, 5, 6, 6, 2, 9, 6, 2] indices=[57831, 42896, 24293, 22274, 4165, 3558, 11088, 48880, 10929, 54012, 33422, 42237, 46049, 32980, 34056, 653, 33780, 56019, 14633, 3768, 53660, 40269, 34123, 24301, 44493, 9854, 11334, 31695, 21530, 13358, 10614, 18702, 54534, 50865, 17234, 46559, 29037, 45700, 32473, 4955, 35323, 24964, 3914, 8431, 9326, 13797, 37977, 28913, 32367, 12664, 58517, 2247, 37382, 39604, 46361, 30065, 30124, 44910, 9745, 32003, 40416, 59857, 51528, 37437]
[Train] batch 18 GPA: 0x000000038da18a00
[TS] batch18/input: write_done_realtime_ns=1787618475167441885
[GT] batch18 labels=[4, 4, 5, 2, 5, 0, 0, 7, 2, 2, 9, 2, 5, 0, 5, 7, 8, 6, 7, 2, 6, 2, 4, 8, 4, 1, 3, 5, 3, 3, 5, 7, 3, 9, 9, 1, 6, 0, 0, 7, 1, 2, 8, 4, 6, 2, 1, 7, 6, 7, 3, 3, 6, 2, 3, 8, 1, 5, 5, 6, 5, 7, 6, 3] indices=[53222, 51383, 10791, 26562, 53268, 34471, 1742, 43686, 43113, 26522, 34569, 42916, 31779, 41810, 16092, 21603, 58058, 42730, 10533, 16638, 56044, 385, 58105, 12066, 46333, 37741, 11301, 47319, 38804, 19863, 28974, 17053, 54730, 33155, 10516, 919, 3767, 16305, 44723, 27199, 30475, 24206, 28188, 40025, 40023, 49993, 17638, 43401, 21832, 16248, 41212, 49809, 3939, 31216, 41507, 40233, 30512, 36015, 55903, 53175, 43772, 44957, 5849, 21320]
[Train] batch 19 GPA: 0x000000038da01400
[TS] batch19/input: write_done_realtime_ns=1787618475181385094
[GT] batch19 labels=[8, 8, 9, 8, 7, 1, 0, 7, 5, 7, 0, 1, 6, 1, 3, 1, 5, 1, 4, 1, 0, 1, 1, 3, 5, 3, 3, 6, 2, 8, 3, 9, 5, 0, 5, 7, 4, 6, 4, 1, 4, 4, 0, 1, 0, 5, 8, 5, 3, 4, 9, 5, 8, 2, 3, 1, 4, 1, 4, 9, 4, 5, 5, 2] indices=[55182, 14170, 36497, 32279, 14594, 50647, 53185, 23267, 47412, 7950, 15169, 38965, 35718, 37463, 3824, 37433, 54142, 23353, 36938, 57095, 30413, 4950, 47551, 6662, 37380, 18243, 47834, 2657, 59788, 9164, 29972, 2696, 48847, 13547, 43233, 31964, 51338, 44649, 25884, 48464, 19252, 21951, 27658, 26747, 22213, 55708, 43109, 30766, 18004, 17141, 56205, 55184, 40245, 36423, 21325, 34169, 25100, 40605, 59647, 24741, 12595, 37983, 54868, 48799]
[Train] batch 20 GPA: 0x000000038da18a00
[TS] batch20/input: write_done_realtime_ns=1787618475195086974
[GT] batch20 labels=[0, 7, 9, 8, 9, 2, 2, 4, 7, 1, 6, 7, 5, 4, 5, 2, 1, 3, 9, 7, 3, 4, 6, 6, 3, 5, 8, 1, 8, 8, 1, 2, 6, 0, 8, 3, 0, 5, 1, 6, 7, 9, 6, 8, 7, 5, 0, 2, 0, 9, 5, 0, 0, 1, 5, 4, 3, 8, 1, 6, 4, 6, 6, 7] indices=[34582, 40419, 48297, 26203, 33402, 34718, 2010, 43073, 13915, 26802, 33341, 19172, 49476, 10262, 32348, 23460, 3111, 31868, 43660, 17017, 19263, 33708, 36067, 23622, 49183, 33013, 49438, 38769, 1856, 54705, 24924, 50773, 8488, 19080, 52430, 21116, 24525, 39573, 28292, 1985, 47633, 57796, 11363, 56056, 426, 4062, 3391, 8670, 52428, 39942, 58471, 20886, 22511, 29673, 33206, 5322, 31065, 34313, 8778, 18667, 40288, 42490, 58629, 505]
Train Epoch: 1 [1280/60000 (2%)]	Loss: 0.933082
[Train] batch 21 GPA: 0x000000038da01400
[TS] batch21/input: write_done_realtime_ns=1787618475209027461
[GT] batch21 labels=[5, 9, 5, 2, 7, 8, 1, 9, 8, 7, 4, 4, 1, 0, 3, 7, 3, 2, 1, 2, 5, 1, 9, 2, 3, 1, 9, 0, 3, 8, 7, 9, 4, 3, 1, 2, 2, 8, 3, 3, 7, 5, 6, 0, 4, 5, 3, 3, 7, 1, 9, 9, 0, 9, 1, 2, 7, 7, 1, 7, 9, 3, 9, 1] indices=[57271, 2351, 37300, 15982, 54887, 58518, 17035, 4362, 54656, 44787, 32719, 45740, 44569, 10372, 47426, 44940, 58399, 40562, 45546, 4204, 16405, 2870, 44403, 40037, 13093, 43316, 44687, 18921, 39461, 39841, 48593, 29328, 46711, 10756, 13475, 38261, 52762, 20945, 24251, 55966, 20969, 25659, 25241, 10026, 48123, 27375, 25091, 24448, 59988, 25189, 41081, 11580, 45115, 20202, 57433, 53373, 27756, 3463, 54947, 6259, 11385, 18001, 59604, 37061]
[Train] batch 22 GPA: 0x000000038da18a00
[TS] batch22/input: write_done_realtime_ns=1787618475222815291
[GT] batch22 labels=[9, 6, 7, 0, 0, 2, 9, 0, 4, 3, 0, 7, 3, 3, 1, 0, 3, 0, 7, 4, 7, 2, 6, 8, 5, 7, 5, 7, 4, 4, 1, 9, 1, 7, 1, 4, 8, 0, 0, 3, 1, 2, 3, 1, 8, 9, 5, 1, 6, 9, 5, 3, 6, 3, 2, 0, 4, 8, 2, 9, 0, 8, 0, 2] indices=[20389, 32839, 995, 53982, 37663, 30309, 47987, 20174, 55948, 46070, 56775, 17140, 8498, 49810, 36536, 8147, 40068, 52613, 5546, 49920, 3253, 54894, 50220, 28498, 23827, 13329, 30837, 50143, 31224, 11916, 39217, 54085, 5833, 20720, 35435, 12019, 1966, 3107, 58726, 33161, 35586, 13310, 39184, 28831, 17602, 8484, 5453, 25703, 2093, 3967, 46599, 44035, 45104, 20009, 14429, 1209, 34780, 24027, 12985, 33255, 26258, 18674, 33641, 30122]
[Train] batch 23 GPA: 0x000000038da01400
[TS] batch23/input: write_done_realtime_ns=1787618475236539972
[GT] batch23 labels=[5, 2, 8, 2, 1, 0, 3, 1, 4, 0, 0, 1, 6, 0, 6, 4, 5, 0, 1, 1, 7, 0, 3, 1, 8, 9, 3, 9, 0, 3, 9, 7, 7, 8, 9, 5, 2, 3, 7, 0, 8, 8, 3, 1, 4, 5, 9, 4, 1, 5, 9, 8, 8, 1, 5, 2, 5, 6, 2, 5, 2, 0, 8, 5] indices=[41498, 42135, 36054, 22742, 35798, 56489, 42199, 15612, 56784, 28466, 14461, 25918, 449, 46896, 2474, 34348, 46307, 10242, 42242, 58876, 84, 55253, 30193, 45433, 16382, 49608, 242, 5017, 8304, 5388, 7946, 30359, 54971, 43242, 42457, 52284, 10367, 59512, 59405, 58599, 47030, 50790, 32114, 30592, 16706, 36804, 13791, 32683, 31556, 35570, 41369, 46738, 27851, 43369, 48572, 35356, 39132, 32701, 54355, 22647, 44424, 9994, 41271, 27877]
[Train] batch 24 GPA: 0x000000038da18a00
[TS] batch24/input: write_done_realtime_ns=1787618475250335300
[GT] batch24 labels=[9, 3, 2, 8, 4, 7, 4, 4, 3, 4, 0, 6, 4, 5, 7, 4, 9, 3, 3, 4, 7, 2, 2, 2, 0, 8, 0, 5, 0, 8, 9, 4, 1, 0, 7, 4, 5, 5, 4, 0, 5, 2, 3, 0, 8, 6, 0, 8, 1, 2, 3, 2, 8, 8, 2, 3, 9, 4, 8, 6, 6, 6, 3, 9] indices=[13742, 715, 4805, 12594, 51071, 12678, 289, 45761, 31627, 59451, 24706, 19896, 25175, 18882, 40794, 1842, 12202, 8794, 12780, 11283, 47504, 47254, 21652, 13381, 19325, 7453, 41989, 43856, 15965, 50660, 8015, 53974, 27751, 50235, 35636, 29827, 56246, 12157, 3388, 28108, 57311, 36868, 9639, 51299, 51897, 26735, 38605, 46776, 43269, 14901, 5190, 54456, 47857, 36745, 40589, 43942, 17501, 20082, 52072, 24242, 1303, 12596, 14825, 3099]
[Train] batch 25 GPA: 0x000000038da01400
[TS] batch25/input: write_done_realtime_ns=1787618475264025900
[GT] batch25 labels=[3, 0, 9, 6, 2, 8, 7, 6, 6, 5, 7, 6, 3, 4, 2, 3, 0, 5, 9, 0, 6, 4, 4, 9, 4, 7, 6, 8, 2, 5, 4, 8, 5, 7, 8, 0, 3, 3, 2, 8, 2, 4, 6, 7, 7, 5, 8, 1, 5, 9, 2, 1, 7, 2, 4, 0, 6, 9, 6, 0, 3, 0, 7, 8] indices=[36917, 35516, 45739, 59226, 43895, 56523, 36052, 3717, 40395, 35397, 617, 4059, 6632, 38229, 25157, 59624, 30665, 59662, 54647, 1517, 19095, 42711, 31025, 1820, 48890, 24372, 9210, 18310, 1841, 26030, 18724, 45585, 56032, 25578, 57093, 12796, 10453, 23029, 22407, 13152, 30228, 44251, 51535, 41002, 52736, 16374, 5112, 50855, 6264, 38030, 45920, 22502, 29694, 42308, 40402, 47396, 3172, 18193, 22277, 39220, 44457, 59681, 33241, 37185]
[Train] batch 26 GPA: 0x000000038da18a00
[TS] batch26/input: write_done_realtime_ns=1787618475277878580
[GT] batch26 labels=[4, 7, 4, 3, 8, 4, 6, 7, 0, 1, 3, 2, 8, 0, 2, 9, 2, 3, 2, 6, 2, 1, 1, 0, 5, 2, 4, 9, 5, 8, 2, 0, 5, 2, 3, 0, 3, 2, 2, 4, 6, 6, 3, 8, 9, 3, 1, 7, 9, 9, 4, 2, 9, 0, 3, 8, 2, 9, 0, 0, 8, 3, 7, 0] indices=[40970, 27862, 46843, 35366, 47093, 4896, 10917, 49364, 39457, 42601, 8976, 20179, 31298, 6367, 22635, 12965, 17087, 38281, 24418, 51480, 40597, 45683, 1831, 50328, 22396, 33290, 45550, 16884, 23918, 45576, 45998, 14971, 3539, 32779, 41619, 52928, 49249, 26325, 46546, 16947, 49109, 48278, 2720, 15532, 23084, 16689, 6020, 34233, 14497, 50169, 38957, 58896, 44043, 59165, 27570, 52050, 44247, 35358, 57120, 38808, 44002, 42212, 44853, 22152]
[Train] batch 27 GPA: 0x000000038da01400
[TS] batch27/input: write_done_realtime_ns=1787618475291489691
[GT] batch27 labels=[2, 9, 1, 5, 3, 3, 8, 3, 4, 6, 0, 4, 4, 9, 2, 1, 6, 1, 2, 2, 4, 1, 4, 8, 5, 0, 4, 7, 9, 8, 7, 6, 2, 5, 3, 7, 2, 0, 1, 8, 6, 9, 4, 4, 7, 4, 5, 8, 7, 4, 8, 8, 7, 9, 6, 1, 7, 2, 3, 2, 7, 2, 7, 9] indices=[59816, 43210, 38039, 12487, 3995, 7162, 42259, 12583, 37388, 29728, 48602, 56564, 47627, 46985, 20078, 37330, 26657, 41076, 10805, 39561, 9245, 23240, 29792, 1064, 44003, 3929, 38603, 13515, 22664, 54268, 39676, 50781, 57910, 19089, 49435, 2814, 18213, 35646, 36955, 33771, 23533, 24991, 38173, 21246, 13416, 55516, 29696, 17675, 3081, 54279, 51163, 202, 9999, 37062, 37208, 3567, 29984, 47973, 760, 27787, 1739, 52271, 5912, 41761]
[Train] batch 28 GPA: 0x000000038da18a00
[TS] batch28/input: write_done_realtime_ns=1787618475305205941
[GT] batch28 labels=[3, 3, 0, 1, 6, 3, 9, 9, 9, 9, 7, 6, 5, 1, 7, 7, 8, 5, 9, 8, 0, 9, 5, 2, 0, 9, 6, 9, 8, 9, 9, 2, 0, 9, 8, 7, 2, 4, 0, 1, 8, 0, 9, 3, 1, 8, 0, 3, 1, 6, 3, 6, 7, 9, 3, 5, 3, 7, 9, 7, 3, 1, 9, 8] indices=[5193, 25630, 47073, 1734, 42420, 33590, 59858, 32152, 51455, 32898, 38304, 44517, 39689, 32486, 26091, 35834, 48540, 36756, 15079, 52080, 50820, 27710, 39158, 18776, 46227, 52714, 14330, 36808, 33388, 56742, 31480, 57628, 43387, 19109, 16486, 15199, 56088, 54777, 15828, 4976, 6353, 31753, 20513, 33351, 49504, 58880, 43265, 24281, 5304, 53828, 48981, 28912, 13064, 23100, 59643, 44924, 37524, 11757, 34790, 911, 15572, 42859, 29010, 32948]
[Train] batch 29 GPA: 0x000000038da01400
[TS] batch29/input: write_done_realtime_ns=1787618475318929552
[GT] batch29 labels=[9, 8, 8, 7, 5, 5, 4, 7, 6, 9, 0, 4, 4, 3, 4, 3, 2, 1, 9, 7, 1, 6, 8, 4, 6, 5, 8, 3, 1, 9, 1, 7, 8, 4, 5, 2, 5, 6, 9, 7, 7, 7, 2, 8, 0, 3, 2, 7, 6, 2, 9, 7, 9, 3, 4, 1, 0, 7, 0, 0, 5, 2, 6, 6] indices=[29822, 12308, 24720, 50872, 56586, 45222, 33574, 41851, 21392, 49219, 12337, 15092, 49700, 44350, 37603, 42186, 19271, 24267, 28665, 40837, 56779, 56963, 23161, 47779, 12005, 45711, 57870, 18765, 609, 57674, 1601, 53719, 34635, 33127, 25678, 55381, 11477, 21419, 38552, 26303, 17419, 13131, 11977, 23560, 45857, 13993, 23001, 42415, 41561, 18544, 43512, 36385, 25828, 33722, 42952, 70, 3377, 35121, 15344, 40103, 49895, 42327, 50780, 45080]
[Train] batch 30 GPA: 0x000000038da18a00
[TS] batch30/input: write_done_realtime_ns=1787618475332714111
[GT] batch30 labels=[0, 6, 5, 5, 6, 7, 9, 3, 7, 5, 8, 3, 8, 5, 8, 6, 0, 5, 0, 5, 4, 1, 5, 3, 0, 6, 8, 4, 6, 9, 1, 9, 7, 0, 0, 3, 4, 3, 8, 9, 9, 1, 4, 1, 9, 5, 8, 1, 7, 4, 2, 3, 1, 7, 0, 5, 1, 8, 6, 9, 7, 4, 1, 8] indices=[51024, 17199, 40535, 25494, 6474, 17974, 4483, 25311, 28064, 35046, 13849, 22234, 8607, 11265, 19041, 28287, 19535, 9111, 53537, 39645, 21503, 20672, 47208, 21112, 55631, 32302, 51904, 48961, 11427, 58331, 55644, 54698, 47399, 40217, 48526, 41943, 32391, 16208, 35526, 52553, 9238, 27785, 35513, 46185, 37702, 29912, 21925, 54544, 54100, 49050, 41179, 14738, 27693, 22250, 14481, 38610, 33869, 35847, 41242, 39481, 8866, 28615, 2410, 5050]
Train Epoch: 1 [1920/60000 (3%)]	Loss: 0.644911
[Train] batch 31 GPA: 0x000000038da01400
[TS] batch31/input: write_done_realtime_ns=1787618475346486580
[GT] batch31 labels=[2, 9, 8, 1, 9, 7, 8, 5, 8, 3, 6, 2, 2, 0, 5, 1, 3, 4, 1, 3, 3, 6, 6, 5, 5, 0, 8, 9, 5, 6, 0, 9, 0, 7, 0, 5, 7, 3, 3, 9, 3, 3, 7, 7, 8, 3, 6, 8, 0, 2, 3, 6, 7, 1, 5, 4, 0, 1, 2, 7, 1, 4, 9, 6] indices=[36704, 38006, 22604, 4639, 42773, 46630, 34978, 25762, 16730, 35531, 21753, 55545, 51550, 45952, 34299, 8738, 29476, 50388, 7921, 13929, 57868, 5629, 24753, 59810, 53626, 1128, 27372, 12629, 58175, 22333, 19171, 7690, 7707, 11328, 38110, 23497, 1975, 28263, 40588, 56618, 36623, 2232, 24572, 20579, 5628, 35271, 15831, 27324, 5604, 33716, 1432, 15370, 25021, 49941, 23377, 48728, 17519, 58597, 378, 34081, 32855, 9282, 45625, 14848]
[Train] batch 32 GPA: 0x000000038da18a00
[TS] batch32/input: write_done_realtime_ns=1787618475360152232
[GT] batch32 labels=[9, 1, 1, 7, 6, 6, 9, 0, 9, 6, 5, 2, 6, 9, 7, 3, 1, 1, 4, 9, 6, 9, 3, 4, 5, 7, 9, 1, 3, 2, 4, 1, 6, 7, 1, 3, 0, 3, 9, 8, 2, 5, 1, 2, 4, 9, 9, 8, 1, 3, 0, 9, 4, 1, 2, 8, 6, 5, 1, 7, 0, 1, 8, 1] indices=[21302, 30145, 2957, 16264, 25422, 24576, 47918, 18737, 27848, 28251, 26680, 30076, 3932, 3044, 24583, 37569, 1115, 42463, 57422, 44400, 18971, 55247, 42931, 26132, 1824, 42725, 27368, 5443, 44146, 18633, 40112, 9960, 10910, 36027, 15361, 9864, 5560, 43298, 53736, 13554, 17995, 27921, 28979, 21615, 27980, 30825, 14844, 59711, 42586, 14488, 41296, 49182, 20346, 14924, 25459, 33678, 31046, 53859, 11537, 17228, 11172, 13453, 4253, 57037]
[Train] batch 33 GPA: 0x000000038da01400
[TS] batch33/input: write_done_realtime_ns=1787618475373790903
[GT] batch33 labels=[0, 3, 2, 7, 2, 5, 7, 2, 9, 4, 6, 1, 7, 3, 8, 4, 5, 9, 2, 8, 1, 1, 2, 0, 7, 7, 0, 7, 7, 5, 3, 2, 7, 8, 3, 6, 0, 5, 8, 7, 1, 3, 6, 3, 1, 0, 0, 6, 0, 1, 8, 8, 4, 5, 0, 9, 5, 1, 7, 4, 2, 2, 5, 2] indices=[31778, 3422, 40995, 27823, 53628, 45526, 37733, 5624, 22692, 55427, 22091, 9492, 353, 50195, 30601, 9704, 48408, 153, 21324, 36541, 16222, 5484, 40054, 41896, 13540, 28450, 26389, 44757, 29363, 52003, 15762, 32408, 56756, 415, 37260, 10383, 51999, 58939, 30999, 15331, 28513, 21775, 58271, 46130, 54353, 13872, 20510, 15114, 8355, 55150, 24370, 11672, 47058, 18699, 38364, 48072, 18673, 59832, 51704, 55239, 9894, 30056, 33511, 58468]
[Train] batch 34 GPA: 0x000000038da18a00
[TS] batch34/input: write_done_realtime_ns=1787618475387463923
[GT] batch34 labels=[7, 9, 8, 4, 0, 2, 5, 6, 6, 8, 3, 7, 2, 9, 4, 5, 4, 3, 4, 1, 0, 8, 3, 1, 8, 4, 8, 2, 8, 3, 1, 7, 0, 2, 0, 2, 0, 3, 4, 6, 3, 0, 8, 2, 4, 8, 3, 8, 6, 8, 8, 1, 8, 8, 2, 4, 9, 4, 4, 7, 3, 4, 8, 2] indices=[29775, 35694, 42313, 17299, 57390, 37743, 51795, 10709, 20168, 34763, 25950, 4458, 23503, 52827, 1646, 24864, 47732, 15075, 7489, 28769, 42389, 24167, 37284, 13504, 6891, 45172, 26136, 10256, 38734, 49566, 28350, 22336, 35821, 3242, 22860, 716, 47855, 19250, 53458, 8770, 42898, 29562, 10663, 12559, 412, 35246, 55923, 48204, 8526, 9900, 18577, 22776, 2610, 19137, 34747, 44464, 5411, 28462, 17102, 35102, 17280, 28942, 28181, 53138]
[Train] batch 35 GPA: 0x000000038da01400
[TS] batch35/input: write_done_realtime_ns=1787618475401603109
[GT] batch35 labels=[7, 0, 9, 0, 3, 4, 7, 6, 4, 1, 7, 0, 0, 7, 7, 8, 0, 7, 6, 2, 7, 7, 4, 1, 0, 6, 9, 1, 3, 6, 0, 8, 6, 6, 4, 4, 3, 2, 9, 9, 3, 5, 3, 6, 0, 0, 2, 1, 7, 8, 1, 1, 3, 4, 2, 7, 5, 4, 6, 2, 8, 5, 1, 5] indices=[40001, 34283, 37233, 18750, 31748, 3945, 1231, 38703, 50517, 12918, 47560, 26277, 26728, 22836, 51306, 50258, 59363, 7509, 6909, 21511, 48080, 40510, 23979, 28961, 33914, 36403, 8316, 15138, 4011, 29687, 2051, 1016, 37336, 51233, 40552, 37010, 10872, 45957, 2643, 1307, 13745, 45452, 55876, 35883, 23875, 1346, 48881, 13106, 16711, 59950, 35289, 54342, 22625, 34028, 27010, 22739, 11456, 19311, 15269, 57427, 38942, 14867, 11677, 25560]
[Train] batch 36 GPA: 0x000000038da18a00
[TS] batch36/input: write_done_realtime_ns=1787618475415204951
[GT] batch36 labels=[2, 2, 2, 6, 7, 6, 9, 0, 2, 1, 5, 2, 4, 0, 7, 0, 6, 0, 4, 2, 9, 4, 5, 2, 4, 4, 7, 2, 1, 4, 3, 6, 0, 2, 2, 5, 6, 2, 5, 2, 7, 7, 8, 6, 1, 6, 9, 7, 9, 4, 2, 8, 4, 1, 2, 4, 0, 4, 2, 5, 5, 6, 0, 9] indices=[8565, 28347, 27664, 8638, 15254, 23774, 5727, 44471, 18036, 46893, 35406, 43743, 1440, 57795, 31291, 35697, 45686, 46992, 14018, 4071, 39633, 43473, 26995, 53669, 10683, 56620, 4647, 59007, 35266, 27180, 8192, 52125, 56436, 37610, 4835, 6471, 6464, 13654, 58845, 37514, 7737, 50233, 3365, 15450, 24771, 21332, 42086, 34774, 21108, 51453, 42726, 3279, 35314, 8348, 46978, 49196, 3673, 44711, 20441, 46188, 49558, 7389, 22910, 17958]
[Train] batch 37 GPA: 0x000000038da01400
[TS] batch37/input: write_done_realtime_ns=1787618475428935361
[GT] batch37 labels=[9, 8, 9, 5, 6, 4, 8, 2, 0, 0, 3, 4, 9, 1, 6, 7, 3, 8, 7, 7, 4, 9, 8, 9, 8, 6, 8, 6, 9, 4, 9, 4, 3, 3, 4, 7, 8, 1, 8, 6, 2, 3, 1, 0, 6, 0, 5, 5, 2, 0, 1, 8, 4, 6, 8, 0, 4, 6, 0, 8, 6, 6, 7, 3] indices=[30562, 32503, 20554, 10162, 28721, 43041, 10189, 30769, 35148, 8335, 48321, 57111, 4678, 8963, 24016, 57181, 11929, 26580, 53483, 8516, 25772, 51200, 40852, 6641, 12288, 21862, 51244, 31516, 24946, 25845, 41014, 20995, 23344, 50361, 13664, 7913, 3011, 54675, 17112, 37390, 16709, 9648, 18259, 14319, 51538, 40260, 3453, 33495, 46935, 22949, 40140, 59663, 58873, 56790, 12648, 19049, 31885, 3559, 13921, 40715, 12834, 18422, 19193, 5277]
[Train] batch 38 GPA: 0x000000038da18a00
[TS] batch38/input: write_done_realtime_ns=1787618475897089624
[GT] batch38 labels=[9, 1, 7, 1, 9, 3, 5, 0, 3, 4, 4, 5, 8, 2, 4, 0, 9, 0, 4, 4, 8, 7, 4, 4, 6, 4, 4, 1, 9, 6, 0, 0, 5, 8, 8, 1, 2, 7, 8, 5, 1, 8, 2, 7, 4, 6, 9, 4, 1, 7, 4, 9, 5, 6, 6, 9, 3, 9, 6, 4, 3, 1, 5, 9] indices=[4377, 50589, 58901, 11050, 49442, 49350, 54781, 51520, 35066, 52293, 57059, 24854, 28539, 41330, 32556, 51259, 42642, 4629, 4780, 59240, 52746, 35177, 9595, 40709, 14344, 54358, 48558, 10627, 16303, 25037, 35896, 18022, 29021, 42998, 48855, 26502, 32142, 26041, 52950, 25158, 23993, 740, 52723, 59370, 7955, 45757, 5457, 46976, 56226, 29326, 53674, 23159, 55795, 31481, 55134, 38992, 18814, 22338, 20949, 16625, 43417, 26376, 56711, 56051]
[Train] batch 39 GPA: 0x000000038da01400
[TS] batch39/input: write_done_realtime_ns=1787618475915054570
[GT] batch39 labels=[3, 8, 1, 9, 2, 6, 7, 0, 1, 2, 4, 6, 8, 2, 4, 5, 8, 9, 8, 8, 9, 3, 4, 4, 1, 5, 0, 3, 5, 1, 4, 2, 0, 2, 4, 9, 7, 8, 7, 3, 1, 3, 1, 2, 3, 8, 1, 4, 6, 3, 1, 3, 5, 9, 0, 4, 4, 7, 9, 1, 1, 5, 7, 9] indices=[12392, 15225, 40790, 53597, 7827, 50912, 45571, 12897, 38860, 41458, 13241, 10754, 14003, 6899, 36632, 17739, 55250, 38493, 8175, 31972, 8408, 40301, 22189, 23513, 28187, 36896, 33677, 46228, 34557, 28245, 26911, 11748, 53575, 55857, 11153, 56075, 39009, 36325, 20226, 29224, 41728, 21468, 31578, 54033, 15980, 18618, 59836, 14739, 2588, 3591, 49037, 57495, 19944, 40458, 11851, 23956, 37492, 15460, 5705, 15710, 14271, 27539, 43890, 29001]
[Train] batch 40 GPA: 0x000000038da18a00
[TS] batch40/input: write_done_realtime_ns=1787618475929170986
[GT] batch40 labels=[4, 1, 3, 3, 2, 6, 1, 1, 3, 6, 2, 6, 7, 8, 6, 2, 4, 9, 1, 1, 8, 1, 7, 5, 8, 9, 1, 1, 3, 0, 9, 6, 8, 2, 1, 9, 8, 1, 3, 8, 3, 1, 8, 8, 4, 5, 6, 6, 4, 3, 8, 0, 1, 5, 8, 3, 1, 2, 1, 7, 5, 4, 9, 1] indices=[43015, 11412, 45707, 10329, 48043, 18376, 23872, 28367, 8405, 49915, 262, 50168, 55668, 2672, 4923, 57142, 36674, 12440, 3885, 41437, 48495, 54784, 26964, 48134, 9152, 52462, 691, 25745, 55283, 22430, 1462, 57529, 44974, 18748, 15345, 21040, 15782, 40644, 15482, 37458, 35550, 59606, 3026, 25320, 36400, 50322, 28591, 41988, 41528, 54616, 10359, 11133, 39484, 20933, 45056, 5467, 2162, 16902, 32842, 3805, 31795, 52246, 5008, 12510]
Train Epoch: 1 [2560/60000 (4%)]	Loss: 0.331663
[Train] batch 41 GPA: 0x000000038da01400
[TS] batch41/input: write_done_realtime_ns=1787618475943425601
[GT] batch41 labels=[3, 5, 0, 4, 4, 5, 8, 9, 3, 1, 1, 5, 2, 2, 3, 3, 9, 9, 6, 9, 2, 4, 4, 0, 1, 4, 8, 0, 3, 9, 5, 8, 1, 8, 7, 1, 1, 7, 9, 4, 9, 2, 8, 8, 9, 9, 4, 2, 1, 3, 4, 6, 5, 7, 3, 6, 6, 1, 0, 5, 8, 1, 4, 4] indices=[9253, 7884, 37902, 27776, 2109, 32585, 11063, 46021, 4262, 16855, 56584, 48541, 47612, 44475, 47007, 32330, 17817, 44670, 53228, 37873, 33691, 14501, 39218, 42632, 48175, 47708, 28779, 37739, 44580, 35676, 30262, 35617, 1242, 29178, 36654, 48363, 5834, 51650, 36369, 5445, 58059, 12196, 17111, 37255, 3348, 11938, 2254, 34484, 39095, 55062, 18483, 4251, 54577, 27373, 41608, 19037, 30632, 23660, 33940, 44665, 30347, 58618, 6258, 58478]
[Train] batch 42 GPA: 0x000000038da18a00
[TS] batch42/input: write_done_realtime_ns=1787618475958171270
[GT] batch42 labels=[8, 0, 2, 4, 4, 2, 6, 6, 2, 4, 5, 8, 2, 2, 8, 4, 2, 5, 3, 6, 0, 3, 3, 1, 6, 7, 7, 4, 6, 3, 5, 1, 6, 8, 8, 0, 5, 6, 5, 1, 0, 5, 7, 9, 8, 5, 3, 5, 0, 0, 1, 1, 1, 1, 4, 2, 7, 9, 1, 7, 9, 6, 5, 6] indices=[6896, 42275, 34833, 24986, 36212, 11811, 31071, 53840, 59855, 44937, 420, 21962, 22203, 34167, 49617, 47691, 30663, 20246, 46403, 47472, 20010, 45151, 28536, 48441, 40271, 56121, 49053, 37419, 27642, 40384, 1481, 25628, 23697, 13037, 55, 34919, 34711, 35955, 16268, 26991, 3443, 49352, 22097, 21807, 12419, 39745, 22587, 31821, 54235, 1701, 47194, 27301, 58397, 35811, 33900, 30840, 1043, 10944, 19651, 12676, 52232, 17396, 14049, 8312]
[Train] batch 43 GPA: 0x000000038da01400
[TS] batch43/input: write_done_realtime_ns=1787618475972167027
[GT] batch43 labels=[9, 1, 6, 0, 9, 5, 4, 7, 0, 7, 8, 3, 0, 5, 7, 5, 3, 2, 1, 7, 3, 3, 2, 9, 9, 2, 5, 2, 4, 3, 6, 8, 6, 1, 5, 0, 9, 6, 6, 2, 1, 0, 1, 5, 7, 3, 6, 2, 2, 3, 2, 6, 2, 1, 2, 8, 2, 3, 1, 8, 3, 5, 2, 6] indices=[47125, 47991, 30648, 40486, 51239, 29852, 28043, 28201, 7685, 23345, 52219, 46306, 34634, 27845, 52480, 23514, 4359, 12474, 2225, 12233, 54343, 55432, 55433, 6225, 49447, 55987, 41241, 48483, 45095, 43619, 45949, 30098, 58329, 51554, 12092, 58408, 16413, 30025, 23179, 52851, 28622, 54272, 23795, 4450, 15172, 23053, 38479, 54457, 48034, 6040, 36936, 8290, 5415, 24083, 26224, 57988, 41348, 40185, 36451, 25015, 2092, 44738, 29716, 14159]
[Train] batch 44 GPA: 0x000000038da18a00
[TS] batch44/input: write_done_realtime_ns=1787618475986415421
[GT] batch44 labels=[7, 7, 6, 5, 1, 6, 6, 5, 2, 6, 7, 4, 7, 3, 7, 2, 2, 8, 7, 7, 8, 1, 5, 0, 2, 4, 5, 2, 7, 9, 0, 7, 3, 6, 1, 9, 6, 9, 9, 9, 3, 3, 0, 2, 3, 5, 7, 9, 1, 5, 9, 7, 3, 0, 9, 2, 6, 7, 8, 4, 4, 8, 6, 1] indices=[25877, 58708, 12980, 44307, 31864, 8577, 39112, 55722, 48383, 57314, 45606, 39563, 9571, 43103, 58950, 4649, 11250, 18291, 25830, 42613, 27323, 35163, 37894, 6133, 36064, 27218, 34888, 45459, 18871, 5745, 49720, 54193, 10677, 11784, 30218, 38748, 29686, 46030, 41763, 12050, 39933, 31811, 42487, 23995, 17582, 13457, 59520, 6491, 34179, 34908, 16463, 23352, 28374, 36780, 31184, 7196, 1224, 26026, 18406, 9109, 10269, 2210, 31931, 32447]
[Train] batch 45 GPA: 0x000000038da01400
[TS] batch45/input: write_done_realtime_ns=1787618476000517458
[GT] batch45 labels=[6, 7, 2, 0, 6, 8, 1, 7, 5, 5, 7, 8, 1, 3, 4, 7, 4, 9, 2, 7, 4, 0, 6, 1, 9, 4, 2, 8, 3, 1, 3, 6, 9, 4, 8, 6, 3, 9, 0, 7, 4, 8, 3, 0, 1, 4, 8, 1, 6, 2, 6, 4, 0, 2, 8, 8, 7, 2, 0, 4, 2, 8, 8, 3] indices=[26124, 39868, 11106, 40074, 9316, 32770, 48074, 5768, 45432, 45547, 58530, 29563, 3758, 28528, 13463, 28106, 6955, 33990, 2273, 48242, 45613, 31830, 14960, 22120, 32593, 57844, 32650, 517, 16096, 27270, 22092, 17249, 44376, 3877, 12163, 35825, 10330, 55539, 14325, 9467, 37800, 50626, 22149, 52596, 19411, 32787, 39373, 19461, 22424, 43326, 21426, 16293, 35505, 46830, 5005, 4272, 3641, 34087, 28160, 43740, 37825, 21475, 2070, 14624]
[Train] batch 46 GPA: 0x000000038da18a00
[TS] batch46/input: write_done_realtime_ns=1787618476014509325
[GT] batch46 labels=[6, 7, 7, 2, 7, 9, 2, 4, 6, 3, 8, 7, 9, 1, 6, 9, 6, 3, 7, 6, 8, 4, 4, 0, 9, 6, 7, 6, 0, 8, 3, 7, 3, 3, 2, 6, 8, 9, 3, 2, 1, 2, 0, 2, 7, 2, 0, 7, 1, 4, 6, 3, 9, 2, 7, 3, 9, 3, 3, 6, 1, 8, 3, 7] indices=[18548, 21456, 723, 53890, 42094, 20818, 52938, 26193, 47014, 42210, 11717, 17762, 41005, 47236, 45733, 29349, 46676, 5127, 42057, 21331, 32544, 48903, 8086, 39581, 50245, 19330, 53886, 31974, 13366, 11241, 55301, 13744, 56721, 5001, 56569, 8311, 34311, 641, 49433, 4031, 33398, 9252, 33835, 52512, 30428, 28155, 31463, 48562, 8610, 20, 21411, 17491, 2712, 5314, 17918, 23482, 23853, 47970, 43670, 49960, 30274, 545, 37896, 41221]
[Train] batch 47 GPA: 0x000000038da01400
[TS] batch47/input: write_done_realtime_ns=1787618476028557462
[GT] batch47 labels=[7, 6, 9, 6, 8, 5, 5, 9, 9, 5, 3, 7, 9, 1, 5, 8, 6, 1, 2, 3, 2, 8, 8, 8, 1, 4, 1, 4, 9, 9, 4, 9, 4, 5, 8, 0, 6, 8, 2, 1, 1, 1, 3, 7, 9, 3, 2, 5, 1, 6, 7, 1, 8, 1, 9, 9, 0, 5, 3, 2, 7, 6, 8, 8] indices=[42528, 29437, 56607, 22681, 5476, 38134, 18829, 19938, 13032, 14213, 13656, 13188, 34729, 56945, 17890, 16624, 33704, 28018, 18236, 43494, 21982, 24240, 13176, 12958, 28134, 51962, 24738, 8477, 24054, 19690, 28556, 52846, 680, 544, 30527, 26139, 50402, 11753, 56598, 26537, 25800, 25751, 53584, 46618, 41644, 14388, 50487, 1795, 15776, 56345, 22870, 13961, 16073, 9315, 41817, 30551, 37287, 29659, 20344, 17263, 35474, 44444, 48075, 47116]
[Train] batch 48 GPA: 0x000000038da18a00
[TS] batch48/input: write_done_realtime_ns=1787618476042559109
[GT] batch48 labels=[4, 5, 3, 9, 4, 7, 6, 1, 1, 5, 2, 7, 2, 2, 0, 4, 3, 6, 4, 7, 9, 0, 7, 4, 0, 2, 5, 8, 7, 0, 5, 1, 9, 8, 6, 7, 9, 6, 0, 4, 6, 9, 4, 0, 0, 7, 1, 1, 3, 1, 6, 4, 1, 0, 9, 6, 4, 9, 5, 1, 6, 7, 4, 8] indices=[28312, 25407, 57820, 6679, 1911, 6550, 59192, 48797, 56374, 18237, 25332, 46265, 40617, 34113, 20645, 58066, 6939, 1189, 11424, 39989, 6061, 34457, 35391, 20429, 41556, 47883, 45534, 22469, 6280, 54817, 4987, 31113, 24199, 8955, 7385, 6476, 31565, 39313, 13217, 58018, 33100, 48758, 43904, 40280, 55521, 54453, 49283, 32852, 29073, 443, 55867, 55323, 54775, 9865, 16621, 15047, 59106, 56622, 14543, 40983, 48090, 23678, 16765, 49064]
[Train] batch 49 GPA: 0x000000038da01400
[TS] batch49/input: write_done_realtime_ns=1787618476056691205
[GT] batch49 labels=[1, 1, 2, 1, 7, 4, 0, 4, 8, 5, 3, 1, 9, 0, 4, 6, 9, 9, 8, 1, 0, 8, 7, 0, 0, 1, 0, 7, 9, 1, 9, 8, 9, 3, 1, 9, 0, 4, 3, 3, 1, 3, 5, 7, 6, 3, 0, 0, 8, 1, 7, 7, 8, 4, 8, 4, 6, 1, 9, 3, 4, 3, 8, 3] indices=[46919, 30847, 29741, 33462, 1217, 22818, 39656, 6154, 25776, 38513, 34828, 59965, 53379, 52276, 57965, 51681, 36080, 41196, 30785, 12508, 25389, 43532, 56521, 36019, 9978, 41559, 31116, 33131, 18777, 33268, 46477, 59568, 35641, 36409, 22896, 26155, 34152, 37916, 42823, 45586, 3004, 35723, 49581, 13513, 52957, 56008, 47647, 49685, 46519, 38449, 1789, 38149, 2555, 24272, 24558, 35748, 45030, 24535, 39179, 48426, 32772, 58620, 12622, 43711]
[Train] batch 50 GPA: 0x000000038da18a00
[TS] batch50/input: write_done_realtime_ns=1787618476070667212
[GT] batch50 labels=[0, 6, 8, 7, 2, 0, 3, 5, 6, 8, 6, 0, 6, 2, 6, 8, 7, 7, 1, 0, 1, 2, 8, 0, 8, 3, 3, 1, 5, 6, 7, 2, 1, 1, 8, 3, 0, 7, 5, 6, 2, 1, 1, 9, 4, 9, 5, 2, 3, 6, 2, 0, 4, 8, 6, 7, 8, 6, 5, 0, 1, 6, 0, 1] indices=[47722, 33730, 35764, 26088, 432, 9313, 44749, 49079, 9662, 34883, 32312, 27380, 18076, 16701, 46390, 5537, 6675, 31408, 11634, 3661, 12643, 42439, 47038, 58668, 23282, 46900, 59598, 5355, 48113, 52749, 19344, 5790, 11291, 19901, 40875, 47992, 34514, 4141, 34841, 40543, 55933, 28650, 58355, 37211, 17523, 38969, 25813, 33982, 1778, 48317, 56665, 25206, 55141, 1666, 12216, 54435, 41544, 47798, 57025, 38231, 35990, 33520, 56929, 20898]
Train Epoch: 1 [3200/60000 (5%)]	Loss: 0.307499
[Train] batch 51 GPA: 0x000000038da01400
[TS] batch51/input: write_done_realtime_ns=1787618476084711849
[GT] batch51 labels=[6, 2, 8, 5, 0, 8, 5, 5, 4, 2, 7, 0, 0, 4, 8, 8, 0, 8, 6, 7, 4, 6, 9, 0, 9, 4, 7, 8, 6, 9, 1, 9, 8, 3, 1, 5, 6, 3, 2, 3, 0, 6, 9, 0, 6, 1, 8, 5, 9, 6, 4, 1, 3, 3, 5, 8, 5, 1, 8, 5, 3, 7, 2, 0] indices=[12919, 41260, 45738, 14204, 50804, 9567, 43733, 43508, 48399, 34495, 45524, 51490, 2310, 53249, 29596, 19267, 50157, 42238, 7298, 31271, 22531, 11466, 48030, 27620, 53882, 47680, 10050, 28726, 10419, 24230, 15224, 53511, 58446, 4196, 51372, 1970, 55143, 24219, 11110, 42962, 13196, 27556, 344, 7969, 22387, 24814, 18931, 49950, 55612, 34125, 15563, 12591, 52446, 39222, 9170, 8306, 23438, 47391, 19988, 59305, 39696, 43190, 9054, 11620]
[Train] batch 52 GPA: 0x000000038da18a00
[TS] batch52/input: write_done_realtime_ns=1787618476098287130
[GT] batch52 labels=[5, 1, 0, 9, 3, 0, 3, 4, 5, 5, 1, 5, 1, 2, 3, 1, 4, 5, 5, 3, 3, 3, 7, 7, 5, 4, 5, 9, 4, 7, 5, 4, 0, 1, 5, 1, 6, 6, 3, 7, 0, 5, 6, 9, 5, 5, 6, 0, 2, 0, 1, 9, 8, 6, 9, 7, 7, 3, 6, 5, 2, 7, 4, 8] indices=[56038, 42176, 22441, 27611, 11874, 40479, 25007, 55351, 53122, 10015, 51952, 6735, 29114, 50581, 1603, 14964, 8874, 32200, 26842, 25222, 1971, 41071, 4432, 27758, 28465, 10642, 43454, 41768, 23121, 36612, 15830, 17498, 45126, 51801, 41208, 25549, 23626, 44073, 9623, 1619, 34771, 16380, 25135, 25343, 33528, 13368, 41703, 52393, 18413, 54411, 14767, 18009, 4582, 9417, 285, 16186, 51916, 31201, 7829, 5440, 35970, 50536, 14972, 25710]
[Train] batch 53 GPA: 0x000000038da01400
[TS] batch53/input: write_done_realtime_ns=1787618476112082858
[GT] batch53 labels=[2, 9, 2, 7, 9, 7, 4, 4, 9, 5, 0, 4, 7, 8, 4, 4, 2, 0, 0, 9, 4, 4, 6, 0, 3, 4, 5, 5, 2, 8, 7, 8, 2, 9, 5, 1, 7, 9, 7, 2, 7, 3, 4, 5, 9, 3, 6, 9, 5, 5, 5, 8, 1, 5, 0, 5, 9, 7, 1, 4, 0, 9, 5, 4] indices=[27367, 12429, 34201, 12139, 25216, 59389, 40721, 34465, 45525, 50460, 23926, 35461, 11254, 35251, 54427, 17268, 35106, 36318, 5464, 33757, 36513, 45339, 27303, 56724, 50982, 48953, 42436, 7193, 52099, 26351, 12757, 16631, 53608, 5577, 47630, 3898, 29625, 14922, 56017, 28567, 57414, 58084, 50182, 50549, 48938, 8450, 40986, 3519, 19506, 47845, 20091, 38251, 484, 44916, 1819, 335, 6514, 8861, 17695, 5217, 14323, 21245, 53538, 7974]
[Train] batch 54 GPA: 0x000000038da18a00
[TS] batch54/input: write_done_realtime_ns=1787618476125847977
[GT] batch54 labels=[7, 1, 4, 2, 5, 2, 0, 3, 7, 5, 7, 9, 8, 8, 1, 4, 3, 0, 4, 9, 2, 8, 7, 5, 7, 9, 9, 2, 3, 5, 8, 1, 8, 2, 7, 1, 1, 2, 1, 1, 1, 5, 4, 5, 7, 1, 1, 4, 1, 9, 9, 2, 4, 9, 0, 9, 6, 4, 6, 8, 6, 5, 3, 5] indices=[54396, 10562, 39783, 14702, 16310, 51530, 2440, 52101, 58959, 6151, 52644, 56634, 12309, 4860, 10947, 2046, 5787, 31310, 26904, 23502, 41169, 25120, 27341, 25177, 20703, 3359, 27771, 1888, 16462, 23191, 36627, 31375, 18378, 21952, 41365, 41623, 40987, 38637, 48664, 45032, 9133, 27500, 2893, 45591, 8079, 20132, 2437, 56740, 55634, 10658, 17989, 12815, 27315, 13278, 50291, 29286, 20931, 18445, 15032, 53848, 12047, 16647, 25373, 29361]
[Train] batch 55 GPA: 0x000000038da01400
[TS] batch55/input: write_done_realtime_ns=1787618476139451430
[GT] batch55 labels=[2, 9, 0, 5, 1, 4, 1, 3, 2, 9, 7, 7, 9, 6, 4, 8, 2, 5, 9, 7, 8, 1, 2, 5, 0, 4, 5, 4, 7, 2, 9, 1, 2, 3, 5, 6, 9, 8, 3, 7, 4, 3, 6, 3, 8, 6, 9, 3, 0, 1, 0, 8, 6, 6, 3, 1, 0, 3, 7, 0, 9, 4, 6, 3] indices=[17188, 40455, 18590, 24317, 46949, 11685, 15255, 33344, 37918, 40292, 42195, 21111, 16256, 41344, 49373, 1059, 7510, 12376, 53342, 46035, 6512, 6197, 23371, 48644, 36519, 24901, 36126, 2819, 56543, 12854, 21192, 16887, 54613, 12225, 22935, 15733, 12059, 38397, 2660, 1088, 40934, 1668, 26321, 45260, 45026, 37334, 38651, 18285, 7830, 32245, 50696, 41663, 10774, 31152, 26702, 10667, 25167, 14275, 13158, 27805, 54312, 58340, 31104, 11705]
[Train] batch 56 GPA: 0x000000038da18a00
[TS] batch56/input: write_done_realtime_ns=1787618476153122910
[GT] batch56 labels=[3, 9, 2, 8, 7, 1, 8, 3, 3, 2, 4, 1, 2, 5, 9, 4, 4, 2, 4, 7, 0, 6, 4, 6, 6, 1, 3, 8, 7, 7, 1, 3, 1, 1, 1, 7, 5, 8, 6, 6, 3, 7, 2, 1, 7, 1, 9, 5, 6, 5, 6, 7, 6, 2, 4, 5, 6, 1, 9, 2, 6, 1, 8, 4] indices=[2788, 40047, 57448, 28595, 53702, 5004, 38489, 46555, 53283, 36056, 1212, 2159, 472, 19186, 46537, 47029, 46761, 50814, 29256, 25070, 4852, 55827, 48892, 46594, 36699, 31993, 26744, 53440, 32122, 29714, 1910, 39215, 32710, 27967, 21737, 18100, 35388, 9220, 3646, 1493, 45436, 9793, 21760, 29556, 43005, 57046, 59084, 45883, 31500, 34692, 51476, 19334, 55154, 23952, 655, 24283, 30950, 1277, 22340, 57726, 55096, 27202, 21663, 3352]
[Train] batch 57 GPA: 0x000000038da01400
[TS] batch57/input: write_done_realtime_ns=1787618476166890069
[GT] batch57 labels=[9, 1, 4, 8, 3, 1, 1, 1, 9, 2, 8, 7, 6, 4, 3, 1, 2, 9, 5, 1, 6, 6, 5, 9, 1, 6, 4, 5, 4, 2, 3, 8, 1, 2, 4, 9, 0, 8, 5, 8, 4, 5, 8, 7, 1, 2, 2, 1, 2, 3, 7, 1, 5, 0, 8, 3, 6, 1, 6, 1, 5, 0, 1, 7] indices=[16341, 18196, 16605, 44196, 26825, 44770, 17331, 15451, 26316, 55528, 30173, 40000, 37724, 24233, 52922, 535, 40899, 53735, 47177, 52868, 38448, 46109, 9531, 24263, 5644, 37998, 50022, 6385, 33718, 51037, 25829, 31440, 49326, 12281, 1487, 39111, 29559, 7320, 14486, 10632, 35201, 55823, 23466, 7610, 47601, 40949, 41516, 16789, 2085, 52907, 39038, 3306, 55958, 38903, 33890, 4508, 15806, 53750, 54188, 30143, 13312, 23786, 39828, 17969]
[Train] batch 58 GPA: 0x000000038da18a00
[TS] batch58/input: write_done_realtime_ns=1787618476180767108
[GT] batch58 labels=[9, 6, 0, 0, 9, 7, 1, 7, 5, 5, 3, 6, 9, 0, 2, 3, 5, 3, 6, 2, 2, 9, 2, 4, 8, 7, 1, 4, 7, 0, 1, 7, 3, 1, 4, 6, 0, 8, 6, 8, 0, 6, 7, 3, 3, 1, 8, 9, 0, 6, 3, 2, 8, 3, 7, 8, 0, 2, 9, 2, 2, 1, 7, 5] indices=[4811, 20744, 40173, 33921, 9247, 26158, 394, 17533, 23066, 38165, 19264, 22698, 16934, 22364, 391, 10034, 6027, 26503, 30788, 56957, 29247, 28279, 54247, 8117, 26257, 49829, 1607, 30933, 17703, 15971, 22464, 7306, 15496, 18853, 1460, 33010, 18878, 29259, 24609, 59999, 41445, 22422, 43202, 32539, 24603, 53939, 21556, 28889, 19119, 41675, 13519, 26899, 55407, 6342, 38711, 53979, 6496, 41290, 40215, 28454, 17173, 11248, 51429, 38848]
[Train] batch 59 GPA: 0x000000038da01400
[TS] batch59/input: write_done_realtime_ns=1787618476194518997
[GT] batch59 labels=[1, 5, 1, 1, 8, 1, 4, 3, 9, 3, 2, 0, 0, 6, 1, 5, 7, 8, 3, 8, 2, 2, 1, 6, 0, 6, 2, 8, 5, 1, 9, 3, 0, 6, 1, 6, 9, 5, 0, 2, 6, 1, 6, 5, 5, 8, 6, 0, 4, 5, 8, 8, 3, 0, 5, 1, 7, 8, 7, 1, 2, 8, 1, 8] indices=[47777, 17971, 49592, 37936, 42453, 45690, 15035, 45093, 8329, 20451, 16707, 15795, 39975, 30576, 51539, 5847, 44849, 40149, 8672, 9345, 53008, 13490, 23255, 28440, 45494, 53677, 22021, 31087, 18186, 44242, 41021, 31446, 3328, 9063, 35367, 28150, 29180, 32600, 1876, 50538, 7398, 14575, 27006, 1702, 36987, 59399, 15196, 8897, 54447, 31013, 37776, 44759, 11755, 10439, 15284, 17225, 26575, 7918, 30118, 39402, 51937, 39806, 7160, 50505]
[Train] batch 60 GPA: 0x000000038da18a00
[TS] batch60/input: write_done_realtime_ns=1787618476208049699
[GT] batch60 labels=[0, 6, 1, 0, 8, 3, 2, 5, 9, 3, 6, 0, 6, 2, 7, 5, 9, 3, 7, 0, 5, 0, 9, 0, 7, 7, 9, 1, 0, 9, 8, 3, 1, 1, 1, 6, 3, 5, 4, 0, 0, 1, 3, 7, 7, 0, 4, 3, 9, 4, 1, 0, 3, 0, 8, 6, 7, 8, 6, 4, 7, 6, 5, 1] indices=[3565, 47432, 19894, 26371, 31816, 31936, 21229, 15126, 16853, 10527, 31585, 30700, 9409, 46050, 33834, 32397, 43001, 5036, 45483, 31808, 21365, 51831, 13692, 6607, 8616, 36889, 57449, 13604, 34237, 39588, 16725, 34815, 56955, 54061, 9975, 51778, 24943, 44406, 20293, 20661, 51505, 53707, 39397, 1719, 39917, 51148, 3666, 9279, 40804, 34683, 9292, 47087, 27140, 47275, 53184, 41246, 45045, 22682, 4463, 5295, 40822, 49448, 5872, 44288]
Train Epoch: 1 [3840/60000 (6%)]	Loss: 0.140192
[Train] batch 61 GPA: 0x000000038da01400
[TS] batch61/input: write_done_realtime_ns=1787618476221803629
[GT] batch61 labels=[7, 0, 3, 7, 9, 6, 8, 8, 9, 6, 3, 8, 5, 5, 5, 1, 4, 1, 3, 9, 1, 6, 1, 0, 5, 9, 6, 6, 0, 7, 6, 6, 0, 2, 2, 4, 4, 6, 2, 7, 0, 1, 1, 7, 6, 4, 3, 4, 8, 2, 8, 9, 5, 1, 5, 7, 8, 9, 8, 6, 1, 6, 2, 9] indices=[46771, 48128, 32653, 46274, 44824, 658, 4578, 25400, 34254, 56632, 30070, 25545, 59669, 34114, 45282, 34077, 52277, 29849, 3124, 49177, 29245, 1418, 28922, 19822, 29539, 11557, 19873, 29527, 38663, 22613, 20733, 660, 11742, 29152, 38170, 8755, 19819, 59892, 13741, 46686, 35327, 1405, 43808, 53113, 607, 57544, 59818, 37264, 32774, 13984, 38067, 20763, 5079, 28822, 15118, 38184, 26294, 36510, 20535, 39226, 48697, 41659, 10317, 7714]
[Train] batch 62 GPA: 0x000000038da18a00
[TS] batch62/input: write_done_realtime_ns=1787618476235539298
[GT] batch62 labels=[5, 4, 6, 2, 3, 1, 1, 7, 5, 2, 7, 2, 4, 9, 3, 1, 8, 8, 5, 8, 7, 9, 5, 0, 6, 4, 5, 5, 1, 6, 8, 1, 1, 8, 7, 8, 5, 8, 7, 7, 5, 1, 7, 4, 6, 9, 3, 8, 3, 9, 1, 5, 3, 6, 5, 3, 0, 4, 7, 9, 1, 6, 6, 8] indices=[27421, 50284, 59873, 53585, 9617, 18444, 36276, 56534, 44292, 33435, 24186, 21303, 13564, 35479, 51763, 25779, 3243, 45356, 2755, 17289, 2477, 11647, 33303, 9018, 25917, 45981, 27049, 18897, 8934, 5973, 3658, 1252, 43118, 53285, 59745, 56881, 41803, 10559, 18844, 5496, 5737, 19507, 6176, 34379, 53625, 24694, 22318, 13869, 40555, 58264, 2086, 16210, 55071, 49510, 49784, 49288, 59680, 50712, 39310, 47637, 49667, 49597, 46670, 10151]
[Train] batch 63 GPA: 0x000000038da01400
[TS] batch63/input: write_done_realtime_ns=1787618476249219199
[GT] batch63 labels=[0, 3, 7, 4, 9, 4, 5, 6, 2, 9, 0, 5, 8, 1, 3, 3, 6, 7, 9, 7, 8, 9, 5, 1, 8, 9, 9, 4, 0, 8, 1, 1, 7, 6, 8, 5, 9, 7, 2, 8, 9, 6, 4, 4, 8, 4, 2, 2, 4, 0, 6, 2, 5, 9, 1, 8, 9, 3, 6, 7, 4, 3, 2, 9] indices=[24640, 44716, 30988, 13163, 13414, 46220, 16116, 31646, 49231, 755, 19924, 35151, 4862, 23665, 7288, 18453, 46170, 9235, 17317, 3840, 51601, 42109, 11055, 31278, 32516, 3121, 26806, 1979, 4926, 35300, 57775, 14560, 56503, 37475, 17162, 15855, 9614, 37131, 34789, 43524, 15131, 12977, 3061, 7100, 18714, 56827, 44993, 14174, 17791, 59099, 323, 551, 11631, 54261, 14948, 37685, 44351, 26781, 49965, 52490, 19088, 55461, 36753, 57975]
[Train] batch 64 GPA: 0x000000038da18a00
[TS] batch64/input: write_done_realtime_ns=1787618476262779010
[GT] batch64 labels=[0, 2, 6, 5, 1, 8, 0, 6, 7, 6, 4, 5, 0, 8, 1, 5, 5, 5, 4, 6, 8, 8, 1, 0, 6, 1, 8, 8, 2, 1, 8, 3, 6, 8, 0, 6, 7, 8, 7, 3, 7, 6, 5, 2, 6, 8, 6, 2, 7, 9, 7, 7, 7, 8, 1, 5, 4, 3, 0, 6, 2, 9, 6, 1] indices=[15065, 16729, 58176, 2186, 22847, 28390, 48578, 7549, 24239, 13758, 18636, 6867, 46443, 32352, 53896, 37308, 15273, 25240, 54869, 41519, 2382, 55263, 25421, 81, 44571, 49612, 47331, 34870, 36475, 59387, 22292, 44889, 45294, 49266, 50749, 30856, 51174, 44310, 39490, 12498, 23021, 21268, 58217, 53367, 42856, 18334, 12433, 42887, 8604, 58469, 17068, 19262, 59332, 27998, 58991, 22556, 54921, 40892, 19490, 33975, 44525, 7949, 4620, 8660]
[Train] batch 65 GPA: 0x000000038da01400
[TS] batch65/input: write_done_realtime_ns=1787618476276451600
[GT] batch65 labels=[8, 8, 0, 8, 3, 5, 3, 1, 1, 0, 3, 7, 8, 0, 2, 9, 1, 7, 2, 8, 0, 3, 1, 6, 1, 3, 5, 1, 9, 8, 9, 8, 0, 4, 1, 5, 0, 2, 3, 9, 5, 2, 1, 8, 4, 1, 9, 0, 4, 6, 6, 5, 1, 5, 4, 1, 9, 8, 6, 3, 2, 3, 2, 1] indices=[39585, 45161, 25512, 1239, 31735, 35738, 37503, 1084, 24915, 23154, 21179, 20260, 41200, 17304, 42353, 52239, 2154, 58480, 39719, 49407, 23009, 19386, 36448, 21856, 24626, 7415, 46458, 17425, 30750, 31704, 32491, 27096, 28968, 14654, 2103, 4711, 26979, 41821, 30774, 49734, 50690, 41662, 37881, 21520, 8399, 30104, 19295, 42965, 15373, 44953, 10950, 11609, 1942, 52491, 57875, 42351, 59006, 36576, 38895, 40620, 51547, 15667, 34214, 22892]
[Train] batch 66 GPA: 0x000000038da18a00
[TS] batch66/input: write_done_realtime_ns=1787618476290195820
[GT] batch66 labels=[1, 7, 2, 4, 9, 2, 4, 2, 1, 1, 5, 4, 8, 3, 7, 4, 7, 7, 8, 4, 0, 9, 4, 2, 2, 2, 6, 8, 7, 0, 1, 7, 5, 5, 2, 4, 2, 8, 8, 6, 5, 1, 8, 1, 8, 3, 9, 0, 0, 4, 7, 1, 1, 9, 9, 1, 5, 7, 3, 4, 8, 3, 8, 3] indices=[47969, 44392, 27464, 56072, 50710, 32475, 10812, 41745, 25910, 33122, 48856, 55793, 37891, 59307, 35351, 3280, 42191, 25439, 27359, 48342, 55457, 17147, 47674, 26630, 47839, 24551, 20682, 12268, 47559, 53684, 6499, 20856, 33858, 24519, 42126, 28225, 31508, 46313, 50394, 2062, 40534, 29532, 7101, 9615, 53043, 5753, 48634, 19360, 54313, 12615, 5995, 32440, 32167, 53592, 4544, 12845, 1997, 41324, 47724, 52734, 51830, 57523, 52115, 36723]
[Train] batch 67 GPA: 0x000000038da01400
[TS] batch67/input: write_done_realtime_ns=1787618476303745952
[GT] batch67 labels=[0, 7, 6, 6, 7, 8, 4, 0, 3, 1, 9, 1, 7, 1, 4, 9, 8, 3, 5, 9, 7, 3, 6, 8, 8, 3, 0, 3, 1, 9, 0, 4, 1, 4, 4, 5, 2, 1, 2, 8, 1, 7, 7, 3, 6, 4, 2, 9, 6, 6, 8, 4, 8, 2, 5, 7, 8, 2, 6, 8, 0, 5, 1, 5] indices=[47031, 21816, 23233, 59693, 26489, 4176, 15078, 24444, 39366, 19243, 4689, 10020, 4363, 37802, 23274, 19537, 18335, 22643, 259, 32304, 29709, 13242, 32587, 49677, 59466, 59978, 11779, 45468, 57929, 21449, 16352, 48870, 18053, 54742, 23435, 5254, 43768, 59619, 29240, 8520, 17627, 38244, 49616, 32883, 48918, 45912, 37655, 6821, 11800, 41111, 7035, 52979, 18619, 13844, 26195, 31725, 35950, 33261, 33735, 10797, 51797, 46086, 18182, 31328]
[Train] batch 68 GPA: 0x000000038da18a00
[TS] batch68/input: write_done_realtime_ns=1787618476317386333
[GT] batch68 labels=[5, 6, 9, 8, 4, 3, 7, 1, 7, 2, 3, 8, 9, 8, 9, 9, 1, 2, 9, 7, 8, 1, 0, 8, 3, 6, 9, 2, 5, 5, 0, 2, 4, 4, 3, 1, 1, 8, 0, 0, 6, 9, 3, 6, 2, 8, 8, 7, 4, 3, 2, 7, 4, 4, 4, 1, 6, 4, 6, 3, 4, 1, 5, 8] indices=[8022, 10271, 26844, 48312, 28669, 40051, 50121, 24888, 48096, 20770, 23298, 20859, 21224, 11827, 16388, 21592, 37869, 29626, 26430, 40070, 46508, 26268, 53339, 16741, 50713, 10991, 56884, 3395, 17156, 59384, 5525, 9841, 2608, 23096, 51486, 47224, 22582, 58856, 10469, 47124, 31204, 28598, 11392, 41782, 5297, 1339, 47888, 28849, 18745, 9730, 17439, 13187, 36286, 32387, 9718, 11558, 3524, 29593, 6402, 54952, 31711, 315, 960, 5281]
[Train] batch 69 GPA: 0x000000038da01400
[TS] batch69/input: write_done_realtime_ns=1787618476330986703
[GT] batch69 labels=[0, 6, 0, 7, 6, 8, 7, 4, 1, 5, 6, 2, 4, 9, 1, 1, 7, 8, 7, 6, 3, 5, 5, 4, 0, 9, 1, 1, 9, 1, 3, 7, 5, 5, 5, 8, 4, 8, 2, 0, 2, 4, 3, 6, 3, 5, 0, 0, 2, 7, 2, 7, 6, 9, 9, 3, 9, 5, 4, 3, 7, 9, 1, 5] indices=[50240, 43386, 19760, 19812, 11941, 56085, 50868, 56856, 12811, 37180, 18957, 24665, 57155, 25824, 19018, 19940, 2433, 7606, 43956, 23049, 12153, 42046, 35114, 22479, 11657, 44863, 32335, 23822, 51730, 1052, 21056, 13842, 25356, 33352, 23947, 37152, 43987, 50274, 57633, 54980, 10264, 5180, 24204, 58883, 35562, 23146, 49459, 17458, 20832, 34094, 19450, 29652, 52004, 22140, 36860, 53874, 10208, 474, 23992, 11651, 7113, 25119, 22785, 35838]
[Train] batch 70 GPA: 0x000000038da18a00
[TS] batch70/input: write_done_realtime_ns=1787618476344689043
[GT] batch70 labels=[9, 3, 4, 5, 7, 5, 6, 2, 8, 5, 7, 9, 9, 8, 4, 1, 5, 6, 8, 0, 4, 6, 3, 8, 4, 7, 8, 1, 7, 8, 0, 4, 5, 6, 7, 1, 4, 4, 3, 3, 8, 3, 5, 9, 2, 7, 4, 3, 9, 6, 8, 1, 1, 6, 5, 3, 0, 2, 7, 8, 6, 3, 7, 3] indices=[40328, 11467, 53078, 48214, 25888, 17732, 59548, 47230, 58232, 20804, 59066, 58761, 6310, 10596, 55891, 57998, 4057, 28644, 14162, 1102, 44091, 45986, 48917, 30147, 222, 8647, 9134, 58610, 26354, 31168, 25676, 44521, 49863, 52820, 33524, 16211, 24798, 51309, 51063, 12953, 23582, 27763, 18495, 49656, 14819, 33356, 6329, 54635, 52203, 49930, 29780, 19211, 49680, 16534, 39952, 25590, 9067, 10368, 56390, 7797, 2631, 19465, 45657, 28476]
Train Epoch: 1 [4480/60000 (7%)]	Loss: 0.528323
[Train] batch 71 GPA: 0x000000038da01400
[TS] batch71/input: write_done_realtime_ns=1787618476358378334
[GT] batch71 labels=[7, 1, 8, 8, 7, 5, 8, 9, 8, 7, 3, 0, 7, 1, 2, 1, 9, 7, 2, 8, 2, 7, 5, 6, 2, 4, 5, 2, 1, 0, 6, 2, 4, 2, 1, 0, 5, 3, 0, 5, 9, 7, 0, 8, 8, 0, 2, 1, 8, 7, 2, 8, 4, 2, 9, 7, 4, 4, 2, 3, 5, 9, 9, 8] indices=[25833, 43784, 46883, 58020, 936, 13821, 43921, 4916, 54554, 3283, 22069, 45418, 6397, 52854, 57583, 9043, 11246, 30713, 29611, 24422, 20679, 52588, 36309, 43225, 46510, 38973, 40959, 10477, 25045, 52449, 6119, 55782, 59392, 19397, 18163, 44029, 46531, 44034, 46014, 6749, 2649, 10890, 52955, 58358, 31486, 3632, 56215, 27063, 43558, 41275, 32081, 20823, 21875, 8831, 10970, 32608, 36836, 30361, 18900, 15216, 32511, 43120, 39448, 3028]
[Train] batch 72 GPA: 0x000000038da18a00
[TS] batch72/input: write_done_realtime_ns=1787618476372069515
[GT] batch72 labels=[8, 4, 7, 3, 2, 9, 7, 5, 3, 7, 8, 0, 7, 0, 1, 2, 5, 3, 3, 1, 7, 9, 1, 2, 5, 5, 6, 3, 9, 8, 5, 9, 2, 1, 2, 9, 4, 8, 8, 1, 1, 1, 6, 9, 7, 2, 4, 1, 4, 8, 8, 9, 9, 3, 7, 0, 8, 8, 9, 3, 0, 4, 4, 0] indices=[23817, 29574, 51971, 56245, 23171, 2677, 19642, 23516, 16407, 27144, 37095, 12542, 55189, 57252, 3509, 35393, 17608, 21359, 50906, 55067, 57547, 24337, 3851, 25272, 1324, 41522, 8561, 5942, 3322, 9935, 56013, 5320, 48246, 41812, 30889, 38647, 11764, 17808, 12400, 11637, 49521, 51529, 5040, 14254, 15147, 36693, 59055, 22545, 12075, 36299, 45109, 42356, 22521, 51142, 55088, 37705, 51053, 47212, 35188, 38083, 5773, 18327, 24292, 10083]
[Train] batch 73 GPA: 0x000000038da01400
[TS] batch73/input: write_done_realtime_ns=1787618476385763395
[GT] batch73 labels=[5, 8, 8, 7, 5, 4, 7, 6, 3, 3, 6, 3, 8, 9, 1, 8, 6, 7, 6, 8, 9, 3, 2, 1, 5, 2, 6, 2, 8, 3, 3, 6, 4, 1, 2, 3, 6, 1, 6, 2, 4, 9, 3, 5, 7, 5, 8, 5, 9, 8, 6, 3, 1, 8, 7, 3, 2, 0, 8, 4, 8, 7, 0, 3] indices=[51821, 32926, 39751, 47682, 15398, 46852, 57032, 16335, 30284, 29231, 5486, 51848, 54327, 26861, 14724, 11406, 19309, 4893, 10729, 59447, 22078, 48174, 2783, 27886, 55871, 51648, 19134, 1427, 57019, 54516, 28626, 5948, 25313, 44281, 40566, 26674, 35034, 30809, 58415, 13039, 47068, 50391, 7778, 54282, 56601, 1283, 12099, 30482, 15194, 52536, 28943, 49529, 59454, 55153, 14032, 2774, 17757, 15445, 11181, 58684, 56091, 44726, 45596, 44216]
[Train] batch 74 GPA: 0x000000038da18a00
[TS] batch74/input: write_done_realtime_ns=1787618476399461655
[GT] batch74 labels=[0, 7, 8, 7, 1, 7, 9, 7, 7, 9, 9, 3, 4, 6, 3, 2, 6, 6, 2, 3, 6, 5, 7, 1, 4, 9, 7, 4, 9, 2, 7, 2, 9, 2, 7, 5, 0, 9, 8, 2, 3, 0, 5, 5, 6, 3, 8, 6, 5, 3, 7, 7, 4, 3, 5, 3, 6, 2, 2, 1, 7, 0, 2, 2] indices=[38404, 47595, 53464, 185, 51594, 5575, 11698, 49986, 33234, 9311, 18694, 35794, 51678, 33030, 10314, 22852, 23720, 34277, 30594, 43235, 51920, 36424, 55560, 38909, 56758, 20546, 34925, 30736, 7952, 14043, 33307, 45825, 52761, 4997, 18556, 20853, 5505, 59214, 55128, 32601, 26140, 41038, 31473, 55260, 27923, 2632, 26791, 3919, 47952, 44540, 16505, 34055, 8973, 843, 45536, 36645, 22962, 46486, 12243, 9563, 18910, 21029, 13406, 29851]
[Train] batch 75 GPA: 0x000000038da01400
[TS] batch75/input: write_done_realtime_ns=1787618476413209064
[GT] batch75 labels=[1, 8, 3, 7, 2, 2, 6, 0, 6, 0, 4, 7, 5, 3, 4, 1, 4, 6, 2, 3, 1, 4, 2, 8, 1, 1, 3, 4, 3, 6, 2, 3, 0, 6, 8, 8, 6, 8, 9, 1, 0, 5, 4, 6, 9, 0, 4, 6, 3, 6, 2, 6, 2, 2, 4, 0, 9, 8, 4, 7, 4, 7, 4, 6] indices=[7828, 37398, 28111, 38468, 5104, 12803, 59866, 40760, 12088, 38473, 24316, 42784, 7073, 13839, 2390, 55920, 11009, 59257, 53366, 29014, 27461, 150, 1595, 10124, 33084, 9181, 26671, 3260, 49228, 12469, 45500, 2735, 17508, 37222, 53933, 15286, 58281, 23408, 52635, 25264, 35742, 45491, 55339, 23780, 50859, 59558, 24547, 58442, 3471, 12452, 23335, 28947, 46974, 58710, 6235, 19859, 28754, 17679, 6160, 49862, 10952, 9274, 18487, 39767]
[Train] batch 76 GPA: 0x000000038da18a00
[TS] batch76/input: write_done_realtime_ns=1787618476426828385
[GT] batch76 labels=[9, 1, 7, 8, 9, 3, 7, 9, 8, 4, 7, 7, 2, 3, 7, 9, 5, 9, 2, 7, 7, 8, 3, 5, 3, 3, 6, 3, 6, 2, 1, 1, 0, 3, 2, 4, 6, 5, 0, 6, 5, 4, 7, 1, 4, 0, 0, 0, 1, 0, 3, 7, 3, 5, 1, 8, 6, 2, 3, 3, 7, 3, 8, 4] indices=[24379, 30140, 29376, 9694, 24902, 35803, 32645, 41962, 7215, 52437, 50438, 14219, 30365, 5337, 636, 55265, 30896, 54026, 49727, 4832, 49736, 694, 14655, 8731, 48995, 58252, 8149, 29289, 23785, 57876, 28877, 45502, 20407, 19865, 35051, 24432, 2556, 49672, 28965, 40085, 58688, 11879, 50984, 492, 11512, 29468, 9005, 19581, 10413, 3490, 14205, 58092, 2076, 36153, 47050, 23077, 21808, 44226, 55864, 983, 18152, 55869, 34678, 24880]
[Train] batch 77 GPA: 0x000000038da01400
[TS] batch77/input: write_done_realtime_ns=1787618476440533085
[GT] batch77 labels=[7, 2, 7, 9, 2, 8, 7, 2, 1, 5, 3, 6, 0, 8, 0, 4, 7, 1, 9, 7, 2, 3, 3, 7, 3, 4, 0, 7, 2, 6, 0, 2, 7, 6, 9, 3, 7, 9, 6, 8, 4, 6, 8, 3, 8, 9, 6, 6, 7, 7, 8, 9, 9, 7, 2, 2, 7, 4, 6, 4, 8, 1, 7, 8] indices=[28848, 37727, 25013, 43982, 5151, 2805, 43618, 21023, 32597, 18701, 17258, 21030, 48529, 10001, 22787, 43881, 5280, 15920, 47105, 40712, 25406, 21815, 11781, 51025, 41720, 38169, 46183, 16247, 26161, 45643, 36737, 29932, 27529, 34135, 15235, 18522, 2055, 46802, 7577, 50596, 50948, 53416, 20975, 17509, 55451, 26185, 25035, 11497, 18810, 40243, 20405, 42597, 56580, 27925, 30349, 23718, 3895, 569, 33929, 40573, 20660, 34033, 58453, 17270]
[Train] batch 78 GPA: 0x000000038da18a00
[TS] batch78/input: write_done_realtime_ns=1787618476454080867
[GT] batch78 labels=[8, 4, 9, 9, 1, 7, 2, 3, 6, 8, 7, 0, 9, 6, 8, 3, 6, 8, 6, 8, 0, 4, 6, 8, 4, 5, 0, 9, 3, 3, 0, 6, 4, 8, 1, 6, 0, 5, 1, 8, 4, 7, 8, 1, 5, 1, 4, 3, 7, 4, 4, 2, 6, 4, 9, 4, 2, 1, 6, 8, 0, 1, 2, 1] indices=[36429, 34507, 28092, 54036, 17960, 50614, 51090, 58832, 33397, 13051, 59172, 31497, 48750, 39825, 17804, 24119, 59959, 32784, 40475, 35767, 36277, 25550, 42386, 55268, 12820, 3205, 47167, 51209, 14266, 48683, 36929, 35169, 34424, 33802, 40509, 40433, 10523, 5925, 22844, 46872, 29271, 49239, 24312, 5237, 53413, 41518, 16434, 51038, 10651, 34266, 46352, 8573, 50093, 41664, 29660, 2922, 7395, 50525, 52844, 44299, 48807, 28629, 42012, 36786]
[Train] batch 79 GPA: 0x000000038da01400
[TS] batch79/input: write_done_realtime_ns=1787618476467626159
[GT] batch79 labels=[9, 7, 1, 0, 2, 1, 6, 2, 9, 5, 6, 6, 9, 4, 7, 0, 9, 1, 1, 2, 8, 2, 8, 0, 4, 4, 7, 7, 0, 3, 5, 2, 8, 3, 6, 1, 5, 0, 7, 1, 1, 8, 9, 6, 5, 1, 8, 1, 3, 4, 0, 4, 6, 5, 8, 9, 5, 2, 9, 9, 1, 8, 2, 1] indices=[55131, 45446, 23498, 28546, 53773, 48079, 6452, 26624, 6694, 50662, 56115, 18678, 29947, 44479, 56160, 10479, 11078, 13542, 6989, 33085, 54625, 17851, 16637, 47406, 47379, 58436, 32820, 3282, 6917, 57227, 23689, 15203, 2810, 34973, 12939, 56241, 10386, 14131, 36650, 45204, 43615, 37396, 53868, 25815, 29834, 48044, 25692, 45254, 37578, 46846, 16119, 23648, 49699, 44253, 38979, 58484, 51298, 10009, 48148, 59990, 53891, 47420, 41937, 36461]
[Train] batch 80 GPA: 0x000000038da18a00
[TS] batch80/input: write_done_realtime_ns=1787618476481175870
[GT] batch80 labels=[1, 7, 9, 6, 1, 0, 8, 1, 3, 8, 4, 3, 6, 1, 5, 7, 8, 5, 7, 8, 8, 7, 6, 3, 4, 6, 1, 4, 6, 2, 6, 2, 6, 7, 1, 4, 3, 2, 9, 8, 1, 6, 1, 6, 8, 8, 2, 5, 9, 1, 1, 5, 7, 6, 3, 3, 2, 7, 5, 1, 8, 5, 9, 8] indices=[49723, 59592, 31320, 38936, 10098, 42008, 52290, 14834, 34140, 17237, 2224, 21144, 29399, 28857, 36268, 33504, 23143, 30991, 19838, 14669, 16246, 23388, 27962, 41267, 12922, 30332, 11939, 40354, 52472, 48109, 30045, 37322, 155, 48124, 20461, 8962, 13221, 16089, 14716, 8785, 33191, 8826, 5760, 5848, 14494, 47008, 40388, 8119, 48980, 59085, 12209, 27291, 57350, 6963, 40337, 6766, 48063, 58676, 8183, 2937, 3154, 328, 38247, 17060]
Train Epoch: 1 [5120/60000 (9%)]	Loss: 0.226009
[Train] batch 81 GPA: 0x000000038da01400
[TS] batch81/input: write_done_realtime_ns=1787618476494941600
[GT] batch81 labels=[7, 5, 3, 1, 6, 8, 1, 3, 0, 2, 9, 9, 8, 1, 8, 3, 1, 2, 5, 1, 2, 1, 9, 6, 3, 9, 4, 2, 3, 9, 2, 8, 6, 9, 7, 0, 2, 5, 5, 3, 9, 2, 9, 8, 9, 8, 7, 8, 4, 6, 4, 4, 9, 5, 9, 7, 2, 1, 9, 6, 0, 5, 6, 8] indices=[38026, 40268, 51462, 50016, 7064, 26948, 31061, 25573, 42759, 16007, 30712, 38279, 37094, 1365, 19458, 8879, 604, 46345, 12692, 16236, 55637, 59827, 55009, 30350, 19615, 24494, 27800, 23776, 38174, 53784, 41593, 48243, 52461, 3090, 32364, 31581, 19423, 22101, 59960, 47377, 59236, 57654, 54038, 59340, 28129, 59101, 43341, 42229, 4829, 8057, 13418, 9920, 59191, 55099, 7538, 20223, 11364, 56169, 16039, 5739, 40746, 34005, 7711, 16659]
[Train] batch 82 GPA: 0x000000038da18a00
[TS] batch82/input: write_done_realtime_ns=1787618476508551730
[GT] batch82 labels=[3, 0, 3, 3, 7, 3, 6, 6, 6, 1, 9, 5, 0, 1, 1, 3, 4, 7, 1, 7, 2, 7, 4, 3, 1, 8, 7, 1, 2, 4, 4, 6, 1, 7, 6, 7, 6, 3, 1, 1, 7, 1, 1, 4, 7, 6, 1, 5, 9, 2, 4, 6, 6, 1, 8, 7, 7, 1, 7, 2, 6, 4, 4, 7] indices=[56437, 29520, 36887, 3051, 54267, 45990, 28397, 6085, 12359, 12807, 25404, 45024, 25390, 31447, 41542, 17787, 55181, 2825, 14656, 27881, 54513, 19791, 1408, 41843, 23931, 46237, 53832, 45051, 37798, 16589, 21867, 7580, 42307, 10828, 11832, 58140, 32205, 20538, 21991, 7040, 20318, 23291, 41525, 47532, 41244, 13373, 8087, 4515, 59829, 21852, 41036, 10475, 59417, 29069, 23805, 55446, 9307, 6229, 18979, 34155, 23628, 55332, 55924, 43408]
[Train] batch 83 GPA: 0x000000038da01400
[TS] batch83/input: write_done_realtime_ns=1787618476522045604
[GT] batch83 labels=[5, 7, 6, 8, 0, 6, 3, 7, 7, 9, 6, 1, 1, 9, 2, 7, 6, 8, 0, 4, 9, 3, 7, 5, 1, 3, 6, 6, 5, 1, 4, 7, 8, 4, 6, 1, 3, 2, 7, 9, 8, 6, 3, 9, 4, 2, 1, 8, 7, 5, 1, 7, 2, 3, 0, 8, 3, 7, 5, 8, 6, 6, 4, 7] indices=[24217, 43541, 27724, 30242, 58546, 39870, 42445, 59938, 43024, 34876, 52976, 8258, 26867, 54548, 49164, 50483, 12159, 25951, 2411, 23187, 54874, 21966, 47232, 12626, 905, 23724, 53422, 9202, 1514, 56831, 3496, 31374, 59438, 37128, 26622, 39937, 58311, 58568, 22993, 48477, 12683, 53215, 31975, 35380, 53753, 46094, 45147, 55163, 18951, 15488, 19731, 57502, 57694, 44903, 48960, 56286, 39124, 7197, 8245, 36816, 15183, 19332, 4549, 5946]
[Train] batch 84 GPA: 0x000000038da18a00
[TS] batch84/input: write_done_realtime_ns=1787618476535860432
[GT] batch84 labels=[9, 3, 6, 7, 9, 3, 2, 7, 9, 1, 2, 9, 5, 4, 8, 5, 9, 7, 8, 3, 6, 4, 5, 6, 6, 0, 4, 2, 2, 3, 1, 4, 4, 0, 0, 9, 1, 5, 2, 0, 4, 1, 5, 2, 0, 0, 0, 3, 6, 7, 5, 2, 0, 1, 7, 2, 2, 8, 8, 8, 2, 9, 3, 6] indices=[53544, 35511, 12673, 45159, 1878, 12300, 22861, 9502, 21172, 55411, 26733, 8998, 9397, 14572, 1026, 6324, 5797, 28697, 21389, 37756, 2590, 52589, 50484, 44078, 32658, 37738, 8787, 2004, 36522, 54357, 1838, 40493, 1653, 42623, 19732, 55814, 2316, 53329, 30609, 27550, 31378, 23390, 44821, 12093, 57887, 28971, 47820, 37332, 13702, 25155, 23452, 38120, 40390, 50501, 15849, 58705, 23846, 3014, 4927, 39001, 13586, 53370, 20697, 58382]
[Train] batch 85 GPA: 0x000000038da01400
[TS] batch85/input: write_done_realtime_ns=1787618476549640022
[GT] batch85 labels=[9, 1, 6, 9, 4, 5, 0, 5, 0, 2, 1, 0, 8, 8, 4, 6, 0, 0, 3, 9, 7, 4, 3, 4, 7, 7, 2, 7, 1, 7, 9, 3, 0, 6, 5, 9, 7, 3, 3, 2, 9, 8, 4, 7, 6, 8, 0, 4, 0, 7, 2, 2, 7, 2, 6, 0, 9, 1, 2, 6, 7, 6, 1, 6] indices=[54064, 56057, 51179, 45183, 13441, 16315, 12776, 437, 48439, 10949, 20298, 2826, 46527, 25387, 44301, 27369, 27429, 1371, 26014, 42400, 46879, 1172, 24435, 59722, 14348, 18048, 53473, 22577, 14000, 4227, 12825, 53975, 26843, 10037, 4614, 25385, 28417, 54892, 3949, 4489, 53435, 25301, 19418, 52960, 26285, 26865, 22757, 32045, 8885, 34837, 10629, 22252, 23715, 41037, 38659, 11014, 17142, 10922, 18370, 59445, 48736, 47705, 366, 49084]
[Train] batch 86 GPA: 0x000000038da18a00
[TS] batch86/input: write_done_realtime_ns=1787618476563119284
[GT] batch86 labels=[0, 4, 7, 6, 2, 5, 4, 2, 2, 9, 6, 4, 8, 6, 1, 0, 3, 2, 3, 0, 6, 7, 1, 8, 2, 4, 8, 6, 9, 8, 1, 3, 7, 2, 3, 0, 5, 7, 0, 4, 2, 0, 3, 1, 9, 8, 3, 4, 7, 5, 7, 7, 9, 8, 1, 4, 6, 6, 0, 4, 1, 1, 1, 8] indices=[6823, 43797, 1281, 3779, 36016, 13988, 46357, 28872, 33213, 8216, 36701, 45752, 35501, 31903, 34418, 13030, 18287, 30993, 26448, 11597, 24871, 10148, 25414, 53648, 9231, 23974, 34842, 10044, 26349, 44719, 28361, 59436, 59048, 59489, 18363, 34099, 24812, 26423, 4082, 25995, 26932, 46812, 18919, 31916, 10685, 11843, 3215, 37339, 49093, 48348, 4421, 1001, 50473, 34107, 16742, 11303, 17657, 12606, 16202, 17896, 16385, 20046, 30711, 22136]
[Train] batch 87 GPA: 0x000000038da01400
[TS] batch87/input: write_done_realtime_ns=1787618476576655206
[GT] batch87 labels=[7, 7, 6, 8, 1, 5, 1, 9, 5, 9, 1, 8, 7, 6, 1, 5, 1, 5, 1, 2, 4, 6, 3, 5, 7, 8, 0, 7, 3, 8, 4, 3, 1, 7, 7, 0, 9, 2, 1, 3, 6, 0, 2, 0, 8, 0, 4, 4, 3, 2, 3, 7, 8, 1, 9, 8, 7, 0, 8, 6, 1, 0, 4, 8] indices=[40143, 1186, 13845, 37170, 2083, 2478, 15252, 17537, 30957, 20820, 53521, 38271, 53931, 36893, 11418, 36544, 13700, 46322, 45495, 49857, 34346, 22562, 24772, 41673, 26337, 54226, 35800, 33431, 6594, 16179, 24471, 1908, 54552, 6202, 7028, 37432, 56408, 56298, 48041, 12656, 33601, 23464, 28603, 16903, 39141, 22436, 11690, 57417, 45554, 27264, 27960, 11716, 28851, 17351, 56649, 52900, 5959, 10010, 11382, 14912, 54210, 639, 32513, 55674]
[Train] batch 88 GPA: 0x000000038da18a00
[TS] batch88/input: write_done_realtime_ns=1787618476590201887
[GT] batch88 labels=[8, 0, 3, 2, 4, 5, 0, 4, 5, 4, 7, 7, 6, 0, 5, 0, 1, 9, 6, 6, 5, 3, 8, 5, 3, 8, 0, 2, 9, 5, 5, 3, 9, 0, 6, 8, 2, 0, 1, 0, 9, 9, 4, 1, 0, 2, 7, 5, 9, 4, 7, 1, 1, 3, 1, 6, 7, 1, 8, 9, 7, 2, 8, 4] indices=[21432, 28403, 31988, 36631, 4460, 53844, 30293, 24109, 22887, 24874, 10014, 54253, 27415, 4321, 37590, 31518, 43406, 29743, 28619, 39212, 25468, 40205, 41550, 31186, 808, 12037, 12741, 3642, 55834, 52353, 16084, 34204, 13668, 37335, 37667, 40195, 31372, 16043, 33298, 32557, 227, 11199, 57389, 12367, 39360, 7628, 2386, 14673, 20684, 36923, 48450, 2306, 24580, 5616, 34426, 13245, 34232, 4524, 24679, 34969, 47844, 53377, 27508, 2208]
[Train] batch 89 GPA: 0x000000038da01400
[TS] batch89/input: write_done_realtime_ns=1787618476603647880
[GT] batch89 labels=[5, 3, 4, 7, 0, 8, 1, 3, 9, 4, 5, 0, 7, 5, 4, 3, 2, 5, 7, 3, 7, 5, 5, 0, 1, 9, 2, 7, 5, 4, 6, 7, 2, 9, 6, 6, 0, 0, 7, 3, 2, 6, 5, 2, 8, 8, 1, 7, 0, 9, 4, 1, 1, 1, 7, 1, 9, 3, 9, 7, 8, 1, 4, 7] indices=[53568, 21055, 19998, 27945, 31095, 38351, 22586, 46062, 41681, 35227, 21836, 11077, 3059, 41523, 531, 35833, 59222, 14009, 51023, 8406, 12628, 29348, 6401, 1664, 20327, 12006, 23313, 36157, 59459, 14064, 35211, 40029, 33878, 12515, 25559, 41351, 17454, 56161, 42403, 56139, 39790, 48338, 20815, 27834, 23509, 56284, 41640, 38504, 32946, 37637, 2546, 54580, 25948, 2853, 41044, 52872, 23463, 19333, 1740, 11877, 37263, 18452, 38262, 47127]
[Train] batch 90 GPA: 0x000000038da18a00
[TS] batch90/input: write_done_realtime_ns=1787618476617232451
[GT] batch90 labels=[2, 0, 3, 7, 2, 7, 0, 2, 0, 2, 8, 1, 6, 8, 3, 6, 6, 2, 8, 8, 3, 4, 5, 5, 1, 4, 3, 6, 1, 2, 0, 3, 8, 5, 6, 0, 4, 9, 1, 5, 1, 8, 0, 4, 5, 3, 0, 1, 6, 2, 7, 9, 5, 6, 5, 9, 2, 3, 9, 2, 9, 9, 9, 0] indices=[45631, 47042, 28953, 3599, 11013, 36603, 55617, 37241, 7462, 48624, 14645, 44012, 38352, 51846, 36154, 3449, 32477, 18341, 2940, 17021, 47195, 12966, 29129, 51231, 14001, 26000, 34805, 2035, 52619, 3362, 10323, 39122, 56430, 10146, 10600, 12690, 28919, 30135, 9399, 18600, 44368, 19470, 5131, 22525, 58803, 52027, 4597, 41282, 59736, 33620, 753, 19629, 17247, 47694, 7368, 54098, 50452, 11012, 39034, 6725, 41613, 2453, 20366, 4218]
Train Epoch: 1 [5760/60000 (10%)]	Loss: 0.136867
[Train] batch 91 GPA: 0x000000038da01400
[TS] batch91/input: write_done_realtime_ns=1787618476630800902
[GT] batch91 labels=[4, 2, 7, 0, 6, 2, 5, 4, 1, 2, 7, 5, 7, 9, 6, 2, 0, 8, 0, 7, 8, 7, 0, 3, 7, 4, 9, 9, 2, 6, 9, 3, 6, 6, 8, 4, 3, 2, 6, 8, 1, 7, 4, 1, 0, 7, 9, 4, 5, 5, 1, 4, 2, 3, 7, 3, 4, 3, 5, 4, 0, 6, 3, 0] indices=[39511, 24462, 13042, 57917, 33960, 5841, 40905, 32578, 57094, 54105, 42844, 28141, 58228, 5865, 31037, 50196, 21413, 15766, 4500, 7384, 6606, 24816, 33367, 20675, 15597, 39110, 56087, 49358, 31666, 57519, 30205, 37205, 10552, 47376, 40089, 13419, 12879, 2565, 28997, 44874, 27136, 33964, 32583, 15716, 53665, 19625, 32360, 12033, 27594, 18822, 58320, 55575, 18817, 21559, 8130, 27211, 39413, 52818, 55463, 38150, 55664, 5364, 25032, 46723]
[Train] batch 92 GPA: 0x000000038da18a00
[TS] batch92/input: write_done_realtime_ns=1787618476644349674
[GT] batch92 labels=[8, 3, 9, 7, 6, 5, 8, 9, 3, 5, 8, 3, 8, 8, 0, 6, 3, 9, 0, 3, 6, 1, 9, 8, 3, 8, 1, 1, 6, 9, 3, 6, 8, 2, 1, 5, 3, 3, 8, 6, 7, 2, 4, 6, 2, 9, 4, 9, 4, 3, 1, 8, 5, 1, 1, 8, 4, 4, 0, 9, 1, 5, 2, 6] indices=[6030, 13660, 47833, 56841, 29272, 38038, 56126, 10819, 50915, 19874, 49548, 41767, 51933, 10905, 46579, 37140, 35407, 20667, 4776, 51918, 23489, 8513, 58159, 28782, 3404, 13795, 17618, 56610, 16538, 29857, 43537, 59208, 31710, 40812, 7074, 38019, 32422, 48587, 2593, 19277, 44150, 21136, 12991, 10748, 39203, 53821, 15161, 36678, 31574, 17301, 16148, 55619, 52057, 10719, 58091, 42873, 663, 31941, 43913, 25664, 38591, 57610, 51073, 5021]
[Train] batch 93 GPA: 0x000000038da01400
[TS] batch93/input: write_done_realtime_ns=1787618476658255772
[GT] batch93 labels=[2, 3, 1, 2, 5, 4, 1, 3, 9, 3, 6, 3, 9, 1, 2, 7, 9, 2, 0, 9, 0, 0, 9, 4, 3, 5, 4, 8, 9, 4, 1, 2, 2, 8, 9, 4, 9, 5, 2, 6, 9, 9, 1, 1, 0, 7, 6, 1, 4, 3, 9, 5, 7, 6, 3, 8, 3, 8, 7, 6, 0, 2, 8, 7] indices=[6222, 35528, 56971, 48349, 55531, 3138, 50083, 49654, 24006, 26488, 42767, 8254, 55406, 15921, 47575, 43627, 37136, 44718, 46683, 30583, 24085, 24962, 29165, 13968, 18812, 58505, 30272, 53315, 3263, 28363, 32334, 44092, 37053, 33151, 41645, 3484, 36832, 10244, 48270, 30685, 26275, 5478, 20322, 56506, 47482, 12348, 18911, 510, 9442, 46600, 19778, 19670, 42061, 51246, 6293, 16724, 19438, 13559, 53261, 57622, 29203, 7619, 48351, 23246]
[Train] batch 94 GPA: 0x000000038da18a00
[TS] batch94/input: write_done_realtime_ns=1787618476672032081
[GT] batch94 labels=[0, 8, 1, 2, 8, 4, 4, 8, 8, 1, 3, 6, 2, 2, 4, 4, 6, 6, 5, 1, 4, 7, 3, 5, 4, 9, 2, 7, 9, 1, 6, 8, 3, 9, 4, 7, 2, 6, 4, 6, 0, 9, 6, 1, 3, 4, 5, 0, 7, 1, 3, 6, 8, 7, 6, 0, 3, 4, 1, 8, 9, 4, 6, 6] indices=[29750, 10486, 1535, 2184, 21048, 8235, 11264, 792, 11614, 49392, 40020, 35099, 12445, 8251, 22843, 53768, 23758, 16821, 39493, 44389, 6996, 22570, 16019, 5857, 43355, 24594, 4380, 40872, 18813, 2717, 18721, 14014, 59398, 31295, 27433, 21217, 28126, 35424, 34349, 56015, 26639, 10186, 39815, 3551, 52994, 40806, 4302, 42349, 50792, 24183, 31636, 27991, 28892, 4575, 41415, 39817, 38399, 24174, 44446, 36959, 50041, 21461, 47636, 50619]
[Train] batch 95 GPA: 0x000000038da01400
[TS] batch95/input: write_done_realtime_ns=1787618476685665772
[GT] batch95 labels=[7, 4, 6, 5, 8, 7, 9, 0, 5, 6, 7, 6, 2, 2, 1, 8, 1, 2, 1, 6, 9, 4, 9, 4, 1, 8, 1, 1, 6, 0, 6, 8, 1, 1, 8, 7, 6, 6, 8, 4, 8, 2, 1, 9, 3, 8, 9, 7, 8, 9, 1, 1, 6, 1, 1, 7, 6, 9, 5, 9, 8, 4, 5, 2] indices=[41168, 42286, 42450, 24097, 25968, 56346, 46271, 18581, 49460, 55273, 6713, 53869, 52812, 24724, 55080, 11984, 22555, 55437, 11278, 14784, 54843, 8769, 22505, 3838, 36094, 40158, 31764, 50678, 41797, 15621, 18704, 49051, 20195, 46718, 16826, 33525, 48744, 26819, 36492, 33493, 1773, 11896, 41836, 53661, 21284, 46502, 23366, 27976, 14611, 14886, 16906, 4685, 15985, 59149, 51060, 39244, 41323, 12570, 53598, 11313, 45168, 11131, 38959, 30925]
[Train] batch 96 GPA: 0x000000038da18a00
[TS] batch96/input: write_done_realtime_ns=1787618476699244634
[GT] batch96 labels=[1, 2, 2, 5, 4, 8, 7, 2, 3, 0, 0, 5, 3, 8, 9, 7, 1, 3, 0, 2, 5, 0, 4, 4, 0, 0, 5, 2, 8, 8, 6, 3, 5, 6, 7, 6, 4, 0, 1, 4, 4, 4, 9, 6, 6, 3, 6, 0, 3, 1, 1, 4, 4, 7, 6, 2, 5, 6, 8, 8, 1, 3, 4, 9] indices=[19671, 28787, 32768, 2744, 6729, 40939, 50822, 28685, 24294, 9874, 12004, 33622, 17853, 29535, 44423, 5821, 50032, 9663, 13729, 42142, 15315, 47197, 51046, 46037, 23136, 33427, 21963, 24430, 17609, 46573, 56592, 37054, 47320, 11195, 48010, 28142, 9980, 37677, 355, 47240, 17281, 9993, 44025, 1741, 41848, 52692, 42972, 320, 27115, 53746, 38840, 48048, 40660, 15671, 18771, 43172, 52255, 50823, 53765, 48494, 15175, 9953, 28635, 49464]
[Train] batch 97 GPA: 0x000000038da01400
[TS] batch97/input: write_done_realtime_ns=1787618476712798356
[GT] batch97 labels=[3, 0, 7, 4, 2, 5, 6, 5, 7, 7, 1, 2, 2, 2, 6, 6, 8, 1, 1, 1, 3, 2, 7, 1, 9, 1, 6, 3, 2, 5, 5, 7, 5, 3, 8, 8, 9, 5, 2, 9, 4, 4, 2, 0, 8, 6, 5, 5, 8, 2, 4, 0, 6, 0, 2, 8, 6, 9, 9, 4, 6, 0, 7, 6] indices=[43373, 58916, 53159, 51791, 3748, 53978, 24554, 42970, 42619, 56329, 57170, 21598, 22391, 12254, 39036, 2295, 24953, 11061, 25899, 6558, 26291, 7986, 37770, 47129, 1291, 22848, 48823, 45275, 28285, 52826, 25483, 35998, 10871, 15869, 27650, 44442, 45352, 37680, 34768, 28368, 58463, 55490, 1033, 29394, 963, 8336, 59846, 14389, 25495, 59355, 44620, 12180, 21257, 17108, 11560, 26708, 5962, 24704, 51185, 18988, 17980, 5074, 52992, 47687]
[Train] batch 98 GPA: 0x000000038da18a00
[TS] batch98/input: write_done_realtime_ns=1787618476726381706
[GT] batch98 labels=[9, 4, 2, 8, 4, 3, 5, 1, 3, 8, 7, 6, 1, 8, 9, 2, 7, 6, 1, 7, 5, 8, 4, 6, 3, 6, 3, 0, 7, 4, 3, 8, 5, 0, 9, 9, 3, 3, 8, 9, 6, 3, 6, 9, 4, 9, 3, 4, 7, 1, 2, 2, 0, 5, 7, 5, 0, 5, 8, 4, 4, 3, 3, 6] indices=[58539, 33204, 59714, 52980, 44712, 47930, 11345, 34515, 59891, 42624, 45257, 45262, 47994, 8197, 48255, 3102, 14470, 13035, 11134, 3250, 41628, 9944, 35533, 25297, 5510, 59853, 33421, 20955, 13638, 45009, 21075, 13412, 37992, 24393, 50896, 24860, 46681, 8557, 45938, 29847, 49083, 10402, 37350, 58169, 55607, 6145, 298, 39341, 56042, 9987, 32854, 49454, 4849, 41980, 48165, 8642, 11091, 24021, 44200, 1133, 49274, 7832, 26311, 47564]
[Train] batch 99 GPA: 0x000000038da01400
[TS] batch99/input: write_done_realtime_ns=1787618476739888808
[GT] batch99 labels=[3, 4, 6, 3, 2, 5, 4, 7, 5, 4, 7, 6, 8, 8, 6, 1, 0, 6, 4, 5, 4, 8, 3, 5, 7, 1, 8, 1, 5, 7, 3, 4, 5, 6, 2, 8, 9, 5, 5, 0, 5, 8, 3, 9, 9, 8, 0, 5, 3, 6, 9, 0, 1, 1, 7, 1, 5, 0, 5, 6, 1, 3, 4, 0] indices=[26057, 22028, 32791, 57651, 1800, 19699, 48764, 17882, 25203, 442, 27944, 51977, 38791, 22150, 59679, 52368, 3691, 58781, 32037, 12502, 33478, 26762, 14099, 47468, 24550, 13129, 52398, 36085, 49061, 42354, 51245, 58613, 17387, 23476, 16104, 28749, 35084, 33905, 38285, 57810, 14180, 28475, 13647, 1620, 27909, 54047, 10005, 43691, 49981, 4536, 22915, 54356, 32677, 4237, 6485, 3926, 47854, 56954, 14218, 47699, 31487, 33316, 29794, 40421]
[Train] batch 100 GPA: 0x000000038da18a00
[TS] batch100/input: write_done_realtime_ns=1787618476753401651
[GT] batch100 labels=[6, 3, 1, 8, 7, 4, 0, 4, 4, 7, 3, 0, 9, 7, 3, 6, 9, 9, 3, 8, 7, 7, 2, 7, 8, 3, 6, 8, 2, 8, 5, 3, 8, 4, 2, 8, 2, 4, 1, 1, 4, 2, 1, 1, 9, 7, 5, 1, 1, 0, 6, 9, 3, 4, 9, 9, 2, 7, 8, 5, 1, 0, 0, 6] indices=[41268, 25689, 10458, 52932, 46419, 58057, 1907, 42812, 38551, 35839, 12998, 43169, 34693, 28621, 31155, 20806, 59899, 27732, 29249, 5055, 5754, 6915, 7929, 14387, 9726, 2567, 49483, 57164, 41340, 59946, 37567, 6825, 43447, 6218, 50479, 11149, 8433, 29523, 48184, 15561, 51170, 7153, 55232, 30381, 32676, 54678, 2861, 26243, 24431, 54764, 54206, 5172, 33624, 5673, 16147, 45445, 3133, 37999, 20614, 41152, 35089, 27407, 50862, 39583]
Train Epoch: 1 [6400/60000 (11%)]	Loss: 0.229155
[Train] batch 101 GPA: 0x000000038da01400
[TS] batch101/input: write_done_realtime_ns=1787618476766935253
[GT] batch101 labels=[4, 1, 2, 3, 9, 8, 3, 9, 1, 0, 6, 7, 7, 4, 8, 5, 7, 1, 6, 6, 3, 8, 5, 2, 7, 6, 1, 6, 9, 9, 2, 1, 2, 3, 7, 3, 5, 7, 9, 3, 0, 6, 1, 0, 2, 7, 6, 3, 1, 8, 2, 8, 0, 4, 2, 9, 9, 2, 4, 7, 4, 3, 1, 8] indices=[10631, 12743, 37469, 15045, 45671, 13151, 24987, 29154, 32231, 36919, 11699, 11350, 48992, 27901, 40213, 29616, 14231, 46518, 34413, 50058, 452, 6477, 32915, 30634, 59526, 29928, 7275, 44258, 3227, 31262, 57270, 48831, 51884, 13045, 2118, 37658, 32533, 29109, 55114, 22251, 21780, 25665, 47993, 4985, 49409, 23334, 27769, 11285, 56149, 33959, 20411, 34194, 27305, 37633, 22395, 27731, 38899, 3142, 22985, 41698, 16526, 22155, 1354, 37363]
[Train] batch 102 GPA: 0x000000038da18a00
[TS] batch102/input: write_done_realtime_ns=1787618476780510304
[GT] batch102 labels=[4, 0, 9, 1, 5, 3, 4, 1, 1, 8, 9, 7, 8, 1, 7, 4, 6, 8, 8, 4, 5, 6, 8, 3, 0, 1, 0, 8, 5, 7, 7, 5, 6, 7, 9, 1, 0, 3, 4, 8, 3, 9, 0, 0, 3, 8, 4, 0, 4, 0, 6, 2, 9, 4, 6, 1, 3, 1, 4, 7, 5, 1, 1, 1] indices=[3694, 58454, 59385, 35069, 44018, 57863, 48646, 19837, 7631, 10753, 31561, 50461, 35398, 17943, 6715, 42119, 42162, 55650, 33898, 4838, 29248, 6657, 13122, 11756, 30790, 9430, 1775, 6582, 5423, 13421, 57017, 37086, 43807, 33543, 32552, 5842, 27931, 16911, 19961, 10041, 37368, 39199, 18412, 30363, 13827, 15817, 27517, 55277, 49874, 10326, 57783, 20613, 31783, 21430, 29620, 35600, 31283, 56986, 58433, 17800, 43175, 28349, 39268, 38736]
[Train] batch 103 GPA: 0x000000038da01400
[TS] batch103/input: write_done_realtime_ns=1787618476794002216
[GT] batch103 labels=[1, 4, 5, 3, 8, 2, 2, 4, 1, 1, 5, 9, 7, 0, 2, 0, 3, 0, 1, 1, 8, 1, 0, 6, 8, 4, 6, 1, 3, 0, 0, 0, 1, 1, 1, 9, 1, 1, 7, 3, 7, 6, 2, 2, 8, 0, 2, 3, 2, 8, 5, 7, 5, 5, 3, 2, 2, 3, 5, 5, 7, 4, 7, 3] indices=[39830, 5450, 55055, 43438, 40928, 4679, 10308, 26897, 2731, 50561, 56277, 43405, 50047, 17655, 26237, 55785, 33239, 47479, 45659, 48303, 885, 22153, 31661, 4221, 44748, 1163, 35452, 10468, 27649, 22669, 46796, 4288, 58806, 38206, 48897, 43738, 27634, 67, 19221, 59299, 9276, 31629, 27897, 27989, 26543, 28835, 53026, 12109, 14653, 48428, 51380, 48622, 55459, 49935, 36377, 7523, 10945, 21689, 48800, 15024, 3317, 52920, 52475, 15547]
[Train] batch 104 GPA: 0x000000038da18a00
[TS] batch104/input: write_done_realtime_ns=1787618476807598957
[GT] batch104 labels=[5, 3, 7, 2, 0, 7, 6, 9, 4, 3, 0, 6, 0, 9, 1, 2, 0, 7, 4, 2, 8, 1, 1, 2, 6, 0, 1, 3, 4, 5, 2, 3, 7, 3, 1, 7, 3, 2, 4, 5, 1, 2, 3, 0, 7, 4, 6, 2, 0, 5, 9, 8, 9, 9, 9, 7, 5, 3, 1, 9, 1, 6, 8, 4] indices=[36487, 12602, 43374, 41794, 8681, 43313, 38190, 11474, 11953, 57864, 15198, 44309, 31785, 57670, 14212, 38924, 10384, 54760, 54422, 14776, 3825, 10409, 54825, 10476, 45609, 25312, 52819, 24481, 3117, 47475, 33027, 59471, 22876, 46506, 5864, 21352, 57472, 36039, 10937, 27745, 30053, 2664, 34085, 12276, 1825, 46749, 21452, 13031, 47452, 2131, 13361, 56068, 1250, 57246, 10848, 33618, 757, 11104, 1060, 37077, 49167, 54183, 45971, 3761]
[Train] batch 105 GPA: 0x000000038da01400
[TS] batch105/input: write_done_realtime_ns=1787618476821123519
[GT] batch105 labels=[9, 3, 2, 2, 8, 9, 6, 4, 3, 4, 2, 2, 4, 8, 8, 0, 6, 6, 9, 2, 4, 2, 6, 3, 2, 3, 1, 7, 1, 1, 8, 5, 7, 4, 2, 1, 6, 7, 1, 9, 1, 5, 8, 6, 5, 4, 1, 4, 2, 2, 8, 8, 7, 6, 1, 5, 7, 3, 6, 1, 8, 5, 7, 5] indices=[33721, 32490, 35138, 24450, 13682, 30453, 26452, 14257, 2535, 50510, 42598, 54299, 27591, 24589, 45454, 53897, 54610, 48776, 23266, 24484, 46561, 7897, 41170, 38657, 25510, 26419, 47817, 12624, 31365, 28893, 43986, 28315, 10095, 33702, 27641, 53330, 13846, 9788, 53805, 31919, 53314, 19839, 22617, 30882, 29525, 43571, 1527, 33506, 52839, 3965, 19835, 51315, 1042, 39250, 12310, 24310, 632, 56265, 39626, 29961, 46387, 21058, 35150, 15778]
[Train] batch 106 GPA: 0x000000038da18a00
[TS] batch106/input: write_done_realtime_ns=1787618476834657921
[GT] batch106 labels=[7, 2, 9, 9, 4, 1, 5, 3, 8, 7, 5, 5, 4, 9, 6, 3, 8, 6, 3, 2, 0, 4, 1, 0, 1, 2, 8, 1, 9, 7, 6, 6, 7, 9, 3, 1, 8, 7, 3, 5, 3, 0, 7, 3, 6, 9, 0, 6, 7, 4, 2, 4, 8, 4, 9, 6, 1, 8, 4, 6, 3, 1, 2, 4] indices=[1014, 8853, 13557, 45864, 52158, 40132, 25259, 31791, 19826, 21700, 28271, 46895, 42547, 31922, 27306, 17255, 56093, 8911, 40962, 39655, 4356, 21822, 17029, 10801, 49488, 16547, 16145, 33176, 2633, 18621, 42957, 27704, 8566, 18883, 56869, 16418, 57062, 41061, 11454, 543, 25284, 10691, 50795, 22715, 25999, 11223, 52021, 2978, 41650, 33994, 32075, 42128, 8432, 36706, 35325, 48152, 50685, 11575, 43275, 23487, 33468, 27619, 46956, 54878]
[Train] batch 107 GPA: 0x000000038da01400
[TS] batch107/input: write_done_realtime_ns=1787618476848267133
[GT] batch107 labels=[6, 1, 8, 7, 2, 8, 5, 1, 5, 3, 6, 6, 7, 8, 1, 1, 1, 0, 3, 4, 5, 2, 1, 4, 8, 9, 5, 8, 1, 9, 6, 1, 6, 3, 9, 7, 3, 3, 9, 3, 5, 7, 7, 0, 3, 8, 1, 3, 9, 1, 6, 6, 5, 7, 2, 7, 7, 6, 1, 7, 1, 3, 6, 4] indices=[55731, 40210, 7168, 52825, 9721, 12255, 35906, 25945, 34082, 44, 56385, 5634, 12428, 46988, 56138, 18664, 14859, 20357, 56337, 54650, 50341, 21692, 37809, 19882, 24311, 42870, 45049, 30374, 8423, 47853, 36444, 44813, 23898, 17621, 32368, 30008, 17295, 24883, 9481, 59178, 36999, 48422, 3899, 11833, 27287, 4481, 13154, 3674, 47547, 43484, 52206, 57029, 13862, 7403, 39860, 14997, 33470, 8697, 25324, 43046, 4248, 23695, 50082, 31668]
[Train] batch 108 GPA: 0x000000038da18a00
[TS] batch108/input: write_done_realtime_ns=1787618476861794463
[GT] batch108 labels=[2, 0, 4, 6, 1, 7, 4, 5, 3, 7, 3, 4, 9, 2, 7, 7, 9, 7, 6, 7, 4, 1, 0, 2, 2, 3, 5, 7, 7, 9, 7, 4, 5, 5, 4, 0, 9, 1, 0, 6, 0, 1, 1, 2, 0, 6, 9, 3, 6, 1, 0, 9, 1, 0, 0, 0, 2, 4, 9, 9, 1, 5, 3, 2] indices=[16760, 30320, 43228, 55289, 25036, 25727, 11670, 53201, 24501, 38075, 36128, 17198, 31309, 49911, 1072, 3249, 33199, 19199, 9338, 17185, 9137, 37207, 51002, 1572, 38953, 11042, 36639, 24236, 3507, 26631, 43340, 41166, 53408, 51366, 48754, 45817, 12773, 54489, 59142, 59000, 108, 42412, 13379, 5247, 32541, 35342, 22423, 2818, 8523, 33140, 18799, 53530, 24628, 40544, 10080, 51422, 27860, 13901, 37932, 8393, 34725, 3361, 38223, 39145]
[Train] batch 109 GPA: 0x000000038da01400
[TS] batch109/input: write_done_realtime_ns=1787618476875288847
[GT] batch109 labels=[5, 9, 8, 0, 3, 3, 7, 1, 0, 9, 4, 7, 2, 3, 1, 3, 5, 4, 7, 9, 7, 5, 9, 4, 9, 2, 0, 6, 5, 8, 1, 4, 2, 7, 5, 5, 2, 2, 8, 6, 2, 4, 0, 1, 7, 6, 0, 8, 9, 6, 1, 6, 6, 8, 0, 6, 1, 8, 6, 4, 6, 9, 7, 5] indices=[48425, 23128, 9117, 30223, 27560, 50374, 29127, 38731, 29895, 52538, 55005, 58090, 37296, 37042, 18953, 51471, 44461, 48833, 8232, 19730, 6087, 22038, 53190, 45243, 28055, 49115, 19772, 1931, 10740, 9601, 54143, 53914, 7732, 59279, 45124, 6984, 48378, 15083, 9749, 55757, 6270, 8011, 1868, 18980, 10547, 51115, 35311, 37721, 3506, 4683, 24838, 41577, 47611, 15624, 16363, 8265, 47670, 56667, 51481, 28703, 51220, 45719, 19383, 40776]
[Train] batch 110 GPA: 0x000000038da18a00
[TS] batch110/input: write_done_realtime_ns=1787618476888881628
[GT] batch110 labels=[3, 5, 5, 7, 1, 6, 1, 7, 8, 8, 8, 7, 7, 3, 8, 5, 7, 0, 1, 0, 8, 7, 1, 0, 7, 9, 8, 8, 4, 8, 8, 0, 7, 7, 3, 4, 5, 2, 6, 6, 0, 4, 8, 0, 1, 3, 6, 4, 5, 1, 2, 0, 4, 1, 7, 4, 6, 5, 4, 4, 3, 6, 4, 0] indices=[7600, 1442, 13538, 21501, 45006, 33040, 46437, 25308, 20107, 56544, 29933, 36152, 26051, 55874, 46399, 25936, 41928, 6444, 28184, 41432, 17743, 32604, 48085, 36586, 11660, 14341, 52722, 36727, 57002, 55696, 5594, 48830, 8137, 4842, 46639, 12564, 29524, 44639, 27339, 27438, 19871, 31776, 18952, 35087, 27879, 46815, 4818, 8914, 44939, 6181, 39794, 16192, 848, 37579, 23010, 10504, 25943, 30217, 57819, 41906, 45031, 49275, 32862, 48715]
Train Epoch: 1 [7040/60000 (12%)]	Loss: 0.319621
[Train] batch 111 GPA: 0x000000038da01400
[TS] batch111/input: write_done_realtime_ns=1787618476902458089
[GT] batch111 labels=[9, 9, 2, 5, 3, 6, 7, 9, 0, 3, 9, 5, 6, 9, 7, 1, 5, 9, 3, 8, 7, 1, 3, 4, 8, 9, 6, 5, 3, 9, 1, 4, 6, 5, 6, 7, 0, 7, 6, 8, 7, 4, 8, 1, 5, 1, 8, 2, 4, 9, 6, 7, 7, 3, 9, 6, 6, 0, 7, 6, 3, 5, 9, 9] indices=[39423, 36203, 38901, 55643, 57932, 36155, 48672, 54369, 44859, 35814, 29111, 9381, 15875, 36971, 9927, 34782, 1328, 763, 27143, 37184, 28179, 25864, 24271, 19111, 45116, 12767, 8500, 54241, 43654, 43207, 27528, 1280, 14910, 49631, 57147, 54256, 20012, 52701, 6031, 26061, 10769, 17991, 31599, 24209, 22983, 3755, 20516, 12053, 40361, 11074, 11307, 54477, 724, 21930, 1036, 5226, 16346, 18464, 3162, 17397, 33146, 20171, 34224, 34338]
[Train] batch 112 GPA: 0x000000038da18a00
[TS] batch112/input: write_done_realtime_ns=1787618476915899752
[GT] batch112 labels=[2, 7, 2, 8, 6, 4, 1, 0, 3, 3, 0, 4, 2, 5, 4, 3, 1, 3, 6, 8, 1, 9, 2, 9, 4, 4, 7, 4, 7, 3, 1, 5, 0, 5, 8, 3, 7, 6, 9, 9, 6, 2, 8, 9, 2, 2, 8, 6, 6, 8, 3, 1, 3, 0, 9, 0, 2, 8, 2, 8, 2, 4, 1, 8] indices=[49363, 42670, 28389, 13062, 11697, 48084, 14503, 58617, 7463, 15747, 13098, 13852, 28013, 22244, 20415, 58089, 27455, 17712, 24220, 31390, 48537, 50226, 1735, 48987, 55303, 21096, 25649, 23999, 2752, 34898, 47998, 51177, 19686, 30697, 59542, 20842, 48832, 40941, 37457, 12655, 8478, 44653, 58239, 40531, 56631, 29425, 3119, 3774, 9120, 12557, 14166, 15439, 21080, 5368, 21377, 20481, 48294, 32596, 24269, 9651, 39918, 46374, 41333, 32641]
[Train] batch 113 GPA: 0x000000038da01400
[TS] batch113/input: write_done_realtime_ns=1787618476929422253
[GT] batch113 labels=[5, 7, 9, 6, 7, 3, 8, 1, 2, 7, 1, 3, 3, 8, 9, 0, 2, 2, 3, 4, 6, 6, 3, 9, 4, 8, 9, 0, 6, 0, 7, 6, 2, 8, 6, 1, 2, 2, 1, 6, 9, 8, 9, 1, 3, 0, 6, 5, 0, 9, 1, 6, 2, 7, 7, 2, 5, 7, 4, 7, 7, 7, 7, 8] indices=[49040, 10682, 26663, 47162, 4395, 54228, 48752, 47830, 32780, 48923, 34723, 26403, 58449, 18047, 12889, 19008, 17729, 40360, 42735, 3039, 25611, 37246, 56616, 15381, 43295, 37406, 27448, 542, 46067, 31895, 28321, 4699, 9546, 1793, 26940, 45363, 27752, 52637, 51742, 41546, 24712, 30914, 39259, 7149, 17632, 46235, 51620, 57926, 24978, 36793, 47644, 506, 29624, 8476, 10154, 41881, 54366, 57405, 54748, 57550, 39752, 31207, 37537, 46657]
[Train] batch 114 GPA: 0x000000038da18a00
[TS] batch114/input: write_done_realtime_ns=1787618476942857656
[GT] batch114 labels=[9, 1, 4, 6, 8, 6, 8, 7, 7, 5, 1, 0, 0, 5, 6, 0, 1, 7, 4, 4, 5, 8, 7, 1, 1, 9, 6, 2, 0, 3, 8, 4, 2, 6, 9, 9, 7, 4, 1, 8, 1, 4, 2, 0, 3, 1, 7, 1, 3, 0, 8, 0, 4, 6, 4, 2, 7, 0, 3, 0, 8, 5, 8, 8] indices=[39654, 24341, 30321, 48620, 28474, 50280, 784, 31101, 27853, 59091, 53012, 51, 11217, 14214, 9187, 43229, 52616, 11516, 36596, 48405, 47433, 57304, 47416, 31932, 57631, 32089, 6876, 36292, 44076, 41053, 51878, 2289, 2700, 3736, 59804, 7602, 57581, 30231, 58207, 8701, 43616, 24302, 20514, 56353, 26478, 1496, 23178, 20506, 9904, 13454, 32030, 30388, 54992, 55039, 38475, 58811, 10969, 49835, 49117, 35282, 5170, 20200, 14772, 35762]
[Train] batch 115 GPA: 0x000000038da01400
[TS] batch115/input: write_done_realtime_ns=1787618476956389009
[GT] batch115 labels=[0, 0, 6, 5, 9, 3, 1, 0, 4, 8, 6, 0, 6, 2, 9, 4, 0, 7, 4, 4, 1, 5, 6, 9, 4, 6, 4, 0, 8, 0, 9, 1, 5, 5, 9, 1, 1, 6, 6, 6, 7, 1, 0, 4, 7, 4, 8, 1, 9, 1, 4, 4, 5, 5, 1, 1, 9, 0, 8, 8, 5, 6, 2, 3] indices=[44243, 7358, 54841, 44810, 20788, 5702, 4405, 14059, 57127, 13089, 14190, 42913, 7490, 46540, 25463, 55294, 34731, 13311, 7854, 26264, 39018, 17468, 54032, 37498, 4088, 18907, 26790, 52397, 53203, 41617, 5992, 58196, 48671, 4786, 58351, 52575, 43142, 57419, 10463, 35540, 54278, 29233, 15854, 34953, 18513, 19447, 57984, 8394, 15124, 51566, 47665, 51270, 26150, 39972, 11502, 28981, 15117, 49419, 7308, 53745, 9028, 13709, 13148, 31720]
[Train] batch 116 GPA: 0x000000038da18a00
[TS] batch116/input: write_done_realtime_ns=1787618476969754252
[GT] batch116 labels=[9, 6, 4, 7, 1, 8, 2, 6, 6, 2, 5, 1, 7, 2, 1, 3, 4, 4, 0, 6, 9, 7, 0, 1, 5, 7, 2, 3, 7, 2, 7, 1, 8, 7, 2, 9, 4, 4, 7, 6, 0, 1, 9, 2, 1, 4, 3, 0, 3, 6, 6, 1, 2, 0, 4, 0, 3, 6, 1, 3, 3, 8, 7, 7] indices=[53729, 53877, 8570, 38338, 24376, 27210, 15836, 6571, 1768, 16289, 50601, 533, 31531, 27093, 53539, 5736, 23599, 17746, 10265, 17647, 46071, 37602, 30009, 36594, 1526, 48343, 28050, 45644, 4863, 42929, 39687, 19516, 27121, 58565, 51016, 4161, 32164, 2441, 41910, 7724, 29621, 9628, 34195, 17489, 34927, 53655, 27078, 48111, 26084, 1366, 49816, 7912, 16813, 55503, 20182, 22225, 59490, 17601, 20990, 47192, 6892, 25851, 49738, 27577]
[Train] batch 117 GPA: 0x000000038da01400
[TS] batch117/input: write_done_realtime_ns=1787618476983197895
[GT] batch117 labels=[0, 9, 1, 4, 6, 7, 7, 4, 7, 9, 4, 8, 2, 6, 1, 4, 4, 6, 7, 4, 5, 3, 8, 4, 1, 4, 1, 5, 7, 8, 6, 4, 7, 6, 6, 9, 7, 2, 7, 5, 2, 8, 9, 3, 0, 8, 0, 4, 2, 9, 9, 0, 7, 3, 0, 5, 3, 4, 8, 8, 3, 3, 1, 2] indices=[5330, 932, 6192, 33051, 45771, 11768, 8396, 45210, 27706, 45869, 26137, 35005, 40369, 565, 11358, 22472, 21235, 52513, 8655, 32172, 16129, 55470, 8391, 9431, 59112, 35895, 35109, 50006, 51819, 54889, 36038, 37000, 7530, 58304, 38676, 41701, 12754, 20967, 6432, 25669, 34675, 31091, 21645, 41337, 58882, 53952, 44703, 9761, 33469, 52506, 16918, 27982, 16454, 25413, 21308, 33502, 5987, 22361, 51881, 49824, 15774, 28760, 6647, 14978]
[Train] batch 118 GPA: 0x000000038da18a00
[TS] batch118/input: write_done_realtime_ns=1787618476996874705
[GT] batch118 labels=[6, 4, 0, 9, 0, 2, 2, 9, 6, 2, 3, 7, 2, 9, 3, 0, 2, 6, 8, 5, 5, 5, 6, 5, 9, 5, 1, 2, 2, 8, 9, 9, 9, 5, 8, 0, 7, 6, 2, 1, 9, 5, 4, 4, 3, 2, 7, 7, 9, 3, 9, 4, 0, 5, 8, 0, 9, 6, 4, 7, 3, 7, 1, 4] indices=[29832, 6028, 12947, 37737, 43932, 14881, 7177, 10387, 8807, 57245, 15937, 24813, 35992, 15367, 49446, 19930, 36694, 21941, 49176, 46544, 22354, 17502, 36496, 56967, 8448, 33365, 44036, 9672, 48986, 29090, 45144, 59506, 34761, 20209, 56194, 27659, 3948, 26601, 161, 37948, 38632, 47919, 12755, 44345, 35113, 58441, 16661, 51279, 24210, 48088, 59917, 28398, 9671, 49273, 39994, 56219, 20129, 23915, 53965, 51103, 17781, 58485, 4190, 44379]
[Train] batch 119 GPA: 0x000000038da01400
[TS] batch119/input: write_done_realtime_ns=1787618477010338117
[GT] batch119 labels=[1, 9, 1, 2, 0, 5, 0, 0, 0, 7, 2, 5, 9, 7, 3, 8, 2, 1, 2, 4, 2, 3, 5, 3, 2, 9, 8, 2, 2, 9, 8, 5, 5, 2, 1, 1, 0, 6, 7, 7, 2, 5, 4, 3, 6, 2, 8, 5, 4, 1, 6, 2, 4, 7, 9, 9, 0, 5, 3, 7, 1, 9, 0, 6] indices=[7060, 18531, 24289, 21983, 49533, 2921, 7272, 23367, 11060, 28205, 22696, 34858, 5940, 1747, 51768, 37962, 56614, 15786, 21024, 24542, 774, 19215, 12341, 45517, 24035, 31376, 48055, 29657, 54714, 33141, 13655, 58460, 39126, 10766, 31478, 31529, 10071, 6837, 52256, 21412, 35638, 27607, 2449, 48735, 12393, 5110, 32400, 38378, 39743, 31780, 50843, 11242, 22572, 43919, 48816, 10660, 55227, 19328, 3626, 51663, 56541, 59496, 52716, 534]
[Train] batch 120 GPA: 0x000000038da18a00
[TS] batch120/input: write_done_realtime_ns=1787618477023788570
[GT] batch120 labels=[8, 8, 2, 7, 6, 8, 7, 2, 0, 8, 2, 6, 9, 4, 4, 6, 3, 7, 7, 5, 7, 0, 1, 0, 3, 0, 9, 9, 0, 5, 5, 2, 0, 6, 0, 7, 9, 8, 3, 4, 7, 2, 0, 0, 4, 7, 7, 3, 1, 5, 6, 1, 8, 3, 0, 5, 6, 2, 0, 8, 2, 6, 4, 9] indices=[10490, 39142, 32973, 31927, 29160, 53002, 14455, 51589, 44268, 26496, 29175, 1424, 24643, 42953, 36733, 26497, 992, 25561, 21062, 5383, 50697, 10542, 15385, 46726, 4595, 24645, 56466, 32532, 22752, 25588, 5109, 23229, 1930, 23830, 35261, 48259, 55068, 11726, 13288, 53856, 34191, 48991, 6076, 24892, 50564, 5584, 18754, 33399, 38718, 32992, 36063, 28098, 44180, 18375, 11675, 26467, 37576, 47522, 10821, 42029, 12352, 38853, 31883, 13893]
Train Epoch: 1 [7680/60000 (13%)]	Loss: 0.399154
[Train] batch 121 GPA: 0x000000038da01400
[TS] batch121/input: write_done_realtime_ns=1787618477037362811
[GT] batch121 labels=[9, 9, 8, 6, 2, 2, 7, 0, 9, 8, 8, 9, 1, 2, 1, 7, 7, 6, 0, 4, 6, 9, 4, 4, 1, 6, 5, 0, 8, 4, 3, 8, 4, 8, 2, 2, 1, 0, 1, 7, 3, 6, 5, 7, 9, 3, 5, 0, 4, 5, 6, 3, 6, 8, 6, 4, 6, 3, 3, 1, 9, 4, 7, 6] indices=[19972, 36211, 7122, 39221, 16124, 56540, 22826, 24148, 33822, 38849, 9970, 48775, 26939, 24803, 1181, 16015, 29998, 34117, 28002, 39607, 51055, 54687, 28573, 16093, 59671, 41213, 23434, 20934, 49279, 55597, 36149, 24740, 47299, 33481, 10158, 26461, 21200, 43081, 34869, 8913, 41404, 25337, 58321, 43607, 40876, 25802, 5712, 45997, 7178, 8414, 13780, 33263, 32111, 25018, 3543, 21499, 58786, 38752, 15717, 14899, 3311, 38616, 48852, 40009]
[Train] batch 122 GPA: 0x000000038da18a00
[TS] batch122/input: write_done_realtime_ns=1787618477050850073
[GT] batch122 labels=[4, 0, 6, 3, 8, 7, 1, 0, 7, 0, 4, 0, 2, 6, 8, 4, 6, 4, 8, 4, 2, 9, 1, 1, 0, 1, 5, 3, 6, 4, 9, 4, 5, 0, 9, 6, 1, 8, 2, 0, 2, 2, 9, 9, 9, 7, 8, 2, 8, 9, 2, 7, 1, 0, 3, 7, 9, 2, 7, 9, 1, 4, 6, 6] indices=[8696, 29235, 35736, 22032, 40252, 3620, 25064, 46860, 24005, 24776, 51944, 2817, 40420, 58216, 51487, 30927, 44197, 18484, 41218, 43239, 39097, 33174, 36257, 36669, 9463, 20828, 26976, 3687, 45023, 42816, 25699, 25396, 51990, 57384, 52795, 20855, 26968, 37149, 25617, 53027, 10291, 28744, 8085, 2041, 39816, 15998, 25043, 59819, 44739, 48225, 57604, 31125, 59912, 1454, 16502, 23686, 49767, 2280, 44577, 38690, 24447, 56516, 9239, 29568]
[Train] batch 123 GPA: 0x000000038da01400
[TS] batch123/input: write_done_realtime_ns=1787618477064328116
[GT] batch123 labels=[2, 1, 4, 9, 4, 1, 4, 0, 3, 2, 8, 6, 0, 9, 7, 4, 5, 9, 6, 4, 6, 1, 1, 5, 1, 1, 4, 8, 3, 3, 5, 3, 3, 2, 5, 2, 7, 3, 7, 4, 8, 8, 7, 2, 6, 5, 2, 5, 3, 3, 4, 2, 5, 6, 3, 6, 9, 4, 0, 1, 4, 9, 7, 9] indices=[59094, 12842, 49382, 32910, 29007, 33535, 59623, 464, 5080, 11971, 5894, 26955, 17503, 14827, 19251, 36336, 15698, 55207, 51602, 54861, 28222, 7131, 35448, 47130, 16080, 19630, 34498, 45976, 45046, 13567, 28899, 17629, 7, 44395, 805, 1954, 44971, 30515, 4545, 28700, 16432, 6788, 15490, 27844, 31143, 16582, 52225, 49689, 6069, 34793, 58325, 42273, 14946, 43115, 19016, 32222, 43521, 35725, 50774, 36649, 1248, 34975, 50972, 16939]
[Train] batch 124 GPA: 0x000000038da18a00
[TS] batch124/input: write_done_realtime_ns=1787618477077832598
[GT] batch124 labels=[8, 0, 9, 1, 5, 7, 6, 0, 1, 7, 1, 0, 0, 9, 1, 6, 5, 2, 6, 1, 9, 7, 9, 4, 8, 5, 6, 0, 7, 7, 6, 7, 1, 7, 5, 4, 1, 2, 3, 6, 8, 2, 2, 0, 3, 2, 5, 5, 5, 9, 1, 3, 9, 9, 9, 5, 0, 1, 8, 7, 4, 8, 6, 9] indices=[46504, 3135, 13362, 18165, 21806, 2591, 44690, 52305, 11371, 12641, 47153, 51464, 30586, 43058, 21601, 11915, 31999, 46047, 36491, 44227, 19619, 23941, 33859, 5899, 20539, 32875, 41735, 18507, 2027, 55476, 41201, 52089, 4790, 59533, 15791, 3475, 30742, 8939, 33029, 52421, 39070, 10075, 58235, 54486, 18986, 43477, 39858, 54970, 14376, 17081, 46103, 3319, 54335, 53202, 50217, 35133, 9310, 56349, 22784, 42977, 48015, 57640, 51075, 54713]
[Train] batch 125 GPA: 0x000000038da01400
[TS] batch125/input: write_done_realtime_ns=1787618477091578108
[GT] batch125 labels=[9, 7, 0, 0, 7, 2, 6, 8, 6, 9, 3, 0, 8, 6, 7, 0, 4, 8, 9, 2, 3, 5, 9, 2, 6, 4, 4, 4, 1, 6, 8, 8, 0, 4, 2, 1, 3, 3, 3, 4, 7, 8, 7, 5, 8, 5, 5, 3, 6, 7, 3, 8, 7, 3, 8, 7, 8, 9, 1, 8, 2, 2, 1, 5] indices=[47390, 26056, 35923, 48834, 36135, 38547, 21100, 52511, 50793, 36186, 3159, 42483, 53999, 27530, 39275, 29177, 44765, 13118, 53496, 3989, 34390, 12003, 17323, 47565, 52426, 56705, 56642, 25971, 42279, 8407, 45874, 50114, 49601, 19287, 54805, 44529, 7794, 48179, 33962, 7343, 59524, 39872, 43213, 40623, 30823, 6352, 24908, 34396, 32623, 8436, 57717, 35036, 53956, 17103, 41064, 16419, 45706, 9998, 14698, 30415, 41292, 54314, 53667, 182]
[Train] batch 126 GPA: 0x000000038da18a00
[TS] batch126/input: write_done_realtime_ns=1787618477105289868
[GT] batch126 labels=[2, 9, 5, 5, 1, 8, 3, 2, 9, 7, 0, 1, 9, 0, 9, 9, 4, 1, 4, 0, 4, 7, 9, 1, 4, 0, 2, 7, 7, 2, 6, 6, 8, 9, 6, 0, 1, 6, 8, 6, 1, 4, 6, 7, 6, 3, 3, 5, 8, 9, 7, 2, 4, 2, 9, 6, 5, 4, 2, 9, 9, 5, 7, 1] indices=[57592, 59080, 48983, 11136, 10684, 54920, 22977, 24674, 10055, 54274, 51777, 9288, 30836, 10254, 18506, 51919, 53362, 23911, 11709, 48012, 41691, 9273, 25323, 51439, 28747, 14269, 3981, 258, 41164, 33505, 44441, 28829, 48081, 2973, 34578, 9166, 16983, 18194, 14733, 26227, 57714, 24282, 7202, 16596, 28934, 57766, 5455, 15549, 46380, 4831, 56787, 56055, 17158, 19876, 52653, 7104, 18416, 5689, 49425, 57551, 19047, 38759, 18191, 44093]
[Train] batch 127 GPA: 0x000000038da01400
[TS] batch127/input: write_done_realtime_ns=1787618477118839440
[GT] batch127 labels=[9, 2, 3, 6, 2, 8, 6, 9, 4, 1, 9, 7, 4, 5, 7, 1, 3, 7, 9, 2, 3, 5, 1, 4, 4, 1, 7, 4, 3, 9, 9, 5, 6, 5, 9, 4, 0, 8, 4, 9, 1, 3, 9, 8, 5, 7, 5, 7, 1, 5, 8, 4, 8, 0, 0, 8, 9, 6, 1, 6, 2, 5, 3, 1] indices=[32860, 11018, 42391, 29439, 42622, 46099, 21920, 11668, 41780, 24020, 42851, 23000, 18501, 50497, 55843, 14375, 28580, 15983, 36225, 28471, 30077, 7137, 26190, 22031, 33714, 30427, 46053, 20208, 59930, 54702, 59024, 6664, 40609, 27952, 23617, 48703, 1796, 21659, 31223, 32777, 44622, 2207, 16829, 45110, 58312, 23603, 18067, 52603, 20427, 25025, 41327, 24076, 57767, 7050, 19682, 2971, 22552, 56105, 49420, 20136, 22124, 44733, 28485, 31019]
[Train] batch 128 GPA: 0x000000038da18a00
[TS] batch128/input: write_done_realtime_ns=1787618477132424671
[GT] batch128 labels=[4, 6, 5, 2, 3, 3, 8, 6, 5, 0, 1, 6, 0, 9, 2, 7, 1, 7, 5, 9, 7, 0, 0, 3, 7, 6, 8, 8, 9, 5, 5, 2, 5, 7, 9, 5, 4, 7, 6, 3, 0, 0, 1, 1, 3, 5, 1, 7, 6, 9, 1, 3, 5, 2, 8, 9, 0, 2, 5, 3, 4, 7, 9, 5] indices=[36359, 20353, 39881, 25217, 22404, 41007, 40092, 4546, 21563, 32666, 28063, 46088, 46772, 4589, 49537, 49045, 31755, 29191, 46787, 3533, 36313, 18263, 13377, 51376, 56640, 23922, 54926, 41564, 24454, 39831, 50926, 43683, 37582, 17887, 11853, 7448, 39551, 33651, 15314, 7214, 8113, 5729, 46173, 2994, 53749, 6555, 37110, 37833, 20173, 5371, 39888, 34645, 33866, 10207, 30892, 33014, 56868, 52025, 40756, 35522, 5764, 38178, 1083, 11842]
[Train] batch 129 GPA: 0x000000038da01400
[TS] batch129/input: write_done_realtime_ns=1787618477145941523
[GT] batch129 labels=[8, 3, 7, 2, 4, 5, 1, 5, 7, 7, 8, 8, 6, 5, 2, 0, 1, 5, 9, 3, 1, 5, 1, 0, 5, 8, 9, 9, 0, 0, 3, 0, 3, 8, 3, 9, 7, 3, 4, 8, 6, 7, 1, 0, 5, 4, 8, 3, 9, 4, 4, 1, 9, 5, 4, 6, 2, 5, 5, 6, 6, 1, 0, 9] indices=[57772, 1226, 15098, 6841, 29566, 39405, 49972, 10622, 31957, 25110, 16026, 5009, 44617, 54880, 26280, 50192, 55888, 1813, 47445, 14286, 57340, 11817, 18565, 27841, 18298, 8008, 49730, 38995, 17476, 24276, 2964, 55765, 54444, 25890, 13909, 10088, 56814, 48702, 42302, 54986, 31294, 34661, 3628, 9773, 38217, 35813, 55764, 4628, 57159, 14546, 2983, 33045, 38031, 59089, 2420, 14155, 3390, 16157, 28430, 3520, 20324, 18359, 13314, 46168]
[Train] batch 130 GPA: 0x000000038da18a00
[TS] batch130/input: write_done_realtime_ns=1787618477159464375
[GT] batch130 labels=[0, 3, 2, 8, 6, 8, 8, 8, 7, 1, 7, 5, 6, 6, 0, 2, 3, 1, 6, 9, 7, 1, 3, 6, 1, 9, 6, 0, 8, 7, 4, 5, 1, 5, 9, 8, 4, 1, 6, 9, 4, 7, 4, 6, 3, 4, 4, 5, 6, 3, 9, 2, 1, 3, 9, 2, 5, 8, 3, 8, 5, 6, 3, 0] indices=[35757, 44231, 18850, 52425, 8140, 30874, 53817, 47154, 38908, 41637, 6140, 50017, 20503, 9928, 24151, 1444, 6415, 2831, 2059, 35292, 58974, 25822, 6827, 51311, 30963, 40026, 33588, 26565, 9794, 19869, 2264, 39666, 58286, 29268, 56494, 22585, 33143, 6, 5990, 56178, 17157, 49056, 3716, 52685, 36705, 28705, 40392, 58330, 53557, 45747, 566, 22369, 16233, 16873, 39578, 10087, 59538, 756, 52487, 7034, 14970, 48366, 56324, 25978]
Train Epoch: 1 [8320/60000 (14%)]	Loss: 0.179571
[Train] batch 131 GPA: 0x000000038da01400
[TS] batch131/input: write_done_realtime_ns=1787618477172997276
[GT] batch131 labels=[0, 2, 4, 5, 5, 1, 7, 4, 1, 3, 9, 4, 0, 1, 5, 1, 0, 9, 6, 6, 3, 2, 7, 2, 7, 6, 1, 7, 9, 8, 6, 8, 7, 1, 2, 3, 2, 6, 2, 6, 2, 6, 4, 5, 6, 7, 2, 9, 6, 4, 1, 2, 7, 1, 0, 9, 3, 9, 4, 1, 2, 5, 3, 7] indices=[48121, 347, 31317, 31010, 31413, 58479, 53188, 25353, 9453, 34175, 10951, 21828, 49263, 29285, 5499, 20951, 24320, 25810, 430, 4087, 55694, 28533, 30414, 56848, 16113, 25770, 3344, 31003, 26997, 15102, 52856, 51172, 10231, 17402, 35161, 14823, 20497, 9015, 48506, 2849, 21773, 29970, 16450, 34561, 8153, 53333, 10279, 8837, 21234, 56227, 54708, 54297, 58635, 26835, 31165, 7492, 25880, 27460, 32498, 53098, 38617, 44964, 46442, 35255]
[Train] batch 132 GPA: 0x000000038da18a00
[TS] batch132/input: write_done_realtime_ns=1787618477186732046
[GT] batch132 labels=[4, 6, 5, 5, 8, 3, 2, 9, 3, 7, 5, 4, 4, 3, 0, 3, 7, 0, 0, 8, 9, 6, 2, 7, 3, 2, 2, 3, 2, 0, 7, 1, 6, 4, 2, 5, 8, 0, 0, 8, 3, 5, 8, 9, 4, 8, 3, 8, 3, 2, 2, 4, 3, 0, 9, 0, 1, 0, 5, 0, 5, 7, 1, 0] indices=[18365, 33619, 33562, 50895, 42706, 20626, 17713, 162, 57474, 15997, 14451, 22273, 13942, 31596, 58864, 19377, 21937, 11532, 11780, 15129, 41684, 20113, 28228, 44832, 30, 29200, 37942, 8075, 25329, 16122, 17719, 49664, 52742, 14482, 28095, 17522, 44507, 57491, 13833, 46110, 52014, 36609, 2043, 43718, 59063, 23109, 9610, 14474, 46743, 33488, 45453, 51199, 53480, 18064, 31200, 18712, 50103, 43941, 266, 11315, 40761, 26705, 3962, 33345]
[Train] batch 133 GPA: 0x000000038da01400
[TS] batch133/input: write_done_realtime_ns=1787618477200264248
[GT] batch133 labels=[4, 1, 1, 3, 2, 7, 5, 0, 8, 7, 1, 0, 7, 7, 8, 8, 4, 2, 1, 0, 7, 4, 3, 5, 2, 3, 7, 0, 8, 8, 4, 4, 1, 2, 1, 0, 6, 8, 2, 0, 9, 3, 2, 7, 5, 4, 1, 6, 8, 7, 2, 8, 7, 7, 6, 3, 0, 6, 2, 3, 9, 8, 2, 3] indices=[49722, 40380, 3956, 14447, 9179, 32252, 33053, 26315, 50176, 30946, 32038, 27327, 42352, 17483, 58779, 2685, 23175, 27587, 6116, 5978, 4592, 8872, 14691, 2282, 50689, 30062, 53643, 30548, 42006, 734, 32829, 33195, 33646, 33930, 18339, 44513, 3403, 54654, 23494, 45748, 54266, 55998, 38009, 5652, 15528, 42995, 59414, 26716, 57596, 20398, 10972, 29965, 20311, 32327, 20782, 15008, 18914, 29725, 20847, 59699, 20943, 47886, 42301, 34597]
[Train] batch 134 GPA: 0x000000038da18a00
[TS] batch134/input: write_done_realtime_ns=1787618477213706541
[GT] batch134 labels=[3, 6, 5, 8, 6, 6, 8, 5, 9, 7, 8, 9, 4, 2, 3, 1, 7, 4, 7, 6, 2, 4, 0, 1, 4, 3, 8, 3, 8, 3, 9, 0, 7, 7, 3, 2, 7, 4, 2, 2, 9, 3, 1, 0, 2, 2, 7, 5, 4, 8, 3, 5, 5, 3, 2, 1, 1, 1, 0, 8, 7, 6, 4, 2] indices=[43677, 31228, 38060, 19541, 34024, 58291, 45948, 6983, 11732, 30264, 34243, 44022, 4178, 36355, 17271, 26514, 33830, 52087, 52181, 39577, 47408, 58749, 50476, 54720, 41804, 8786, 28623, 20902, 265, 44191, 46909, 55745, 2142, 51198, 39786, 39283, 12031, 11547, 33906, 2399, 28689, 26561, 23854, 14153, 25916, 48323, 12188, 40640, 36174, 28643, 30379, 2544, 38266, 29300, 13043, 18983, 9755, 18870, 43834, 53486, 49444, 21113, 56770, 30376]
[Train] batch 135 GPA: 0x000000038da01400
[TS] batch135/input: write_done_realtime_ns=1787618477227256523
[GT] batch135 labels=[4, 9, 4, 0, 4, 1, 2, 6, 0, 5, 8, 0, 4, 6, 5, 6, 6, 1, 1, 2, 0, 1, 2, 3, 6, 3, 3, 9, 0, 7, 1, 2, 8, 3, 3, 3, 9, 0, 8, 5, 4, 3, 3, 7, 1, 5, 0, 7, 3, 9, 6, 9, 9, 6, 0, 1, 6, 4, 2, 9, 7, 8, 8, 9] indices=[26564, 59887, 40519, 15863, 36339, 49641, 37157, 40961, 36741, 29787, 43069, 20724, 17552, 35131, 29817, 40874, 2710, 48232, 15001, 8611, 19179, 38824, 36853, 42930, 56171, 32495, 27032, 33275, 6967, 31594, 49380, 18693, 30510, 5871, 19734, 49985, 49836, 18665, 52890, 11397, 647, 28431, 16783, 23909, 36373, 32080, 15407, 2348, 31680, 40487, 43264, 788, 35233, 55372, 3160, 20749, 25673, 22865, 41965, 11368, 4528, 26036, 39602, 52672]
[Train] batch 136 GPA: 0x000000038da18a00
[TS] batch136/input: write_done_realtime_ns=1787618477240739155
[GT] batch136 labels=[0, 0, 1, 4, 9, 0, 5, 3, 6, 3, 6, 6, 7, 7, 4, 4, 7, 3, 3, 5, 1, 8, 6, 0, 5, 0, 4, 2, 1, 9, 9, 1, 7, 5, 8, 4, 7, 8, 2, 9, 0, 2, 8, 4, 5, 8, 1, 1, 8, 2, 0, 1, 7, 5, 4, 3, 3, 9, 1, 9, 2, 2, 7, 4] indices=[57882, 34699, 6043, 46498, 57406, 36412, 54400, 23241, 21205, 52455, 11996, 1092, 1322, 56418, 51780, 46367, 27984, 51091, 21637, 51040, 2008, 14406, 51514, 3012, 56214, 44933, 46533, 21251, 58486, 33597, 36161, 10615, 25642, 19702, 13626, 57184, 59937, 12660, 16479, 45304, 9963, 26170, 15455, 3990, 34579, 20722, 7632, 8512, 24646, 25717, 2100, 32133, 5146, 25411, 56723, 52385, 37730, 31551, 44891, 14217, 32437, 33197, 12941, 34234]
[Train] batch 137 GPA: 0x000000038da01400
[TS] batch137/input: write_done_realtime_ns=1787618477254266637
[GT] batch137 labels=[7, 2, 9, 3, 7, 5, 2, 3, 4, 2, 9, 4, 1, 4, 8, 3, 1, 9, 0, 3, 4, 1, 2, 2, 8, 6, 9, 6, 3, 1, 5, 7, 7, 8, 5, 4, 2, 7, 9, 4, 6, 9, 0, 7, 7, 8, 8, 2, 0, 8, 6, 4, 1, 7, 5, 2, 5, 1, 8, 4, 9, 7, 6, 8] indices=[3209, 15510, 56304, 37397, 12464, 7346, 47922, 14210, 42464, 17052, 46721, 34449, 10537, 54149, 29995, 50131, 809, 51099, 39474, 53688, 46451, 59478, 23018, 24805, 30621, 39332, 36370, 30063, 48480, 9013, 7967, 35957, 46493, 20690, 55305, 16899, 39627, 49120, 57896, 20059, 8940, 30633, 40091, 6046, 14337, 50347, 4100, 56926, 6394, 52044, 27266, 17940, 43344, 11789, 17138, 8002, 54045, 4445, 32103, 24298, 4555, 37402, 34295, 25464]
[Train] batch 138 GPA: 0x000000038da18a00
[TS] batch138/input: write_done_realtime_ns=1787618477267705830
[GT] batch138 labels=[8, 8, 8, 8, 3, 9, 8, 9, 4, 3, 4, 3, 5, 3, 2, 9, 9, 1, 0, 6, 9, 3, 1, 9, 4, 1, 2, 9, 0, 5, 2, 1, 7, 5, 1, 4, 6, 4, 0, 5, 6, 1, 3, 8, 4, 8, 0, 9, 2, 1, 8, 8, 7, 5, 1, 6, 5, 4, 8, 5, 5, 2, 1, 8] indices=[43647, 57515, 36010, 52905, 15281, 28984, 55781, 35677, 44053, 47946, 31817, 20942, 54122, 50364, 14215, 55235, 27440, 26029, 12168, 2925, 33791, 51463, 42537, 31888, 1187, 8578, 3156, 48222, 40208, 56852, 8007, 40443, 15230, 18083, 49384, 13868, 45549, 58037, 46826, 47955, 43742, 18801, 3400, 42104, 50757, 57484, 2539, 35956, 58103, 33416, 4084, 30478, 27728, 29871, 47310, 46580, 10891, 9149, 43690, 31946, 53356, 27472, 39196, 52848]
[Train] batch 139 GPA: 0x000000038da01400
[TS] batch139/input: write_done_realtime_ns=1787618477281174662
[GT] batch139 labels=[3, 2, 7, 7, 8, 2, 0, 9, 1, 8, 6, 2, 9, 7, 8, 3, 1, 7, 1, 3, 0, 1, 1, 2, 2, 1, 0, 3, 7, 3, 0, 1, 3, 7, 9, 1, 6, 0, 0, 4, 6, 4, 5, 2, 5, 6, 0, 5, 4, 2, 1, 8, 1, 3, 7, 7, 6, 3, 7, 4, 3, 7, 4, 4] indices=[43230, 12587, 5100, 1125, 49637, 12015, 46292, 10070, 14298, 43876, 21226, 27165, 32816, 43089, 52862, 9664, 37482, 48053, 53119, 36248, 50072, 26984, 45999, 82, 13690, 42846, 58943, 44397, 36443, 51381, 13206, 31966, 17569, 38224, 18153, 59166, 22142, 46446, 18212, 29418, 43726, 38503, 36984, 59831, 29830, 11483, 45426, 36470, 40062, 59742, 21362, 28940, 51249, 27238, 31844, 7213, 23766, 10470, 31861, 7145, 33566, 48035, 24980, 53347]
[Train] batch 140 GPA: 0x000000038da18a00
[TS] batch140/input: write_done_realtime_ns=1787618477294619304
[GT] batch140 labels=[4, 0, 1, 0, 4, 0, 3, 7, 3, 1, 2, 2, 0, 2, 7, 0, 6, 8, 0, 8, 3, 8, 2, 7, 7, 0, 0, 5, 3, 8, 7, 7, 5, 4, 3, 9, 5, 9, 2, 9, 2, 0, 8, 1, 9, 0, 4, 0, 4, 2, 2, 1, 0, 4, 7, 5, 5, 6, 0, 6, 3, 8, 4, 1] indices=[17203, 34416, 53726, 24343, 47086, 39710, 36421, 30723, 23320, 13569, 52898, 29501, 50825, 27719, 51634, 49675, 35988, 12988, 52673, 23537, 35498, 24562, 56864, 29727, 26811, 668, 45475, 16603, 58878, 48773, 9162, 30165, 31982, 5936, 39852, 59514, 49705, 2465, 1047, 5979, 17336, 22583, 18217, 4507, 10112, 8089, 25382, 35294, 49001, 1662, 11030, 40056, 57298, 16037, 55492, 26204, 26972, 50670, 32207, 20984, 27420, 23717, 24941, 22227]
Train Epoch: 1 [8960/60000 (15%)]	Loss: 0.244816
[Train] batch 141 GPA: 0x000000038da01400
[TS] batch141/input: write_done_realtime_ns=1787618477308205586
[GT] batch141 labels=[8, 3, 9, 3, 2, 4, 8, 3, 8, 3, 8, 7, 2, 8, 8, 9, 0, 6, 9, 7, 2, 3, 8, 7, 4, 4, 7, 3, 3, 7, 8, 1, 1, 2, 1, 2, 5, 8, 1, 3, 5, 4, 1, 1, 4, 5, 2, 1, 7, 6, 0, 0, 2, 3, 1, 2, 1, 0, 5, 6, 9, 5, 2, 4] indices=[57174, 42375, 56425, 42235, 43689, 8930, 28480, 57941, 25179, 16900, 43534, 7125, 6466, 54056, 48891, 6100, 44917, 13614, 11847, 19636, 48912, 26378, 12282, 21293, 34279, 3218, 39254, 38904, 12094, 44271, 16964, 15427, 32019, 6063, 7896, 1648, 7390, 36020, 28387, 1581, 56306, 4169, 27439, 41799, 21480, 57369, 47375, 42702, 48416, 53289, 57349, 35449, 48017, 40691, 41824, 11243, 12459, 32951, 36939, 11487, 34332, 45607, 6494, 24719]
[Train] batch 142 GPA: 0x000000038da18a00
[TS] batch142/input: write_done_realtime_ns=1787618477321692219
[GT] batch142 labels=[5, 7, 6, 6, 0, 3, 6, 2, 3, 3, 1, 0, 2, 1, 7, 3, 9, 3, 0, 1, 5, 0, 9, 7, 2, 8, 0, 0, 6, 2, 8, 6, 7, 8, 7, 5, 5, 4, 6, 3, 0, 7, 3, 2, 7, 6, 7, 2, 5, 5, 5, 9, 1, 7, 7, 5, 5, 5, 4, 1, 5, 7, 2, 0] indices=[16126, 47242, 33272, 41439, 28763, 37908, 28302, 9360, 3521, 41755, 56081, 19407, 52132, 32158, 40017, 9636, 50558, 45195, 23971, 5107, 39410, 34302, 16839, 2431, 2851, 2507, 46007, 32778, 22075, 18210, 39242, 27669, 35101, 39419, 6914, 39460, 58280, 28327, 26768, 6251, 22043, 31715, 228, 11648, 26216, 9700, 23588, 13771, 29977, 46901, 236, 55126, 29242, 38213, 37298, 47503, 22686, 32198, 14259, 27020, 879, 52952, 22280, 16485]
[Train] batch 143 GPA: 0x000000038da01400
[TS] batch143/input: write_done_realtime_ns=1787618477335193710
[GT] batch143 labels=[8, 4, 1, 4, 5, 0, 6, 5, 9, 8, 0, 0, 7, 4, 5, 8, 7, 4, 0, 9, 2, 2, 4, 1, 3, 1, 8, 3, 0, 0, 8, 3, 2, 0, 9, 2, 8, 2, 9, 6, 3, 7, 6, 5, 1, 6, 5, 0, 3, 5, 1, 4, 2, 1, 1, 4, 7, 0, 2, 0, 8, 5, 5, 5] indices=[57666, 47518, 40310, 39635, 50142, 51598, 13575, 59945, 51582, 21868, 41265, 51649, 23840, 16542, 39958, 35253, 27971, 44983, 2975, 1585, 59971, 34202, 49501, 30695, 49108, 7169, 10561, 46117, 48459, 25942, 45646, 29061, 40900, 29497, 49696, 15263, 19224, 53825, 50746, 22107, 13376, 17513, 55162, 19469, 17662, 42350, 27408, 34775, 57817, 3870, 19937, 38111, 51458, 12878, 41454, 36483, 52730, 18219, 23916, 42183, 42813, 26868, 13348, 22030]
[Train] batch 144 GPA: 0x000000038da18a00
[TS] batch144/input: write_done_realtime_ns=1787618477348707363
[GT] batch144 labels=[0, 2, 4, 8, 3, 6, 4, 9, 3, 8, 3, 4, 4, 3, 9, 7, 9, 6, 4, 0, 1, 2, 2, 1, 7, 3, 3, 9, 7, 3, 0, 6, 2, 2, 3, 3, 3, 6, 6, 0, 4, 3, 9, 5, 6, 4, 0, 6, 0, 2, 0, 7, 4, 8, 1, 4, 1, 1, 2, 8, 1, 0, 9, 8] indices=[59256, 49452, 40163, 3501, 45108, 56629, 36791, 19085, 40480, 29279, 46838, 16206, 35849, 21853, 47134, 55003, 38046, 29455, 49211, 20642, 3593, 11449, 7476, 24624, 6054, 19348, 26307, 1925, 21335, 58067, 47716, 32113, 6414, 27754, 21208, 52252, 28571, 15401, 6456, 56389, 19561, 6118, 51036, 54429, 8091, 36160, 36312, 59171, 53734, 7242, 22008, 17735, 58474, 32639, 31386, 41923, 47580, 6977, 26821, 41709, 50608, 35712, 29036, 46719]
[Train] batch 145 GPA: 0x000000038da01400
[TS] batch145/input: write_done_realtime_ns=1787618477362150765
[GT] batch145 labels=[7, 7, 4, 6, 1, 6, 6, 4, 7, 2, 6, 6, 3, 2, 9, 6, 3, 7, 6, 1, 2, 0, 9, 9, 7, 6, 5, 9, 9, 2, 5, 9, 9, 0, 7, 8, 6, 0, 3, 6, 7, 0, 7, 8, 6, 4, 9, 9, 7, 7, 7, 5, 6, 3, 3, 6, 9, 5, 2, 9, 6, 9, 7, 5] indices=[51974, 12025, 28008, 50323, 8916, 35578, 20142, 30174, 56992, 6992, 5126, 38699, 50658, 28078, 10003, 7661, 13353, 904, 13927, 42602, 58323, 34358, 27929, 33891, 57858, 24342, 50959, 40006, 42903, 38784, 36750, 43920, 23838, 30044, 46615, 56858, 47018, 15130, 24539, 53697, 37693, 5844, 57188, 8928, 19382, 56422, 52605, 4895, 52008, 16004, 10744, 29354, 58251, 6750, 1290, 16768, 10428, 30132, 39487, 9751, 26052, 53393, 3579, 44215]
[Train] batch 146 GPA: 0x000000038da18a00
[TS] batch146/input: write_done_realtime_ns=1787618477375645787
[GT] batch146 labels=[1, 5, 6, 0, 6, 0, 9, 6, 9, 4, 5, 9, 9, 2, 1, 4, 5, 1, 8, 7, 0, 7, 0, 8, 4, 4, 1, 7, 2, 4, 1, 5, 7, 5, 3, 8, 2, 1, 3, 0, 4, 1, 6, 7, 2, 3, 1, 2, 3, 8, 1, 4, 6, 8, 5, 3, 4, 9, 5, 0, 1, 6, 6, 5] indices=[37200, 57231, 40591, 30706, 22178, 18093, 46362, 6313, 1748, 58805, 37551, 12768, 20778, 54987, 16087, 50314, 44642, 2552, 44259, 42739, 19012, 55329, 41245, 37253, 32673, 20287, 9930, 55918, 16196, 37736, 28479, 55389, 30718, 53024, 281, 23091, 5191, 2563, 35381, 12313, 59931, 269, 10452, 5049, 24972, 8941, 27746, 3741, 19368, 29335, 53871, 10626, 34490, 44576, 18347, 32689, 42519, 28908, 45111, 54414, 47553, 39087, 22840, 49402]
[Train] batch 147 GPA: 0x000000038da01400
[TS] batch147/input: write_done_realtime_ns=1787618477389190969
[GT] batch147 labels=[7, 5, 8, 9, 7, 6, 5, 5, 5, 2, 4, 3, 4, 1, 6, 4, 6, 3, 5, 8, 5, 7, 9, 8, 0, 6, 3, 0, 4, 3, 9, 1, 2, 7, 9, 8, 6, 2, 8, 4, 7, 0, 4, 6, 4, 3, 5, 1, 3, 3, 7, 3, 9, 3, 1, 2, 8, 2, 2, 4, 4, 5, 7, 8] indices=[53227, 41868, 30635, 54334, 35645, 17982, 37438, 58537, 36482, 2288, 6220, 46857, 48198, 55083, 26425, 23761, 17059, 28006, 20569, 35983, 33216, 45374, 24062, 28719, 50559, 58027, 23412, 22981, 34101, 1611, 37206, 31432, 54848, 19635, 434, 7871, 46526, 30344, 20271, 22105, 38575, 15383, 40846, 30128, 7296, 29089, 55800, 37598, 50693, 54845, 55945, 18007, 16778, 10393, 7860, 53056, 44652, 22594, 59188, 27371, 29542, 42761, 50794, 27740]
[Train] batch 148 GPA: 0x000000038da18a00
[TS] batch148/input: write_done_realtime_ns=1787618477402739461
[GT] batch148 labels=[5, 7, 9, 9, 4, 3, 6, 1, 2, 4, 4, 7, 7, 5, 7, 6, 1, 9, 0, 8, 3, 1, 6, 2, 0, 6, 5, 7, 7, 4, 1, 5, 3, 4, 6, 8, 7, 2, 3, 6, 7, 5, 7, 0, 2, 1, 2, 3, 4, 8, 5, 7, 0, 8, 4, 2, 6, 1, 1, 3, 7, 8, 3, 6] indices=[12358, 25594, 7742, 57880, 19198, 42605, 31856, 31920, 24015, 12306, 56268, 36796, 15954, 55349, 17383, 56548, 53594, 17861, 31172, 21711, 38441, 27871, 31397, 27131, 4465, 52054, 1577, 12048, 8596, 3458, 13338, 44753, 59334, 15011, 30426, 16669, 41493, 59130, 20329, 20081, 48556, 13619, 41379, 42245, 48332, 57521, 10194, 8494, 5854, 40750, 21346, 28982, 9083, 1641, 37311, 32337, 33207, 41944, 1676, 30431, 26838, 16500, 24763, 11448]
[Train] batch 149 GPA: 0x000000038da01400
[TS] batch149/input: write_done_realtime_ns=1787618477416336762
[GT] batch149 labels=[7, 1, 4, 4, 2, 5, 4, 0, 3, 5, 3, 4, 3, 9, 5, 9, 3, 5, 9, 9, 7, 8, 0, 6, 4, 1, 0, 5, 6, 9, 2, 8, 4, 0, 5, 5, 9, 0, 9, 1, 3, 8, 1, 1, 5, 1, 4, 9, 3, 7, 8, 0, 3, 5, 9, 8, 7, 7, 8, 8, 2, 9, 6, 7] indices=[51335, 57460, 9216, 42684, 3105, 45808, 43531, 12716, 6182, 39211, 25078, 25737, 40925, 5607, 24408, 23574, 27022, 21371, 26346, 26440, 40668, 11469, 14857, 7718, 3312, 50055, 10938, 11325, 9486, 31097, 39673, 13018, 14637, 11029, 38023, 9587, 15658, 59078, 29261, 24762, 7841, 9178, 46552, 4900, 23385, 44222, 8906, 51527, 45271, 47168, 40665, 32062, 3047, 51425, 30701, 10817, 483, 55270, 57425, 56647, 49951, 56987, 13389, 1392]
[Train] batch 150 GPA: 0x000000038da18a00
[TS] batch150/input: write_done_realtime_ns=1787618477429720896
[GT] batch150 labels=[7, 4, 7, 2, 4, 6, 5, 2, 5, 8, 9, 4, 4, 4, 7, 3, 0, 4, 3, 2, 4, 2, 3, 7, 9, 7, 5, 8, 5, 6, 2, 6, 8, 6, 2, 6, 5, 6, 1, 5, 6, 2, 2, 4, 3, 1, 0, 1, 7, 8, 2, 3, 1, 1, 8, 9, 2, 2, 0, 5, 1, 1, 1, 9] indices=[51361, 16155, 57048, 32317, 37328, 3050, 463, 32292, 11179, 17065, 3760, 5278, 56173, 11209, 1919, 52601, 19225, 37227, 31451, 35331, 13183, 24961, 53960, 19003, 24270, 32716, 50263, 47656, 12284, 8151, 44393, 57842, 9937, 39353, 588, 13, 7351, 35917, 20699, 6888, 23019, 59223, 43590, 57862, 20458, 43910, 23988, 5439, 28723, 5791, 56558, 13750, 47055, 10659, 46758, 14787, 42991, 26883, 13081, 2566, 16930, 32474, 40276, 38562]
Train Epoch: 1 [9600/60000 (16%)]	Loss: 0.086300
[Train] batch 151 GPA: 0x000000038da01400
[TS] batch151/input: write_done_realtime_ns=1787618477443281417
[GT] batch151 labels=[3, 1, 7, 4, 4, 1, 2, 1, 2, 7, 2, 7, 0, 3, 5, 3, 7, 6, 0, 3, 6, 5, 2, 5, 5, 0, 5, 4, 1, 9, 6, 1, 8, 8, 2, 8, 4, 0, 4, 9, 4, 6, 0, 0, 8, 4, 1, 6, 0, 2, 4, 8, 2, 7, 8, 1, 9, 0, 1, 5, 0, 6, 6, 6] indices=[1829, 27297, 8049, 40225, 36097, 6946, 9819, 27792, 6099, 10759, 49975, 33348, 26027, 51776, 40434, 6299, 47161, 21128, 18509, 8795, 53047, 47077, 30600, 13276, 2313, 4527, 4752, 29703, 31323, 25865, 52598, 10301, 56307, 3480, 27138, 20350, 4641, 50208, 58797, 33756, 926, 25599, 26366, 12217, 14808, 59376, 53816, 41814, 1471, 117, 14187, 31591, 51673, 5769, 33810, 23254, 33899, 33112, 19278, 51371, 55582, 4090, 38214, 10484]
[Train] batch 152 GPA: 0x000000038da18a00
[TS] batch152/input: write_done_realtime_ns=1787618477456802209
[GT] batch152 labels=[2, 8, 4, 3, 9, 7, 1, 7, 1, 8, 5, 8, 1, 1, 2, 6, 6, 4, 9, 3, 5, 8, 4, 8, 0, 7, 1, 9, 2, 0, 0, 0, 6, 8, 8, 0, 2, 1, 1, 1, 7, 2, 0, 6, 9, 9, 3, 2, 3, 4, 9, 4, 1, 1, 5, 7, 3, 6, 2, 6, 7, 6, 5, 1] indices=[20071, 30038, 52600, 14087, 45176, 8572, 11630, 32527, 29430, 30743, 38360, 24677, 9423, 27590, 1058, 33217, 52674, 58630, 27779, 44873, 25840, 37030, 58319, 23253, 49280, 36140, 46416, 23166, 40160, 3953, 27209, 47241, 39709, 56628, 44861, 23823, 10526, 20686, 15353, 12383, 34353, 24406, 41756, 10344, 6019, 39333, 46848, 45705, 39900, 13683, 5362, 32084, 44047, 11679, 15949, 54891, 1351, 55660, 15067, 42700, 6053, 45269, 49845, 9175]
[Train] batch 153 GPA: 0x000000038da01400
[TS] batch153/input: write_done_realtime_ns=1787618477470247702
[GT] batch153 labels=[6, 9, 0, 0, 1, 7, 2, 1, 1, 6, 6, 4, 0, 3, 9, 1, 0, 8, 4, 9, 2, 3, 3, 7, 6, 2, 0, 1, 3, 3, 2, 1, 2, 7, 1, 6, 1, 9, 0, 5, 6, 0, 9, 8, 1, 6, 4, 4, 0, 5, 1, 3, 3, 1, 3, 8, 0, 7, 7, 4, 9, 8, 7, 6] indices=[5294, 58054, 58265, 51167, 20627, 54561, 47585, 29628, 39072, 39180, 18328, 18184, 52312, 46350, 54138, 58148, 47316, 29131, 16397, 42808, 43254, 38245, 55548, 19733, 46177, 39879, 10664, 30244, 41776, 57004, 12501, 21288, 32634, 42004, 52777, 39697, 28291, 33948, 37953, 40431, 56251, 13347, 13904, 31810, 57948, 38491, 39799, 57361, 52028, 42193, 8177, 34188, 33139, 13272, 34832, 54498, 26712, 24280, 59746, 25887, 50663, 27798, 52732, 58958]
[Train] batch 154 GPA: 0x000000038da18a00
[TS] batch154/input: write_done_realtime_ns=1787618477483712844
[GT] batch154 labels=[0, 0, 2, 5, 8, 7, 5, 3, 6, 1, 1, 2, 7, 6, 1, 5, 9, 7, 3, 2, 3, 3, 2, 4, 2, 1, 4, 6, 2, 5, 5, 0, 8, 9, 6, 4, 0, 2, 5, 8, 1, 4, 3, 0, 3, 6, 3, 8, 0, 1, 3, 9, 0, 3, 4, 7, 2, 0, 5, 2, 7, 9, 1, 5] indices=[47046, 12193, 40967, 57132, 57736, 6770, 32659, 21946, 59255, 23612, 53409, 8598, 36177, 41408, 38160, 54361, 51863, 34516, 44779, 53658, 14454, 17904, 52660, 30121, 55399, 783, 34735, 30687, 28686, 17073, 6988, 46273, 36066, 44931, 3615, 14036, 49954, 35690, 8263, 36696, 42713, 36817, 32171, 43013, 41356, 47220, 56134, 49660, 21971, 20674, 15010, 52138, 57494, 36572, 4782, 29783, 5528, 17828, 12898, 33168, 25792, 9532, 51813, 3219]
[Train] batch 155 GPA: 0x000000038da01400
[TS] batch155/input: write_done_realtime_ns=1787618477497394194
[GT] batch155 labels=[1, 0, 8, 0, 7, 5, 0, 9, 2, 0, 2, 4, 6, 4, 6, 8, 1, 5, 8, 4, 2, 9, 6, 8, 6, 4, 5, 4, 4, 6, 0, 7, 4, 7, 5, 0, 8, 8, 0, 5, 0, 9, 7, 0, 8, 3, 9, 5, 0, 3, 8, 8, 3, 3, 7, 0, 6, 9, 0, 6, 8, 8, 6, 1] indices=[52032, 29336, 25709, 44045, 28550, 53120, 5015, 12563, 13910, 31410, 42271, 4336, 9593, 46790, 31797, 21211, 26070, 57480, 13014, 53760, 56223, 31400, 47011, 24498, 11828, 1258, 17385, 31083, 41120, 56463, 35107, 59424, 56698, 36404, 3988, 49085, 29753, 39109, 35536, 50573, 18102, 25965, 25926, 29187, 25556, 25331, 34300, 22506, 47370, 37169, 28891, 7115, 33299, 41917, 33660, 22144, 53220, 2924, 10240, 29255, 18523, 44615, 33034, 18695]
[Train] batch 156 GPA: 0x000000038da18a00
[TS] batch156/input: write_done_realtime_ns=1787618477510799368
[GT] batch156 labels=[9, 5, 1, 9, 3, 8, 7, 6, 3, 5, 1, 6, 9, 8, 4, 6, 4, 4, 7, 6, 7, 3, 9, 0, 8, 2, 3, 7, 1, 9, 2, 7, 0, 9, 3, 1, 2, 3, 8, 0, 3, 2, 1, 7, 8, 1, 8, 0, 5, 8, 5, 8, 7, 1, 3, 7, 2, 4, 0, 3, 3, 5, 5, 1] indices=[5062, 51950, 36033, 704, 15889, 30401, 53066, 53007, 33607, 42392, 16565, 17863, 45039, 5029, 11585, 17204, 57803, 4361, 2344, 36784, 50365, 38536, 53682, 8901, 3353, 2714, 59092, 12413, 54963, 1038, 20522, 16383, 22764, 57567, 22578, 48517, 18201, 19413, 38725, 9034, 3803, 32510, 47158, 19312, 51094, 43030, 37628, 8932, 32254, 47882, 58365, 57038, 47015, 44245, 31745, 39813, 59004, 8854, 8982, 27691, 57594, 38365, 48615, 21687]
[Train] batch 157 GPA: 0x000000038da01400
[TS] batch157/input: write_done_realtime_ns=1787618477524332639
[GT] batch157 labels=[0, 7, 6, 1, 6, 4, 9, 3, 2, 0, 9, 5, 4, 9, 8, 6, 1, 9, 4, 7, 1, 6, 4, 2, 6, 8, 2, 7, 7, 5, 4, 7, 8, 3, 4, 7, 8, 3, 9, 4, 6, 6, 1, 4, 7, 0, 1, 6, 1, 7, 8, 4, 8, 0, 7, 2, 6, 8, 8, 1, 9, 2, 8, 9] indices=[34045, 27986, 11976, 31427, 55558, 35115, 58979, 24063, 39420, 24081, 42360, 10432, 37986, 687, 8619, 32140, 55931, 16422, 59159, 5181, 27816, 27149, 842, 3813, 45460, 14993, 38935, 16609, 57564, 22517, 4564, 34088, 11450, 28031, 49629, 42901, 14301, 11520, 18500, 21936, 38327, 50551, 57661, 8215, 55365, 5167, 13307, 36703, 7039, 1154, 36137, 46955, 9792, 34070, 22911, 2824, 53991, 51841, 23602, 9365, 12029, 22856, 34034, 8586]
[Train] batch 158 GPA: 0x000000038da18a00
[TS] batch158/input: write_done_realtime_ns=1787618477537946880
[GT] batch158 labels=[8, 8, 3, 5, 6, 7, 5, 7, 0, 9, 3, 0, 8, 3, 4, 4, 9, 2, 3, 0, 9, 7, 7, 4, 1, 4, 4, 3, 8, 1, 2, 8, 7, 1, 3, 3, 1, 7, 3, 8, 0, 2, 0, 4, 8, 5, 4, 8, 3, 7, 1, 2, 1, 9, 6, 8, 3, 2, 6, 6, 2, 2, 3, 4] indices=[14902, 23035, 9427, 23725, 19066, 11370, 16213, 21083, 58402, 25633, 3576, 57705, 33883, 38894, 18101, 55187, 42367, 568, 34208, 33673, 27521, 42461, 21679, 55877, 44339, 47927, 28128, 43353, 1901, 52878, 54168, 40110, 44975, 47360, 15968, 18587, 31238, 39190, 59440, 45286, 31445, 49790, 33661, 19340, 7768, 21626, 4833, 16263, 13980, 23207, 39076, 58182, 41954, 52943, 19151, 17, 9293, 7796, 14421, 26988, 23039, 13953, 25922, 11852]
[Train] batch 159 GPA: 0x000000038da01400
[TS] batch159/input: write_done_realtime_ns=1787618477551369954
[GT] batch159 labels=[9, 7, 3, 9, 4, 4, 6, 4, 4, 7, 4, 8, 5, 8, 7, 2, 3, 7, 6, 4, 0, 5, 3, 4, 3, 7, 7, 3, 5, 8, 1, 0, 7, 0, 2, 3, 8, 2, 4, 2, 4, 4, 0, 8, 8, 9, 7, 8, 0, 1, 2, 4, 2, 5, 4, 4, 3, 0, 0, 5, 9, 3, 4, 1] indices=[30834, 11099, 58758, 57152, 42536, 45681, 22944, 14657, 58417, 41871, 53902, 7540, 40478, 19367, 12273, 12426, 30934, 14022, 16796, 24713, 5083, 55298, 50735, 55577, 38653, 51065, 25500, 34526, 33973, 44221, 14119, 1605, 14460, 5154, 946, 2098, 404, 35630, 3459, 24728, 16168, 11649, 23293, 3003, 35730, 44547, 47221, 22976, 45769, 32937, 10016, 56550, 57894, 27510, 20396, 11468, 20597, 10531, 9035, 39381, 14502, 38882, 49741, 43296]
[Train] batch 160 GPA: 0x000000038da18a00
[TS] batch160/input: write_done_realtime_ns=1787618477564863686
[GT] batch160 labels=[1, 6, 9, 8, 5, 4, 1, 1, 6, 8, 5, 8, 1, 3, 6, 4, 4, 1, 9, 0, 4, 2, 8, 1, 7, 9, 9, 8, 8, 7, 0, 8, 1, 1, 7, 1, 5, 6, 5, 4, 3, 2, 8, 7, 8, 2, 2, 2, 2, 9, 2, 9, 5, 4, 9, 6, 4, 9, 3, 5, 6, 3, 6, 6] indices=[44183, 16703, 46243, 8782, 45991, 11414, 20760, 38868, 47911, 42003, 26196, 44659, 33861, 46853, 52516, 2560, 29960, 53627, 6741, 43965, 38671, 59281, 29627, 46040, 40559, 56627, 53951, 42679, 59343, 14833, 56707, 54362, 35820, 40153, 39659, 35286, 28994, 50818, 21079, 51114, 58328, 873, 55632, 9833, 28959, 11865, 29789, 30997, 52495, 34339, 2513, 55454, 21264, 35412, 10102, 52551, 8579, 31876, 27666, 20528, 3994, 56741, 31475, 922]
Train Epoch: 1 [10240/60000 (17%)]	Loss: 0.173780
[Train] batch 161 GPA: 0x000000038da01400
[TS] batch161/input: write_done_realtime_ns=1787618477578365958
[GT] batch161 labels=[0, 5, 7, 3, 1, 8, 9, 7, 9, 3, 2, 7, 6, 4, 8, 9, 9, 6, 0, 5, 7, 3, 7, 4, 2, 0, 5, 6, 9, 1, 4, 3, 4, 1, 8, 6, 8, 1, 9, 3, 9, 1, 7, 5, 7, 9, 1, 2, 3, 1, 5, 0, 1, 6, 1, 0, 9, 5, 0, 1, 7, 7, 4, 7] indices=[24346, 35976, 50923, 18169, 41986, 758, 8059, 8038, 33592, 11489, 13503, 23784, 41410, 6794, 40472, 15489, 22824, 26934, 44060, 6431, 35745, 14566, 3804, 30039, 45932, 22744, 27778, 11336, 25263, 49397, 33711, 1151, 40950, 3230, 56866, 30857, 49259, 38235, 37824, 39591, 49764, 18488, 26021, 44674, 40231, 19513, 10686, 38356, 53815, 5667, 40159, 35050, 25354, 52880, 37365, 31604, 55701, 58039, 56, 27969, 37420, 52633, 59227, 56769]
[Train] batch 162 GPA: 0x000000038da18a00
[TS] batch162/input: write_done_realtime_ns=1787618477591914219
[GT] batch162 labels=[1, 1, 2, 3, 5, 5, 7, 0, 6, 8, 4, 7, 2, 7, 5, 6, 4, 9, 1, 2, 8, 0, 5, 5, 4, 7, 5, 9, 5, 8, 7, 3, 8, 5, 8, 7, 1, 1, 0, 7, 8, 4, 3, 2, 8, 2, 0, 6, 3, 5, 6, 0, 8, 4, 8, 3, 6, 3, 9, 0, 8, 9, 7, 7] indices=[43315, 25853, 15187, 49461, 57814, 26066, 38763, 19856, 35579, 9557, 11343, 59561, 12370, 23815, 38073, 17008, 23670, 57008, 16107, 12860, 53701, 53893, 39516, 41798, 23375, 44539, 53741, 57452, 56314, 57611, 31385, 40720, 50970, 579, 19879, 25126, 43905, 29087, 16151, 11349, 51656, 47334, 51771, 39162, 1948, 11006, 56609, 34879, 16414, 43144, 15674, 19133, 7872, 27575, 44289, 9080, 53398, 25619, 22967, 13335, 6437, 52184, 9200, 37394]
[Train] batch 163 GPA: 0x000000038da01400
[TS] batch163/input: write_done_realtime_ns=1787618477605434951
[GT] batch163 labels=[3, 7, 2, 0, 1, 1, 4, 2, 5, 6, 4, 4, 8, 0, 2, 9, 5, 5, 3, 2, 1, 6, 0, 5, 7, 8, 5, 7, 4, 1, 2, 8, 9, 9, 9, 0, 3, 9, 5, 7, 3, 6, 8, 3, 8, 7, 8, 8, 2, 6, 4, 7, 0, 1, 8, 0, 5, 7, 2, 1, 1, 6, 3, 9] indices=[7046, 30513, 43240, 6757, 53383, 52627, 54563, 46464, 14799, 28497, 44275, 2176, 17756, 10781, 43514, 42524, 35864, 17338, 32194, 52316, 8588, 25393, 15883, 11802, 39150, 33664, 41602, 55647, 17428, 53080, 1188, 52783, 10059, 41302, 54031, 21082, 43428, 53456, 14090, 28004, 22468, 6396, 8210, 43256, 7488, 2980, 49377, 17803, 33463, 28152, 51625, 32728, 29230, 57301, 31162, 49268, 32290, 27379, 53076, 32635, 39646, 21008, 5793, 39648]
[Train] batch 164 GPA: 0x000000038da18a00
[TS] batch164/input: write_done_realtime_ns=1787618477618891914
[GT] batch164 labels=[3, 8, 2, 6, 4, 7, 7, 4, 8, 2, 6, 7, 7, 2, 0, 5, 4, 7, 4, 9, 2, 2, 4, 9, 2, 2, 2, 8, 7, 9, 7, 1, 0, 5, 3, 2, 2, 0, 8, 9, 3, 6, 0, 2, 4, 1, 5, 7, 1, 5, 8, 4, 3, 5, 7, 4, 8, 2, 2, 0, 6, 3, 4, 9] indices=[59860, 39264, 57911, 35222, 22051, 3236, 30619, 45219, 30418, 24213, 33073, 25095, 19183, 36450, 39503, 39765, 38132, 42031, 3611, 5229, 21544, 8473, 52348, 59079, 30860, 24649, 41841, 39662, 27054, 35341, 34568, 56538, 34305, 56566, 6216, 17089, 49416, 18603, 3438, 19781, 19285, 38694, 50353, 16772, 34035, 25758, 49490, 35291, 35908, 1993, 46794, 59026, 56434, 9064, 14246, 34144, 28198, 43964, 51957, 46905, 4155, 56820, 1628, 23145]
[Train] batch 165 GPA: 0x000000038da01400
[TS] batch165/input: write_done_realtime_ns=1787618477632341356
[GT] batch165 labels=[0, 8, 3, 2, 6, 0, 2, 7, 0, 7, 2, 5, 6, 1, 9, 1, 0, 7, 6, 3, 4, 8, 1, 8, 9, 4, 9, 0, 4, 3, 9, 3, 9, 8, 4, 6, 7, 8, 1, 4, 5, 6, 9, 6, 1, 1, 8, 5, 1, 7, 2, 2, 7, 2, 2, 9, 3, 8, 5, 2, 3, 1, 2, 5] indices=[45823, 43234, 42678, 22019, 20757, 8187, 9193, 48166, 16415, 35225, 54796, 39427, 10032, 9678, 39842, 33654, 58754, 38534, 43569, 8765, 42346, 6940, 23477, 1914, 56442, 21655, 4019, 2084, 53776, 47676, 47974, 37309, 44071, 18414, 18062, 12855, 26957, 10711, 25531, 48202, 27903, 43399, 42709, 43643, 34096, 38424, 19864, 46768, 32054, 56287, 5885, 4851, 30271, 54541, 16403, 15745, 54953, 47328, 42555, 13994, 27486, 31911, 2389, 34122]
[Train] batch 166 GPA: 0x000000038da18a00
[TS] batch166/input: write_done_realtime_ns=1787618477645791539
[GT] batch166 labels=[2, 1, 1, 8, 0, 9, 0, 5, 1, 9, 2, 9, 7, 8, 5, 3, 9, 6, 9, 8, 6, 2, 6, 7, 6, 7, 1, 4, 9, 5, 1, 4, 7, 9, 9, 9, 1, 5, 7, 7, 8, 0, 6, 1, 8, 6, 0, 7, 2, 0, 3, 4, 6, 3, 0, 0, 2, 6, 0, 8, 4, 2, 0, 1] indices=[39669, 6665, 48741, 51160, 35185, 46660, 28272, 6370, 16546, 39139, 18065, 4523, 48619, 4370, 25096, 49913, 52328, 17066, 22283, 49290, 29548, 34831, 5485, 47698, 47943, 41571, 4470, 46623, 53055, 12229, 48112, 56258, 27235, 33021, 24942, 26173, 56114, 2172, 30155, 27151, 55438, 31502, 30152, 19265, 40960, 57213, 4145, 42077, 11493, 19454, 18390, 20717, 53798, 3920, 9027, 49595, 52840, 19956, 2606, 49618, 25361, 24618, 1926, 14892]
[Train] batch 167 GPA: 0x000000038da01400
[TS] batch167/input: write_done_realtime_ns=1787618477659688957
[GT] batch167 labels=[4, 8, 7, 9, 6, 7, 3, 9, 7, 0, 0, 3, 3, 5, 0, 1, 6, 2, 9, 8, 9, 8, 9, 3, 8, 5, 7, 5, 3, 3, 6, 0, 7, 2, 9, 6, 0, 4, 0, 9, 5, 5, 2, 3, 3, 9, 6, 6, 5, 3, 9, 4, 6, 4, 7, 7, 1, 7, 4, 5, 3, 1, 4, 1] indices=[11861, 10738, 40557, 27015, 18033, 29859, 49791, 45322, 46888, 13344, 36290, 7322, 30611, 33121, 7471, 22004, 8410, 25150, 31417, 51612, 19616, 57210, 29302, 12346, 25799, 48950, 26442, 15742, 31274, 50286, 11871, 35400, 56546, 33296, 54575, 52833, 52921, 59582, 13777, 6588, 13948, 24128, 21330, 3034, 48385, 43093, 54602, 33980, 27416, 19708, 44645, 8622, 44102, 20527, 7616, 43886, 6678, 11498, 32125, 37409, 30571, 26757, 31419, 10346]
[Train] batch 168 GPA: 0x000000038da18a00
[TS] batch168/input: write_done_realtime_ns=1787618477673690325
[GT] batch168 labels=[7, 0, 2, 4, 0, 7, 6, 1, 0, 5, 2, 4, 3, 9, 0, 5, 3, 2, 4, 1, 3, 7, 1, 5, 3, 0, 8, 3, 6, 2, 8, 6, 3, 9, 8, 3, 0, 6, 3, 8, 8, 7, 9, 1, 2, 8, 2, 4, 7, 9, 6, 8, 2, 1, 9, 6, 0, 5, 7, 0, 1, 8, 7, 3] indices=[24362, 57092, 9449, 19378, 15901, 54721, 43679, 52537, 4532, 46381, 25551, 12530, 46834, 42802, 27069, 44999, 46983, 58619, 55418, 55215, 6430, 51126, 6262, 23424, 2652, 6619, 20035, 17274, 37544, 25526, 47726, 22385, 12211, 1507, 37431, 27840, 36414, 36310, 46075, 50040, 94, 51229, 44236, 39102, 2670, 56594, 2346, 2089, 40643, 48584, 25680, 40064, 18783, 32295, 22841, 18459, 14530, 59654, 58733, 18563, 7603, 48906, 9992, 41969]
[Train] batch 169 GPA: 0x000000038da01400
[TS] batch169/input: write_done_realtime_ns=1787618477687123608
[GT] batch169 labels=[6, 1, 9, 9, 1, 3, 9, 2, 9, 6, 8, 5, 5, 5, 7, 2, 6, 3, 1, 6, 9, 1, 9, 7, 9, 1, 7, 0, 5, 2, 6, 6, 2, 2, 7, 6, 3, 6, 7, 4, 9, 2, 4, 5, 9, 3, 6, 8, 7, 4, 1, 2, 4, 7, 2, 5, 5, 7, 9, 9, 3, 1, 2, 3] indices=[33167, 48751, 46316, 51761, 5655, 51940, 17283, 18585, 8601, 13832, 56097, 41945, 8744, 27777, 48614, 15205, 19927, 41704, 43300, 8225, 8654, 25794, 10875, 36231, 2613, 29086, 39003, 6603, 12917, 57377, 47084, 11530, 9031, 20742, 11207, 55984, 9679, 42843, 15513, 21327, 37111, 32763, 36342, 25832, 55370, 50613, 2523, 13979, 45652, 15665, 45790, 46212, 26869, 45618, 20542, 46829, 57497, 2187, 10495, 41982, 17646, 33503, 22226, 51257]
[Train] batch 170 GPA: 0x000000038da18a00
[TS] batch170/input: write_done_realtime_ns=1787618477700699029
[GT] batch170 labels=[4, 4, 2, 6, 2, 1, 6, 6, 0, 4, 8, 2, 2, 6, 3, 1, 3, 6, 6, 8, 0, 9, 9, 8, 5, 0, 5, 2, 4, 4, 7, 1, 5, 0, 7, 8, 0, 6, 8, 8, 9, 8, 0, 7, 2, 6, 7, 4, 9, 0, 0, 1, 5, 6, 4, 9, 3, 0, 8, 9, 2, 4, 3, 7] indices=[10159, 5720, 10988, 49173, 26340, 41555, 54265, 50594, 34854, 25162, 45199, 23185, 7082, 12068, 20314, 41839, 50045, 41400, 1886, 24108, 44325, 39195, 25625, 52218, 56468, 31367, 37275, 15506, 45184, 49733, 2909, 46199, 34050, 19818, 33459, 40758, 34706, 44217, 12619, 36179, 46742, 3254, 59043, 58042, 5162, 57807, 27956, 30702, 29161, 11428, 22710, 59864, 24330, 12975, 27584, 16878, 840, 23351, 30525, 26282, 59298, 52604, 5637, 28730]
Train Epoch: 1 [10880/60000 (18%)]	Loss: 0.315374
[Train] batch 171 GPA: 0x000000038da01400
[TS] batch171/input: write_done_realtime_ns=1787618477714190341
[GT] batch171 labels=[6, 3, 5, 5, 3, 8, 9, 8, 7, 9, 4, 2, 1, 1, 5, 7, 7, 9, 9, 7, 4, 7, 4, 2, 9, 8, 2, 7, 3, 7, 7, 3, 1, 2, 3, 0, 7, 5, 3, 4, 5, 2, 4, 4, 6, 4, 8, 0, 9, 1, 4, 3, 9, 8, 3, 9, 3, 8, 3, 3, 2, 2, 6, 3] indices=[15088, 15125, 2120, 27403, 17710, 31399, 14235, 51746, 15173, 4345, 3278, 23099, 21990, 10933, 38202, 25355, 20158, 4118, 17994, 28575, 55552, 53770, 17276, 14132, 48347, 3928, 40120, 3494, 26149, 33287, 13410, 28123, 18409, 20239, 4101, 28105, 56500, 59330, 37711, 22262, 18141, 38649, 7002, 33561, 14031, 20651, 51803, 47822, 30491, 17856, 24745, 30974, 362, 3526, 23877, 53151, 37572, 51224, 21170, 39705, 1143, 53541, 19356, 29391]
[Train] batch 172 GPA: 0x000000038da18a00
[TS] batch172/input: write_done_realtime_ns=1787618477727655203
[GT] batch172 labels=[7, 0, 1, 2, 3, 3, 6, 9, 8, 3, 3, 7, 2, 5, 3, 8, 8, 2, 7, 5, 3, 2, 0, 6, 6, 5, 4, 2, 0, 6, 4, 7, 1, 8, 0, 8, 3, 4, 8, 5, 5, 1, 7, 5, 9, 2, 7, 5, 3, 9, 5, 8, 3, 8, 1, 5, 2, 5, 6, 1, 9, 8, 7, 2] indices=[37753, 15581, 14196, 14446, 21341, 53246, 41711, 28761, 28432, 17699, 42264, 40442, 6168, 53642, 36644, 42297, 31329, 50722, 53415, 54483, 24446, 50642, 6979, 9892, 31623, 53414, 14397, 36167, 12497, 1869, 7299, 14379, 48306, 7000, 15798, 30019, 5379, 6025, 7042, 1340, 9419, 39169, 14663, 6997, 10198, 37501, 18037, 58756, 207, 45487, 49726, 16517, 14333, 32375, 4487, 25330, 3078, 52561, 49396, 19282, 3867, 53011, 57600, 40366]
[Train] batch 173 GPA: 0x000000038da01400
[TS] batch173/input: write_done_realtime_ns=1787618477741164395
[GT] batch173 labels=[4, 4, 0, 2, 0, 0, 1, 4, 3, 5, 7, 5, 0, 4, 4, 8, 9, 6, 4, 2, 2, 9, 7, 6, 5, 2, 4, 7, 4, 1, 1, 2, 4, 8, 1, 8, 9, 4, 7, 8, 5, 8, 1, 7, 7, 3, 2, 1, 0, 1, 4, 0, 8, 8, 0, 1, 8, 1, 3, 2, 7, 4, 7, 7] indices=[15703, 53327, 43423, 20007, 16640, 9402, 36333, 58231, 14200, 47284, 33304, 42604, 33847, 15416, 54826, 9924, 32016, 31613, 4779, 47614, 38862, 42879, 17248, 2756, 34309, 22701, 32657, 30959, 15683, 28660, 50956, 51608, 26985, 43580, 6617, 21231, 10501, 57466, 21624, 19460, 54776, 43525, 25436, 52178, 19184, 45365, 56508, 16838, 17932, 39988, 41775, 1709, 18338, 56428, 24689, 19776, 52306, 15389, 38771, 1270, 36926, 48853, 39294, 51084]
[Train] batch 174 GPA: 0x000000038da18a00
[TS] batch174/input: write_done_realtime_ns=1787618477754543120
[GT] batch174 labels=[4, 1, 7, 1, 1, 2, 1, 5, 7, 1, 3, 3, 5, 5, 7, 7, 8, 3, 0, 9, 5, 2, 0, 9, 6, 2, 0, 7, 6, 8, 3, 5, 0, 5, 8, 2, 4, 2, 7, 0, 3, 6, 8, 1, 0, 2, 9, 8, 1, 6, 6, 9, 0, 6, 6, 4, 2, 1, 4, 9, 5, 5, 7, 7] indices=[37747, 1786, 7309, 53787, 7716, 33941, 34990, 5873, 39835, 59488, 19921, 23130, 26432, 27216, 58029, 57367, 20545, 17105, 20225, 35789, 24056, 9627, 22245, 16827, 48538, 12797, 16607, 53855, 5846, 1777, 51401, 37805, 54711, 24887, 58371, 40653, 23393, 42810, 54365, 53243, 46157, 50104, 54195, 38525, 36022, 45662, 26233, 10726, 40287, 9500, 4857, 30394, 9677, 51628, 37679, 1511, 38171, 43232, 5945, 15644, 30197, 29804, 18315, 17069]
[Train] batch 175 GPA: 0x000000038da01400
[TS] batch175/input: write_done_realtime_ns=1787618477767935063
[GT] batch175 labels=[0, 1, 6, 8, 1, 2, 2, 9, 3, 8, 2, 6, 2, 5, 1, 5, 5, 4, 4, 2, 5, 1, 1, 3, 3, 2, 7, 2, 4, 2, 3, 5, 5, 5, 4, 4, 0, 7, 8, 7, 8, 3, 4, 3, 8, 9, 0, 4, 8, 2, 7, 3, 4, 0, 6, 6, 0, 5, 4, 3, 8, 8, 6, 0] indices=[9194, 18899, 41060, 49869, 50600, 25185, 53926, 47148, 41107, 9559, 530, 7700, 7787, 36559, 49837, 10051, 24439, 56142, 8869, 6386, 50641, 49610, 47400, 2661, 55440, 32424, 56462, 11081, 718, 27622, 9412, 28748, 6978, 20784, 56452, 25093, 453, 54789, 44286, 39316, 37778, 24028, 139, 5160, 51307, 5869, 26256, 38984, 49572, 6771, 4385, 21950, 13367, 54368, 50811, 4922, 5052, 26574, 6753, 56738, 26743, 17878, 42396, 59439]
[Train] batch 176 GPA: 0x000000038da18a00
[TS] batch176/input: write_done_realtime_ns=1787618477781406774
[GT] batch176 labels=[0, 8, 4, 9, 6, 2, 3, 0, 3, 2, 6, 1, 2, 6, 8, 0, 8, 4, 5, 7, 4, 7, 7, 0, 8, 5, 6, 5, 2, 7, 1, 4, 1, 4, 0, 5, 2, 4, 7, 8, 4, 6, 5, 0, 4, 1, 2, 1, 9, 5, 3, 4, 4, 7, 4, 7, 2, 6, 0, 1, 3, 7, 6, 5] indices=[21890, 44961, 25293, 20692, 18303, 23364, 17575, 16941, 56535, 51357, 54298, 15507, 10673, 12876, 3665, 34555, 24065, 19484, 38287, 56058, 37104, 41660, 40117, 45083, 19756, 21799, 33742, 19279, 18713, 43087, 17191, 25931, 17775, 7703, 35740, 20034, 54271, 56320, 57337, 40296, 59743, 10036, 35268, 14693, 2896, 19346, 35410, 41139, 1169, 40353, 24144, 1473, 17740, 27938, 43481, 12806, 1478, 55551, 46628, 30137, 35984, 49485, 13493, 46805]
[Train] batch 177 GPA: 0x000000038da01400
[TS] batch177/input: write_done_realtime_ns=1787618477794985395
[GT] batch177 labels=[4, 5, 7, 0, 8, 0, 7, 7, 0, 5, 5, 9, 8, 6, 4, 1, 5, 8, 1, 6, 6, 3, 9, 1, 6, 5, 2, 0, 3, 2, 5, 0, 7, 8, 1, 3, 9, 5, 1, 5, 6, 1, 1, 8, 4, 3, 2, 4, 6, 1, 4, 3, 8, 1, 3, 2, 7, 0, 9, 9, 6, 5, 2, 7] indices=[677, 44923, 57063, 35473, 25976, 37224, 21243, 11778, 11661, 58357, 3085, 29693, 39668, 42921, 54637, 45907, 37472, 53271, 35149, 38643, 38820, 21660, 12739, 5006, 38578, 26484, 2171, 29706, 38580, 34443, 27764, 54445, 49174, 13876, 34513, 50671, 5459, 26236, 36801, 19529, 16102, 33343, 38164, 52159, 56187, 13787, 57752, 38922, 52076, 20066, 25488, 40898, 3643, 21247, 45781, 42496, 55895, 3715, 13395, 26703, 35037, 32737, 27618, 17144]
[Train] batch 178 GPA: 0x000000038da18a00
[TS] batch178/input: write_done_realtime_ns=1787618477808511808
[GT] batch178 labels=[1, 0, 9, 9, 3, 5, 2, 3, 8, 7, 9, 7, 7, 6, 3, 5, 7, 8, 7, 1, 9, 8, 0, 7, 5, 3, 2, 9, 8, 6, 4, 0, 3, 7, 5, 4, 0, 6, 0, 8, 0, 1, 9, 6, 6, 7, 7, 8, 4, 1, 7, 4, 0, 2, 1, 2, 4, 0, 8, 6, 9, 3, 2, 2] indices=[57190, 33389, 11068, 13805, 53241, 37698, 15278, 28371, 50178, 14245, 13130, 53234, 17373, 52183, 19442, 35953, 43860, 49803, 21894, 53930, 33360, 15522, 47812, 44623, 57837, 10826, 53522, 12894, 35123, 34767, 21134, 36260, 52432, 7781, 59301, 16566, 6296, 34535, 20577, 38863, 42732, 52963, 1574, 8071, 16555, 47248, 19187, 26583, 1477, 23045, 20043, 2963, 34619, 42065, 8574, 11193, 30908, 38559, 26952, 56177, 42482, 14674, 12447, 220]
[Train] batch 179 GPA: 0x000000038da01400
[TS] batch179/input: write_done_realtime_ns=1787618477821868871
[GT] batch179 labels=[7, 6, 7, 3, 1, 0, 9, 0, 0, 7, 1, 7, 1, 7, 4, 9, 3, 0, 2, 3, 9, 9, 6, 0, 1, 6, 6, 8, 5, 9, 9, 8, 1, 9, 9, 8, 1, 4, 0, 4, 7, 5, 0, 3, 0, 6, 3, 0, 0, 8, 5, 4, 0, 4, 3, 8, 5, 8, 8, 6, 9, 0, 5, 3] indices=[41009, 7926, 34600, 39125, 42502, 4488, 27766, 8273, 5961, 44178, 41524, 18616, 11543, 40370, 59185, 50515, 15769, 5072, 44149, 4736, 1116, 43146, 31741, 40850, 39454, 8981, 41380, 20923, 48249, 40647, 26116, 25074, 23034, 32904, 57281, 22913, 48902, 6598, 36560, 32178, 48952, 7044, 19542, 53558, 34036, 24091, 39566, 26923, 4588, 5474, 10656, 47044, 58170, 14175, 45005, 7297, 49032, 4580, 22837, 35795, 58792, 16428, 53272, 25552]
[Train] batch 180 GPA: 0x000000038da18a00
[TS] batch180/input: write_done_realtime_ns=1787618477835293544
[GT] batch180 labels=[3, 9, 5, 1, 7, 6, 2, 5, 4, 1, 1, 5, 3, 2, 0, 3, 6, 2, 6, 9, 0, 5, 3, 9, 3, 1, 3, 5, 2, 1, 6, 8, 0, 4, 0, 3, 9, 9, 5, 9, 2, 4, 3, 0, 1, 3, 4, 2, 5, 1, 2, 6, 0, 0, 7, 0, 2, 3, 9, 5, 4, 4, 7, 5] indices=[50481, 39781, 32107, 13590, 21514, 50415, 19132, 36722, 13125, 44556, 45438, 36556, 53560, 27548, 6738, 23556, 48632, 55862, 23694, 4902, 11701, 29006, 23425, 33308, 49222, 27772, 9272, 36381, 23177, 59074, 22803, 43953, 32461, 142, 3410, 58527, 10306, 51590, 19022, 37424, 20526, 23031, 7635, 19604, 10239, 33649, 35425, 14484, 33690, 33752, 26994, 37346, 10022, 46582, 51389, 26457, 29906, 14916, 14950, 6112, 56551, 21287, 53213, 10703]
Train Epoch: 1 [11520/60000 (19%)]	Loss: 0.191834
[Train] batch 181 GPA: 0x000000038da01400
[TS] batch181/input: write_done_realtime_ns=1787618477850403061
[GT] batch181 labels=[9, 8, 5, 8, 2, 6, 8, 4, 7, 6, 1, 3, 4, 0, 1, 1, 6, 2, 2, 8, 1, 3, 0, 0, 7, 9, 4, 1, 0, 6, 9, 3, 1, 5, 0, 0, 1, 6, 7, 0, 9, 5, 4, 8, 2, 2, 1, 2, 9, 3, 6, 6, 3, 6, 1, 8, 1, 7, 2, 7, 1, 6, 5, 8] indices=[87, 23458, 37453, 51341, 5909, 46567, 11529, 50656, 50874, 1980, 46089, 22674, 11624, 58738, 46142, 51750, 33116, 4028, 22878, 18967, 39550, 44510, 36871, 28102, 42959, 51632, 5805, 33048, 12134, 46511, 55013, 32794, 6108, 19288, 7055, 36646, 41715, 25340, 14111, 21534, 42385, 56789, 53052, 16128, 44364, 26922, 43801, 39421, 52595, 3291, 16065, 15756, 7134, 7401, 959, 47942, 10834, 5059, 12286, 32117, 14585, 58623, 10397, 7121]
[Train] batch 182 GPA: 0x000000038da18a00
[TS] batch182/input: write_done_realtime_ns=1787618477863774434
[GT] batch182 labels=[7, 5, 1, 9, 6, 7, 4, 7, 3, 9, 1, 5, 7, 2, 2, 6, 2, 9, 0, 7, 0, 6, 6, 4, 3, 6, 7, 0, 5, 2, 4, 5, 0, 7, 0, 7, 3, 0, 7, 8, 9, 9, 3, 8, 0, 3, 4, 2, 6, 9, 7, 4, 6, 2, 1, 5, 0, 5, 5, 4, 3, 1, 6, 1] indices=[13150, 13594, 48318, 27817, 29872, 28632, 35490, 51941, 4263, 48882, 7402, 12566, 43555, 42950, 12871, 32118, 10802, 32366, 23172, 18269, 1600, 35027, 9619, 7186, 19950, 15220, 223, 38025, 54331, 51359, 7705, 31637, 8288, 28236, 28365, 12062, 30813, 5475, 59182, 51009, 54827, 38625, 55665, 41118, 229, 34318, 50547, 38268, 15625, 30981, 28207, 38871, 27703, 54338, 39057, 7270, 55361, 27802, 12996, 45815, 15842, 45444, 14147, 15523]
[Train] batch 183 GPA: 0x000000038da01400
[TS] batch183/input: write_done_realtime_ns=1787618477877264756
[GT] batch183 labels=[6, 8, 5, 4, 3, 5, 5, 7, 2, 3, 4, 2, 0, 1, 1, 2, 6, 4, 7, 7, 5, 4, 5, 2, 8, 5, 6, 3, 7, 9, 8, 0, 9, 2, 1, 3, 2, 6, 5, 6, 6, 1, 4, 2, 5, 5, 2, 0, 1, 1, 6, 1, 9, 3, 4, 1, 3, 5, 8, 1, 9, 1, 2, 9] indices=[38875, 8033, 4941, 5822, 55485, 21210, 31499, 16966, 1246, 16239, 52308, 55281, 37554, 32887, 29999, 47590, 46704, 33932, 16672, 14563, 37117, 51350, 42756, 7587, 47297, 47471, 43646, 43065, 49472, 46336, 28033, 33237, 25946, 34558, 24647, 4179, 27374, 20637, 18782, 18652, 24934, 37116, 53738, 33180, 23655, 13092, 2625, 36146, 6745, 13201, 11680, 11082, 23880, 17354, 45578, 7668, 24284, 57013, 2124, 553, 6999, 23238, 47971, 33712]
[Train] batch 184 GPA: 0x000000038da18a00
[TS] batch184/input: write_done_realtime_ns=1787618477890655389
[GT] batch184 labels=[8, 5, 6, 3, 9, 2, 9, 1, 9, 3, 5, 4, 6, 7, 3, 3, 1, 5, 1, 2, 9, 4, 4, 7, 2, 1, 9, 6, 6, 5, 0, 6, 9, 0, 6, 1, 1, 4, 3, 3, 3, 3, 5, 5, 4, 8, 0, 3, 8, 4, 0, 2, 6, 8, 6, 2, 8, 1, 6, 2, 4, 2, 4, 9] indices=[17614, 49611, 45552, 51085, 11515, 39488, 20879, 39594, 2934, 36206, 32987, 3903, 49449, 8665, 54898, 28204, 31815, 58141, 17394, 31024, 31426, 32015, 2542, 36258, 59539, 52362, 17570, 24411, 34186, 1265, 33173, 31909, 1316, 27281, 13865, 14268, 27409, 48087, 24573, 13105, 59322, 7634, 35975, 49668, 3056, 47896, 30625, 42432, 17705, 55821, 12533, 29837, 47474, 6240, 23790, 1987, 53860, 11728, 46359, 48884, 354, 45838, 50069, 9758]
[Train] batch 185 GPA: 0x000000038da01400
[TS] batch185/input: write_done_realtime_ns=1787618477904289080
[GT] batch185 labels=[4, 3, 2, 4, 3, 6, 7, 9, 0, 4, 1, 9, 8, 3, 1, 2, 7, 8, 5, 2, 7, 3, 1, 8, 2, 2, 5, 1, 3, 5, 6, 1, 0, 8, 1, 0, 2, 7, 5, 2, 3, 5, 6, 8, 3, 6, 4, 1, 1, 0, 8, 2, 1, 0, 7, 7, 4, 8, 0, 6, 5, 8, 2, 0] indices=[15479, 33189, 29005, 3686, 48386, 55168, 55021, 45632, 11914, 4737, 24102, 36934, 31119, 54476, 41103, 45993, 15229, 47730, 40869, 26075, 16577, 37700, 29518, 27513, 9087, 9722, 49783, 18918, 40683, 14951, 41089, 53966, 11318, 12609, 57317, 49750, 42562, 14288, 27000, 30336, 30130, 38459, 14805, 52860, 18965, 54288, 54158, 13102, 10268, 28923, 43099, 49181, 38595, 30058, 20273, 46541, 34354, 42515, 37697, 7867, 50831, 36754, 938, 4918]
[Train] batch 186 GPA: 0x000000038da18a00
[TS] batch186/input: write_done_realtime_ns=1787618477917743873
[GT] batch186 labels=[1, 2, 1, 1, 8, 2, 6, 4, 2, 0, 0, 1, 8, 2, 2, 7, 5, 0, 1, 2, 4, 8, 0, 2, 7, 4, 0, 0, 6, 0, 5, 6, 1, 2, 2, 4, 6, 7, 3, 7, 2, 5, 0, 1, 6, 1, 1, 0, 5, 3, 7, 5, 5, 1, 5, 1, 9, 2, 9, 8, 5, 0, 1, 3] indices=[7572, 23652, 53610, 58230, 52733, 30596, 14632, 46668, 4293, 34653, 28771, 29949, 46528, 21633, 43293, 51568, 32840, 5932, 22879, 5289, 15184, 40553, 53632, 47780, 28118, 40621, 29374, 9666, 22953, 38914, 59430, 36343, 31122, 9809, 22673, 23151, 27934, 9445, 39327, 29948, 56083, 58808, 1403, 33487, 24395, 24793, 6586, 52133, 4007, 1722, 39920, 6018, 50779, 48871, 2038, 32562, 4663, 29481, 3202, 58827, 7848, 20751, 39033, 21447]
[Train] batch 187 GPA: 0x000000038da01400
[TS] batch187/input: write_done_realtime_ns=1787618477931245695
[GT] batch187 labels=[7, 5, 3, 3, 8, 1, 1, 8, 7, 5, 2, 9, 6, 4, 0, 6, 9, 2, 9, 1, 3, 8, 7, 8, 3, 5, 4, 5, 3, 9, 4, 0, 7, 1, 8, 1, 3, 4, 1, 5, 2, 8, 2, 6, 5, 0, 1, 1, 7, 2, 4, 6, 2, 8, 9, 9, 9, 9, 9, 3, 0, 1, 9, 8] indices=[7301, 21632, 23119, 425, 38014, 59586, 16254, 14380, 56806, 30012, 54052, 33372, 23959, 55136, 7466, 6670, 33311, 27331, 10588, 27012, 38130, 15919, 17307, 32864, 34695, 26655, 16313, 46774, 13628, 15128, 41724, 14278, 20834, 21492, 54280, 45855, 11747, 38079, 46165, 50398, 47228, 40935, 7960, 22055, 10903, 56801, 39533, 45994, 1106, 7942, 37490, 46420, 24557, 45416, 43903, 29486, 20562, 39787, 2579, 58822, 23627, 10580, 36201, 20133]
[Train] batch 188 GPA: 0x000000038da18a00
[TS] batch188/input: write_done_realtime_ns=1787618477944688618
[GT] batch188 labels=[7, 4, 2, 2, 7, 3, 6, 7, 6, 2, 3, 9, 9, 1, 9, 5, 7, 4, 6, 3, 9, 8, 7, 7, 1, 5, 5, 0, 8, 2, 9, 7, 2, 9, 8, 8, 6, 5, 3, 0, 0, 2, 5, 4, 0, 9, 0, 4, 7, 3, 8, 5, 7, 3, 4, 2, 6, 3, 0, 0, 0, 0, 3, 2] indices=[29463, 50998, 57899, 45362, 30767, 34646, 57641, 10864, 33035, 52456, 7613, 5544, 7198, 22928, 43237, 51800, 2658, 35879, 3335, 55378, 59211, 53636, 12668, 27166, 22815, 54671, 14489, 43613, 23300, 24722, 55599, 4273, 515, 30877, 9334, 50571, 30345, 26290, 31564, 40821, 7911, 42686, 36086, 52949, 14384, 17758, 3021, 15405, 30442, 7189, 14665, 14444, 11854, 6595, 17592, 5677, 55738, 26449, 7318, 30149, 11920, 28910, 57424, 21557]
[Train] batch 189 GPA: 0x000000038da01400
[TS] batch189/input: write_done_realtime_ns=1787618477959762244
[GT] batch189 labels=[7, 9, 2, 9, 0, 9, 4, 7, 0, 5, 7, 0, 6, 4, 1, 1, 8, 5, 0, 3, 3, 3, 5, 6, 1, 0, 2, 7, 0, 8, 9, 8, 8, 6, 0, 8, 6, 9, 9, 4, 4, 4, 5, 9, 0, 9, 9, 2, 6, 6, 9, 7, 5, 4, 5, 1, 6, 3, 5, 6, 0, 8, 3, 3] indices=[36136, 27342, 32998, 8851, 5502, 48580, 26235, 26801, 49518, 44341, 43023, 14034, 41736, 12610, 7850, 48266, 23967, 23407, 48895, 54301, 57009, 15764, 54401, 3858, 48611, 21600, 11086, 21915, 11846, 20372, 827, 8465, 39608, 28890, 51892, 23071, 54360, 28753, 7241, 45507, 40703, 8560, 47866, 53438, 17479, 6850, 4949, 3980, 39385, 10473, 14988, 7287, 24718, 1767, 10421, 27572, 55166, 15511, 52981, 17855, 8129, 22919, 7043, 19015]
[Train] batch 190 GPA: 0x000000038da18a00
[TS] batch190/input: write_done_realtime_ns=1787618477973256796
[GT] batch190 labels=[7, 1, 1, 1, 0, 1, 7, 7, 2, 6, 0, 3, 1, 7, 4, 7, 4, 7, 3, 8, 7, 0, 3, 4, 8, 2, 6, 9, 6, 7, 4, 0, 1, 6, 5, 3, 0, 0, 4, 5, 1, 8, 9, 3, 2, 8, 3, 8, 7, 1, 0, 8, 6, 6, 1, 3, 0, 4, 0, 2, 7, 0, 3, 9] indices=[32307, 33457, 22248, 56189, 55366, 52807, 16644, 21790, 17153, 41129, 36788, 23225, 26167, 55174, 32321, 14398, 40827, 45435, 25746, 46789, 14850, 49387, 49307, 16929, 23440, 52841, 35828, 46284, 4635, 52407, 25184, 40075, 44151, 42723, 16072, 18826, 59723, 5801, 41991, 39274, 37405, 22813, 13108, 12924, 28780, 55026, 59383, 27459, 50376, 3295, 51479, 11383, 2324, 40036, 21791, 8350, 33789, 7487, 5286, 48837, 14755, 47372, 10206, 35105]
Train Epoch: 1 [12160/60000 (20%)]	Loss: 0.158947
[Train] batch 191 GPA: 0x000000038da01400
[TS] batch191/input: write_done_realtime_ns=1787618477986737869
[GT] batch191 labels=[9, 5, 7, 5, 8, 0, 2, 7, 6, 8, 2, 4, 8, 4, 1, 1, 6, 9, 7, 9, 0, 5, 4, 6, 4, 7, 3, 5, 6, 8, 3, 6, 5, 8, 0, 3, 4, 5, 9, 1, 1, 7, 9, 3, 2, 5, 2, 9, 1, 6, 8, 7, 7, 6, 0, 1, 7, 1, 1, 8, 5, 5, 2, 9] indices=[30660, 20601, 44505, 9464, 9844, 12732, 5357, 43483, 5802, 36585, 53121, 41915, 36677, 27222, 47442, 43426, 15334, 10336, 53094, 32021, 41357, 42267, 40169, 6673, 34067, 54565, 46979, 34473, 33242, 37051, 13294, 55797, 24421, 24000, 47344, 37374, 32939, 57951, 36993, 26279, 56273, 57150, 36328, 55198, 19963, 14828, 53033, 6121, 18070, 15145, 12250, 54532, 13599, 15177, 51150, 224, 26826, 23775, 26485, 58969, 3875, 8426, 9398, 49599]
[Train] batch 192 GPA: 0x000000038da18a00
[TS] batch192/input: write_done_realtime_ns=1787618478000327910
[GT] batch192 labels=[4, 8, 3, 6, 3, 0, 2, 1, 0, 8, 5, 7, 7, 1, 7, 1, 9, 7, 0, 0, 9, 4, 4, 3, 0, 8, 5, 4, 7, 1, 3, 9, 1, 2, 1, 6, 8, 1, 3, 0, 2, 3, 1, 8, 4, 1, 8, 1, 7, 2, 5, 8, 2, 8, 8, 4, 2, 9, 1, 1, 4, 2, 6, 5] indices=[42263, 8132, 44827, 47574, 1675, 58316, 18224, 10713, 15711, 43250, 21550, 883, 11220, 50397, 46155, 491, 35160, 29607, 35934, 49987, 10810, 1110, 4146, 16708, 29937, 47057, 54225, 24744, 16437, 41449, 6298, 16751, 53587, 20436, 3430, 52163, 14211, 18468, 19247, 55727, 16909, 38900, 48510, 31248, 3984, 58903, 8365, 26459, 50464, 18943, 29107, 42291, 9248, 3040, 23180, 24767, 7520, 14875, 19093, 51741, 21664, 27108, 27319, 20530]
[Train] batch 193 GPA: 0x000000038da01400
[TS] batch193/input: write_done_realtime_ns=1787618478013724462
[GT] batch193 labels=[8, 6, 6, 8, 0, 1, 1, 5, 2, 1, 7, 2, 3, 7, 3, 6, 8, 0, 1, 2, 8, 1, 8, 2, 1, 2, 2, 2, 6, 0, 4, 6, 3, 6, 6, 0, 4, 5, 6, 5, 3, 1, 7, 9, 3, 1, 8, 9, 3, 8, 8, 5, 7, 4, 2, 5, 4, 2, 5, 7, 8, 2, 4, 0] indices=[25236, 6602, 45177, 50861, 11019, 6747, 9130, 20598, 11997, 21908, 10287, 693, 46269, 4317, 24621, 18593, 24344, 957, 46267, 8490, 2482, 50453, 15738, 43826, 39622, 13484, 53089, 25038, 32889, 10579, 56267, 59508, 48626, 22709, 24948, 27900, 17444, 23169, 40907, 22846, 23483, 11404, 55842, 11538, 18924, 40052, 14270, 18755, 20664, 25686, 43299, 12507, 21949, 6674, 53790, 47825, 53559, 6628, 38408, 16316, 27051, 30570, 48669, 25547]
[Train] batch 194 GPA: 0x000000038da18a00
[TS] batch194/input: write_done_realtime_ns=1787618478027182955
[GT] batch194 labels=[0, 9, 9, 1, 4, 9, 4, 0, 4, 1, 3, 6, 1, 7, 3, 1, 6, 6, 2, 1, 5, 3, 0, 6, 2, 9, 9, 6, 7, 5, 0, 6, 0, 2, 1, 9, 4, 4, 8, 6, 9, 2, 5, 5, 9, 7, 0, 8, 3, 6, 2, 3, 6, 1, 8, 5, 2, 7, 4, 0, 4, 2, 8, 9] indices=[656, 9870, 45323, 4644, 42425, 31077, 44587, 8284, 38891, 20706, 3048, 14583, 45078, 14930, 53838, 49292, 34539, 5384, 6811, 36490, 33138, 13615, 24011, 34324, 4648, 48996, 44607, 57758, 50064, 55325, 58694, 30744, 15133, 57139, 32411, 8736, 45916, 12779, 21125, 9556, 24843, 13086, 30020, 3535, 48647, 56900, 53685, 2231, 56297, 40501, 40740, 49055, 34284, 13840, 43145, 36207, 26146, 34317, 41977, 46604, 21922, 57475, 43121, 8199]
[Train] batch 195 GPA: 0x000000038da01400
[TS] batch195/input: write_done_realtime_ns=1787618478040612288
[GT] batch195 labels=[6, 0, 8, 3, 4, 8, 3, 0, 7, 1, 1, 9, 6, 1, 1, 4, 7, 6, 5, 7, 6, 7, 3, 4, 3, 1, 7, 0, 7, 3, 7, 6, 4, 0, 3, 6, 2, 5, 9, 5, 5, 5, 9, 5, 4, 3, 1, 6, 1, 9, 3, 2, 9, 8, 4, 9, 4, 8, 2, 0, 0, 6, 0, 4] indices=[39383, 33645, 26397, 19200, 39638, 16467, 38998, 10604, 9077, 40973, 48600, 32163, 55307, 57410, 37674, 25048, 23767, 9659, 58547, 5564, 10534, 24260, 1119, 2443, 30377, 26746, 58292, 59613, 32896, 24066, 20380, 2345, 5777, 32781, 57103, 49175, 10699, 17578, 23278, 32258, 42047, 54246, 54666, 30393, 46622, 44681, 10266, 1139, 22627, 47783, 5531, 35269, 23864, 14779, 23152, 28319, 26035, 7425, 1129, 30187, 5266, 6799, 26040, 56094]
[Train] batch 196 GPA: 0x000000038da18a00
[TS] batch196/input: write_done_realtime_ns=1787618478054130980
[GT] batch196 labels=[9, 5, 3, 6, 8, 3, 3, 1, 0, 8, 8, 2, 8, 5, 6, 2, 7, 3, 9, 5, 9, 5, 4, 7, 0, 9, 4, 1, 6, 8, 7, 7, 9, 0, 8, 4, 0, 2, 2, 6, 7, 9, 6, 7, 7, 7, 9, 9, 9, 1, 6, 4, 2, 9, 8, 0, 9, 2, 5, 2, 5, 4, 2, 3] indices=[50053, 58814, 1295, 3910, 15598, 10644, 9680, 23984, 24389, 54463, 42691, 28932, 47728, 25577, 11173, 43391, 15468, 34659, 19255, 33617, 34616, 33321, 15735, 42798, 5340, 19728, 16531, 15396, 37581, 46063, 39949, 35845, 20138, 42111, 19540, 56802, 29345, 52829, 7500, 6219, 13890, 43158, 19701, 36615, 6666, 2743, 29445, 34491, 3277, 48335, 40105, 19044, 34795, 17167, 55311, 41291, 39834, 24520, 20479, 50475, 23264, 7211, 44021, 32619]
[Train] batch 197 GPA: 0x000000038da01400
[TS] batch197/input: write_done_realtime_ns=1787618478067508973
[GT] batch197 labels=[4, 4, 1, 3, 2, 0, 7, 1, 0, 6, 0, 9, 2, 9, 5, 5, 7, 2, 6, 8, 4, 8, 8, 3, 5, 0, 4, 3, 9, 2, 5, 7, 6, 0, 1, 7, 9, 6, 2, 0, 9, 0, 7, 8, 9, 8, 2, 2, 3, 1, 0, 8, 9, 2, 6, 6, 3, 6, 0, 6, 4, 7, 2, 6] indices=[3652, 7327, 5635, 1870, 32928, 15992, 32174, 24707, 36241, 18344, 17693, 35332, 59628, 58608, 24708, 17869, 20435, 59475, 1184, 19025, 17469, 37178, 52699, 20492, 7246, 30255, 1976, 19114, 54504, 44377, 18676, 46832, 30716, 10564, 39737, 4452, 48589, 42190, 16456, 56259, 46987, 14419, 44005, 16115, 33976, 58186, 1727, 2125, 13707, 9815, 30141, 53865, 34019, 4610, 11892, 12801, 4864, 23073, 17223, 6388, 46022, 20229, 11251, 57218]
[Train] batch 198 GPA: 0x000000038da18a00
[TS] batch198/input: write_done_realtime_ns=1787618478081028615
[GT] batch198 labels=[2, 1, 2, 9, 7, 9, 6, 0, 2, 3, 6, 5, 1, 5, 5, 1, 4, 1, 6, 3, 2, 3, 2, 6, 6, 1, 6, 5, 5, 0, 4, 8, 4, 3, 9, 4, 7, 0, 9, 6, 6, 7, 6, 3, 8, 8, 8, 8, 1, 2, 9, 2, 3, 6, 5, 9, 6, 2, 6, 6, 6, 8, 9, 6] indices=[52582, 56071, 38195, 9041, 28783, 42946, 27204, 39639, 53963, 56561, 17874, 15781, 28531, 6407, 37548, 54864, 39339, 33480, 42521, 15210, 55507, 3150, 13667, 18302, 25351, 39262, 17164, 43585, 57182, 9329, 804, 37522, 29207, 29023, 26730, 17690, 43893, 43963, 15562, 30822, 33916, 34939, 48692, 41742, 54488, 15056, 41231, 30523, 30757, 56821, 6625, 29004, 39770, 13737, 5292, 9654, 3451, 54978, 19805, 22258, 40010, 14873, 19718, 2300]
[Train] batch 199 GPA: 0x000000038da01400
[TS] batch199/input: write_done_realtime_ns=1787618478094492017
[GT] batch199 labels=[0, 9, 7, 4, 8, 0, 0, 1, 5, 1, 0, 2, 3, 1, 6, 1, 5, 4, 1, 3, 0, 8, 7, 0, 0, 6, 1, 7, 9, 9, 7, 7, 1, 9, 7, 4, 0, 8, 1, 4, 8, 8, 4, 1, 3, 6, 1, 8, 3, 0, 5, 9, 4, 6, 1, 6, 2, 9, 8, 5, 8, 5, 1, 0] indices=[56573, 24029, 28541, 37634, 30236, 15142, 18606, 22347, 24730, 56016, 59944, 19463, 58541, 27187, 57756, 33516, 6434, 8281, 46196, 53740, 8489, 51880, 58526, 12785, 3367, 43908, 54434, 25639, 59888, 9683, 11650, 25816, 36928, 44762, 9102, 6189, 52728, 59173, 46006, 20525, 51223, 10057, 50567, 51833, 37649, 31714, 30471, 16022, 50940, 27951, 28277, 7505, 37519, 38881, 38487, 48066, 41997, 10539, 50785, 28951, 50198, 32828, 4166, 25085]
[Train] batch 200 GPA: 0x000000038da18a00
[TS] batch200/input: write_done_realtime_ns=1787618478107868381
[GT] batch200 labels=[4, 0, 7, 5, 0, 6, 3, 4, 9, 6, 1, 3, 0, 5, 4, 0, 5, 2, 1, 4, 6, 9, 9, 7, 0, 5, 6, 3, 6, 1, 0, 3, 2, 2, 8, 1, 2, 6, 3, 1, 4, 1, 4, 3, 9, 1, 4, 5, 2, 6, 7, 9, 2, 8, 0, 9, 0, 2, 1, 7, 1, 3, 4, 4] indices=[2962, 34392, 59115, 51744, 12264, 54172, 2506, 57972, 28183, 39567, 59523, 48291, 22601, 32415, 43516, 58457, 54302, 35071, 58889, 25503, 59966, 55778, 21787, 27157, 13873, 29569, 51696, 28955, 10163, 47075, 12057, 22863, 54306, 58851, 30397, 30089, 23610, 17221, 7987, 31853, 4264, 33370, 47198, 34384, 13063, 34156, 24653, 21820, 59757, 2516, 54497, 29663, 34657, 7151, 34553, 16704, 53355, 3444, 21281, 43238, 34423, 27540, 12427, 54116]
Train Epoch: 1 [12800/60000 (21%)]	Loss: 0.190262
[Train] batch 201 GPA: 0x000000038da01400
[TS] batch201/input: write_done_realtime_ns=1787618478121606891
[GT] batch201 labels=[1, 5, 8, 3, 3, 3, 6, 0, 2, 0, 9, 1, 0, 6, 3, 8, 9, 9, 8, 7, 4, 8, 9, 2, 2, 8, 6, 2, 0, 8, 7, 7, 0, 0, 3, 6, 1, 9, 1, 5, 1, 6, 8, 8, 7, 9, 4, 8, 0, 5, 6, 3, 8, 6, 5, 8, 3, 7, 1, 8, 1, 4, 2, 2] indices=[12236, 33674, 55146, 1805, 35613, 4257, 48362, 15882, 22994, 3035, 31161, 15999, 41191, 20148, 37293, 5853, 26513, 2116, 21494, 51560, 27914, 38987, 22176, 33096, 19053, 9554, 38633, 36949, 54853, 6728, 34951, 37819, 59940, 19714, 33840, 35033, 15550, 15725, 45858, 37465, 42401, 51745, 25388, 7184, 37471, 31215, 18981, 54450, 44951, 34065, 23236, 25127, 45463, 1435, 44404, 16965, 56817, 26969, 29551, 29665, 15835, 12976, 44260, 15057]
[Train] batch 202 GPA: 0x000000038da18a00
[TS] batch202/input: write_done_realtime_ns=1787618478135353751
[GT] batch202 labels=[6, 5, 6, 8, 8, 2, 1, 8, 7, 3, 9, 7, 7, 9, 3, 6, 7, 9, 2, 7, 2, 0, 5, 4, 6, 9, 1, 7, 1, 3, 0, 1, 2, 2, 0, 1, 5, 3, 8, 7, 9, 5, 4, 3, 1, 9, 4, 6, 8, 4, 7, 1, 9, 5, 6, 7, 7, 8, 7, 5, 0, 4, 2, 0] indices=[57954, 46312, 45914, 39832, 15691, 22769, 52906, 41394, 25904, 26975, 8404, 30310, 35469, 28481, 3171, 30727, 8167, 28789, 59721, 42169, 8742, 11746, 49825, 30198, 42075, 45232, 16643, 50215, 58662, 58582, 36090, 31286, 1754, 55912, 11187, 29173, 10598, 58045, 24664, 18534, 45431, 26229, 51593, 50892, 22621, 20518, 57343, 52946, 56600, 21931, 20280, 57829, 52556, 57671, 40771, 17714, 18469, 55284, 6695, 19797, 28122, 24391, 32949, 2617]
[Train] batch 203 GPA: 0x000000038da01400
[TS] batch203/input: write_done_realtime_ns=1787618478148722274
[GT] batch203 labels=[2, 7, 3, 4, 6, 4, 0, 0, 9, 0, 4, 5, 4, 5, 6, 0, 5, 4, 7, 5, 7, 3, 9, 2, 5, 7, 7, 2, 4, 1, 3, 2, 3, 2, 9, 6, 9, 1, 0, 1, 4, 3, 8, 9, 3, 9, 2, 3, 4, 2, 0, 6, 4, 8, 0, 0, 1, 7, 7, 1, 3, 1, 6, 3] indices=[59390, 57851, 58711, 13850, 34285, 25875, 15559, 48716, 36058, 45218, 36204, 19973, 52243, 35727, 5037, 35217, 32724, 4890, 27597, 27139, 34890, 30084, 29778, 3607, 13460, 50805, 2750, 10723, 1094, 58511, 38199, 43314, 2088, 52550, 14117, 15634, 7430, 25934, 44199, 37716, 20768, 14410, 24909, 53146, 55758, 46659, 36717, 12942, 40576, 40788, 59712, 26402, 39674, 976, 10176, 29515, 24461, 3846, 43052, 35862, 28256, 47388, 30689, 54460]
[Train] batch 204 GPA: 0x000000038da18a00
[TS] batch204/input: write_done_realtime_ns=1787618478162191687
[GT] batch204 labels=[3, 1, 3, 6, 3, 6, 6, 0, 5, 1, 4, 5, 6, 1, 1, 8, 5, 0, 3, 9, 5, 1, 7, 4, 3, 5, 9, 7, 8, 9, 5, 6, 2, 7, 4, 5, 1, 1, 1, 2, 7, 1, 4, 5, 3, 7, 2, 7, 4, 4, 0, 9, 7, 8, 2, 2, 9, 3, 1, 1, 8, 3, 4, 1] indices=[23322, 57517, 31641, 10229, 52476, 9702, 45067, 46617, 40659, 5395, 41716, 41457, 55135, 37978, 12040, 3664, 35420, 9056, 36957, 6589, 19585, 1544, 44212, 25438, 35658, 7639, 59397, 28025, 19595, 25874, 10770, 21410, 58538, 57372, 29372, 54928, 56333, 33684, 54611, 6937, 14238, 44327, 11040, 16095, 18997, 57465, 50898, 27546, 56700, 10236, 15926, 31878, 32347, 10595, 34385, 22945, 24420, 59137, 28019, 15878, 25741, 13388, 33218, 38545]
[Train] batch 205 GPA: 0x000000038da01400
[TS] batch205/input: write_done_realtime_ns=1787618478175612710
[GT] batch205 labels=[7, 2, 0, 0, 4, 6, 6, 0, 1, 3, 6, 0, 5, 4, 1, 1, 8, 2, 4, 5, 4, 3, 9, 3, 7, 0, 7, 9, 1, 8, 2, 4, 1, 0, 9, 1, 8, 3, 8, 1, 4, 8, 4, 9, 9, 5, 6, 9, 5, 2, 4, 4, 0, 1, 6, 3, 8, 6, 9, 5, 5, 6, 0, 3] indices=[30990, 30884, 26191, 1029, 54234, 30199, 58226, 47690, 45693, 14692, 44644, 53705, 12937, 16314, 58123, 50847, 29494, 30872, 56060, 15661, 19427, 36329, 42853, 53586, 21367, 57359, 29943, 3796, 15293, 50869, 50218, 1196, 55121, 56424, 52467, 9072, 56872, 20220, 18856, 57058, 5734, 53090, 5880, 28715, 45440, 21583, 23646, 18700, 50019, 37570, 53307, 12538, 13097, 34884, 28382, 8077, 50459, 23594, 58566, 43753, 11237, 31363, 43367, 43978]
[Train] batch 206 GPA: 0x000000038da18a00
[TS] batch206/input: write_done_realtime_ns=1787618478189227710
[GT] batch206 labels=[8, 1, 0, 6, 4, 4, 6, 1, 8, 4, 5, 9, 8, 3, 4, 3, 9, 2, 4, 4, 7, 4, 3, 9, 9, 4, 2, 6, 3, 5, 7, 1, 8, 7, 4, 5, 3, 5, 9, 2, 1, 0, 0, 6, 3, 4, 8, 6, 3, 6, 6, 9, 6, 3, 8, 7, 0, 1, 6, 5, 1, 2, 4, 5] indices=[3727, 48189, 50808, 16550, 32126, 17067, 43767, 57614, 50702, 19521, 21227, 31312, 17165, 26965, 48846, 21150, 58222, 18526, 46877, 37392, 49063, 3631, 52435, 53070, 46179, 10908, 2892, 27536, 20872, 7480, 26916, 56902, 50607, 58258, 26879, 3635, 59961, 836, 17858, 44425, 48261, 20117, 49774, 50418, 45655, 5807, 25835, 37228, 23747, 17251, 17395, 33366, 19960, 43070, 59067, 48170, 47860, 42899, 9596, 45011, 4772, 43079, 13302, 14316]
[Train] batch 207 GPA: 0x000000038da01400
[TS] batch207/input: write_done_realtime_ns=1787618478202692833
[GT] batch207 labels=[9, 5, 6, 9, 1, 3, 9, 8, 3, 7, 1, 5, 5, 5, 7, 1, 5, 9, 9, 2, 6, 9, 7, 0, 7, 4, 3, 1, 2, 5, 5, 2, 2, 5, 2, 9, 9, 1, 1, 9, 5, 1, 7, 1, 6, 3, 1, 1, 1, 0, 0, 8, 6, 3, 7, 1, 3, 1, 0, 8, 2, 3, 2, 2] indices=[29856, 37589, 14186, 49793, 12681, 27644, 24508, 28247, 7982, 47806, 27454, 1961, 2537, 30488, 10485, 45240, 20476, 21897, 11208, 50875, 14641, 44230, 9343, 51638, 52484, 40316, 861, 6511, 31807, 1071, 49797, 45268, 8752, 620, 43818, 48804, 41594, 56343, 9507, 8514, 59133, 18095, 27970, 59596, 56481, 54767, 39364, 15539, 38490, 34798, 38102, 9241, 59702, 28841, 41176, 9942, 15535, 34263, 21635, 42988, 59684, 1634, 24751, 35872]
[Train] batch 208 GPA: 0x000000038da18a00
[TS] batch208/input: write_done_realtime_ns=1787618478216177086
[GT] batch208 labels=[5, 3, 4, 6, 5, 2, 5, 2, 9, 7, 2, 7, 5, 1, 1, 1, 6, 4, 3, 5, 8, 1, 5, 2, 7, 4, 5, 1, 0, 1, 7, 3, 7, 9, 0, 6, 4, 2, 3, 9, 3, 7, 2, 9, 9, 2, 8, 9, 6, 4, 0, 4, 8, 0, 1, 7, 3, 2, 0, 4, 3, 1, 6, 0] indices=[38934, 51635, 15023, 11128, 50332, 11774, 31921, 47759, 46008, 48305, 16544, 59611, 7802, 53498, 45677, 13584, 1902, 33747, 41590, 36508, 8242, 4979, 29157, 17841, 23259, 22839, 37066, 10027, 28024, 23056, 42177, 28137, 18876, 54146, 47190, 11461, 2031, 26312, 35143, 43086, 42505, 22528, 40699, 7274, 24478, 35454, 4324, 52061, 32257, 19405, 40612, 36962, 43609, 48676, 16234, 20477, 41834, 27239, 58973, 25848, 45599, 72, 37599, 53189]
[Train] batch 209 GPA: 0x000000038da01400
[TS] batch209/input: write_done_realtime_ns=1787618478229744787
[GT] batch209 labels=[1, 7, 8, 5, 4, 7, 2, 4, 6, 2, 6, 4, 6, 2, 9, 0, 6, 1, 1, 4, 1, 6, 8, 5, 1, 7, 0, 4, 0, 5, 8, 8, 3, 5, 0, 7, 4, 3, 0, 2, 8, 8, 9, 8, 1, 5, 5, 3, 4, 8, 4, 8, 3, 6, 0, 4, 6, 1, 7, 1, 9, 0, 1, 3] indices=[40976, 56822, 53809, 38944, 33391, 42410, 4664, 12955, 15419, 50568, 50509, 16048, 18144, 29853, 58967, 37954, 19125, 31701, 2599, 55883, 3418, 7220, 41034, 33808, 45167, 43990, 36055, 6941, 20095, 19078, 38799, 9952, 53493, 48260, 20531, 38389, 6778, 49329, 32746, 59252, 28470, 18156, 4611, 36096, 32890, 56890, 41786, 13670, 49546, 30318, 23881, 57060, 51617, 47430, 59487, 39636, 4526, 55031, 2650, 4566, 36807, 48511, 28792, 30258]
[Train] batch 210 GPA: 0x000000038da18a00
[TS] batch210/input: write_done_realtime_ns=1787618478243323318
[GT] batch210 labels=[5, 5, 7, 7, 4, 1, 1, 9, 4, 2, 7, 5, 4, 6, 1, 4, 6, 5, 5, 0, 2, 0, 0, 7, 1, 0, 9, 2, 1, 4, 3, 3, 5, 0, 5, 3, 6, 5, 2, 1, 4, 4, 2, 1, 7, 2, 5, 4, 3, 9, 2, 7, 3, 9, 7, 6, 9, 1, 2, 5, 0, 1, 4, 1] indices=[10877, 15365, 8931, 53779, 35319, 18384, 14462, 46828, 27686, 41579, 10243, 22571, 22295, 15190, 51544, 44860, 49577, 57128, 40227, 14276, 32654, 54942, 19261, 2711, 20659, 42552, 30099, 58704, 35052, 37248, 9418, 56921, 30061, 54943, 40474, 13601, 16469, 23783, 48279, 32083, 6454, 11389, 52169, 4013, 23708, 31381, 56547, 8737, 54559, 41274, 38692, 1655, 25993, 4219, 9429, 48609, 52356, 36145, 52413, 30980, 15692, 39007, 11314, 15152]
Train Epoch: 1 [13440/60000 (22%)]	Loss: 0.129486
[Train] batch 211 GPA: 0x000000038da01400
[TS] batch211/input: write_done_realtime_ns=1787618478256861070
[GT] batch211 labels=[8, 7, 0, 8, 6, 2, 5, 9, 8, 1, 1, 8, 0, 0, 9, 1, 6, 0, 2, 0, 3, 0, 1, 4, 5, 6, 6, 6, 8, 7, 4, 4, 7, 2, 8, 5, 9, 7, 9, 2, 4, 7, 7, 4, 6, 9, 8, 6, 7, 0, 8, 7, 4, 6, 8, 1, 1, 9, 3, 9, 3, 6, 6, 7] indices=[51615, 52926, 21049, 34540, 47454, 58821, 40088, 37162, 26491, 8131, 11337, 7604, 57907, 16619, 46497, 36633, 45569, 6972, 40053, 5115, 47245, 48434, 54875, 7280, 50187, 15004, 15404, 31654, 51484, 41367, 39943, 32560, 49615, 45584, 40697, 5668, 35475, 56837, 42318, 26265, 10331, 12599, 56392, 35179, 24616, 20159, 54624, 55777, 15327, 27911, 6703, 37875, 28487, 55245, 40856, 39049, 46141, 43751, 30645, 14977, 11777, 58592, 2242, 193]
[Train] batch 212 GPA: 0x000000038da18a00
[TS] batch212/input: write_done_realtime_ns=1787618478270334363
[GT] batch212 labels=[5, 5, 6, 4, 2, 3, 5, 7, 4, 7, 9, 1, 1, 3, 7, 2, 9, 9, 6, 4, 6, 4, 1, 2, 0, 3, 8, 1, 9, 7, 9, 0, 3, 1, 9, 9, 3, 7, 1, 1, 4, 3, 0, 3, 4, 3, 4, 2, 6, 1, 7, 5, 5, 1, 2, 1, 0, 7, 0, 2, 8, 8, 3, 4] indices=[26517, 36883, 3757, 28578, 10603, 21938, 42414, 5182, 16807, 17532, 7365, 4865, 1717, 7283, 36150, 43486, 15360, 42718, 19142, 23714, 2930, 2451, 21068, 23397, 5010, 44630, 28664, 12132, 2509, 9023, 54905, 51824, 36357, 42968, 23710, 51156, 45266, 29919, 35048, 3900, 50653, 29357, 57558, 2627, 5954, 59808, 18306, 36884, 23356, 46915, 933, 47, 13749, 16061, 24425, 13788, 19899, 59293, 12011, 12822, 15595, 23004, 25855, 29135]
[Train] batch 213 GPA: 0x000000038da01400
[TS] batch213/input: write_done_realtime_ns=1787618478283781785
[GT] batch213 labels=[1, 3, 8, 4, 0, 3, 7, 2, 0, 5, 7, 1, 8, 1, 9, 6, 4, 9, 5, 3, 1, 3, 7, 2, 4, 8, 7, 9, 8, 9, 8, 0, 9, 2, 9, 1, 5, 5, 4, 1, 6, 1, 4, 4, 6, 3, 3, 2, 5, 9, 4, 0, 7, 8, 2, 4, 9, 8, 9, 7, 4, 4, 5, 8] indices=[6775, 51333, 55807, 45751, 37261, 21584, 43163, 56125, 55651, 36087, 12176, 17028, 24981, 54501, 17550, 17783, 45064, 32970, 52019, 59408, 25537, 15097, 32643, 14130, 46004, 36503, 50732, 33793, 3865, 2640, 6495, 55752, 52018, 16925, 22772, 13372, 30544, 17366, 57328, 17260, 58536, 19167, 1604, 13878, 218, 33594, 30642, 5232, 38739, 47040, 53263, 25278, 2102, 14075, 19296, 48581, 24936, 24852, 17723, 9905, 10225, 6761, 44970, 18559]
[Train] batch 214 GPA: 0x000000038da18a00
[TS] batch214/input: write_done_realtime_ns=1787618478297312827
[GT] batch214 labels=[8, 0, 3, 3, 5, 1, 7, 7, 3, 2, 3, 1, 8, 7, 1, 5, 5, 3, 4, 1, 9, 8, 8, 6, 2, 4, 0, 9, 0, 3, 0, 4, 5, 9, 1, 2, 1, 3, 7, 6, 5, 2, 8, 8, 9, 7, 0, 3, 6, 3, 1, 8, 7, 7, 2, 8, 2, 1, 5, 3, 8, 8, 1, 2] indices=[47401, 20483, 14588, 15474, 4413, 46539, 35553, 37971, 731, 6005, 36227, 35257, 17668, 33284, 52119, 19942, 33294, 4094, 34709, 53162, 7061, 49715, 44568, 37421, 44902, 59077, 41376, 35441, 57912, 57373, 54512, 42042, 4327, 3355, 43684, 58831, 32041, 46126, 25160, 31708, 19920, 42366, 33946, 23804, 41875, 24907, 46947, 34548, 35419, 47145, 8332, 56255, 19050, 52337, 49614, 55706, 18804, 5500, 16698, 30489, 15267, 14013, 20340, 23934]
[Train] batch 215 GPA: 0x000000038da01400
[TS] batch215/input: write_done_realtime_ns=1787618478310670921
[GT] batch215 labels=[2, 8, 3, 1, 0, 5, 9, 3, 0, 3, 8, 4, 0, 4, 9, 1, 2, 2, 2, 8, 4, 6, 0, 1, 7, 3, 2, 3, 3, 4, 1, 8, 4, 4, 2, 8, 1, 3, 8, 3, 6, 2, 6, 8, 1, 9, 7, 9, 8, 1, 9, 2, 5, 4, 0, 3, 0, 1, 6, 5, 8, 6, 2, 9] indices=[20268, 42576, 291, 29222, 28016, 52419, 27164, 50565, 1828, 509, 22923, 18846, 23856, 22547, 25432, 50063, 400, 49795, 34976, 25988, 48316, 10335, 43472, 26951, 19773, 15486, 47083, 19976, 23663, 43106, 31908, 29303, 30795, 30287, 5306, 49963, 41150, 23076, 21212, 17146, 36966, 40425, 48994, 10012, 14846, 41422, 13819, 27605, 12616, 28586, 55938, 35301, 46453, 45234, 52313, 48031, 30051, 46127, 9405, 24275, 16773, 45702, 27652, 11090]
[Train] batch 216 GPA: 0x000000038da18a00
[TS] batch216/input: write_done_realtime_ns=1787618478324073553
[GT] batch216 labels=[9, 3, 3, 5, 1, 1, 7, 9, 8, 0, 2, 7, 4, 3, 8, 1, 9, 1, 5, 5, 1, 1, 2, 8, 2, 6, 7, 2, 3, 9, 7, 1, 1, 6, 2, 2, 9, 4, 8, 2, 1, 0, 7, 2, 2, 4, 1, 4, 0, 2, 1, 7, 3, 9, 1, 4, 0, 7, 8, 2, 0, 1, 3, 7] indices=[23170, 58327, 30241, 18476, 2762, 42179, 37500, 5943, 5699, 27328, 40119, 15410, 51622, 49763, 51330, 21398, 10193, 53919, 28477, 26328, 20263, 52097, 54837, 22060, 15094, 40367, 1338, 40614, 17257, 3588, 40357, 34038, 57268, 36294, 47131, 45763, 37586, 17313, 32329, 696, 12158, 20371, 29855, 55183, 51786, 38122, 2970, 21837, 29677, 48019, 17171, 17420, 30740, 57667, 49681, 59772, 13962, 18002, 15247, 57113, 4289, 22705, 6945, 9538]
[Train] batch 217 GPA: 0x000000038da01400
[TS] batch217/input: write_done_realtime_ns=1787618478337518877
[GT] batch217 labels=[7, 1, 9, 3, 7, 3, 1, 7, 7, 2, 7, 1, 9, 3, 5, 6, 6, 1, 4, 4, 9, 7, 8, 9, 6, 8, 4, 9, 1, 7, 5, 5, 8, 8, 9, 4, 0, 0, 8, 6, 2, 6, 9, 1, 7, 6, 1, 1, 2, 2, 0, 1, 1, 8, 8, 9, 6, 1, 7, 2, 6, 2, 6, 0] indices=[53423, 37843, 51267, 29121, 58497, 51756, 24357, 28298, 59306, 16108, 15545, 19968, 16020, 36169, 31886, 13481, 6090, 1787, 9362, 3350, 44357, 29298, 11457, 19, 22017, 42872, 17862, 54993, 47576, 686, 50091, 21914, 46405, 37709, 18728, 38168, 5498, 38157, 29979, 47179, 44490, 52380, 27511, 12671, 30177, 56568, 32365, 38388, 14515, 42891, 25928, 56660, 6165, 39991, 45493, 20683, 50618, 6864, 42204, 13455, 10532, 31933, 5709, 47619]
[Train] batch 218 GPA: 0x000000038da18a00
[TS] batch218/input: write_done_realtime_ns=1787618478350937220
[GT] batch218 labels=[6, 0, 4, 3, 0, 3, 5, 1, 9, 9, 7, 9, 2, 0, 7, 5, 3, 5, 5, 7, 0, 1, 9, 1, 3, 2, 2, 8, 0, 5, 2, 2, 5, 7, 8, 6, 9, 1, 8, 5, 3, 8, 9, 9, 9, 0, 3, 9, 5, 2, 8, 1, 5, 4, 5, 0, 0, 8, 4, 8, 2, 5, 7, 9] indices=[13494, 1377, 9375, 17752, 55907, 18975, 48777, 45955, 4932, 21571, 45592, 56905, 1573, 37844, 30001, 6359, 561, 22382, 55729, 18819, 36849, 31534, 19687, 23115, 30362, 51323, 53013, 24829, 44448, 57136, 38560, 44033, 845, 30579, 25661, 38640, 40145, 6303, 31630, 48705, 59263, 42661, 16753, 19322, 18401, 30384, 4339, 16804, 38817, 43441, 58693, 24619, 53794, 4952, 44481, 26608, 48136, 29365, 55416, 57244, 51760, 9207, 50605, 33375]
[Train] batch 219 GPA: 0x000000038da01400
[TS] batch219/input: write_done_realtime_ns=1787618478364427052
[GT] batch219 labels=[9, 9, 2, 3, 0, 3, 7, 9, 0, 2, 1, 7, 6, 7, 3, 6, 9, 2, 7, 5, 7, 2, 1, 9, 2, 1, 2, 1, 4, 9, 5, 7, 9, 9, 9, 9, 4, 1, 4, 3, 3, 2, 3, 6, 9, 2, 2, 9, 1, 2, 4, 6, 0, 6, 4, 0, 4, 3, 2, 1, 7, 9, 3, 7] indices=[56713, 55477, 9271, 42804, 18586, 53165, 59638, 43037, 13545, 58910, 8083, 52568, 57850, 18289, 37362, 31167, 37772, 35315, 41769, 49568, 35573, 13959, 43458, 10382, 6360, 42740, 12911, 14016, 541, 41583, 41693, 51643, 20925, 9448, 42826, 8585, 39667, 10455, 16982, 50679, 5497, 31454, 48998, 31586, 28260, 32077, 48191, 56690, 47440, 41255, 24761, 1917, 5373, 48941, 15310, 57695, 49692, 50300, 1011, 113, 19704, 772, 13543, 2108]
[Train] batch 220 GPA: 0x000000038da18a00
[TS] batch220/input: write_done_realtime_ns=1787618478377816095
[GT] batch220 labels=[5, 4, 4, 1, 7, 2, 4, 0, 8, 7, 0, 1, 1, 7, 2, 5, 0, 6, 3, 2, 8, 4, 3, 3, 5, 0, 8, 2, 8, 1, 1, 5, 1, 1, 8, 5, 4, 7, 4, 2, 7, 3, 3, 3, 2, 7, 7, 8, 6, 0, 1, 6, 3, 4, 2, 4, 4, 0, 1, 3, 5, 4, 0, 8] indices=[56309, 28028, 52442, 49076, 38920, 12361, 58833, 4962, 27958, 5178, 45908, 14509, 21253, 9327, 5706, 10441, 16484, 2096, 37404, 59896, 54725, 47823, 49321, 21099, 1867, 15516, 9640, 40333, 26115, 21702, 3431, 57987, 10712, 18540, 36820, 30456, 53062, 16079, 19522, 21042, 21823, 17496, 21974, 54296, 35670, 31085, 11595, 44427, 42498, 51960, 18148, 1100, 51616, 8996, 233, 11744, 26652, 14511, 50404, 25164, 30082, 26269, 35348, 35932]
Train Epoch: 1 [14080/60000 (23%)]	Loss: 0.152891
[Train] batch 221 GPA: 0x000000038da01400
[TS] batch221/input: write_done_realtime_ns=1787618478391239708
[GT] batch221 labels=[3, 4, 2, 4, 2, 8, 8, 7, 4, 9, 1, 8, 0, 1, 9, 2, 9, 4, 1, 2, 3, 2, 5, 1, 8, 8, 6, 0, 2, 0, 4, 3, 2, 4, 5, 7, 0, 5, 8, 5, 6, 1, 8, 3, 2, 6, 1, 6, 4, 9, 7, 2, 7, 5, 2, 1, 5, 0, 0, 7, 4, 0, 6, 7] indices=[52394, 41981, 27162, 31660, 17520, 11681, 45647, 22342, 16601, 24756, 18372, 53520, 49124, 58161, 4350, 325, 49549, 33614, 31679, 27223, 25631, 213, 20140, 42332, 36478, 46080, 52212, 39194, 49642, 51290, 28917, 49207, 29071, 41865, 42520, 18107, 46822, 16357, 42504, 26411, 15744, 27933, 23426, 6033, 7673, 42948, 31012, 55897, 48595, 47341, 59462, 1774, 53548, 33700, 46214, 3130, 44480, 30624, 58560, 49212, 55675, 14012, 25204, 59118]
[Train] batch 222 GPA: 0x000000038da18a00
[TS] batch222/input: write_done_realtime_ns=1787618478404775709
[GT] batch222 labels=[2, 2, 8, 3, 6, 2, 6, 3, 9, 5, 4, 5, 8, 0, 1, 1, 3, 8, 8, 1, 4, 1, 5, 7, 1, 0, 3, 6, 3, 2, 8, 8, 0, 3, 4, 0, 1, 6, 7, 0, 4, 1, 0, 1, 1, 8, 4, 6, 0, 2, 1, 6, 5, 7, 0, 5, 7, 2, 3, 3, 1, 2, 1, 3] indices=[11066, 59970, 10250, 32931, 16506, 9757, 13686, 9520, 36550, 6237, 24018, 40014, 33557, 41101, 53206, 21342, 35530, 37125, 17193, 14958, 37767, 2110, 43748, 6358, 57778, 47696, 51561, 50810, 27783, 32280, 28506, 13004, 7506, 4199, 5549, 28671, 18663, 24656, 5352, 50257, 21973, 10345, 16817, 18760, 16944, 58993, 54359, 41800, 45722, 5103, 16265, 31303, 41808, 4743, 33512, 55489, 42, 43597, 7422, 50885, 48848, 22712, 26905, 54772]
[Train] batch 223 GPA: 0x000000038da01400
[TS] batch223/input: write_done_realtime_ns=1787618478418192943
[GT] batch223 labels=[8, 5, 2, 0, 5, 2, 3, 0, 2, 0, 9, 9, 9, 2, 7, 2, 9, 9, 4, 2, 7, 6, 6, 1, 6, 8, 6, 9, 9, 4, 1, 6, 5, 4, 2, 2, 7, 3, 3, 6, 6, 8, 8, 2, 8, 3, 7, 8, 4, 3, 4, 2, 6, 7, 6, 5, 3, 1, 6, 5, 4, 7, 8, 1] indices=[53312, 19077, 58452, 46439, 8421, 8413, 13577, 57003, 38061, 5674, 57187, 16806, 35070, 555, 18066, 39323, 12946, 15239, 48786, 33158, 16717, 47047, 16255, 35496, 10557, 8694, 55018, 864, 24566, 5381, 59994, 36101, 51692, 29692, 42693, 3357, 38088, 19660, 43869, 47191, 52859, 28884, 38146, 51699, 1009, 18626, 34307, 50133, 33523, 41287, 30763, 51721, 39043, 49240, 47789, 31335, 37021, 6537, 33518, 28762, 48840, 38913, 24416, 9895]
[Train] batch 224 GPA: 0x000000038da18a00
[TS] batch224/input: write_done_realtime_ns=1787618478431572126
[GT] batch224 labels=[2, 8, 2, 3, 6, 4, 4, 7, 4, 2, 6, 0, 4, 6, 8, 0, 1, 0, 0, 2, 4, 0, 6, 8, 8, 2, 5, 6, 2, 8, 5, 0, 8, 7, 5, 6, 5, 5, 1, 1, 4, 1, 0, 5, 6, 9, 8, 8, 3, 1, 1, 5, 9, 4, 2, 5, 5, 8, 8, 2, 2, 8, 3, 4] indices=[1766, 32760, 3836, 4694, 48999, 54309, 28500, 28642, 34281, 2976, 7111, 59918, 25760, 45506, 58573, 41683, 2654, 52247, 19240, 7370, 294, 19082, 2494, 56710, 30661, 3274, 40326, 34100, 36147, 24521, 36539, 16618, 13489, 33753, 42631, 17652, 3129, 19852, 34403, 23501, 25616, 55286, 8917, 3685, 27119, 51393, 11288, 14826, 8762, 7524, 6609, 25566, 29973, 25218, 57606, 59997, 34913, 12379, 17564, 49285, 53742, 19371, 35226, 46104]
[Train] batch 225 GPA: 0x000000038da01400
[TS] batch225/input: write_done_realtime_ns=1787618478445010589
[GT] batch225 labels=[6, 7, 8, 9, 1, 2, 7, 1, 3, 3, 0, 4, 2, 4, 7, 9, 8, 0, 9, 9, 1, 6, 4, 3, 4, 1, 4, 8, 5, 8, 5, 6, 2, 7, 6, 5, 2, 3, 9, 8, 2, 9, 9, 6, 8, 1, 2, 6, 6, 1, 7, 0, 8, 0, 9, 4, 8, 1, 3, 5, 2, 8, 2, 0] indices=[32734, 1335, 24657, 26833, 54614, 24449, 21706, 5643, 34630, 36301, 6723, 39491, 32361, 12169, 27406, 36477, 10619, 15288, 41349, 37641, 8595, 28333, 48442, 26270, 47318, 12532, 1812, 29988, 54281, 6924, 50739, 23471, 37588, 16710, 38393, 6290, 29081, 58491, 29091, 23015, 28954, 43596, 20267, 44354, 49422, 24811, 37020, 26394, 12613, 52965, 38004, 55986, 36891, 47072, 43959, 34895, 791, 19102, 22738, 12756, 45943, 36751, 20581, 11754]
[Train] batch 226 GPA: 0x000000038da18a00
[TS] batch226/input: write_done_realtime_ns=1787618478458438732
[GT] batch226 labels=[5, 9, 7, 4, 9, 0, 9, 2, 9, 0, 0, 8, 7, 1, 5, 8, 8, 2, 9, 6, 2, 5, 9, 9, 1, 7, 7, 5, 2, 0, 3, 6, 8, 1, 4, 2, 5, 1, 9, 2, 3, 6, 9, 7, 2, 9, 0, 4, 1, 0, 3, 2, 0, 1, 5, 0, 5, 2, 5, 1, 3, 6, 3, 0] indices=[10192, 45301, 12000, 40081, 12600, 14402, 36459, 3578, 54962, 47473, 49208, 1362, 33912, 58335, 46418, 12936, 54006, 3486, 34504, 56811, 53266, 41509, 902, 3257, 43162, 14448, 36691, 53229, 22386, 27477, 19905, 18716, 11239, 28827, 49940, 33007, 45052, 44886, 12607, 19314, 5458, 1898, 49298, 12813, 19415, 46413, 42374, 5091, 13266, 29148, 37912, 41451, 42649, 102, 56061, 26818, 39409, 55669, 47915, 37081, 22315, 28572, 34190, 50156]
[Train] batch 227 GPA: 0x000000038da01400
[TS] batch227/input: write_done_realtime_ns=1787618478471817736
[GT] batch227 labels=[8, 4, 2, 9, 0, 2, 3, 4, 3, 6, 0, 3, 9, 3, 9, 7, 5, 6, 1, 4, 2, 9, 4, 3, 6, 0, 8, 7, 8, 9, 3, 1, 4, 5, 6, 1, 2, 6, 0, 4, 7, 5, 8, 1, 0, 5, 8, 2, 1, 4, 5, 0, 7, 1, 7, 8, 6, 1, 9, 3, 5, 3, 5, 2] indices=[44484, 40933, 28977, 52805, 8028, 34131, 58747, 7502, 37943, 49036, 28904, 17026, 42815, 10998, 31456, 7340, 26094, 3207, 12436, 29788, 41399, 21957, 45033, 34736, 44382, 41368, 38606, 32497, 48711, 13616, 5542, 54123, 1672, 2363, 27428, 20319, 34078, 12340, 55501, 39058, 141, 51559, 29921, 42371, 24636, 53927, 28341, 1900, 44120, 42507, 24077, 22529, 34704, 12323, 8698, 51008, 38347, 26479, 14281, 54016, 53086, 43064, 48217, 52784]
[Train] batch 228 GPA: 0x000000038da18a00
[TS] batch228/input: write_done_realtime_ns=1787618478485230688
[GT] batch228 labels=[5, 8, 2, 3, 1, 7, 1, 7, 2, 6, 6, 2, 5, 9, 9, 6, 8, 2, 3, 4, 1, 1, 9, 5, 0, 8, 2, 0, 4, 3, 1, 5, 1, 9, 6, 6, 2, 9, 2, 1, 3, 3, 8, 9, 7, 2, 1, 8, 9, 6, 6, 9, 9, 0, 4, 2, 8, 0, 3, 2, 3, 3, 0, 7] indices=[4596, 31182, 18423, 45043, 3675, 54106, 49265, 39540, 6080, 25962, 57089, 46266, 32614, 19729, 12787, 24458, 4151, 34627, 53547, 53025, 42967, 35654, 44008, 30928, 13408, 18478, 6480, 6502, 57082, 34048, 4129, 37114, 42205, 15170, 59509, 56972, 37484, 50832, 27181, 454, 21861, 48281, 1404, 47196, 21400, 39708, 50023, 51394, 58818, 45225, 38114, 9119, 13456, 5612, 36941, 24752, 44241, 16163, 57306, 55952, 43224, 40739, 49596, 3538]
[Train] batch 229 GPA: 0x000000038da01400
[TS] batch229/input: write_done_realtime_ns=1787618478498732390
[GT] batch229 labels=[6, 1, 6, 4, 8, 2, 2, 0, 6, 6, 3, 7, 2, 3, 6, 3, 6, 6, 5, 0, 9, 1, 0, 3, 8, 7, 4, 1, 8, 5, 9, 6, 6, 6, 3, 2, 8, 6, 0, 3, 4, 2, 6, 7, 8, 9, 9, 3, 1, 9, 2, 9, 5, 2, 0, 4, 8, 9, 2, 7, 2, 9, 8, 0] indices=[49779, 31357, 8064, 1308, 14035, 25574, 31956, 21353, 22257, 17686, 45642, 55266, 45885, 52164, 38721, 4917, 12685, 8497, 191, 15242, 28574, 25118, 30275, 9529, 26231, 12908, 59879, 8040, 47201, 13036, 42129, 43424, 54641, 40650, 49821, 13061, 27579, 26874, 59755, 42248, 44761, 171, 59474, 49058, 16301, 40126, 43000, 34525, 9590, 31987, 28453, 34668, 3695, 12424, 53487, 25846, 28003, 51770, 45259, 51996, 31617, 37466, 6952, 53861]
[Train] batch 230 GPA: 0x000000038da18a00
[TS] batch230/input: write_done_realtime_ns=1787618478512075665
[GT] batch230 labels=[9, 2, 0, 5, 9, 0, 2, 6, 0, 9, 1, 3, 6, 0, 5, 3, 1, 7, 8, 5, 2, 3, 7, 1, 4, 6, 2, 3, 7, 6, 1, 4, 2, 4, 0, 0, 9, 8, 0, 3, 3, 4, 5, 9, 2, 6, 0, 0, 4, 7, 7, 3, 3, 7, 0, 2, 4, 5, 2, 8, 2, 2, 7, 1] indices=[50578, 32148, 11514, 26793, 30110, 14557, 18454, 55327, 42862, 53238, 31971, 35631, 40491, 50024, 13466, 32276, 36657, 36156, 26289, 53193, 19737, 16177, 53021, 57203, 3738, 46861, 42814, 3397, 10788, 37340, 40770, 4228, 15573, 46472, 790, 13211, 7757, 21688, 55251, 2675, 5088, 48690, 59368, 5918, 43292, 6581, 45189, 9687, 50694, 30728, 9681, 37209, 47602, 34914, 15508, 42429, 38631, 34509, 1361, 10936, 29000, 12859, 42145, 55495]
Train Epoch: 1 [14720/60000 (25%)]	Loss: 0.140809
[Train] batch 231 GPA: 0x000000038da01400
[TS] batch231/input: write_done_realtime_ns=1787618478525565067
[GT] batch231 labels=[0, 6, 1, 4, 1, 5, 7, 3, 7, 1, 7, 4, 8, 4, 4, 7, 1, 1, 7, 6, 8, 0, 0, 0, 6, 6, 5, 3, 3, 7, 7, 5, 3, 3, 7, 7, 1, 4, 3, 8, 8, 9, 7, 0, 9, 2, 5, 1, 9, 1, 8, 1, 7, 2, 6, 1, 0, 5, 5, 6, 2, 3, 9, 9] indices=[19027, 19276, 2572, 16051, 16608, 36661, 49491, 12877, 28520, 10420, 377, 10494, 46200, 29929, 50609, 35790, 37286, 20027, 9283, 39967, 32617, 39992, 5730, 42867, 15924, 7460, 15070, 27835, 8195, 54035, 33873, 41670, 36295, 32319, 34676, 43496, 24509, 34221, 9482, 44308, 44024, 42192, 23607, 10645, 18653, 51419, 31418, 58767, 14744, 58773, 7682, 4294, 32551, 7772, 21564, 5983, 34989, 24951, 5598, 6159, 59667, 59870, 27325, 7094]
[Train] batch 232 GPA: 0x000000038da18a00
[TS] batch232/input: write_done_realtime_ns=1787618478539144748
[GT] batch232 labels=[0, 9, 1, 8, 4, 1, 9, 1, 7, 5, 2, 9, 9, 1, 0, 4, 1, 5, 2, 7, 8, 9, 8, 6, 8, 4, 3, 9, 8, 4, 4, 1, 8, 1, 8, 0, 3, 1, 8, 3, 0, 9, 8, 0, 7, 0, 1, 0, 7, 3, 3, 3, 9, 5, 2, 6, 3, 7, 7, 2, 7, 7, 9, 6] indices=[19726, 50124, 43539, 25131, 34185, 17599, 23901, 3406, 58701, 42556, 13762, 32451, 53680, 10285, 35959, 29638, 25885, 56669, 31681, 56359, 23522, 25248, 23184, 29424, 50342, 44956, 55334, 1912, 16639, 26480, 10303, 44524, 3093, 2776, 38544, 16136, 58079, 6683, 58787, 42951, 55217, 25493, 4052, 57811, 37900, 3964, 44785, 23401, 6752, 26154, 9192, 9403, 20567, 54446, 48767, 41586, 55343, 57958, 59845, 31635, 25062, 58981, 45694, 5310]
[Train] batch 233 GPA: 0x000000038da01400
[TS] batch233/input: write_done_realtime_ns=1787618478552646250
[GT] batch233 labels=[4, 2, 2, 9, 7, 8, 8, 1, 8, 2, 4, 8, 4, 2, 2, 1, 7, 4, 9, 8, 8, 2, 9, 7, 4, 5, 2, 9, 0, 7, 1, 3, 4, 3, 5, 7, 7, 2, 3, 6, 4, 0, 5, 2, 4, 5, 0, 9, 1, 4, 0, 7, 5, 6, 4, 1, 8, 9, 2, 5, 0, 4, 2, 2] indices=[8278, 43122, 24491, 32396, 29491, 37956, 28887, 43553, 23831, 42240, 59727, 539, 55828, 8593, 39759, 52167, 33405, 22766, 30437, 14385, 21046, 45867, 40978, 27632, 53449, 17400, 18922, 1610, 13238, 23965, 26118, 27316, 37648, 30375, 7279, 27265, 17350, 18865, 30256, 52194, 34429, 6935, 38481, 18394, 23272, 38678, 12691, 54860, 50249, 5613, 58829, 36554, 5303, 22809, 27041, 50130, 19618, 42013, 54834, 58456, 49336, 37294, 9479, 14962]
[Train] batch 234 GPA: 0x000000038da18a00
[TS] batch234/input: write_done_realtime_ns=1787618478566096842
[GT] batch234 labels=[0, 0, 0, 6, 6, 9, 7, 1, 7, 1, 4, 9, 6, 0, 7, 5, 2, 3, 9, 1, 1, 3, 9, 2, 0, 0, 6, 0, 7, 3, 0, 0, 2, 2, 2, 8, 1, 7, 9, 1, 5, 3, 2, 6, 7, 6, 3, 3, 1, 6, 6, 4, 8, 5, 5, 8, 4, 9, 2, 9, 9, 8, 3, 9] indices=[45129, 54982, 47480, 54630, 30392, 33483, 4559, 28569, 42378, 951, 25260, 57782, 20431, 46837, 41236, 36236, 35802, 58707, 22927, 1174, 38499, 19631, 49833, 37760, 19006, 55822, 23317, 15160, 33851, 10125, 37759, 51186, 31258, 3930, 39572, 10482, 11671, 54681, 18984, 42986, 45003, 52327, 30710, 34652, 4034, 48169, 51991, 3542, 17727, 39165, 21239, 29385, 41712, 38325, 53152, 35559, 55976, 44553, 35873, 7108, 58332, 33453, 54060, 44010]
[Train] batch 235 GPA: 0x000000038da01400
[TS] batch235/input: write_done_realtime_ns=1787618478579396967
[GT] batch235 labels=[7, 8, 8, 0, 3, 5, 2, 5, 1, 3, 7, 8, 1, 2, 9, 3, 0, 1, 2, 3, 5, 2, 9, 0, 3, 4, 8, 1, 0, 3, 3, 5, 7, 8, 0, 7, 6, 8, 6, 9, 5, 7, 2, 2, 5, 8, 9, 3, 6, 7, 5, 3, 0, 9, 5, 0, 4, 6, 8, 9, 6, 3, 5, 1] indices=[18894, 41764, 29306, 58510, 3424, 52295, 53455, 19175, 18912, 16427, 56483, 37909, 56965, 55228, 45421, 767, 9965, 59773, 7953, 30692, 35029, 57130, 2595, 9422, 39301, 27351, 16579, 55939, 58575, 39445, 20705, 5414, 2246, 11322, 7691, 32173, 22830, 6390, 57409, 46972, 14591, 59031, 5545, 42491, 53797, 3002, 39377, 39452, 53777, 43840, 37181, 45089, 41338, 15063, 54670, 43624, 51374, 33436, 13803, 13728, 16064, 55509, 10751, 43948]
[Train] batch 236 GPA: 0x000000038da18a00
[TS] batch236/input: write_done_realtime_ns=1787618478592895569
[GT] batch236 labels=[5, 0, 1, 0, 7, 8, 4, 9, 5, 8, 2, 1, 9, 0, 9, 2, 9, 2, 5, 1, 5, 3, 0, 5, 7, 5, 9, 9, 1, 3, 5, 4, 6, 8, 0, 2, 7, 9, 8, 2, 2, 3, 2, 6, 6, 2, 9, 9, 3, 1, 3, 0, 7, 2, 8, 1, 2, 3, 6, 9, 8, 1, 4, 7] indices=[23123, 55679, 21552, 519, 42451, 46231, 10704, 30776, 29649, 34068, 2749, 5785, 52117, 32785, 54743, 46574, 34013, 21798, 10578, 29666, 6781, 23563, 49894, 8938, 8845, 23746, 46929, 22948, 35552, 47367, 16038, 36171, 28281, 36221, 44276, 24347, 42290, 24489, 45117, 58472, 4208, 33694, 14861, 27198, 36798, 1438, 6969, 14547, 24747, 1197, 33709, 36842, 44601, 54840, 52250, 6530, 1660, 38058, 36702, 7620, 37755, 35299, 1580, 58972]
[Train] batch 237 GPA: 0x000000038da01400
[TS] batch237/input: write_done_realtime_ns=1787618478606321343
[GT] batch237 labels=[4, 1, 5, 0, 0, 2, 2, 4, 8, 0, 0, 1, 3, 6, 4, 0, 5, 5, 8, 6, 8, 6, 6, 9, 9, 0, 6, 3, 9, 9, 3, 0, 1, 5, 7, 5, 2, 2, 8, 4, 3, 0, 8, 0, 2, 5, 3, 4, 9, 3, 1, 1, 2, 7, 2, 4, 2, 8, 4, 1, 1, 9, 1, 6] indices=[44356, 15026, 23449, 18650, 19491, 43294, 21450, 56395, 39167, 17923, 26832, 50928, 56165, 25183, 44877, 56949, 17504, 53306, 13103, 36866, 33452, 48114, 22339, 25881, 21361, 32575, 44132, 43773, 54300, 16055, 13773, 19485, 24536, 58190, 23526, 35228, 54448, 59030, 41035, 15420, 56012, 42180, 33801, 1018, 9488, 7114, 1055, 51202, 16006, 7339, 50396, 28557, 41197, 14307, 11552, 4075, 19232, 54747, 24378, 51003, 20177, 46287, 17090, 50242]
[Train] batch 238 GPA: 0x000000038da18a00
[TS] batch238/input: write_done_realtime_ns=1787618478619705516
[GT] batch238 labels=[9, 1, 3, 3, 8, 0, 1, 3, 9, 5, 2, 1, 2, 7, 8, 2, 5, 8, 6, 7, 7, 8, 9, 3, 4, 3, 6, 1, 8, 0, 3, 0, 9, 1, 7, 2, 9, 7, 8, 5, 4, 0, 9, 9, 1, 0, 7, 6, 6, 8, 9, 5, 9, 4, 9, 9, 5, 4, 3, 8, 3, 3, 6, 3] indices=[47897, 6104, 6545, 24145, 26373, 2082, 49440, 18343, 47662, 20306, 33414, 51468, 33672, 140, 42540, 5, 35743, 25455, 41726, 39113, 26417, 32907, 21509, 13706, 41680, 38986, 41452, 25196, 28433, 42703, 33132, 41187, 47703, 3540, 30924, 814, 46958, 50269, 55264, 44930, 39101, 6968, 7013, 4277, 55014, 1359, 3408, 51410, 31491, 36582, 13435, 34148, 27748, 39791, 8547, 59409, 34242, 25602, 2180, 35232, 23156, 34127, 49344, 21496]
[Train] batch 239 GPA: 0x000000038da01400
[TS] batch239/input: write_done_realtime_ns=1787618478633158569
[GT] batch239 labels=[6, 6, 5, 1, 2, 6, 6, 6, 9, 1, 8, 0, 6, 9, 3, 4, 2, 5, 2, 8, 3, 6, 7, 6, 0, 8, 8, 9, 7, 4, 5, 6, 2, 6, 8, 3, 8, 4, 5, 1, 9, 1, 8, 9, 1, 7, 2, 7, 9, 7, 8, 4, 6, 2, 0, 1, 6, 3, 9, 4, 2, 2, 2, 2] indices=[46903, 19462, 4844, 37659, 32521, 26603, 8009, 59924, 45355, 38340, 55733, 35971, 9909, 19140, 9355, 4174, 27122, 32156, 25289, 57447, 16645, 29768, 43493, 2637, 36269, 35103, 27545, 7416, 56266, 49105, 51727, 55616, 29654, 11218, 37605, 42677, 29139, 25292, 49140, 4924, 39172, 59153, 43754, 17311, 31421, 1491, 25139, 35863, 16776, 51236, 34738, 47330, 57360, 22115, 38662, 16876, 4631, 2917, 22678, 41006, 44492, 9682, 24177, 8292]
[Train] batch 240 GPA: 0x000000038da18a00
[TS] batch240/input: write_done_realtime_ns=1787618478646560342
[GT] batch240 labels=[4, 6, 5, 8, 6, 0, 8, 1, 6, 8, 5, 7, 4, 7, 8, 7, 5, 2, 2, 4, 2, 3, 7, 5, 9, 7, 0, 7, 5, 7, 7, 4, 7, 0, 3, 4, 8, 4, 9, 5, 9, 8, 5, 7, 6, 5, 5, 2, 6, 2, 4, 7, 3, 7, 8, 4, 0, 4, 4, 9, 7, 1, 7, 3] indices=[17565, 50870, 24725, 708, 17814, 36431, 13588, 39776, 25959, 37715, 56262, 23127, 16886, 49365, 54935, 52991, 5081, 57416, 17697, 13981, 26434, 3793, 29632, 40654, 56839, 43924, 9675, 7099, 9171, 17316, 37713, 1685, 39729, 31904, 5370, 41028, 49095, 37815, 4244, 22180, 44947, 37417, 35674, 340, 24577, 37852, 34112, 38427, 45846, 14091, 23565, 57718, 1651, 46171, 41873, 49309, 20369, 53134, 2129, 24185, 1057, 13884, 32470, 20023]
Train Epoch: 1 [15360/60000 (26%)]	Loss: 0.440262
[Train] batch 241 GPA: 0x000000038da01400
[TS] batch241/input: write_done_realtime_ns=1787618478660417332
[GT] batch241 labels=[0, 8, 5, 0, 7, 5, 5, 3, 4, 7, 3, 3, 4, 0, 1, 1, 0, 1, 4, 4, 1, 6, 8, 2, 6, 9, 1, 0, 3, 1, 2, 7, 3, 6, 4, 3, 0, 3, 8, 3, 3, 9, 5, 9, 6, 2, 0, 6, 1, 4, 3, 1, 8, 2, 7, 1, 9, 5, 6, 0, 2, 1, 0, 7] indices=[18132, 53730, 28375, 1682, 21704, 27656, 21439, 20099, 24810, 40067, 26878, 45902, 56330, 35663, 10892, 12722, 44333, 3725, 34733, 14788, 50465, 22986, 50925, 12223, 32569, 4627, 34889, 25243, 28759, 15536, 54330, 10394, 22014, 58578, 18011, 32106, 43266, 9602, 37109, 14552, 31579, 45810, 12331, 57759, 9156, 40580, 25366, 31736, 3763, 4197, 27625, 5234, 36927, 9776, 8084, 17706, 53561, 15378, 36274, 11933, 13179, 3729, 31272, 38994]
[Train] batch 242 GPA: 0x000000038da18a00
[TS] batch242/input: write_done_realtime_ns=1787618478674489697
[GT] batch242 labels=[3, 6, 1, 1, 9, 7, 1, 4, 3, 0, 2, 6, 7, 7, 9, 5, 2, 2, 0, 0, 2, 8, 6, 5, 2, 9, 1, 9, 3, 3, 1, 0, 3, 7, 3, 2, 8, 6, 8, 6, 1, 5, 7, 6, 7, 4, 7, 1, 6, 2, 0, 1, 9, 5, 0, 7, 1, 4, 1, 1, 6, 2, 0, 8] indices=[51092, 18128, 12336, 27300, 36249, 26097, 11943, 49000, 9977, 19769, 2283, 14101, 33017, 14505, 24983, 14549, 52548, 50229, 6421, 13464, 46678, 39951, 57158, 40887, 13159, 18610, 52268, 8899, 49896, 26013, 33368, 54354, 8528, 44949, 32944, 57799, 28381, 2262, 9125, 59029, 24115, 31496, 29184, 9808, 51856, 55511, 8020, 54931, 45558, 37568, 59457, 38847, 27391, 34474, 25690, 55237, 32986, 28767, 7119, 34215, 48005, 40076, 2352, 23461]
[Train] batch 243 GPA: 0x000000038da01400
[TS] batch243/input: write_done_realtime_ns=1787618478687870701
[GT] batch243 labels=[6, 5, 7, 8, 9, 9, 3, 3, 5, 4, 7, 4, 7, 6, 6, 2, 9, 0, 0, 1, 1, 8, 9, 1, 7, 5, 1, 9, 8, 7, 6, 6, 9, 5, 9, 2, 2, 9, 1, 3, 6, 7, 3, 5, 7, 7, 3, 2, 5, 1, 6, 6, 8, 9, 9, 7, 7, 2, 7, 2, 5, 2, 2, 6] indices=[36653, 23861, 22239, 36323, 43325, 40753, 3707, 25028, 9330, 40426, 3189, 23904, 57925, 54959, 26511, 46115, 51982, 33390, 58462, 10545, 1716, 51326, 10438, 49832, 29282, 14933, 10500, 59782, 17084, 23283, 27243, 45228, 27993, 4076, 37333, 41294, 45964, 13472, 4069, 25145, 47032, 35754, 52259, 5603, 17807, 2852, 32940, 33250, 41023, 2448, 9765, 27799, 9076, 51194, 37593, 19257, 14197, 3826, 51935, 18631, 4908, 18361, 14932, 52141]
[Train] batch 244 GPA: 0x000000038da18a00
[TS] batch244/input: write_done_realtime_ns=1787618478701364343
[GT] batch244 labels=[0, 2, 7, 1, 6, 3, 4, 4, 1, 2, 2, 0, 1, 9, 0, 1, 8, 2, 4, 1, 4, 9, 2, 4, 8, 1, 7, 1, 6, 7, 5, 2, 2, 7, 3, 7, 7, 8, 0, 9, 6, 5, 2, 2, 9, 2, 2, 8, 1, 5, 4, 0, 3, 1, 5, 0, 9, 0, 1, 6, 9, 0, 4, 2] indices=[5319, 28801, 28775, 41669, 31175, 25685, 21968, 21653, 56089, 15440, 5895, 53256, 16509, 14077, 37822, 39512, 31845, 43124, 49994, 12407, 12036, 47617, 24853, 19952, 54295, 4970, 28180, 46461, 19530, 14802, 49794, 15537, 48748, 40435, 10606, 25130, 4353, 27974, 44159, 56859, 10332, 16490, 122, 16047, 49261, 76, 11581, 46647, 37828, 29100, 57224, 2890, 20737, 58591, 1135, 19857, 15755, 35746, 5483, 39430, 26212, 13769, 50917, 51698]
[Train] batch 245 GPA: 0x000000038da01400
[TS] batch245/input: write_done_realtime_ns=1787618478714762506
[GT] batch245 labels=[7, 8, 9, 8, 4, 9, 9, 7, 4, 4, 9, 8, 9, 2, 7, 8, 3, 7, 1, 6, 5, 4, 0, 0, 4, 1, 9, 0, 8, 7, 2, 1, 7, 5, 0, 4, 8, 4, 3, 0, 4, 5, 1, 7, 4, 6, 7, 1, 9, 3, 6, 7, 1, 2, 8, 2, 4, 2, 8, 0, 0, 8, 1, 6] indices=[46799, 30519, 53847, 58384, 1932, 15018, 48330, 50224, 52211, 12256, 39895, 23639, 33156, 26504, 54863, 5372, 56164, 13333, 26009, 49865, 50406, 29690, 48173, 26103, 36208, 42618, 20964, 43186, 26935, 11687, 16576, 25961, 51282, 41938, 39115, 56376, 40558, 16942, 12828, 25461, 50432, 7382, 20803, 1730, 3125, 16891, 7527, 45961, 24313, 15163, 27624, 23164, 36164, 58063, 1760, 25780, 1380, 8997, 53155, 33578, 4340, 35007, 28331, 24162]
[Train] batch 246 GPA: 0x000000038da18a00
[TS] batch246/input: write_done_realtime_ns=1787618478728271250
[GT] batch246 labels=[3, 8, 3, 9, 8, 0, 3, 0, 2, 0, 9, 6, 2, 2, 7, 2, 9, 0, 9, 6, 6, 8, 0, 3, 2, 9, 3, 6, 6, 3, 3, 3, 6, 0, 3, 8, 3, 4, 4, 0, 7, 2, 1, 0, 7, 8, 8, 2, 9, 6, 7, 1, 7, 9, 9, 6, 3, 7, 9, 0, 1, 0, 8, 8] indices=[15534, 53569, 10214, 50686, 43787, 41252, 36130, 19156, 32481, 45721, 55441, 38394, 39161, 8878, 11130, 51642, 37764, 45544, 45555, 40141, 20704, 25763, 54999, 11321, 31555, 37268, 39267, 31040, 24179, 31311, 42669, 19713, 30878, 16227, 36709, 42112, 30650, 5105, 58650, 28993, 57676, 40816, 7834, 12195, 16986, 32456, 44320, 58644, 54050, 50199, 11919, 28819, 33455, 33762, 30500, 22908, 22996, 45811, 47762, 11403, 37725, 30455, 19662, 47538]
[Train] batch 247 GPA: 0x000000038da01400
[TS] batch247/input: write_done_realtime_ns=1787618478741746282
[GT] batch247 labels=[4, 1, 6, 8, 4, 5, 2, 8, 6, 4, 0, 1, 4, 8, 9, 7, 6, 7, 4, 3, 1, 0, 4, 9, 2, 8, 5, 8, 3, 8, 8, 7, 6, 6, 4, 3, 7, 4, 3, 8, 1, 3, 4, 9, 6, 8, 5, 0, 6, 4, 8, 8, 1, 5, 1, 9, 6, 6, 7, 6, 7, 5, 4, 8] indices=[46305, 12141, 30295, 485, 58211, 14512, 3880, 40364, 51596, 12827, 45349, 33663, 12291, 40808, 19596, 4478, 25270, 56426, 30113, 34788, 29040, 36198, 42304, 33768, 14517, 26611, 40920, 24297, 4490, 58374, 12084, 2903, 44201, 2025, 58902, 32281, 26882, 34275, 27640, 32110, 5756, 55249, 13473, 45841, 57140, 23964, 1516, 11636, 48707, 38716, 58990, 27972, 37182, 51854, 42462, 15072, 32725, 50076, 17329, 7990, 24434, 43303, 37683, 36605]
[Train] batch 248 GPA: 0x000000038da18a00
[TS] batch248/input: write_done_realtime_ns=1787618478755176995
[GT] batch248 labels=[7, 4, 5, 9, 6, 7, 7, 4, 0, 7, 8, 6, 3, 2, 4, 4, 2, 5, 4, 0, 3, 6, 7, 3, 9, 2, 0, 6, 0, 0, 8, 9, 0, 9, 7, 1, 8, 0, 6, 6, 2, 3, 1, 2, 0, 8, 3, 7, 9, 1, 1, 4, 8, 8, 7, 6, 1, 4, 8, 7, 4, 9, 4, 7] indices=[39749, 6990, 40759, 29533, 4188, 4519, 42780, 32053, 21299, 52670, 47634, 735, 2871, 41112, 18092, 380, 16744, 4601, 20219, 42818, 1594, 34963, 59250, 30000, 3818, 48354, 12635, 39205, 20747, 56129, 40787, 9555, 23809, 35127, 57809, 43246, 22760, 41388, 27363, 36903, 32269, 23796, 14631, 37515, 2528, 39378, 7209, 8198, 57786, 37938, 32914, 1934, 37952, 41679, 4326, 57413, 13697, 12465, 38912, 11435, 3547, 58692, 50243, 35731]
[Train] batch 249 GPA: 0x000000038da01400
[TS] batch249/input: write_done_realtime_ns=1787618478768640227
[GT] batch249 labels=[9, 2, 6, 0, 5, 5, 7, 8, 7, 6, 5, 2, 9, 0, 0, 6, 4, 3, 1, 8, 0, 9, 7, 8, 9, 0, 9, 6, 7, 0, 4, 7, 7, 0, 6, 5, 2, 0, 6, 4, 1, 6, 1, 3, 5, 5, 9, 6, 3, 9, 6, 5, 0, 7, 8, 1, 9, 8, 4, 2, 8, 5, 4, 2] indices=[41734, 32825, 1358, 18471, 19679, 14630, 28532, 43268, 55802, 52584, 16112, 22457, 1552, 326, 26623, 34059, 38645, 8065, 19410, 4040, 19189, 50209, 45973, 23376, 20111, 4453, 14306, 12114, 43461, 40284, 20680, 20977, 14605, 58015, 39, 18364, 29819, 9158, 27812, 41686, 43570, 38634, 9045, 50201, 54589, 31929, 2815, 9233, 38485, 319, 39379, 771, 52126, 6777, 35916, 17243, 11991, 20472, 52564, 43575, 50945, 1430, 32997, 21435]
[Train] batch 250 GPA: 0x000000038da18a00
[TS] batch250/input: write_done_realtime_ns=1787618478782024952
[GT] batch250 labels=[0, 8, 7, 2, 0, 8, 0, 1, 5, 2, 3, 5, 1, 4, 9, 8, 4, 9, 7, 1, 2, 9, 5, 7, 5, 4, 6, 3, 7, 6, 2, 6, 5, 4, 6, 4, 4, 5, 6, 8, 8, 2, 1, 9, 2, 8, 7, 7, 8, 4, 2, 5, 7, 9, 0, 4, 0, 3, 9, 5, 9, 3, 1, 2] indices=[45255, 42266, 21222, 31422, 38483, 38945, 13240, 20604, 9578, 3833, 36327, 41314, 46254, 19875, 58637, 50413, 28081, 12368, 13571, 6436, 7792, 5718, 49658, 8828, 32372, 19107, 46524, 18974, 47061, 12170, 33373, 6692, 36690, 33117, 53603, 49676, 54769, 53292, 12220, 27964, 3845, 23770, 28191, 26405, 56403, 57745, 9060, 12165, 49073, 20972, 50753, 8027, 6475, 33147, 50654, 10196, 54844, 20051, 42512, 37521, 43891, 45000, 3456, 46593]
Train Epoch: 1 [16000/60000 (27%)]	Loss: 0.428504
[Train] batch 251 GPA: 0x000000038da01400
[TS] batch251/input: write_done_realtime_ns=1787618478795522963
[GT] batch251 labels=[3, 0, 1, 1, 7, 6, 3, 4, 5, 3, 6, 7, 6, 2, 9, 3, 1, 8, 9, 6, 1, 8, 2, 1, 5, 3, 5, 3, 7, 0, 3, 8, 3, 7, 4, 5, 0, 1, 6, 0, 0, 0, 5, 6, 4, 6, 2, 7, 5, 3, 4, 0, 8, 0, 9, 2, 6, 8, 2, 5, 2, 0, 3, 5] indices=[29670, 33066, 22512, 36947, 42639, 4520, 58113, 55160, 970, 56578, 36581, 29833, 45410, 21522, 589, 24218, 49362, 46897, 56877, 47277, 11395, 33539, 1407, 49482, 2037, 6920, 1356, 2915, 49921, 34519, 56565, 14893, 47287, 9767, 22372, 53296, 2526, 14079, 24581, 40277, 33228, 31392, 46693, 45209, 30868, 5619, 36229, 47385, 32026, 4957, 50109, 31341, 6994, 27663, 6922, 15434, 59758, 31985, 13624, 7323, 28091, 1626, 30986, 9800]
[Train] batch 252 GPA: 0x000000038da18a00
[TS] batch252/input: write_done_realtime_ns=1787618478809197194
[GT] batch252 labels=[2, 4, 8, 5, 1, 2, 8, 6, 8, 8, 8, 6, 1, 6, 4, 4, 6, 4, 0, 4, 2, 4, 2, 9, 0, 7, 6, 0, 0, 7, 7, 6, 9, 0, 7, 8, 7, 9, 0, 1, 2, 2, 3, 4, 7, 2, 0, 4, 9, 7, 6, 8, 3, 0, 6, 1, 8, 5, 6, 4, 8, 8, 7, 5] indices=[32525, 54852, 49493, 32548, 17209, 27186, 39308, 39887, 27613, 20785, 31673, 56519, 51432, 24157, 1008, 44137, 10512, 43832, 43443, 24922, 53105, 20250, 2065, 5501, 24913, 16630, 57138, 30585, 27749, 49257, 49071, 41695, 41665, 26722, 47307, 42384, 55535, 49213, 20123, 48119, 19444, 7801, 33911, 16399, 48308, 16958, 14705, 23270, 4378, 18257, 15565, 34577, 57788, 17134, 45274, 55832, 22320, 59590, 22718, 22553, 23328, 3630, 28014, 6557]
[Train] batch 253 GPA: 0x000000038da01400
[TS] batch253/input: write_done_realtime_ns=1787618478822594227
[GT] batch253 labels=[1, 0, 6, 4, 8, 8, 8, 4, 7, 3, 3, 5, 5, 7, 2, 2, 1, 4, 3, 2, 4, 6, 8, 2, 2, 0, 6, 7, 1, 2, 7, 7, 0, 9, 2, 7, 7, 1, 5, 4, 8, 4, 7, 2, 3, 4, 4, 2, 2, 2, 6, 6, 9, 8, 2, 7, 2, 3, 2, 4, 7, 1, 0, 9] indices=[21715, 39854, 29370, 31984, 30407, 16559, 44980, 35989, 22743, 24326, 54983, 23630, 33734, 25348, 44797, 2332, 35430, 6049, 23490, 55129, 11016, 11062, 54884, 893, 58317, 36734, 41869, 49413, 46335, 46708, 24818, 41224, 11612, 48789, 12766, 11007, 45143, 35942, 50569, 13340, 14008, 34855, 48093, 32845, 1474, 52140, 53649, 14023, 4144, 59597, 4586, 44394, 29465, 23737, 7594, 12408, 5952, 44671, 20862, 20464, 29516, 1696, 41620, 19913]
[Train] batch 254 GPA: 0x000000038da18a00
[TS] batch254/input: write_done_realtime_ns=1787618478835998081
[GT] batch254 labels=[9, 2, 6, 7, 4, 8, 2, 6, 8, 0, 0, 1, 5, 7, 0, 3, 1, 5, 9, 6, 1, 6, 6, 1, 8, 5, 8, 0, 0, 7, 0, 1, 3, 7, 3, 0, 7, 8, 7, 4, 2, 9, 7, 0, 0, 4, 4, 7, 9, 1, 5, 4, 6, 1, 4, 0, 8, 9, 7, 9, 1, 6, 8, 9] indices=[12721, 24215, 29966, 32416, 26582, 23147, 37291, 20764, 51565, 53454, 44844, 29347, 39027, 25128, 45042, 13208, 45730, 28103, 14582, 23148, 47982, 48239, 24944, 53714, 57741, 12891, 56889, 45975, 8653, 25026, 38889, 56870, 14704, 45310, 42907, 23277, 51586, 8029, 34111, 1232, 16895, 17195, 49277, 32274, 14137, 163, 3837, 27005, 22725, 17639, 59411, 2416, 40342, 15888, 17954, 29614, 46969, 43543, 15087, 36348, 38272, 42788, 51266, 40371]
[Train] batch 255 GPA: 0x000000038da01400
[TS] batch255/input: write_done_realtime_ns=1787618478849509113
[GT] batch255 labels=[8, 5, 5, 3, 0, 3, 9, 5, 1, 5, 5, 3, 1, 6, 7, 8, 7, 7, 2, 2, 3, 9, 0, 3, 7, 0, 0, 6, 9, 7, 7, 0, 6, 2, 8, 7, 9, 2, 6, 3, 6, 8, 2, 4, 5, 6, 1, 3, 3, 0, 9, 4, 0, 7, 3, 7, 6, 9, 7, 6, 8, 7, 7, 5] indices=[6916, 31746, 59201, 811, 57916, 48700, 41813, 43780, 39281, 46169, 45101, 32031, 25052, 58652, 23946, 44638, 45901, 31674, 58585, 10567, 5471, 53022, 44958, 15186, 27714, 45035, 20863, 33550, 40372, 50137, 18020, 12839, 15638, 16183, 1853, 50706, 17666, 14125, 9049, 22536, 45856, 58131, 14555, 32232, 56554, 25893, 45816, 23304, 34802, 47470, 24243, 4252, 44720, 1564, 51915, 26894, 45267, 24775, 23309, 57498, 14189, 27623, 59083, 3204]
[Train] batch 256 GPA: 0x000000038da18a00
[TS] batch256/input: write_done_realtime_ns=1787618478862921376
[GT] batch256 labels=[7, 3, 6, 7, 4, 7, 2, 2, 0, 3, 9, 7, 8, 5, 4, 7, 4, 2, 4, 2, 0, 8, 3, 7, 1, 9, 6, 4, 0, 4, 6, 2, 2, 3, 0, 3, 3, 2, 2, 1, 7, 7, 1, 7, 2, 5, 3, 1, 4, 4, 9, 2, 4, 0, 4, 4, 3, 4, 8, 0, 6, 4, 2, 5] indices=[28158, 45878, 36504, 45615, 5038, 54364, 2305, 17663, 53934, 7678, 35054, 43390, 24002, 50602, 16851, 40476, 28655, 41721, 25826, 19854, 33244, 25445, 29313, 17962, 6985, 22296, 55458, 7579, 45058, 23685, 22384, 5823, 2979, 58249, 25823, 1233, 42902, 360, 29726, 7175, 36205, 47800, 1331, 41405, 54519, 3972, 44709, 20194, 1692, 55585, 58804, 55040, 51175, 32130, 18905, 19032, 55028, 51894, 18272, 55408, 58900, 52855, 36813, 15874]
[Train] batch 257 GPA: 0x000000038da01400
[TS] batch257/input: write_done_realtime_ns=1787618478876332890
[GT] batch257 labels=[9, 8, 4, 8, 8, 0, 1, 2, 2, 6, 6, 9, 7, 3, 1, 1, 5, 9, 0, 0, 5, 3, 0, 9, 5, 5, 1, 9, 7, 6, 4, 5, 4, 7, 0, 4, 4, 6, 4, 8, 8, 7, 7, 6, 5, 1, 5, 4, 2, 5, 8, 2, 2, 8, 1, 4, 9, 4, 6, 0, 7, 4, 6, 4] indices=[58372, 11176, 6120, 47183, 33039, 33732, 21978, 37532, 16176, 25977, 31806, 26682, 44409, 19266, 39441, 25042, 2966, 59532, 12140, 20591, 25622, 47620, 9530, 27334, 51362, 10586, 21847, 4065, 30190, 39677, 2424, 3974, 19621, 33109, 19492, 12055, 35534, 7109, 31790, 34533, 21708, 17696, 26734, 24523, 57211, 14327, 23906, 2341, 49735, 2445, 50171, 27753, 22217, 43388, 8806, 19499, 43916, 36976, 20891, 46494, 5264, 29820, 52069, 13426]
[Train] batch 258 GPA: 0x000000038da18a00
[TS] batch258/input: write_done_realtime_ns=1787618479319484667
[GT] batch258 labels=[0, 0, 6, 6, 9, 2, 4, 6, 8, 3, 5, 1, 2, 9, 7, 2, 9, 5, 1, 7, 0, 1, 8, 3, 2, 1, 8, 7, 5, 0, 1, 5, 1, 3, 8, 1, 0, 1, 9, 3, 2, 1, 6, 7, 2, 5, 8, 5, 0, 1, 8, 5, 2, 1, 8, 7, 7, 6, 5, 7, 0, 6, 9, 8] indices=[33214, 56429, 7815, 9010, 55859, 49067, 57538, 28758, 45573, 3523, 21244, 34632, 23957, 56078, 4200, 38068, 28087, 46862, 52136, 6167, 53615, 25124, 58138, 47669, 12156, 1497, 18281, 36925, 47339, 23598, 30305, 48865, 57430, 10144, 29691, 54692, 5615, 21031, 7936, 17100, 33120, 50709, 26159, 55709, 42532, 37558, 57737, 31926, 32531, 32660, 30967, 9084, 45412, 45768, 36610, 13056, 58826, 13011, 36060, 981, 1857, 2020, 17692, 45765]
[Train] batch 259 GPA: 0x000000038da01400
[TS] batch259/input: write_done_realtime_ns=1787618776010203254
[GT] batch259 labels=[9, 5, 3, 5, 6, 7, 8, 1, 3, 1, 0, 4, 6, 1, 3, 7, 5, 9, 3, 9, 8, 3, 4, 8, 2, 0, 0, 3, 4, 8, 3, 5, 3, 2, 7, 4, 0, 2, 7, 0, 9, 8, 1, 9, 9, 0, 0, 6, 6, 5, 1, 3, 2, 6, 6, 5, 7, 8, 5, 1, 0, 6, 9, 2] indices=[34603, 54932, 30386, 13400, 53389, 16871, 3600, 38837, 7766, 35252, 42614, 56150, 3869, 54479, 40281, 40911, 14709, 19387, 1551, 12646, 10079, 13099, 59915, 53864, 52373, 19787, 33482, 22675, 4758, 48655, 23202, 46847, 30040, 9989, 8143, 23583, 12555, 35216, 55448, 48911, 18985, 13669, 48765, 25239, 13672, 2770, 31154, 3623, 44238, 45393, 50120, 3460, 40212, 40785, 2470, 22942, 45215, 17957, 21779, 28681, 13623, 261, 56800, 14392]
[Train] batch 260 GPA: 0x000000038da18a00
[TS] batch260/input: write_done_realtime_ns=1787618956465915632
[GT] batch260 labels=[0, 0, 2, 6, 2, 3, 9, 6, 6, 9, 7, 4, 5, 7, 4, 0, 7, 7, 5, 2, 0, 7, 0, 0, 0, 2, 6, 2, 0, 4, 0, 0, 1, 0, 9, 3, 0, 5, 1, 2, 2, 1, 1, 2, 7, 7, 4, 6, 4, 7, 4, 2, 6, 2, 9, 3, 4, 7, 0, 7, 6, 8, 9, 9] indices=[17236, 6700, 27192, 20367, 46619, 24338, 58562, 13828, 681, 23311, 25797, 19483, 31953, 2090, 3360, 8527, 54037, 7959, 40964, 17973, 36255, 59412, 5285, 10689, 16396, 2450, 57012, 5016, 40286, 59534, 29102, 37497, 41467, 57435, 21422, 31217, 41646, 53466, 5271, 32640, 49034, 18116, 16475, 2105, 13355, 38964, 21339, 43125, 32466, 51766, 10923, 39930, 8974, 55833, 15844, 32827, 30835, 30481, 10700, 36806, 44119, 45968, 15326, 30181]
Train Epoch: 1 [16640/60000 (28%)]	Loss: 0.143576
[Train] batch 261 GPA: 0x000000038da01400
[TS] batch261/input: write_done_realtime_ns=1787618976197369371
[GT] batch261 labels=[1, 1, 1, 0, 9, 6, 8, 2, 1, 4, 2, 7, 8, 5, 1, 9, 7, 9, 8, 5, 1, 9, 2, 8, 2, 4, 7, 1, 4, 0, 1, 4, 3, 8, 5, 0, 7, 5, 3, 4, 6, 6, 5, 5, 1, 7, 4, 1, 1, 2, 7, 0, 8, 5, 1, 4, 3, 9, 0, 2, 1, 0, 7, 5] indices=[14354, 50190, 18226, 3829, 1122, 22190, 23263, 36768, 23396, 38012, 29662, 46349, 37325, 1587, 12056, 15395, 928, 10529, 2833, 12449, 25858, 9817, 10898, 46649, 26800, 24866, 25229, 40147, 12867, 23541, 10318, 43756, 26849, 37240, 50173, 31943, 31219, 35164, 13675, 2715, 32517, 47738, 1162, 1810, 46936, 5626, 52519, 25825, 77, 52400, 48144, 38198, 19358, 5060, 14070, 271, 21228, 5559, 21513, 55193, 36165, 59313, 35277, 48921]
[Train] batch 262 GPA: 0x000000038da18a00
[TS] batch262/input: write_done_realtime_ns=1787618976212250568
[GT] batch262 labels=[3, 7, 6, 5, 5, 5, 3, 9, 6, 9, 7, 4, 4, 3, 2, 5, 8, 6, 0, 2, 0, 1, 8, 2, 7, 1, 4, 5, 4, 3, 7, 9, 7, 1, 6, 8, 8, 4, 6, 5, 4, 9, 3, 4, 7, 4, 1, 2, 9, 4, 7, 6, 0, 3, 8, 7, 2, 8, 2, 2, 0, 0, 9, 0] indices=[32642, 53478, 16739, 6451, 57982, 42321, 11511, 41329, 4430, 9150, 49758, 1446, 53739, 29459, 48899, 50633, 5977, 13970, 14425, 3134, 29262, 39699, 16658, 6348, 11594, 46637, 17076, 48606, 51926, 54020, 21043, 31693, 20765, 20041, 8871, 53970, 34910, 46550, 28467, 2857, 44544, 41097, 28444, 54813, 37353, 59491, 38077, 25632, 8510, 55359, 22921, 26410, 50617, 23897, 8933, 33913, 29188, 12174, 17912, 30107, 21874, 40817, 55889, 55246]
[Train] batch 263 GPA: 0x000000038da01400
[TS] batch263/input: write_done_realtime_ns=1787618976226582452
[GT] batch263 labels=[6, 9, 7, 3, 1, 5, 7, 9, 0, 8, 7, 8, 1, 6, 7, 3, 0, 7, 7, 9, 4, 5, 8, 3, 4, 7, 7, 1, 8, 4, 6, 2, 2, 4, 8, 2, 1, 4, 4, 5, 9, 5, 1, 0, 4, 1, 4, 3, 2, 0, 7, 1, 2, 5, 3, 9, 6, 3, 0, 7, 8, 2, 2, 1] indices=[20187, 22433, 39760, 6057, 34531, 40393, 47253, 55569, 46139, 10358, 19949, 10628, 10118, 54252, 7644, 30915, 27395, 59602, 6824, 33472, 39833, 39526, 58464, 24651, 33925, 25705, 54644, 358, 54665, 7903, 26299, 49555, 58771, 56319, 2972, 14876, 11622, 25333, 41864, 23518, 37976, 34836, 8937, 26501, 40680, 40682, 27955, 35349, 49282, 36937, 819, 13617, 22411, 31694, 2726, 17827, 649, 23157, 50566, 1022, 55790, 10931, 2748, 21829]
[Train] batch 264 GPA: 0x000000038da18a00
[TS] batch264/input: write_done_realtime_ns=1787618976241003184
[GT] batch264 labels=[0, 4, 5, 3, 3, 9, 4, 2, 6, 2, 5, 5, 3, 9, 9, 4, 7, 0, 2, 0, 8, 4, 4, 1, 9, 1, 8, 4, 9, 9, 1, 3, 6, 6, 9, 7, 0, 4, 3, 0, 3, 7, 8, 0, 2, 1, 3, 8, 6, 2, 3, 7, 9, 5, 6, 4, 8, 6, 8, 9, 9, 2, 5, 7] indices=[50256, 4746, 8128, 52539, 59715, 41483, 29241, 31373, 10304, 17246, 30333, 45963, 25708, 16681, 20196, 35752, 25693, 17169, 30317, 47976, 15599, 47410, 27213, 49603, 41840, 8402, 41183, 54899, 59243, 20638, 556, 17460, 10630, 23343, 3645, 26600, 44846, 39303, 27362, 662, 37690, 56924, 45866, 14097, 5241, 3644, 32685, 53997, 40754, 25294, 30949, 16420, 3414, 9344, 8929, 4703, 29387, 51857, 48693, 45708, 46146, 42188, 36405, 38650]
[Train] batch 265 GPA: 0x000000038da01400
[TS] batch265/input: write_done_realtime_ns=1787618976255416727
[GT] batch265 labels=[5, 2, 2, 2, 9, 0, 6, 4, 6, 3, 5, 1, 4, 0, 2, 7, 2, 8, 3, 0, 1, 2, 6, 5, 4, 3, 0, 3, 7, 9, 5, 8, 0, 4, 0, 0, 1, 4, 2, 7, 2, 6, 5, 4, 4, 3, 3, 1, 7, 0, 9, 6, 6, 0, 1, 6, 7, 9, 1, 7, 3, 9, 1, 0] indices=[50420, 35832, 55202, 1952, 24947, 9840, 9090, 49609, 11048, 47821, 57824, 13611, 43452, 4216, 6445, 21666, 8640, 10889, 39290, 56942, 2040, 23026, 9201, 24149, 51328, 59168, 38497, 9561, 29900, 21840, 23249, 29183, 46980, 37799, 1502, 47174, 982, 29742, 4401, 44643, 2855, 4709, 43503, 50049, 45472, 36511, 55194, 49134, 52166, 50968, 5669, 24074, 51191, 39859, 32535, 3950, 56680, 13439, 23756, 38144, 22903, 17342, 31279, 44700]
[Train] batch 266 GPA: 0x000000038da18a00
[TS] batch266/input: write_done_realtime_ns=1787618976269878298
[GT] batch266 labels=[8, 2, 0, 8, 4, 0, 0, 7, 5, 4, 4, 8, 0, 6, 3, 0, 3, 7, 9, 8, 1, 9, 9, 4, 4, 6, 3, 3, 2, 7, 4, 4, 1, 8, 2, 8, 7, 5, 9, 5, 3, 1, 4, 1, 4, 7, 1, 1, 9, 2, 2, 0, 1, 3, 8, 3, 1, 2, 8, 8, 7, 8, 1, 8] indices=[30467, 47223, 3743, 31260, 19634, 25803, 12103, 39060, 24574, 5703, 19033, 39307, 45066, 4660, 17810, 56662, 47655, 9535, 20505, 2987, 4920, 55496, 36418, 24253, 29530, 54518, 13931, 8099, 19432, 31850, 50844, 64, 41596, 30775, 56340, 16552, 59494, 17879, 46000, 42569, 19234, 41777, 20467, 20237, 40671, 43414, 54236, 6356, 21686, 18972, 36266, 4044, 21272, 35557, 33439, 5207, 25666, 46591, 12369, 32742, 58725, 18130, 3, 15458]
[Train] batch 267 GPA: 0x000000038da01400
[TS] batch267/input: write_done_realtime_ns=1787618976284862235
[GT] batch267 labels=[0, 4, 1, 0, 4, 9, 5, 8, 3, 7, 4, 0, 8, 2, 6, 0, 0, 9, 6, 8, 6, 9, 3, 9, 2, 3, 0, 0, 6, 6, 5, 2, 4, 4, 9, 4, 4, 0, 9, 3, 3, 4, 7, 0, 7, 7, 7, 6, 9, 6, 5, 1, 9, 3, 4, 2, 4, 4, 7, 8, 2, 5, 1, 1] indices=[44796, 34744, 12479, 45766, 14793, 17702, 53497, 13976, 22894, 43288, 19076, 47263, 18740, 49074, 52560, 21521, 13874, 1284, 47673, 29745, 46804, 47788, 5728, 50078, 56655, 12506, 8515, 9971, 8683, 10550, 49995, 14835, 36151, 1663, 39293, 59268, 35626, 40115, 24156, 17127, 51701, 10460, 27716, 18892, 48675, 26356, 22519, 18536, 11276, 30518, 45443, 34261, 50537, 13906, 35931, 50812, 6759, 47109, 10461, 53906, 5914, 39999, 40725, 22330]
[Train] batch 268 GPA: 0x000000038da18a00
[TS] batch268/input: write_done_realtime_ns=1787618976299286228
[GT] batch268 labels=[2, 7, 5, 5, 0, 1, 4, 3, 8, 3, 2, 1, 1, 1, 5, 0, 8, 7, 3, 3, 9, 9, 8, 0, 4, 1, 6, 1, 0, 5, 8, 8, 8, 0, 7, 6, 8, 3, 0, 9, 0, 7, 5, 9, 1, 1, 8, 8, 9, 3, 1, 0, 0, 7, 4, 4, 8, 3, 3, 2, 0, 5, 9, 7] indices=[52694, 45456, 22867, 8757, 15777, 25307, 56350, 8605, 54505, 22206, 44612, 20817, 46342, 54872, 41185, 6730, 24586, 17370, 28303, 37765, 59131, 17296, 32995, 20688, 7843, 50094, 20998, 43836, 26210, 12694, 16597, 43226, 18660, 27583, 56604, 1398, 43823, 28392, 48601, 5106, 28540, 9198, 24323, 9372, 23886, 20798, 57238, 50499, 1736, 32581, 58147, 12144, 27318, 28990, 33306, 56484, 2302, 47329, 14792, 50065, 28101, 48237, 47264, 7380]
[Train] batch 269 GPA: 0x000000038da01400
[TS] batch269/input: write_done_realtime_ns=1787618976313848628
[GT] batch269 labels=[3, 4, 4, 6, 1, 1, 7, 7, 1, 4, 5, 2, 3, 8, 6, 1, 7, 3, 7, 6, 7, 0, 2, 7, 3, 4, 8, 5, 9, 7, 0, 0, 1, 1, 1, 8, 9, 1, 5, 8, 4, 2, 8, 4, 8, 6, 1, 3, 1, 2, 6, 4, 5, 5, 3, 5, 1, 4, 5, 3, 9, 6, 8, 3] indices=[25210, 35662, 50587, 51953, 30430, 1452, 30739, 44807, 50993, 7734, 27767, 19154, 4740, 11120, 30343, 58493, 59304, 215, 4175, 35709, 57280, 57700, 14363, 44367, 54694, 41921, 20106, 29457, 42721, 24984, 9820, 53678, 42701, 35642, 41492, 42208, 19269, 33918, 32132, 51588, 11913, 46239, 48503, 7637, 31881, 40641, 3122, 18627, 12929, 11394, 19496, 57051, 33968, 1382, 5919, 19354, 53304, 31728, 4845, 21986, 44895, 34488, 10339, 6966]
[Train] batch 270 GPA: 0x000000038da18a00
[TS] batch270/input: write_done_realtime_ns=1787618976328262431
[GT] batch270 labels=[3, 2, 5, 2, 9, 6, 4, 3, 6, 9, 5, 2, 1, 2, 6, 3, 7, 8, 6, 3, 8, 5, 0, 7, 7, 6, 8, 2, 2, 7, 2, 4, 6, 4, 3, 6, 0, 6, 8, 8, 4, 5, 7, 6, 6, 6, 3, 9, 7, 3, 7, 3, 2, 3, 6, 0, 4, 1, 2, 8, 0, 4, 5, 9] indices=[55999, 20960, 44664, 5481, 47427, 57935, 38997, 12186, 5070, 55243, 45160, 51653, 11326, 39979, 20087, 35156, 4226, 50873, 41666, 30254, 45270, 58790, 34538, 29762, 51205, 39019, 4873, 29401, 42454, 6579, 24513, 57857, 26498, 23878, 34547, 52641, 33485, 286, 44122, 41304, 3436, 27431, 15740, 3046, 32006, 55760, 16811, 29170, 31967, 14803, 8717, 21428, 47024, 3596, 6796, 16498, 22607, 22642, 7473, 58736, 39789, 57382, 6346, 49462]
Train Epoch: 1 [17280/60000 (29%)]	Loss: 0.139802
[Train] batch 271 GPA: 0x000000038da01400
[TS] batch271/input: write_done_realtime_ns=1787618976342570415
[GT] batch271 labels=[6, 0, 2, 2, 1, 2, 8, 6, 6, 7, 3, 9, 7, 9, 2, 9, 8, 3, 8, 1, 8, 3, 0, 6, 7, 6, 3, 7, 6, 8, 5, 5, 9, 7, 6, 3, 8, 6, 6, 8, 4, 1, 2, 5, 6, 4, 1, 9, 7, 4, 8, 3, 8, 1, 4, 8, 2, 9, 0, 8, 2, 0, 5, 3] indices=[26633, 42433, 21670, 38070, 53489, 22198, 5409, 50108, 59591, 56030, 25377, 59443, 31192, 42943, 42513, 17377, 30450, 25094, 31334, 31685, 35145, 57312, 9048, 31342, 6339, 9460, 51274, 57774, 18085, 37857, 31900, 40678, 8518, 48709, 48427, 6719, 43383, 43640, 14526, 17889, 52838, 11982, 52242, 33404, 30799, 5111, 55127, 26764, 56816, 6484, 48475, 9294, 49302, 46236, 25279, 26919, 20993, 54, 26836, 14362, 26817, 38590, 50296, 55881]
[Train] batch 272 GPA: 0x000000038da18a00
[TS] batch272/input: write_done_realtime_ns=1787618976356542511
[GT] batch272 labels=[1, 2, 8, 5, 8, 9, 5, 8, 9, 6, 4, 4, 9, 5, 8, 7, 7, 4, 2, 4, 0, 7, 1, 1, 9, 5, 8, 3, 1, 7, 9, 1, 0, 8, 0, 0, 3, 3, 0, 0, 6, 0, 7, 9, 4, 3, 1, 7, 8, 6, 1, 1, 8, 6, 6, 8, 4, 1, 1, 7, 3, 1, 8, 7] indices=[10852, 20042, 57826, 31078, 503, 20341, 18276, 10426, 12442, 37676, 33509, 43026, 51910, 55434, 55218, 34434, 24041, 17633, 13552, 38385, 21658, 19039, 51540, 35278, 12999, 30323, 24457, 35376, 56367, 50648, 38767, 15555, 16306, 13083, 14258, 27145, 31049, 29415, 20471, 33665, 21241, 39347, 18173, 5137, 38978, 19793, 19652, 24375, 7439, 35575, 12042, 3041, 925, 49847, 52365, 44118, 31598, 24080, 50139, 31992, 20805, 8445, 11704, 14280]
[Train] batch 273 GPA: 0x000000038da01400
[TS] batch273/input: write_done_realtime_ns=1787618976370657317
[GT] batch273 labels=[1, 6, 3, 0, 2, 1, 9, 5, 1, 7, 0, 1, 4, 1, 8, 1, 7, 9, 3, 7, 8, 5, 4, 7, 0, 5, 4, 8, 7, 2, 3, 3, 6, 8, 6, 9, 1, 3, 6, 3, 6, 1, 7, 6, 8, 2, 4, 8, 4, 2, 4, 7, 0, 1, 3, 6, 5, 5, 5, 6, 8, 3, 8, 2] indices=[46499, 43164, 12100, 2101, 16, 5132, 3265, 27002, 34938, 7961, 41027, 48061, 25925, 52058, 44458, 11855, 20061, 49710, 4400, 37146, 15973, 37807, 7009, 34647, 15695, 19994, 28468, 25213, 6616, 548, 13448, 35870, 30139, 15467, 21103, 11926, 23133, 32339, 34522, 36337, 10925, 20810, 52162, 11357, 8313, 57366, 16593, 54612, 25869, 31873, 12058, 27983, 40040, 7993, 1097, 45113, 55965, 11410, 1991, 50622, 21486, 19231, 55940, 9242]
[Train] batch 274 GPA: 0x000000038da18a00
[TS] batch274/input: write_done_realtime_ns=1787618976385170689
[GT] batch274 labels=[9, 1, 4, 3, 9, 6, 7, 3, 9, 2, 6, 2, 0, 5, 8, 7, 0, 2, 8, 9, 6, 2, 9, 3, 5, 8, 1, 5, 4, 6, 9, 9, 2, 9, 9, 1, 6, 8, 9, 9, 0, 1, 0, 2, 4, 2, 8, 9, 6, 1, 5, 0, 7, 2, 2, 0, 7, 3, 7, 7, 1, 9, 3, 9] indices=[15970, 47373, 4099, 55050, 22610, 43752, 18142, 57612, 55468, 16716, 4018, 13925, 6704, 2674, 6746, 11332, 12568, 4005, 53208, 10235, 26796, 48212, 33130, 2834, 51283, 47317, 24625, 18326, 17891, 38474, 35878, 18015, 5751, 30783, 28149, 33826, 32402, 9361, 31573, 23619, 24896, 17005, 440, 109, 26653, 25735, 10733, 37919, 51690, 52234, 49905, 23250, 32282, 25571, 48598, 709, 54734, 10137, 37591, 12373, 21905, 2911, 50141, 2953]
[Train] batch 275 GPA: 0x000000038da01400
[TS] batch275/input: write_done_realtime_ns=1787618976399537732
[GT] batch275 labels=[4, 0, 8, 3, 0, 3, 9, 0, 4, 6, 3, 8, 6, 1, 4, 0, 3, 8, 8, 5, 9, 5, 6, 4, 6, 2, 2, 8, 8, 4, 0, 7, 3, 3, 8, 6, 8, 4, 5, 6, 6, 5, 7, 6, 7, 4, 5, 7, 0, 0, 2, 9, 5, 1, 4, 4, 6, 1, 9, 9, 4, 9, 4, 3] indices=[51923, 56625, 35967, 45687, 8158, 22219, 58914, 47902, 21232, 32370, 18380, 14020, 54591, 16718, 53905, 34708, 12345, 58107, 14441, 21114, 17793, 28178, 20469, 30472, 53406, 6860, 48686, 1219, 59403, 56276, 35717, 58614, 17753, 26866, 55497, 38101, 27278, 8534, 7311, 37217, 14374, 21609, 47180, 48359, 47071, 36540, 34581, 37657, 20351, 7325, 43674, 16635, 43206, 11229, 45173, 21940, 14167, 26202, 26199, 28005, 58101, 32967, 36676, 3318]
[Train] batch 276 GPA: 0x000000038da18a00
[TS] batch276/input: write_done_realtime_ns=1787618976413602209
[GT] batch276 labels=[5, 4, 7, 2, 4, 8, 7, 7, 1, 2, 8, 2, 1, 9, 0, 1, 0, 0, 6, 6, 1, 9, 9, 2, 3, 1, 1, 5, 1, 9, 2, 0, 5, 1, 6, 2, 3, 1, 8, 0, 1, 7, 6, 3, 9, 4, 4, 1, 5, 5, 4, 8, 7, 8, 4, 6, 7, 9, 5, 4, 6, 1, 8, 8] indices=[43397, 32518, 34690, 11700, 46530, 14209, 42939, 11640, 15977, 13495, 9250, 27797, 51724, 17674, 51228, 33556, 33172, 42744, 1567, 58111, 12221, 48484, 48836, 4182, 45995, 37305, 50661, 12736, 4140, 39621, 15902, 21216, 58753, 17305, 36578, 52975, 54849, 23382, 14191, 40218, 19323, 3349, 46844, 5031, 38673, 2069, 18283, 22888, 55506, 41305, 30195, 55293, 33196, 40138, 23933, 52503, 18351, 41497, 6412, 33125, 56552, 21698, 26893, 7048]
[Train] batch 277 GPA: 0x000000038da01400
[TS] batch277/input: write_done_realtime_ns=1787618976427594006
[GT] batch277 labels=[4, 8, 4, 4, 6, 3, 5, 4, 6, 0, 5, 8, 5, 2, 4, 7, 0, 3, 0, 9, 8, 6, 4, 7, 1, 9, 9, 2, 1, 6, 2, 8, 1, 2, 1, 4, 2, 2, 3, 7, 0, 6, 1, 2, 7, 8, 2, 4, 3, 1, 9, 9, 8, 9, 2, 3, 3, 3, 3, 0, 9, 6, 0, 0] indices=[14927, 14338, 6449, 49172, 8100, 22493, 40511, 32213, 802, 42100, 50010, 38423, 6524, 28112, 38041, 23570, 53195, 31544, 29151, 16137, 50393, 55112, 6890, 34331, 14427, 4769, 18861, 18927, 25450, 53221, 27551, 9050, 51377, 20515, 25697, 39976, 8784, 39582, 5770, 56381, 55593, 59877, 20146, 35020, 58009, 55368, 46966, 21326, 13438, 46470, 12833, 49506, 27636, 57072, 47199, 42284, 37166, 57584, 53609, 51917, 487, 44909, 38429, 23579]
[Train] batch 278 GPA: 0x000000038da18a00
[TS] batch278/input: write_done_realtime_ns=1787618976441622573
[GT] batch278 labels=[7, 5, 0, 3, 3, 5, 4, 1, 3, 5, 5, 1, 2, 4, 0, 6, 3, 8, 0, 3, 2, 0, 8, 5, 9, 7, 4, 8, 1, 1, 6, 7, 0, 1, 0, 1, 3, 7, 7, 8, 2, 7, 6, 2, 7, 0, 8, 2, 1, 9, 6, 1, 1, 4, 9, 7, 6, 7, 0, 0, 3, 5, 2, 6] indices=[39579, 58005, 260, 31515, 22496, 28360, 682, 57603, 27838, 41032, 1996, 15632, 5762, 50031, 53380, 24832, 3178, 55519, 2191, 48666, 40847, 9986, 36854, 4037, 44234, 38505, 31774, 50745, 466, 28964, 18772, 33393, 35823, 19441, 44867, 3120, 23829, 34732, 51420, 25186, 1823, 59856, 11769, 36593, 20558, 4389, 7316, 13930, 24958, 39927, 8733, 25504, 2151, 23615, 30406, 43082, 41488, 25897, 31855, 16178, 31587, 58540, 31802, 5632]
[Train] batch 279 GPA: 0x000000038da01400
[TS] batch279/input: write_done_realtime_ns=1787618976455548841
[GT] batch279 labels=[1, 3, 9, 9, 8, 4, 8, 9, 9, 8, 6, 0, 5, 9, 7, 3, 1, 0, 8, 8, 9, 7, 1, 2, 7, 1, 4, 0, 9, 0, 7, 0, 5, 9, 2, 9, 0, 2, 5, 1, 1, 9, 9, 6, 0, 1, 7, 5, 2, 0, 7, 5, 2, 6, 5, 2, 3, 1, 1, 5, 7, 7, 6, 3] indices=[26960, 32933, 37301, 39025, 47163, 14981, 42196, 23480, 15860, 25546, 17998, 10874, 29924, 1811, 43352, 41639, 36457, 18832, 24654, 46739, 35016, 12742, 6877, 41651, 43520, 18863, 11740, 5927, 47894, 21506, 10911, 38440, 56203, 37757, 57104, 58577, 35320, 23058, 54811, 43053, 27245, 56199, 22256, 31000, 42835, 15758, 16962, 26018, 931, 50990, 23051, 8173, 34573, 37121, 25954, 47819, 7080, 1003, 16228, 41752, 40783, 51988, 10108, 47678]
[Train] batch 280 GPA: 0x000000038da18a00
[TS] batch280/input: write_done_realtime_ns=1787618976469634427
[GT] batch280 labels=[0, 9, 8, 8, 6, 9, 7, 3, 6, 6, 7, 8, 9, 0, 1, 0, 3, 5, 8, 8, 6, 1, 0, 4, 3, 5, 9, 9, 6, 7, 9, 3, 0, 7, 4, 7, 3, 6, 4, 7, 5, 1, 7, 9, 9, 3, 5, 0, 8, 1, 5, 5, 0, 1, 1, 2, 6, 6, 6, 7, 2, 4, 2, 0] indices=[16474, 55007, 17700, 44343, 9446, 46315, 34110, 7745, 6551, 5099, 32956, 37783, 14364, 7066, 42182, 44411, 11978, 40291, 2013, 4887, 12401, 49964, 56755, 44232, 22474, 11963, 22223, 17181, 51276, 45397, 46087, 2529, 7925, 27808, 57915, 53183, 46566, 50098, 51902, 39257, 11472, 49600, 36334, 28582, 39016, 32691, 11806, 16758, 4261, 12725, 22704, 54744, 41412, 1665, 11608, 9098, 52908, 7641, 57989, 42062, 22356, 13069, 58611, 46571]
Train Epoch: 1 [17920/60000 (30%)]	Loss: 0.172711
[Train] batch 281 GPA: 0x000000038da01400
[TS] batch281/input: write_done_realtime_ns=1787618976483574075
[GT] batch281 labels=[4, 8, 4, 4, 6, 8, 5, 1, 2, 8, 8, 1, 8, 7, 0, 4, 1, 1, 3, 6, 4, 4, 5, 0, 1, 2, 8, 0, 9, 7, 9, 9, 5, 1, 5, 8, 1, 6, 9, 9, 3, 6, 4, 3, 0, 6, 6, 8, 8, 9, 0, 2, 9, 0, 5, 1, 0, 1, 9, 2, 9, 0, 2, 5] indices=[30215, 11880, 39548, 56496, 41508, 8501, 25002, 43151, 4212, 16284, 31525, 55047, 47298, 55180, 10916, 26544, 10376, 56328, 29013, 3109, 56106, 12472, 51176, 36533, 23059, 22070, 3601, 48670, 58407, 48108, 226, 37681, 9323, 43897, 25457, 11722, 41748, 11875, 19098, 38182, 26222, 22982, 22666, 37035, 45193, 16998, 37542, 17894, 48828, 33738, 29918, 16837, 3982, 42720, 55639, 21899, 48168, 22222, 43825, 39032, 53267, 57288, 19606, 24250]
[Train] batch 282 GPA: 0x000000038da18a00
[TS] batch282/input: write_done_realtime_ns=1787618976499183933
[GT] batch282 labels=[3, 9, 4, 6, 1, 3, 1, 5, 5, 7, 4, 7, 5, 8, 5, 4, 0, 3, 8, 2, 0, 0, 9, 7, 2, 7, 9, 1, 4, 1, 6, 1, 5, 7, 1, 7, 5, 7, 0, 2, 7, 4, 4, 4, 0, 3, 8, 0, 0, 5, 1, 2, 5, 8, 3, 2, 7, 8, 1, 4, 5, 3, 6, 5] indices=[45135, 52638, 10521, 29411, 30303, 22964, 24222, 5947, 40154, 53510, 54009, 57663, 24608, 26804, 33713, 58555, 51301, 32479, 19194, 12808, 24308, 17376, 3742, 44566, 42885, 39580, 6301, 27205, 21119, 52084, 55841, 14056, 47624, 13665, 43003, 3008, 43319, 5000, 36797, 17339, 24291, 50466, 51146, 23017, 40457, 35139, 21785, 50310, 11116, 22073, 57738, 23887, 40489, 39948, 59535, 53639, 25491, 34040, 16720, 29739, 34362, 2468, 42869, 24595]
[Train] batch 283 GPA: 0x000000038da01400
[TS] batch283/input: write_done_realtime_ns=1787618976515615654
[GT] batch283 labels=[1, 5, 2, 0, 8, 0, 4, 0, 9, 4, 9, 8, 0, 7, 4, 5, 4, 9, 3, 8, 0, 2, 3, 6, 6, 7, 8, 5, 9, 7, 4, 8, 2, 3, 8, 4, 3, 0, 6, 8, 4, 0, 0, 3, 7, 6, 7, 8, 8, 4, 3, 9, 1, 6, 1, 7, 7, 9, 8, 3, 8, 9, 3, 0] indices=[6052, 29253, 54574, 27462, 36785, 19480, 44523, 46746, 44780, 53622, 48182, 22703, 32568, 5778, 51966, 37016, 24514, 35941, 752, 38442, 13005, 1724, 25740, 23850, 10418, 39616, 47274, 23341, 5276, 53699, 49647, 20968, 8226, 11002, 20904, 26309, 40901, 40877, 48883, 41882, 24340, 2278, 38043, 10260, 14684, 7564, 7663, 38249, 1534, 48467, 39618, 33291, 30958, 54227, 51195, 42606, 1656, 15253, 14638, 21238, 17196, 17978, 52379, 6615]
[Train] batch 284 GPA: 0x000000038da18a00
[TS] batch284/input: write_done_realtime_ns=1787618976531642498
[GT] batch284 labels=[9, 7, 2, 7, 9, 0, 9, 4, 3, 0, 3, 5, 8, 7, 9, 8, 6, 0, 7, 2, 5, 3, 9, 5, 4, 9, 3, 3, 2, 2, 8, 8, 5, 1, 9, 3, 8, 7, 1, 2, 0, 3, 6, 7, 5, 3, 2, 2, 3, 3, 3, 4, 0, 1, 2, 8, 1, 1, 9, 1, 9, 1, 4, 3] indices=[55763, 45040, 54756, 5650, 14627, 22202, 10166, 7019, 46354, 44030, 30175, 5515, 40698, 54114, 806, 59627, 3654, 55487, 47337, 35606, 48489, 26691, 12884, 51349, 21472, 45337, 43747, 53583, 43047, 12238, 23064, 58296, 23332, 34638, 35503, 45400, 19065, 10147, 59872, 29510, 29414, 45940, 5861, 31983, 815, 45563, 42603, 23701, 19116, 46702, 55743, 36419, 1999, 21196, 41595, 47903, 44277, 12049, 19113, 34980, 595, 43633, 14086, 33331]
[Train] batch 285 GPA: 0x000000038da01400
[TS] batch285/input: write_done_realtime_ns=1787618976547411597
[GT] batch285 labels=[8, 9, 4, 5, 2, 6, 5, 4, 8, 2, 2, 1, 8, 7, 7, 6, 6, 1, 4, 9, 3, 2, 3, 5, 9, 6, 0, 1, 5, 1, 7, 6, 1, 5, 0, 3, 4, 7, 5, 4, 3, 1, 5, 9, 5, 8, 9, 2, 7, 7, 5, 9, 6, 3, 6, 1, 4, 3, 3, 3, 6, 0, 2, 0] indices=[58615, 58243, 48508, 46554, 42883, 55626, 28732, 54729, 11331, 38793, 48292, 10156, 57324, 23535, 45382, 37142, 27504, 16991, 10216, 29905, 46666, 31813, 41317, 7498, 52770, 27674, 58035, 50829, 6853, 46880, 46648, 46788, 30158, 2690, 48438, 4866, 50089, 49385, 27412, 51028, 23581, 27896, 14894, 29547, 33815, 30412, 11388, 48446, 56798, 22018, 49708, 48894, 31232, 43330, 20596, 37201, 47521, 45473, 43301, 53474, 18034, 31079, 26348, 17245]
[Train] batch 286 GPA: 0x000000038da18a00
[TS] batch286/input: write_done_realtime_ns=1787618976563273704
[GT] batch286 labels=[9, 2, 9, 9, 3, 8, 9, 2, 1, 7, 4, 7, 0, 8, 8, 6, 8, 5, 9, 7, 9, 9, 8, 2, 1, 6, 1, 8, 5, 0, 5, 0, 1, 5, 4, 2, 5, 5, 7, 1, 7, 5, 0, 4, 8, 4, 3, 4, 4, 3, 2, 5, 8, 7, 9, 1, 9, 3, 1, 8, 1, 8, 3, 1] indices=[583, 56901, 6306, 4329, 17588, 33152, 39447, 32627, 20474, 11076, 50858, 34395, 34773, 9839, 14690, 6874, 28712, 59134, 8321, 11573, 59111, 7774, 39915, 27432, 51067, 12509, 4502, 55395, 30410, 57241, 32362, 51753, 29840, 46996, 44990, 7353, 33324, 21833, 42211, 42026, 7754, 37089, 46653, 56364, 58543, 9046, 486, 20851, 6095, 12981, 27768, 13248, 17145, 18204, 43693, 16907, 47244, 59529, 32224, 24261, 7495, 34376, 8907, 16325]
[Train] batch 287 GPA: 0x000000038da01400
[TS] batch287/input: write_done_realtime_ns=1787618976579151010
[GT] batch287 labels=[3, 2, 5, 8, 5, 8, 2, 7, 8, 1, 0, 4, 4, 4, 9, 3, 9, 1, 1, 1, 5, 5, 1, 5, 1, 8, 9, 2, 1, 5, 1, 4, 2, 9, 8, 3, 0, 9, 4, 4, 3, 9, 4, 9, 8, 2, 0, 1, 9, 6, 3, 6, 6, 2, 7, 9, 0, 6, 4, 5, 6, 4, 3, 0] indices=[18252, 56583, 25930, 9847, 41951, 37324, 21444, 43796, 44918, 22639, 36783, 40910, 11815, 4730, 47659, 250, 13897, 7411, 25702, 42015, 21275, 48251, 52850, 31415, 52317, 30546, 38248, 10739, 37782, 24921, 13177, 32262, 13198, 32429, 18433, 3923, 40329, 36306, 31872, 59941, 3740, 26525, 27826, 18024, 32390, 58533, 12907, 5351, 35506, 30989, 36855, 12547, 20896, 33785, 49590, 54578, 50057, 13772, 9190, 59867, 56845, 12687, 1994, 57798]
[Train] batch 288 GPA: 0x000000038da18a00
[TS] batch288/input: write_done_realtime_ns=1787618976594811799
[GT] batch288 labels=[9, 2, 7, 6, 3, 1, 3, 9, 4, 4, 0, 0, 9, 6, 0, 4, 9, 7, 0, 1, 7, 0, 6, 7, 1, 1, 8, 7, 4, 2, 8, 6, 5, 6, 1, 3, 3, 6, 4, 5, 9, 3, 7, 9, 4, 4, 5, 4, 7, 2, 6, 1, 9, 9, 7, 8, 1, 1, 2, 4, 1, 1, 0, 7] indices=[20623, 33685, 50227, 52571, 30251, 18013, 59046, 28396, 42300, 20711, 38574, 7378, 37587, 24201, 13467, 31227, 51577, 58109, 6758, 26152, 7017, 13214, 5334, 53911, 27329, 34679, 38085, 2659, 49850, 34799, 418, 14418, 16819, 50004, 32446, 41048, 37280, 50888, 21627, 32815, 41855, 31691, 55374, 39351, 7282, 35771, 42935, 47507, 46928, 59572, 40191, 36317, 21167, 35004, 34909, 14253, 24465, 41739, 5480, 52682, 57057, 16455, 41635, 42593]
[Train] batch 289 GPA: 0x000000038da01400
[TS] batch289/input: write_done_realtime_ns=1787618976609579947
[GT] batch289 labels=[8, 1, 4, 6, 2, 7, 8, 0, 0, 7, 9, 4, 0, 6, 1, 7, 0, 6, 3, 0, 0, 2, 9, 2, 9, 1, 0, 4, 8, 7, 6, 8, 9, 0, 0, 3, 0, 4, 8, 2, 1, 7, 6, 0, 8, 9, 2, 9, 7, 2, 2, 9, 5, 1, 0, 6, 6, 6, 6, 0, 8, 0, 7, 5] indices=[18890, 51483, 41749, 44808, 9939, 36430, 16798, 59557, 52226, 19473, 29655, 945, 46090, 34380, 270, 22467, 44893, 8658, 53108, 54433, 40199, 15618, 55120, 6204, 45388, 30606, 47156, 33317, 18450, 32236, 4724, 26273, 32930, 9691, 51348, 34866, 22159, 27782, 38074, 20488, 28208, 54536, 27101, 26007, 31770, 7812, 308, 54154, 15204, 35250, 24732, 58850, 27954, 48845, 39334, 48262, 43625, 33879, 44732, 58108, 16135, 20049, 12865, 31820]
[Train] batch 290 GPA: 0x000000038da18a00
[TS] batch290/input: write_done_realtime_ns=1787618976623537714
[GT] batch290 labels=[4, 6, 7, 4, 2, 1, 2, 0, 4, 6, 2, 7, 8, 8, 3, 9, 9, 5, 3, 5, 9, 1, 7, 4, 1, 0, 8, 3, 4, 5, 1, 1, 7, 7, 6, 5, 0, 6, 6, 4, 3, 7, 8, 9, 5, 6, 8, 3, 7, 7, 3, 4, 1, 2, 2, 7, 2, 9, 1, 6, 8, 0, 9, 3] indices=[52473, 54018, 50147, 1508, 23231, 18656, 5129, 22832, 40444, 27559, 21255, 52113, 57080, 30185, 37105, 13057, 5868, 14688, 47395, 20390, 29802, 29068, 40186, 3455, 34158, 44449, 31273, 2021, 8600, 4961, 46954, 57599, 43669, 4875, 16653, 15069, 5622, 59141, 25636, 26618, 9620, 7547, 23398, 23950, 59618, 26792, 54950, 49560, 36307, 13963, 37468, 14290, 59545, 52001, 40498, 26049, 57273, 15991, 6702, 21407, 51134, 55065, 18677, 25191]
Train Epoch: 1 [18560/60000 (31%)]	Loss: 0.254921
[Train] batch 291 GPA: 0x000000038da01400
[TS] batch291/input: write_done_realtime_ns=1787618976637501942
[GT] batch291 labels=[1, 8, 8, 0, 6, 8, 7, 9, 7, 9, 4, 3, 2, 8, 8, 1, 9, 6, 6, 4, 9, 5, 9, 5, 2, 7, 3, 6, 5, 0, 9, 9, 4, 7, 8, 4, 6, 9, 4, 8, 5, 5, 8, 2, 4, 1, 0, 9, 4, 9, 7, 8, 3, 1, 5, 2, 3, 1, 3, 6, 3, 0, 8, 6] indices=[36110, 36828, 23591, 42981, 1414, 16416, 55346, 45074, 32460, 59562, 42167, 9004, 43153, 24479, 19591, 174, 18377, 20808, 24638, 52658, 5964, 31190, 34211, 28258, 7223, 24882, 11341, 25316, 27576, 8368, 22334, 18355, 39304, 31527, 36770, 30108, 5774, 44936, 58482, 58942, 34463, 11590, 2598, 38216, 50164, 27242, 38749, 28007, 19112, 17826, 2576, 51104, 46424, 5090, 45470, 48954, 9230, 22659, 14855, 15338, 43448, 30926, 29604, 9244]
[Train] batch 292 GPA: 0x000000038da18a00
[TS] batch292/input: write_done_realtime_ns=1787618976651268562
[GT] batch292 labels=[8, 6, 7, 9, 1, 5, 7, 5, 0, 4, 8, 6, 0, 3, 4, 3, 8, 6, 5, 3, 2, 2, 0, 5, 5, 2, 9, 9, 4, 3, 0, 8, 1, 2, 6, 7, 7, 2, 6, 1, 9, 3, 7, 7, 2, 9, 5, 4, 6, 5, 9, 6, 3, 8, 3, 6, 9, 2, 1, 6, 1, 1, 8, 1] indices=[4652, 46101, 44756, 28460, 55819, 26163, 59162, 58930, 54755, 26673, 18014, 15526, 29926, 44020, 34210, 25861, 15236, 35682, 54092, 6809, 50295, 57649, 13913, 27127, 3118, 20242, 22961, 36587, 52572, 23672, 7130, 27907, 16971, 32751, 8850, 44145, 968, 23114, 18023, 34792, 19806, 2564, 19493, 8362, 46262, 33300, 51679, 31543, 22425, 19825, 45922, 16786, 37745, 14678, 14025, 44742, 24920, 20671, 40826, 51607, 19517, 7806, 37933, 40201]
[Train] batch 293 GPA: 0x000000038da01400
[TS] batch293/input: write_done_realtime_ns=1787618976665324698
[GT] batch293 labels=[4, 4, 3, 1, 0, 7, 9, 7, 0, 3, 3, 0, 1, 9, 7, 7, 0, 4, 2, 1, 6, 0, 2, 2, 7, 4, 4, 5, 2, 9, 0, 4, 5, 3, 2, 7, 1, 8, 7, 3, 4, 6, 9, 1, 7, 2, 0, 5, 9, 7, 9, 2, 8, 7, 5, 6, 0, 7, 4, 9, 6, 6, 7, 4] indices=[44685, 44088, 20397, 27569, 1797, 32208, 45465, 54688, 36537, 7862, 48746, 22378, 28738, 55200, 37987, 31614, 8349, 36932, 8833, 20409, 40828, 15542, 6249, 17272, 36088, 43737, 54791, 35535, 29449, 34544, 18641, 33884, 23531, 33818, 13295, 16271, 31081, 18467, 46283, 2200, 18223, 36665, 35693, 17286, 30462, 21727, 29934, 273, 35523, 50468, 4720, 38715, 52632, 7010, 34505, 13046, 23601, 45967, 10643, 32100, 56830, 28027, 25554, 28614]
[Train] batch 294 GPA: 0x000000038da18a00
[TS] batch294/input: write_done_realtime_ns=1787618976679579002
[GT] batch294 labels=[2, 1, 8, 5, 7, 4, 6, 7, 3, 0, 8, 4, 8, 8, 7, 9, 6, 2, 9, 5, 8, 3, 1, 5, 9, 1, 9, 8, 6, 4, 6, 1, 2, 0, 0, 5, 1, 2, 9, 7, 7, 5, 4, 1, 3, 2, 9, 8, 9, 2, 3, 9, 1, 4, 0, 0, 3, 5, 6, 4, 5, 6, 4, 1] indices=[53941, 38787, 29877, 36366, 22401, 22355, 11927, 46264, 24528, 48421, 19889, 6429, 9057, 36250, 20406, 23314, 21237, 15958, 34822, 53428, 8522, 19205, 35856, 17294, 40854, 22137, 58791, 1542, 34336, 41678, 51711, 15308, 13928, 37452, 24749, 5506, 59728, 41540, 35273, 57099, 7621, 4921, 28800, 26774, 9868, 39663, 55691, 34649, 27873, 18290, 6559, 5063, 1945, 13634, 30127, 15017, 46918, 47940, 43995, 36970, 54975, 3089, 56532, 34667]
[Train] batch 295 GPA: 0x000000038da01400
[TS] batch295/input: write_done_realtime_ns=1787618976693534680
[GT] batch295 labels=[5, 0, 1, 2, 6, 4, 5, 1, 6, 7, 3, 9, 1, 8, 2, 8, 5, 1, 6, 1, 8, 2, 4, 7, 4, 0, 9, 6, 7, 4, 5, 2, 9, 0, 6, 2, 3, 1, 5, 6, 6, 7, 6, 6, 6, 6, 4, 1, 1, 3, 9, 3, 6, 8, 3, 6, 5, 1, 7, 1, 5, 0, 0, 3] indices=[40008, 53535, 15164, 58502, 49827, 2157, 45139, 16591, 56130, 41161, 3174, 6599, 44031, 14913, 57262, 23789, 22581, 49359, 44017, 13112, 34766, 21813, 10809, 59246, 43217, 17293, 14888, 12480, 1082, 31563, 57789, 59826, 49925, 56450, 29950, 23041, 16366, 29902, 7845, 19848, 55951, 28745, 3036, 29813, 50666, 28807, 36191, 35414, 25786, 9778, 30184, 48935, 17416, 27197, 19474, 53581, 8835, 22303, 50066, 41649, 15768, 17987, 35074, 42914]
[Train] batch 296 GPA: 0x000000038da18a00
[TS] batch296/input: write_done_realtime_ns=1787618976707309640
[GT] batch296 labels=[0, 6, 8, 0, 1, 7, 8, 0, 5, 6, 5, 7, 7, 1, 2, 3, 7, 1, 5, 0, 5, 5, 7, 0, 7, 2, 9, 6, 0, 3, 1, 4, 6, 0, 5, 8, 6, 9, 4, 5, 4, 0, 2, 4, 9, 4, 6, 6, 8, 5, 3, 4, 1, 6, 3, 1, 6, 8, 7, 1, 2, 1, 3, 1] indices=[9196, 55012, 9591, 2746, 47985, 25543, 58893, 58458, 22211, 49624, 55204, 20004, 24159, 13260, 9489, 48978, 58631, 55140, 37791, 52793, 53069, 58290, 40061, 49171, 23985, 9186, 39953, 30106, 27326, 30093, 14098, 59300, 35213, 16868, 26437, 32259, 38958, 1949, 48779, 11696, 7124, 2525, 20022, 28311, 28676, 51325, 15084, 53588, 935, 17780, 41491, 257, 43951, 14768, 50214, 34585, 51387, 33162, 14152, 40438, 39408, 28394, 53716, 14561]
[Train] batch 297 GPA: 0x000000038da01400
[TS] batch297/input: write_done_realtime_ns=1787618976723714480
[GT] batch297 labels=[0, 6, 7, 9, 4, 2, 5, 1, 1, 3, 1, 7, 1, 5, 5, 8, 9, 5, 9, 9, 5, 7, 2, 9, 1, 1, 0, 9, 5, 5, 0, 8, 9, 7, 7, 1, 9, 2, 5, 1, 3, 1, 5, 7, 1, 7, 6, 5, 0, 8, 3, 5, 6, 7, 9, 8, 4, 7, 5, 2, 6, 1, 6, 8] indices=[15156, 51788, 6597, 57052, 33031, 26658, 16926, 19139, 24306, 7666, 20988, 55117, 22478, 38896, 26637, 34372, 6234, 51874, 3745, 46885, 10546, 59088, 49475, 5402, 32859, 42974, 52526, 40250, 14370, 407, 489, 34042, 56923, 371, 57643, 4149, 25376, 14264, 55734, 13259, 42056, 33259, 11523, 52405, 26409, 26304, 30873, 13360, 7669, 35018, 29398, 24671, 53463, 55384, 50204, 57561, 51579, 16343, 21739, 40705, 10294, 24567, 44463, 19807]
[Train] batch 298 GPA: 0x000000038da18a00
[TS] batch298/input: write_done_realtime_ns=1787618976737610779
[GT] batch298 labels=[4, 2, 8, 7, 1, 5, 9, 9, 8, 9, 7, 5, 9, 4, 3, 3, 3, 2, 7, 5, 3, 2, 4, 9, 9, 2, 0, 5, 0, 1, 1, 3, 5, 2, 7, 0, 3, 9, 7, 1, 8, 9, 1, 7, 3, 2, 5, 2, 6, 2, 5, 9, 5, 7, 9, 5, 9, 6, 2, 8, 3, 6, 4, 6] indices=[44791, 45028, 55604, 59740, 4064, 55261, 22086, 49984, 12032, 20773, 49923, 43696, 15654, 40135, 36427, 32398, 1470, 35373, 52477, 21289, 22154, 32901, 28304, 6334, 47899, 27888, 39407, 58381, 51623, 39354, 17815, 51798, 35933, 28839, 39459, 54685, 43563, 41306, 53253, 59694, 39092, 23016, 31179, 9774, 54867, 20930, 9899, 7360, 37401, 7601, 9589, 7053, 3326, 14727, 57728, 46060, 2006, 47916, 51171, 2384, 41753, 10135, 2490, 23321]
[Train] batch 299 GPA: 0x000000038da01400
[TS] batch299/input: write_done_realtime_ns=1787618976751451007
[GT] batch299 labels=[9, 6, 1, 3, 1, 3, 3, 5, 2, 5, 2, 9, 9, 6, 8, 4, 0, 1, 0, 4, 4, 7, 7, 3, 9, 2, 7, 0, 8, 8, 4, 1, 6, 8, 5, 9, 1, 6, 9, 3, 8, 7, 7, 5, 9, 2, 0, 8, 9, 3, 3, 4, 5, 5, 4, 3, 6, 6, 5, 0, 7, 3, 7, 3] indices=[43034, 5810, 57740, 23337, 12133, 30760, 15379, 10370, 50449, 2304, 38040, 15112, 39480, 14492, 3086, 56818, 5272, 55236, 57659, 28914, 16995, 55079, 10522, 20780, 38905, 59675, 42876, 22306, 24954, 17512, 53873, 45941, 15641, 32147, 43221, 29502, 17505, 2138, 51253, 44192, 29393, 26755, 1417, 51258, 50239, 19336, 19104, 14413, 34592, 14352, 16091, 12224, 19775, 58085, 21792, 6317, 46811, 46043, 48659, 30496, 28852, 41994, 1376, 2146]
[Train] batch 300 GPA: 0x000000038da18a00
[TS] batch300/input: write_done_realtime_ns=1787618976765404405
[GT] batch300 labels=[5, 7, 6, 7, 1, 7, 5, 7, 3, 7, 2, 7, 1, 8, 7, 6, 7, 9, 9, 0, 6, 9, 1, 5, 1, 5, 9, 6, 6, 1, 3, 7, 5, 2, 8, 3, 0, 0, 0, 0, 9, 0, 6, 6, 2, 1, 8, 8, 2, 4, 1, 4, 6, 2, 8, 2, 9, 5, 4, 1, 2, 1, 6, 7] indices=[13663, 24477, 10289, 44538, 53058, 40386, 59600, 41762, 54615, 5251, 23525, 51502, 18256, 21161, 908, 22940, 44588, 56238, 50386, 16423, 14604, 36389, 13733, 7963, 43444, 25603, 19494, 44355, 45090, 27831, 29045, 13244, 58375, 23080, 3512, 58200, 702, 872, 13853, 2935, 23876, 14148, 46994, 33910, 35974, 14879, 4381, 34151, 20550, 24287, 18075, 847, 59744, 48070, 23048, 52408, 50304, 25623, 5002, 28334, 33938, 42424, 59811, 44500]
Train Epoch: 1 [19200/60000 (32%)]	Loss: 0.175995
[Train] batch 301 GPA: 0x000000038da01400
[TS] batch301/input: write_done_realtime_ns=1787618976779336563
[GT] batch301 labels=[1, 2, 3, 9, 4, 1, 9, 0, 1, 7, 2, 5, 8, 3, 1, 1, 8, 7, 4, 2, 7, 9, 3, 3, 3, 2, 6, 3, 2, 8, 0, 6, 4, 7, 3, 7, 3, 8, 9, 1, 9, 1, 2, 6, 0, 8, 7, 5, 1, 5, 4, 3, 9, 0, 5, 2, 6, 7, 1, 6, 4, 6, 1, 0] indices=[29320, 476, 23116, 49565, 30169, 53273, 13269, 18424, 28232, 21236, 21750, 34821, 50707, 15656, 10915, 52531, 57602, 28073, 28464, 22249, 7852, 25233, 2883, 1756, 43599, 43394, 36561, 55688, 30014, 45842, 28740, 4232, 7725, 48201, 36023, 47978, 24176, 4083, 1875, 10541, 43094, 4958, 24096, 13621, 49199, 19475, 48135, 24773, 42326, 43882, 36675, 12022, 9469, 29887, 47889, 43371, 3325, 44927, 30649, 56746, 20455, 23465, 53040, 39631]
[Train] batch 302 GPA: 0x000000038da18a00
[TS] batch302/input: write_done_realtime_ns=1787618976793232311
[GT] batch302 labels=[0, 9, 5, 1, 7, 2, 1, 7, 1, 8, 1, 4, 8, 8, 1, 8, 4, 6, 5, 2, 6, 6, 1, 5, 3, 1, 3, 2, 1, 1, 1, 5, 3, 8, 7, 3, 7, 1, 8, 3, 6, 5, 7, 6, 3, 8, 1, 3, 6, 6, 1, 9, 3, 7, 2, 4, 5, 5, 1, 1, 6, 7, 1, 7] indices=[33254, 31934, 12381, 39505, 19978, 16123, 54079, 54957, 32332, 4521, 4972, 29754, 33038, 47080, 26910, 47076, 39239, 26160, 46195, 38826, 53057, 58354, 34566, 53114, 33583, 37289, 35944, 28795, 44422, 41884, 50979, 17583, 49318, 41801, 51346, 43476, 9494, 59036, 2135, 2107, 28698, 11470, 56510, 49626, 16296, 34863, 46780, 11665, 737, 11849, 19482, 8468, 47095, 51000, 39153, 44068, 1490, 21927, 30299, 26924, 50059, 47417, 42655, 44322]
[Train] batch 303 GPA: 0x000000038da01400
[TS] batch303/input: write_done_realtime_ns=1787618976806905362
[GT] batch303 labels=[1, 0, 2, 1, 8, 0, 8, 9, 4, 5, 8, 7, 7, 6, 3, 8, 6, 7, 4, 7, 1, 5, 8, 7, 6, 3, 7, 9, 4, 4, 7, 6, 5, 0, 6, 2, 8, 8, 0, 2, 0, 9, 9, 7, 6, 0, 7, 7, 7, 8, 4, 3, 3, 1, 6, 0, 0, 4, 0, 5, 6, 2, 2, 3] indices=[44089, 51828, 22232, 20036, 40488, 2782, 13258, 38204, 894, 2143, 3688, 20417, 611, 13860, 41543, 39793, 37707, 57178, 44086, 55422, 34852, 36800, 20938, 15643, 54133, 14686, 59254, 7251, 16985, 30164, 55466, 7991, 37137, 37744, 18848, 21636, 28766, 56151, 20085, 15660, 24872, 25900, 57050, 16999, 35861, 50018, 33062, 50325, 28211, 46791, 39963, 7497, 13576, 43849, 45013, 47335, 57730, 59543, 13397, 13659, 1918, 36805, 54169, 12246]
[Train] batch 304 GPA: 0x000000038da18a00
[TS] batch304/input: write_done_realtime_ns=1787618976822489371
[GT] batch304 labels=[9, 1, 5, 0, 1, 4, 4, 4, 4, 9, 2, 5, 7, 7, 3, 4, 8, 7, 8, 4, 5, 6, 8, 8, 8, 6, 7, 3, 2, 4, 7, 2, 9, 8, 8, 9, 8, 5, 7, 1, 5, 7, 4, 8, 7, 7, 3, 3, 5, 0, 8, 1, 6, 5, 3, 8, 9, 1, 3, 7, 0, 9, 7, 9] indices=[49492, 59625, 40713, 56522, 45403, 48785, 43119, 47211, 34808, 52127, 28293, 42322, 45392, 8214, 37855, 5033, 39778, 6221, 9852, 55598, 52706, 34121, 14304, 16282, 3711, 47584, 58751, 7698, 45130, 50616, 31699, 18851, 18529, 8340, 22773, 30845, 13424, 45256, 13534, 40190, 15415, 30313, 39248, 48062, 43841, 42265, 58336, 12546, 54233, 50769, 23428, 43984, 37050, 21440, 39871, 13079, 20345, 45803, 14635, 7092, 13916, 25905, 5953, 39598]
[Train] batch 305 GPA: 0x000000038da01400
[TS] batch305/input: write_done_realtime_ns=1787618976836346800
[GT] batch305 labels=[9, 0, 1, 0, 7, 8, 0, 4, 4, 3, 1, 4, 3, 5, 0, 5, 8, 5, 7, 7, 3, 1, 4, 6, 4, 9, 3, 4, 7, 2, 3, 3, 6, 8, 6, 9, 6, 6, 8, 5, 6, 8, 9, 4, 2, 9, 6, 2, 1, 1, 9, 5, 8, 8, 6, 2, 6, 4, 3, 6, 3, 1, 4, 2] indices=[29935, 46871, 21202, 13641, 34673, 7810, 40039, 38668, 38601, 30213, 33750, 55328, 581, 36812, 19872, 7354, 37299, 44667, 46160, 57119, 9766, 39444, 45100, 24184, 54634, 42426, 4295, 37273, 20386, 57574, 57781, 58268, 52265, 32796, 2504, 5901, 16896, 23244, 58302, 49203, 6257, 25360, 48795, 47566, 18231, 3912, 1269, 28336, 51493, 40693, 42551, 4119, 19350, 45913, 56153, 28566, 43605, 1537, 4511, 32922, 5941, 39986, 58895, 5659]
[Train] batch 306 GPA: 0x000000038da18a00
[TS] batch306/input: write_done_realtime_ns=1787618976850164509
[GT] batch306 labels=[0, 6, 8, 7, 5, 6, 2, 4, 2, 7, 7, 9, 7, 9, 1, 1, 3, 4, 9, 0, 9, 7, 9, 6, 6, 4, 1, 4, 3, 0, 7, 5, 7, 4, 9, 7, 0, 6, 3, 0, 8, 6, 4, 0, 4, 5, 1, 2, 6, 3, 2, 3, 6, 8, 1, 9, 3, 6, 9, 3, 9, 3, 1, 7] indices=[15064, 5586, 56296, 25125, 7670, 45107, 56819, 55073, 54025, 16162, 32291, 13289, 33093, 27932, 3478, 57453, 8475, 23286, 32908, 6292, 40499, 52443, 27174, 28975, 38371, 59975, 29407, 1220, 22293, 3213, 34880, 40189, 53813, 20368, 34280, 22759, 2435, 45157, 4154, 59421, 29798, 2947, 39867, 24696, 39723, 22734, 40033, 51131, 33209, 26678, 19084, 56871, 41517, 31760, 53394, 36666, 53262, 54851, 18668, 54526, 39795, 37250, 49087, 56382]
[Train] batch 307 GPA: 0x000000038da01400
[TS] batch307/input: write_done_realtime_ns=1787618976864066207
[GT] batch307 labels=[4, 1, 5, 7, 0, 4, 9, 7, 9, 5, 2, 1, 0, 1, 4, 7, 1, 1, 1, 4, 1, 1, 3, 6, 9, 2, 8, 9, 7, 0, 0, 9, 7, 4, 1, 9, 8, 4, 4, 7, 3, 9, 4, 3, 0, 0, 3, 7, 0, 5, 6, 9, 4, 9, 3, 1, 5, 5, 0, 5, 1, 8, 1, 0] indices=[3753, 40327, 10185, 15570, 55045, 20950, 18976, 49849, 26314, 54774, 51738, 16392, 57201, 37014, 42676, 3423, 11579, 22671, 8161, 10104, 290, 52450, 39359, 54820, 44154, 37274, 52070, 19814, 41362, 59051, 30751, 22195, 45102, 58300, 46385, 14317, 55695, 21590, 50433, 36763, 22723, 36261, 5863, 2350, 11304, 20533, 35876, 44570, 8531, 13603, 35750, 10142, 43601, 20734, 59777, 55635, 9138, 25066, 39039, 9652, 43016, 12173, 14414, 33670]
[Train] batch 308 GPA: 0x000000038da18a00
[TS] batch308/input: write_done_realtime_ns=1787618976877840637
[GT] batch308 labels=[4, 3, 0, 4, 8, 9, 2, 2, 9, 8, 8, 1, 6, 8, 0, 3, 2, 3, 7, 4, 0, 7, 3, 4, 9, 4, 1, 9, 6, 9, 1, 8, 7, 6, 3, 4, 2, 8, 2, 8, 6, 7, 4, 0, 5, 8, 4, 8, 5, 5, 9, 6, 8, 3, 9, 0, 3, 2, 6, 6, 5, 6, 6, 2] indices=[23837, 1241, 17095, 46230, 20328, 33443, 34664, 24118, 17297, 32166, 24147, 17429, 35055, 48106, 16803, 39285, 46319, 41573, 5022, 8261, 38177, 8375, 44504, 56059, 53020, 25990, 26175, 46238, 51031, 56102, 4884, 55118, 29582, 56405, 22029, 25605, 33863, 50410, 46343, 46959, 41500, 30018, 25086, 6422, 13185, 6503, 8037, 22532, 38719, 9073, 41502, 18525, 38638, 14527, 36044, 26980, 18119, 40598, 50761, 20948, 18431, 25462, 22221, 34444]
[Train] batch 309 GPA: 0x000000038da01400
[TS] batch309/input: write_done_realtime_ns=1787618976891540507
[GT] batch309 labels=[3, 4, 0, 3, 8, 4, 6, 5, 3, 9, 0, 3, 9, 8, 9, 2, 1, 4, 9, 2, 3, 7, 6, 0, 1, 2, 8, 1, 0, 8, 8, 3, 6, 6, 2, 2, 4, 6, 7, 5, 7, 3, 1, 9, 9, 4, 8, 0, 9, 1, 8, 8, 2, 4, 1, 9, 3, 6, 1, 9, 5, 5, 2, 2] indices=[13161, 28442, 41877, 2786, 49578, 22630, 32754, 31782, 789, 4260, 40414, 32656, 56896, 51488, 27863, 17434, 34053, 9566, 50798, 30356, 51321, 35539, 5274, 53432, 42071, 49929, 45692, 36682, 25754, 7359, 38151, 34387, 58549, 53526, 25912, 8025, 32524, 54662, 28082, 21865, 10251, 34170, 5204, 18241, 53853, 9337, 40083, 28746, 55072, 23404, 24110, 36986, 8229, 5150, 49878, 57295, 27755, 24158, 4109, 13088, 6180, 18379, 55629, 58783]
[Train] batch 310 GPA: 0x000000038da18a00
[TS] batch310/input: write_done_realtime_ns=1787618976905320966
[GT] batch310 labels=[0, 7, 9, 5, 0, 8, 5, 0, 8, 9, 6, 7, 5, 7, 2, 4, 5, 7, 1, 9, 3, 1, 2, 0, 2, 5, 1, 3, 8, 0, 7, 2, 4, 2, 6, 5, 6, 2, 0, 6, 7, 3, 5, 1, 1, 2, 5, 9, 8, 6, 0, 3, 3, 9, 9, 7, 5, 9, 4, 0, 9, 5, 8, 4] indices=[30207, 22823, 44985, 53802, 41837, 31569, 54151, 46952, 47304, 33862, 29015, 53601, 19719, 46016, 42001, 52876, 56732, 25863, 46113, 374, 14880, 56714, 15802, 57686, 16024, 13811, 7788, 37959, 225, 5886, 29605, 13735, 29584, 47290, 51408, 24660, 12552, 49090, 39207, 58869, 22134, 5434, 6426, 8760, 38081, 57446, 53829, 55849, 58199, 41975, 57595, 2230, 41229, 6542, 15972, 59068, 25675, 31700, 42032, 37619, 45944, 2968, 27269, 36131]
Train Epoch: 1 [19840/60000 (33%)]	Loss: 0.160926
[Train] batch 311 GPA: 0x000000038da01400
[TS] batch311/input: write_done_realtime_ns=1787618976919030227
[GT] batch311 labels=[6, 4, 6, 0, 5, 8, 1, 0, 9, 6, 1, 7, 8, 3, 0, 1, 6, 9, 5, 7, 3, 0, 8, 3, 2, 1, 2, 3, 1, 2, 5, 4, 5, 0, 4, 1, 7, 1, 8, 9, 9, 6, 9, 3, 7, 5, 6, 4, 6, 3, 3, 5, 2, 9, 1, 0, 2, 3, 9, 3, 8, 7, 8, 7] indices=[8797, 5813, 48778, 19646, 53812, 45194, 33937, 19801, 28538, 16976, 2255, 54995, 36983, 4369, 50629, 18649, 25795, 7922, 39803, 35842, 46068, 32723, 52157, 18584, 25487, 21071, 33743, 40035, 46433, 27721, 14714, 57835, 18418, 39944, 5118, 56000, 9086, 35596, 25986, 34398, 44618, 2656, 3663, 9851, 9143, 44736, 39340, 9931, 42225, 5493, 48392, 43451, 46867, 17936, 13701, 46661, 27252, 10762, 31532, 49091, 35193, 24565, 23052, 44039]
[Train] batch 312 GPA: 0x000000038da18a00
[TS] batch312/input: write_done_realtime_ns=1787618976933514819
[GT] batch312 labels=[2, 0, 3, 6, 4, 2, 8, 1, 4, 0, 5, 7, 7, 7, 0, 2, 1, 2, 4, 8, 2, 5, 4, 8, 8, 8, 1, 0, 8, 7, 2, 9, 3, 6, 9, 3, 2, 3, 0, 6, 3, 0, 4, 0, 7, 7, 5, 7, 1, 0, 3, 1, 2, 5, 7, 4, 9, 1, 2, 8, 5, 2, 3, 4] indices=[56998, 1423, 1809, 53336, 16127, 39210, 11734, 22173, 30506, 31865, 35466, 33681, 54096, 57429, 43088, 32146, 16562, 15093, 12912, 20889, 27791, 2639, 37447, 25477, 39091, 33424, 36239, 23032, 48331, 44297, 6126, 14010, 998, 27449, 56271, 22989, 47801, 2087, 8096, 52156, 22708, 52114, 32761, 33157, 42629, 34278, 35609, 4964, 35587, 36628, 13478, 44511, 22188, 15720, 24670, 53564, 12531, 201, 40622, 21589, 37031, 20028, 20355, 4593]
[Train] batch 313 GPA: 0x000000038da01400
[TS] batch313/input: write_done_realtime_ns=1787618976947373568
[GT] batch313 labels=[1, 0, 9, 7, 3, 6, 6, 3, 2, 2, 7, 4, 0, 6, 1, 0, 8, 3, 1, 5, 0, 5, 3, 6, 1, 5, 5, 3, 4, 7, 5, 6, 4, 8, 1, 2, 8, 9, 4, 3, 2, 4, 6, 9, 9, 0, 3, 5, 0, 4, 0, 9, 7, 6, 4, 9, 0, 0, 7, 7, 8, 2, 0, 7] indices=[18493, 10625, 1522, 1848, 31548, 34520, 16583, 46246, 36462, 17763, 19054, 10695, 56781, 1091, 6575, 47000, 51467, 50688, 21575, 20359, 26292, 48939, 14065, 35564, 46360, 8419, 31687, 9879, 11460, 47727, 24614, 41874, 58551, 7642, 28318, 23642, 44997, 39501, 34948, 6007, 33090, 20809, 22084, 14680, 59890, 35720, 20985, 47873, 24893, 1411, 42444, 46814, 45180, 9526, 34593, 1274, 54474, 57221, 41024, 45548, 50639, 31327, 33723, 52124]
[Train] batch 314 GPA: 0x000000038da18a00
[TS] batch314/input: write_done_realtime_ns=1787618976961227965
[GT] batch314 labels=[3, 2, 2, 6, 4, 0, 7, 9, 8, 9, 2, 9, 0, 4, 5, 0, 0, 3, 7, 5, 8, 3, 6, 7, 1, 1, 3, 5, 1, 1, 8, 9, 1, 5, 3, 4, 1, 3, 9, 8, 9, 0, 3, 5, 1, 3, 9, 9, 6, 6, 2, 4, 4, 5, 9, 9, 6, 9, 5, 7, 6, 6, 9, 3] indices=[6016, 6055, 16058, 30474, 53452, 9406, 46076, 18021, 26953, 10410, 48417, 52236, 17462, 36228, 56663, 49389, 54392, 13831, 59703, 38792, 20116, 29642, 38299, 36719, 46696, 36271, 6754, 26538, 16636, 30966, 54645, 2460, 6926, 35747, 57194, 21431, 47041, 14863, 55792, 48138, 20495, 18159, 54524, 1062, 31762, 28359, 56487, 49591, 24611, 58259, 14340, 48685, 22403, 11569, 14151, 49880, 13595, 23976, 12940, 22350, 28756, 54211, 52355, 30400]
[Train] batch 315 GPA: 0x000000038da01400
[TS] batch315/input: write_done_realtime_ns=1787618976975043974
[GT] batch315 labels=[9, 3, 1, 7, 9, 0, 0, 3, 6, 3, 9, 1, 7, 6, 3, 0, 3, 2, 4, 8, 1, 0, 7, 2, 5, 0, 3, 0, 7, 7, 2, 1, 8, 5, 6, 9, 7, 7, 8, 0, 2, 5, 7, 3, 4, 3, 0, 2, 9, 6, 9, 8, 2, 6, 4, 5, 0, 3, 8, 5, 0, 3, 1, 7] indices=[5595, 16435, 19091, 58571, 41983, 3241, 18794, 15477, 38571, 16793, 3510, 34412, 41692, 49043, 36471, 21497, 9413, 45346, 21186, 29381, 4534, 37510, 50126, 40345, 30961, 55410, 10238, 21735, 24544, 20067, 16449, 310, 5534, 32671, 16957, 50110, 31835, 56722, 46658, 39600, 22491, 26787, 57097, 30897, 11471, 48485, 40228, 14847, 3970, 15043, 42550, 46258, 51214, 31981, 17749, 18157, 45384, 8200, 48571, 43805, 14897, 17820, 9378, 32687]
[Train] batch 316 GPA: 0x000000038da18a00
[TS] batch316/input: write_done_realtime_ns=1787618976988736505
[GT] batch316 labels=[3, 2, 2, 7, 5, 5, 7, 9, 7, 2, 6, 7, 7, 6, 9, 8, 6, 1, 5, 2, 3, 2, 3, 0, 9, 8, 4, 2, 6, 1, 1, 6, 8, 2, 9, 9, 0, 1, 8, 2, 1, 2, 9, 7, 2, 1, 6, 7, 6, 7, 6, 1, 1, 5, 4, 1, 9, 7, 7, 3, 4, 9, 3, 5] indices=[58149, 32989, 37481, 58816, 23925, 20994, 19663, 14928, 28273, 4187, 20839, 56482, 22399, 8546, 9127, 35428, 5832, 37154, 53000, 41916, 58931, 54277, 57402, 22816, 34865, 15430, 16818, 41204, 58714, 18360, 17477, 2880, 53462, 33047, 53010, 30277, 22224, 45471, 54198, 33644, 51975, 12931, 20750, 52321, 20850, 44994, 2519, 4897, 59632, 29963, 10101, 39857, 17986, 13533, 23307, 11043, 51145, 4907, 58202, 45164, 46059, 55633, 40578, 36989]
[Train] batch 317 GPA: 0x000000038da01400
[TS] batch317/input: write_done_realtime_ns=1787618977002425126
[GT] batch317 labels=[1, 1, 9, 8, 1, 5, 3, 2, 1, 3, 4, 1, 3, 7, 7, 9, 4, 8, 9, 0, 7, 8, 8, 2, 6, 2, 4, 9, 6, 4, 4, 1, 7, 3, 7, 1, 2, 0, 8, 5, 2, 6, 4, 2, 1, 2, 5, 0, 1, 0, 2, 6, 1, 9, 5, 5, 0, 1, 5, 3, 2, 4, 9, 1] indices=[36095, 55768, 7069, 22389, 5516, 58970, 31595, 8834, 2375, 38859, 48496, 1131, 19230, 263, 44062, 19126, 25791, 31308, 40341, 50828, 44059, 46, 45918, 38359, 22600, 35850, 37528, 43185, 11347, 32286, 30052, 41446, 52899, 22304, 26886, 45996, 17840, 26903, 40131, 39103, 34848, 58370, 23608, 51959, 32353, 20831, 9093, 13164, 27684, 24225, 11032, 4364, 41195, 16250, 32646, 15144, 48607, 177, 22720, 16372, 8202, 10212, 35464, 52248]
[Train] batch 318 GPA: 0x000000038da18a00
[TS] batch318/input: write_done_realtime_ns=1787618977016262284
[GT] batch318 labels=[3, 7, 1, 1, 4, 4, 9, 2, 3, 3, 7, 1, 4, 2, 7, 8, 9, 5, 3, 0, 2, 6, 2, 0, 2, 2, 6, 5, 3, 9, 7, 6, 2, 7, 2, 8, 9, 6, 3, 0, 7, 9, 8, 6, 0, 2, 8, 0, 7, 7, 3, 3, 6, 3, 2, 6, 5, 9, 9, 1, 5, 5, 1, 9] indices=[23759, 19226, 17669, 29615, 51403, 2290, 3987, 30905, 43997, 31703, 23684, 5520, 746, 51212, 34501, 57335, 727, 40736, 43475, 19744, 50335, 8862, 55899, 53536, 28731, 9979, 18292, 6513, 6739, 6668, 9740, 21860, 9258, 58214, 15799, 3493, 40634, 8191, 4235, 21996, 58310, 26527, 1384, 26470, 29283, 4442, 8482, 49151, 42134, 19164, 51759, 12148, 43866, 32790, 56104, 3421, 2713, 42884, 3302, 5963, 48680, 42390, 34141, 42640]
[Train] batch 319 GPA: 0x000000038da01400
[TS] batch319/input: write_done_realtime_ns=1787618977030009754
[GT] batch319 labels=[3, 6, 5, 3, 8, 7, 4, 1, 2, 2, 3, 6, 6, 2, 4, 1, 6, 6, 5, 2, 8, 1, 2, 2, 2, 8, 0, 2, 1, 6, 8, 2, 0, 2, 4, 2, 4, 0, 3, 2, 9, 1, 4, 4, 6, 7, 5, 7, 6, 4, 7, 8, 3, 3, 0, 1, 6, 9, 7, 0, 4, 1, 0, 2] indices=[45217, 39883, 35799, 86, 21825, 42928, 47293, 55714, 14838, 42799, 16755, 22737, 56796, 17482, 1744, 1123, 32731, 32977, 8307, 38221, 43944, 13657, 14711, 39470, 20375, 38596, 14110, 7005, 4105, 45376, 38063, 15295, 32268, 43878, 18420, 38438, 56743, 51774, 43759, 54058, 33907, 53518, 38518, 17931, 48945, 51583, 35915, 38243, 15188, 42895, 3210, 33579, 48300, 48551, 21954, 55594, 58724, 15312, 29482, 55681, 43929, 24366, 55402, 38770]
[Train] batch 320 GPA: 0x000000038da18a00
[TS] batch320/input: write_done_realtime_ns=1787618977044974701
[GT] batch320 labels=[4, 2, 1, 1, 8, 9, 2, 1, 0, 2, 2, 0, 1, 7, 0, 9, 4, 4, 5, 9, 3, 6, 0, 0, 4, 8, 4, 4, 2, 7, 2, 9, 7, 1, 5, 8, 3, 2, 2, 3, 2, 1, 1, 0, 0, 1, 7, 0, 0, 2, 8, 9, 5, 8, 7, 4, 0, 1, 4, 7, 6, 6, 2, 6] indices=[20053, 3208, 39555, 17854, 14499, 14934, 13287, 26250, 50354, 17137, 36397, 47797, 32482, 50100, 3016, 10445, 57370, 57706, 21204, 14818, 49729, 17401, 17064, 21612, 50339, 57237, 52852, 5960, 56919, 8142, 47787, 32767, 34298, 18451, 56979, 23350, 6427, 47999, 56079, 38037, 37734, 52075, 50646, 11231, 48627, 56689, 12835, 42081, 52621, 12875, 33179, 54076, 18254, 4767, 54731, 55004, 57977, 48127, 42653, 47453, 58136, 30930, 43345, 21712]
Train Epoch: 1 [20480/60000 (34%)]	Loss: 0.153322
[Train] batch 321 GPA: 0x000000038da01400
[TS] batch321/input: write_done_realtime_ns=1787618977058997848
[GT] batch321 labels=[0, 3, 1, 2, 2, 2, 7, 4, 4, 4, 2, 9, 6, 8, 8, 7, 1, 3, 6, 0, 4, 6, 0, 0, 3, 3, 8, 5, 6, 6, 6, 5, 3, 2, 1, 5, 1, 1, 1, 7, 7, 6, 9, 2, 2, 7, 6, 2, 1, 6, 7, 8, 3, 9, 3, 2, 3, 3, 7, 1, 1, 2, 0, 0] indices=[32834, 34268, 44627, 26638, 6743, 56739, 8429, 32469, 12418, 1764, 32595, 53386, 17623, 39135, 1616, 2064, 36995, 16764, 25908, 18461, 55736, 16726, 42170, 34656, 49142, 27132, 348, 24402, 27404, 19681, 4404, 12082, 56043, 59053, 4351, 56202, 26205, 29227, 46240, 18873, 49531, 12699, 41178, 48946, 7259, 57376, 41316, 2769, 19440, 23346, 13644, 40998, 50212, 52009, 25915, 29612, 53091, 1588, 478, 53904, 17465, 28284, 5921, 19774]
[Train] batch 322 GPA: 0x000000038da18a00
[TS] batch322/input: write_done_realtime_ns=1787618977072853507
[GT] batch322 labels=[4, 1, 1, 8, 6, 1, 7, 9, 6, 9, 8, 6, 1, 9, 8, 2, 1, 3, 7, 4, 5, 1, 0, 0, 2, 6, 3, 4, 1, 8, 5, 8, 0, 4, 1, 9, 4, 5, 7, 8, 9, 3, 9, 5, 0, 1, 6, 9, 6, 7, 7, 0, 9, 0, 8, 5, 4, 2, 4, 9, 6, 3, 2, 2] indices=[53254, 37101, 20332, 13189, 31339, 24136, 13810, 48940, 49296, 25821, 22039, 32305, 21220, 6191, 34469, 45169, 124, 21717, 42363, 17215, 5158, 39846, 55840, 52228, 38800, 11678, 6071, 10888, 55299, 19705, 54053, 27147, 19798, 21994, 47868, 21987, 10252, 40422, 49891, 3196, 41433, 50950, 35807, 12631, 41927, 49308, 13147, 49904, 25306, 29382, 15754, 25626, 58096, 47626, 9079, 51524, 23199, 28154, 56648, 43870, 27653, 45612, 20739, 42068]
[Train] batch 323 GPA: 0x000000038da01400
[TS] batch323/input: write_done_realtime_ns=1787618977086558227
[GT] batch323 labels=[2, 4, 6, 5, 0, 0, 5, 7, 8, 1, 7, 1, 3, 5, 2, 6, 8, 5, 4, 6, 5, 5, 2, 1, 6, 8, 5, 3, 4, 2, 8, 1, 4, 5, 1, 4, 0, 9, 3, 9, 0, 6, 5, 8, 7, 0, 3, 5, 1, 8, 3, 1, 0, 2, 3, 3, 6, 0, 3, 0, 7, 3, 7, 8] indices=[15279, 31484, 49970, 30351, 40565, 22629, 12650, 38758, 3225, 4441, 39261, 35116, 21261, 39473, 15614, 30968, 34804, 31151, 30327, 45542, 31545, 4617, 33707, 21292, 40139, 53028, 30626, 10074, 33679, 59913, 23930, 2374, 23326, 38907, 54023, 8344, 52288, 23732, 35805, 5130, 11409, 13939, 15012, 20771, 34576, 22143, 42423, 7249, 19388, 59123, 15815, 52758, 12504, 20867, 43817, 34967, 37292, 36975, 33896, 47616, 37994, 43252, 898, 8764]
[Train] batch 324 GPA: 0x000000038da18a00
[TS] batch324/input: write_done_realtime_ns=1787618977100250757
[GT] batch324 labels=[1, 8, 2, 4, 1, 7, 9, 6, 1, 5, 1, 3, 4, 5, 0, 7, 0, 8, 5, 5, 8, 1, 5, 8, 0, 8, 4, 9, 1, 2, 9, 3, 8, 4, 2, 0, 1, 5, 3, 7, 5, 2, 5, 6, 5, 7, 5, 0, 5, 7, 5, 5, 1, 1, 7, 6, 2, 9, 9, 7, 3, 9, 7, 8] indices=[7651, 44624, 22357, 57712, 18568, 51885, 33683, 16273, 37839, 4665, 2645, 1145, 987, 59291, 1, 19057, 51789, 8366, 43084, 46366, 48688, 9173, 47983, 41203, 667, 5997, 6127, 39571, 34777, 22200, 33581, 55488, 33997, 59401, 22486, 20846, 13875, 23496, 26171, 33798, 54000, 58314, 4573, 36905, 19001, 8949, 50786, 31234, 34159, 27203, 8900, 2758, 7410, 51010, 48762, 44011, 42323, 36606, 5672, 50305, 19962, 8036, 42368, 10881]
[Train] batch 325 GPA: 0x000000038da01400
[TS] batch325/input: write_done_realtime_ns=1787618977113872358
[GT] batch325 labels=[8, 7, 3, 3, 9, 1, 3, 1, 3, 2, 0, 7, 8, 6, 4, 0, 0, 6, 7, 0, 8, 3, 7, 9, 2, 4, 6, 9, 2, 6, 9, 5, 3, 7, 3, 8, 4, 2, 7, 3, 6, 0, 7, 1, 5, 2, 5, 7, 8, 2, 0, 8, 4, 8, 4, 7, 8, 8, 4, 5, 5, 4, 0, 5] indices=[45520, 1618, 36048, 31562, 32771, 41474, 59461, 23012, 35922, 41489, 34523, 23711, 24007, 2828, 45915, 6326, 56715, 2573, 20002, 28165, 15861, 32444, 46202, 4983, 2550, 2589, 3097, 33806, 27188, 24304, 26795, 16446, 20278, 6481, 17333, 29831, 39414, 21668, 56828, 40307, 11411, 24676, 50742, 17058, 9763, 41207, 26727, 7534, 52933, 3112, 52320, 23288, 20118, 48734, 31994, 22711, 14975, 39191, 25670, 12046, 24374, 9709, 40042, 5164]
[Train] batch 326 GPA: 0x000000038da18a00
[TS] batch326/input: write_done_realtime_ns=1787618977127615738
[GT] batch326 labels=[3, 7, 4, 0, 2, 4, 4, 0, 0, 9, 9, 0, 4, 6, 2, 5, 8, 0, 6, 6, 2, 9, 8, 0, 9, 9, 2, 1, 2, 4, 2, 7, 7, 4, 0, 8, 3, 4, 1, 7, 1, 3, 4, 3, 3, 1, 4, 3, 7, 1, 5, 2, 6, 5, 9, 6, 2, 7, 8, 8, 6, 5, 1, 9] indices=[8544, 46055, 31029, 44451, 26941, 38286, 9632, 49224, 18137, 41562, 49562, 40320, 49480, 40596, 14163, 6636, 14754, 3622, 32058, 41545, 35167, 42231, 19131, 2729, 18118, 1286, 45414, 47621, 41382, 54415, 54326, 9676, 21322, 35418, 23586, 16141, 17148, 9172, 30335, 56909, 28038, 25721, 33889, 36542, 43198, 55036, 19294, 35317, 15086, 59984, 21039, 24331, 7230, 3025, 46032, 26516, 42019, 5975, 343, 58888, 7503, 24202, 3889, 38917]
[Train] batch 327 GPA: 0x000000038da01400
[TS] batch327/input: write_done_realtime_ns=1787618977142388877
[GT] batch327 labels=[9, 0, 6, 8, 8, 9, 6, 5, 3, 1, 8, 9, 6, 9, 6, 0, 0, 1, 2, 7, 4, 1, 5, 2, 6, 9, 2, 4, 6, 6, 5, 2, 4, 8, 4, 5, 0, 2, 3, 2, 9, 8, 3, 4, 7, 1, 6, 6, 7, 7, 0, 4, 4, 1, 5, 4, 8, 8, 0, 1, 8, 1, 4, 6] indices=[1622, 50197, 38187, 55557, 3094, 37029, 35219, 12572, 33845, 49042, 12043, 6820, 59981, 27234, 56718, 52161, 48488, 16714, 51782, 13691, 9391, 45297, 6786, 16237, 57438, 22110, 27503, 38363, 35601, 3364, 37740, 10574, 23528, 1457, 14528, 55865, 25383, 54325, 58278, 54090, 32594, 9948, 45312, 3194, 34314, 12207, 37523, 36285, 37212, 288, 57073, 44052, 59862, 42028, 7833, 30298, 29126, 51414, 22432, 48513, 38956, 59339, 51979, 27757]
[Train] batch 328 GPA: 0x000000038da18a00
[TS] batch328/input: write_done_realtime_ns=1787618977156818409
[GT] batch328 labels=[0, 3, 1, 5, 0, 7, 9, 1, 0, 6, 1, 7, 8, 1, 0, 7, 2, 3, 5, 8, 4, 6, 7, 4, 8, 0, 9, 3, 6, 4, 6, 3, 8, 7, 4, 1, 3, 0, 2, 9, 2, 0, 7, 1, 2, 5, 9, 2, 7, 3, 7, 9, 1, 4, 4, 6, 3, 2, 3, 4, 3, 2, 4, 1] indices=[53959, 57247, 59102, 53053, 48218, 50382, 36500, 48040, 58285, 49252, 21964, 31910, 47322, 50797, 9435, 38076, 10127, 10953, 23733, 47188, 45238, 33006, 19817, 4107, 28352, 34084, 32201, 37540, 11723, 44124, 13696, 53475, 23948, 31826, 8457, 22727, 40996, 10283, 37187, 20075, 22884, 59154, 3515, 59428, 2472, 47586, 20130, 17432, 48575, 18569, 30432, 14843, 44745, 11113, 44233, 25499, 13417, 15712, 27917, 32014, 21154, 25136, 32458, 8989]
[Train] batch 329 GPA: 0x000000038da01400
[TS] batch329/input: write_done_realtime_ns=1787618977170730197
[GT] batch329 labels=[6, 7, 2, 4, 7, 3, 4, 2, 7, 2, 3, 7, 6, 7, 7, 8, 6, 9, 7, 6, 1, 6, 0, 9, 3, 8, 4, 0, 5, 8, 9, 5, 2, 7, 4, 9, 1, 9, 0, 3, 6, 3, 3, 6, 4, 0, 6, 7, 3, 9, 0, 1, 1, 9, 6, 1, 3, 5, 9, 8, 8, 7, 0, 3] indices=[11158, 2292, 8152, 17944, 45428, 47441, 47308, 34928, 23902, 45096, 35122, 10940, 15797, 21063, 18410, 38331, 1906, 29738, 18757, 5267, 40897, 37254, 32550, 3371, 41494, 11374, 4205, 53085, 40253, 49088, 40890, 6980, 48178, 52486, 49256, 6368, 33596, 16727, 12259, 44546, 52518, 41902, 44477, 37895, 26246, 36107, 38444, 2969, 53554, 10772, 45939, 22533, 48229, 19163, 57198, 28793, 57468, 4194, 58413, 31468, 25072, 37168, 3562, 43208]
[Train] batch 330 GPA: 0x000000038da18a00
[TS] batch330/input: write_done_realtime_ns=1787618977184734335
[GT] batch330 labels=[4, 4, 6, 0, 1, 6, 0, 9, 5, 0, 5, 3, 7, 4, 1, 9, 1, 7, 2, 7, 4, 1, 8, 0, 9, 9, 1, 4, 4, 3, 4, 2, 0, 9, 0, 8, 8, 8, 0, 4, 4, 6, 3, 6, 1, 6, 4, 7, 1, 1, 2, 4, 1, 6, 1, 4, 9, 2, 4, 6, 2, 6, 7, 4] indices=[51929, 44279, 810, 39346, 44065, 35210, 1076, 53247, 27593, 210, 30216, 35622, 54167, 1827, 39362, 29580, 31537, 14104, 35758, 44111, 47744, 11275, 17178, 7786, 26042, 14726, 1915, 26297, 53495, 53345, 24019, 48621, 17581, 35524, 39175, 2679, 9008, 1776, 19554, 55564, 51221, 54733, 24989, 52263, 4319, 30252, 21776, 42897, 10006, 21942, 50716, 36502, 6122, 36237, 16525, 53673, 39549, 22026, 37239, 48199, 3582, 10356, 28791, 21992]
Train Epoch: 1 [21120/60000 (35%)]	Loss: 0.071631
[Train] batch 331 GPA: 0x000000038da01400
[TS] batch331/input: write_done_realtime_ns=1787618977198486614
[GT] batch331 labels=[4, 8, 8, 9, 4, 6, 8, 8, 4, 4, 3, 4, 8, 7, 8, 6, 9, 9, 3, 1, 5, 6, 1, 1, 7, 5, 9, 6, 0, 9, 0, 0, 7, 7, 2, 6, 0, 5, 7, 8, 2, 6, 8, 8, 1, 5, 1, 3, 4, 9, 7, 2, 4, 7, 3, 4, 8, 5, 2, 6, 0, 2, 1, 6] indices=[20074, 21384, 58748, 16801, 30134, 44483, 18762, 54701, 18145, 33833, 23731, 46460, 54564, 1412, 53079, 73, 27128, 26361, 15443, 34493, 32954, 7759, 17664, 6411, 54759, 49992, 13429, 37831, 6207, 41177, 44872, 8472, 9908, 59435, 35685, 40554, 51057, 34727, 37775, 25975, 8043, 24237, 55968, 21694, 19273, 43820, 23543, 20610, 36314, 22041, 46515, 47711, 36867, 22871, 51173, 36075, 14679, 32506, 14458, 22649, 41643, 43133, 50498, 30796]
[Train] batch 332 GPA: 0x000000038da18a00
[TS] batch332/input: write_done_realtime_ns=1787618977212191004
[GT] batch332 labels=[1, 8, 2, 9, 0, 8, 7, 3, 3, 6, 5, 4, 5, 1, 5, 0, 0, 6, 2, 3, 0, 6, 6, 9, 0, 8, 7, 7, 8, 1, 5, 7, 4, 4, 7, 5, 7, 9, 8, 5, 3, 8, 2, 9, 0, 6, 4, 9, 5, 4, 8, 7, 4, 5, 1, 6, 9, 6, 1, 8, 0, 9, 6, 2] indices=[41894, 57696, 17927, 41480, 57685, 8378, 55425, 48817, 12265, 2570, 23455, 38567, 5456, 20459, 28434, 48210, 34867, 23569, 35827, 32203, 38161, 54771, 43320, 16622, 19709, 59049, 25392, 43179, 48737, 33243, 46610, 5089, 31501, 44831, 50095, 52527, 23726, 26558, 40626, 40738, 14026, 46396, 42633, 20086, 45669, 18331, 30875, 44537, 41435, 59312, 49303, 13561, 49271, 27742, 59156, 17229, 11123, 57456, 15157, 34707, 39119, 36360, 1781, 45488]
[Train] batch 333 GPA: 0x000000038da01400
[TS] batch333/input: write_done_realtime_ns=1787618977225920545
[GT] batch333 labels=[3, 9, 8, 1, 1, 7, 3, 2, 7, 2, 9, 7, 0, 9, 3, 3, 2, 8, 1, 9, 9, 0, 5, 1, 6, 6, 4, 7, 4, 6, 8, 8, 4, 7, 8, 6, 1, 9, 0, 1, 1, 1, 7, 2, 0, 2, 8, 2, 0, 4, 0, 3, 2, 4, 8, 9, 3, 8, 6, 9, 7, 4, 9, 8] indices=[11513, 15029, 43194, 40, 17586, 27302, 4878, 20424, 5569, 45889, 5044, 22228, 206, 24082, 35969, 49725, 33438, 7924, 54373, 20031, 41199, 52036, 38313, 11268, 10979, 32, 55340, 9082, 37221, 24685, 49126, 28739, 45574, 44353, 23456, 35426, 38951, 29953, 56968, 36030, 59289, 38196, 7849, 50705, 32526, 7428, 58915, 1649, 20244, 19677, 24429, 40931, 37985, 18245, 49724, 18996, 40184, 46764, 38741, 16170, 35334, 14905, 887, 35704]
[Train] batch 334 GPA: 0x000000038da18a00
[TS] batch334/input: write_done_realtime_ns=1787618977239594625
[GT] batch334 labels=[0, 6, 0, 9, 2, 9, 9, 8, 7, 1, 9, 2, 3, 4, 0, 9, 9, 3, 2, 3, 0, 8, 4, 2, 1, 3, 9, 5, 5, 7, 3, 8, 3, 6, 8, 4, 8, 1, 5, 9, 1, 6, 5, 4, 2, 0, 1, 6, 2, 2, 3, 4, 5, 7, 7, 7, 4, 0, 3, 3, 4, 7, 2, 9] indices=[51061, 6578, 40340, 419, 3553, 11202, 6934, 28023, 8758, 33396, 18138, 23087, 11544, 46112, 7427, 22243, 48803, 14567, 20299, 39678, 11295, 6017, 29721, 57992, 7720, 35859, 26082, 47858, 19106, 49698, 38892, 49502, 26981, 51570, 50013, 46128, 627, 24711, 14069, 46148, 51136, 30608, 23200, 26704, 37347, 20622, 38311, 28496, 34620, 20313, 10775, 16875, 48078, 52363, 39586, 31330, 28022, 56137, 51388, 1921, 1814, 9286, 57615, 25637]
[Train] batch 335 GPA: 0x000000038da01400
[TS] batch335/input: write_done_realtime_ns=1787618977254835729
[GT] batch335 labels=[3, 2, 0, 8, 8, 5, 5, 8, 1, 9, 7, 8, 2, 8, 0, 4, 6, 1, 0, 0, 4, 6, 9, 9, 9, 8, 5, 4, 0, 0, 7, 3, 5, 5, 7, 6, 4, 4, 8, 4, 0, 7, 2, 5, 6, 9, 5, 9, 7, 0, 3, 7, 9, 9, 7, 7, 7, 5, 5, 7, 8, 9, 1, 9] indices=[14903, 26164, 53747, 32478, 34565, 49132, 16426, 6369, 56490, 52763, 25850, 49170, 56579, 28788, 55479, 57530, 34765, 7105, 50379, 59869, 18362, 3808, 26643, 15446, 14982, 38119, 56024, 11378, 57757, 44313, 35938, 45336, 36111, 30903, 43036, 4337, 2217, 21611, 6806, 7333, 44826, 54212, 42474, 18518, 3330, 13982, 55718, 13757, 35625, 16045, 32644, 6911, 54989, 59973, 45333, 10815, 15635, 26607, 18938, 33423, 16893, 38680, 53604, 8271]
[Train] batch 336 GPA: 0x000000038da18a00
[TS] batch336/input: write_done_realtime_ns=1787618977269706336
[GT] batch336 labels=[6, 0, 2, 2, 1, 4, 9, 8, 7, 8, 7, 7, 0, 9, 9, 3, 0, 3, 4, 2, 3, 9, 0, 6, 1, 6, 8, 5, 9, 4, 7, 2, 5, 1, 3, 4, 6, 9, 1, 6, 8, 6, 2, 0, 1, 9, 0, 2, 4, 2, 2, 0, 9, 1, 7, 5, 2, 0, 1, 4, 9, 2, 0, 6] indices=[52541, 32273, 6624, 33274, 54786, 8341, 17119, 45106, 38242, 32667, 9007, 43160, 603, 14607, 3566, 40639, 5627, 7132, 45148, 35678, 53048, 15659, 57995, 47265, 18282, 10481, 24046, 58270, 57432, 5124, 30759, 46841, 5685, 26473, 38565, 43467, 7095, 55159, 13510, 9872, 57329, 7543, 15363, 21576, 18188, 16541, 7128, 40318, 45821, 26533, 29640, 26853, 14735, 11533, 32428, 41370, 22169, 52609, 35389, 36017, 34801, 7782, 42925, 56035]
[Train] batch 337 GPA: 0x000000038da01400
[TS] batch337/input: write_done_realtime_ns=1787618977283540625
[GT] batch337 labels=[0, 1, 6, 3, 9, 7, 5, 7, 0, 1, 0, 3, 3, 8, 8, 6, 3, 7, 7, 0, 1, 8, 3, 2, 1, 4, 6, 3, 1, 2, 9, 8, 3, 0, 4, 9, 5, 6, 9, 1, 4, 9, 9, 2, 8, 2, 9, 4, 1, 0, 2, 4, 7, 8, 0, 9, 2, 0, 2, 2, 8, 4, 2, 5] indices=[15993, 13297, 58041, 31610, 36629, 20694, 6936, 45192, 27936, 45861, 49594, 51217, 4033, 44272, 14896, 21041, 18299, 26591, 42430, 35302, 9735, 33893, 98, 3917, 50489, 19831, 37238, 51133, 43790, 33666, 45784, 41652, 55116, 3882, 37395, 38877, 10030, 33794, 44048, 55358, 59020, 40584, 22127, 9212, 58158, 45073, 52333, 22402, 38029, 42362, 25807, 41626, 40505, 14062, 55110, 45969, 44374, 54609, 43436, 56154, 6066, 40030, 1561, 50223]
[Train] batch 338 GPA: 0x000000038da18a00
[TS] batch338/input: write_done_realtime_ns=1787618977297318545
[GT] batch338 labels=[4, 9, 2, 8, 8, 6, 3, 1, 5, 5, 1, 9, 3, 3, 4, 6, 4, 3, 4, 7, 4, 5, 7, 5, 6, 8, 9, 3, 7, 0, 8, 3, 3, 2, 1, 1, 5, 4, 7, 9, 7, 9, 0, 6, 1, 0, 6, 5, 2, 6, 1, 1, 3, 9, 7, 5, 2, 2, 2, 2, 2, 8, 8, 6] indices=[47608, 39247, 58068, 44631, 43901, 7086, 39982, 26617, 55248, 56461, 16368, 46308, 6440, 19866, 43068, 42066, 34947, 26596, 47701, 24705, 19700, 30853, 40810, 10995, 1182, 39094, 10746, 11219, 27717, 33292, 52533, 11583, 14401, 53748, 22868, 9199, 8909, 53260, 45521, 31893, 34881, 11745, 19376, 51734, 52046, 5665, 46382, 54723, 37838, 14952, 52042, 22328, 5433, 46282, 33430, 13633, 48643, 47529, 591, 38010, 38527, 47218, 56952, 35181]
[Train] batch 339 GPA: 0x000000038da01400
[TS] batch339/input: write_done_realtime_ns=1787618977311059635
[GT] batch339 labels=[2, 7, 1, 6, 2, 0, 9, 1, 7, 1, 2, 4, 0, 7, 8, 0, 9, 1, 2, 2, 9, 2, 2, 8, 1, 4, 7, 8, 3, 9, 5, 0, 8, 1, 4, 7, 0, 1, 9, 7, 3, 3, 6, 0, 7, 5, 0, 3, 7, 2, 8, 1, 9, 1, 6, 6, 1, 1, 8, 7, 0, 4, 6, 1] indices=[1614, 10019, 22560, 9217, 317, 57451, 23062, 36851, 53549, 19289, 19149, 14587, 10747, 44795, 37444, 33904, 24401, 28411, 25677, 35492, 19144, 29646, 53571, 59593, 46840, 20011, 3823, 50172, 10360, 39425, 56206, 8788, 10379, 58570, 41993, 1982, 30212, 13648, 58968, 20301, 11797, 30833, 48471, 56857, 10795, 29685, 14282, 23812, 44064, 46250, 6006, 15099, 32177, 2134, 49436, 27268, 26717, 51451, 19435, 32924, 18301, 21999, 8799, 43791]
[Train] batch 340 GPA: 0x000000038da18a00
[TS] batch340/input: write_done_realtime_ns=1787618977324882584
[GT] batch340 labels=[4, 1, 1, 5, 1, 0, 2, 3, 9, 5, 4, 3, 8, 3, 7, 1, 7, 6, 1, 1, 8, 3, 2, 9, 5, 4, 8, 3, 0, 1, 8, 2, 1, 3, 4, 3, 5, 4, 1, 7, 5, 8, 4, 8, 4, 1, 9, 8, 9, 2, 9, 3, 1, 1, 2, 6, 1, 9, 5, 1, 3, 7, 1, 1] indices=[2990, 38697, 45277, 26062, 49210, 10352, 47088, 28734, 36863, 49922, 29590, 21980, 11749, 13134, 5811, 29278, 26749, 2923, 11317, 33332, 37808, 44545, 5250, 26254, 25384, 9883, 11724, 1862, 6331, 54576, 42736, 19343, 47340, 27701, 5623, 16584, 49427, 41125, 31597, 44050, 56935, 48150, 7350, 6622, 37381, 3966, 15369, 17641, 42757, 34961, 30636, 17574, 37343, 22833, 31513, 19464, 42806, 44016, 22053, 11666, 55579, 4372, 23167, 18258]
Train Epoch: 1 [21760/60000 (36%)]	Loss: 0.290404
[Train] batch 341 GPA: 0x000000038da01400
[TS] batch341/input: write_done_realtime_ns=1787618977338563335
[GT] batch341 labels=[4, 4, 1, 1, 2, 7, 1, 6, 8, 3, 5, 6, 9, 0, 4, 1, 6, 2, 9, 9, 5, 7, 9, 8, 1, 6, 5, 3, 0, 2, 4, 8, 4, 5, 2, 1, 9, 5, 8, 1, 1, 3, 1, 2, 4, 4, 4, 6, 8, 7, 6, 1, 7, 7, 5, 8, 3, 3, 3, 1, 7, 4, 3, 4] indices=[51868, 13943, 2767, 15805, 51418, 15122, 33166, 16668, 26908, 11813, 2646, 13431, 28262, 458, 19697, 34269, 23653, 42219, 28713, 45380, 10749, 337, 2216, 41416, 1647, 36068, 9096, 52479, 4804, 35124, 413, 33323, 4822, 6852, 29717, 36571, 52923, 16215, 8171, 21201, 13725, 46821, 4585, 33807, 32628, 8567, 7166, 55720, 6335, 50380, 43892, 25937, 53525, 23070, 29433, 23347, 10696, 57608, 11197, 17928, 28362, 1973, 58219, 10942]
[Train] batch 342 GPA: 0x000000038da18a00
[TS] batch342/input: write_done_realtime_ns=1787618977352265575
[GT] batch342 labels=[4, 9, 0, 2, 1, 4, 7, 9, 4, 2, 4, 1, 7, 5, 0, 3, 7, 6, 7, 1, 5, 0, 4, 9, 5, 0, 8, 7, 6, 5, 4, 2, 8, 6, 0, 5, 6, 8, 6, 5, 5, 2, 7, 9, 9, 5, 8, 1, 2, 1, 4, 3, 7, 1, 4, 6, 2, 8, 3, 1, 0, 2, 0, 7] indices=[41293, 42344, 11105, 52774, 13689, 43621, 45279, 10860, 17736, 31874, 16391, 20887, 26455, 40587, 37269, 27610, 6130, 30819, 36340, 29828, 9684, 41401, 51921, 6084, 35214, 47693, 14192, 18609, 30421, 40599, 11184, 55089, 36651, 43251, 25433, 40346, 10913, 57084, 13661, 47848, 51339, 36543, 31100, 5209, 36930, 28029, 4761, 40504, 50381, 54631, 39812, 44462, 53961, 47279, 5265, 35683, 10072, 43165, 40574, 32773, 58492, 47686, 6991, 14718]
[Train] batch 343 GPA: 0x000000038da01400
[TS] batch343/input: write_done_realtime_ns=1787618977367407540
[GT] batch343 labels=[8, 0, 7, 7, 5, 3, 0, 2, 7, 1, 9, 0, 5, 7, 6, 1, 7, 2, 9, 7, 5, 6, 6, 1, 2, 7, 8, 1, 4, 0, 9, 0, 2, 2, 7, 6, 2, 9, 0, 3, 6, 8, 5, 8, 7, 4, 2, 8, 7, 4, 9, 5, 7, 8, 5, 6, 7, 5, 6, 5, 7, 7, 7, 0] indices=[11121, 43727, 31257, 12956, 42753, 49, 21142, 38609, 46249, 16872, 47178, 58489, 37070, 20354, 6789, 14149, 44734, 30951, 43028, 43725, 19533, 34648, 8076, 59114, 3676, 48190, 7400, 54103, 59169, 49949, 3169, 2333, 15925, 23625, 48979, 43931, 52142, 29536, 5246, 36740, 32431, 19981, 56054, 46633, 51193, 58210, 277, 52493, 29733, 58347, 38419, 2428, 21405, 19214, 55712, 20122, 36498, 49671, 7456, 27253, 26374, 50920, 31996, 58121]
[Train] batch 344 GPA: 0x000000038da18a00
[TS] batch344/input: write_done_realtime_ns=1787618977382244207
[GT] batch344 labels=[1, 9, 0, 6, 5, 0, 7, 9, 7, 2, 6, 5, 3, 1, 2, 3, 8, 3, 2, 1, 9, 9, 0, 4, 1, 2, 9, 6, 9, 9, 7, 6, 2, 0, 0, 7, 2, 8, 3, 8, 5, 9, 1, 2, 2, 2, 5, 3, 5, 9, 6, 5, 1, 1, 7, 2, 1, 5, 9, 4, 0, 9, 0, 6] indices=[33774, 20228, 51865, 6927, 1650, 54263, 31730, 34549, 56393, 17579, 15280, 2651, 15519, 41967, 7688, 58971, 2155, 4583, 41301, 35710, 57590, 8440, 10121, 18867, 35777, 21451, 56270, 13964, 44384, 45450, 8168, 57353, 35344, 14311, 8912, 7992, 41182, 3730, 953, 726, 15594, 32715, 7532, 7839, 22358, 49267, 31756, 58564, 29723, 32972, 51370, 2211, 34757, 49008, 24568, 57191, 55686, 53620, 18624, 10571, 21508, 8630, 1501, 6482]
[Train] batch 345 GPA: 0x000000038da01400
[TS] batch345/input: write_done_realtime_ns=1787618977396297665
[GT] batch345 labels=[4, 1, 7, 6, 9, 4, 2, 9, 1, 4, 7, 9, 6, 7, 8, 9, 6, 7, 3, 0, 6, 0, 4, 0, 4, 9, 4, 0, 8, 6, 7, 0, 9, 8, 7, 6, 9, 0, 8, 6, 8, 3, 0, 1, 7, 8, 8, 3, 1, 7, 6, 6, 3, 0, 1, 8, 1, 4, 0, 8, 8, 9, 3, 3] indices=[25844, 31166, 48490, 1866, 46301, 49683, 3659, 57100, 15392, 8266, 42772, 18106, 12448, 32395, 20973, 49262, 42600, 9657, 28916, 38599, 11038, 30156, 5331, 50813, 41774, 45345, 48957, 39531, 39530, 18105, 52423, 54514, 40585, 7550, 24994, 33269, 46064, 52095, 20578, 45934, 19351, 29185, 33534, 3797, 29529, 50302, 16901, 26715, 39568, 4041, 36910, 59302, 11232, 7664, 19168, 18710, 51277, 22564, 57822, 23899, 45746, 50084, 17864, 58612]
[Train] batch 346 GPA: 0x000000038da18a00
[TS] batch346/input: write_done_realtime_ns=1787618977410085234
[GT] batch346 labels=[5, 9, 8, 4, 1, 8, 3, 5, 8, 7, 7, 2, 1, 3, 0, 9, 6, 5, 9, 5, 2, 2, 6, 0, 6, 4, 1, 0, 3, 6, 8, 1, 0, 8, 7, 2, 8, 1, 1, 5, 0, 8, 7, 1, 9, 5, 4, 9, 4, 3, 9, 1, 0, 5, 0, 7, 3, 1, 3, 3, 7, 4, 8, 5] indices=[19925, 34184, 4147, 44613, 34010, 25254, 3670, 35628, 11478, 27543, 31510, 52410, 15048, 12183, 43665, 32350, 5951, 55755, 20270, 6981, 18547, 7537, 31568, 32109, 13587, 16466, 32063, 24069, 1201, 23735, 2901, 30556, 55105, 44597, 19580, 34442, 14923, 55380, 47054, 59823, 12457, 16917, 46752, 1816, 19644, 46149, 17577, 24194, 20726, 7263, 52977, 47935, 17049, 28679, 41358, 50345, 11752, 9599, 10896, 12044, 11290, 12327, 35264, 36193]
[Train] batch 347 GPA: 0x000000038da01400
[TS] batch347/input: write_done_realtime_ns=1787618977423755385
[GT] batch347 labels=[2, 1, 1, 8, 3, 0, 9, 3, 0, 6, 6, 3, 3, 0, 7, 9, 1, 7, 6, 4, 4, 5, 7, 0, 2, 7, 9, 2, 1, 6, 4, 7, 8, 9, 1, 0, 6, 7, 4, 2, 2, 6, 7, 0, 1, 4, 4, 2, 2, 6, 4, 9, 6, 4, 6, 6, 1, 7, 1, 3, 5, 3, 5, 5] indices=[54305, 38482, 31784, 1598, 55791, 46931, 9791, 40104, 31567, 46207, 9929, 12874, 38180, 32162, 11170, 20792, 49368, 51829, 27943, 27538, 53378, 43199, 9551, 28358, 47598, 43104, 56152, 31603, 47338, 19723, 16865, 35855, 7793, 57290, 39542, 39029, 46186, 41131, 22233, 13506, 52782, 52197, 43361, 9297, 41073, 43639, 797, 34129, 22056, 2196, 27738, 56681, 24266, 33552, 56195, 59161, 34641, 59124, 41862, 14765, 287, 8541, 9450, 28469]
[Train] batch 348 GPA: 0x000000038da18a00
[TS] batch348/input: write_done_realtime_ns=1787618977437553314
[GT] batch348 labels=[3, 7, 5, 1, 2, 9, 9, 4, 7, 4, 6, 3, 9, 3, 2, 5, 7, 1, 5, 1, 7, 8, 9, 9, 3, 2, 8, 6, 2, 9, 0, 9, 2, 5, 7, 8, 9, 3, 1, 5, 7, 4, 8, 8, 9, 2, 5, 3, 7, 0, 0, 7, 1, 0, 0, 3, 0, 7, 7, 5, 7, 9, 2, 3] indices=[40745, 30599, 36011, 32413, 5509, 11225, 53211, 20180, 15859, 9746, 16736, 327, 46569, 43889, 22341, 41144, 13119, 33113, 10701, 10971, 28880, 11258, 13111, 14667, 38361, 40581, 53065, 15257, 37103, 12696, 26999, 40631, 30369, 11801, 56915, 13281, 17689, 21209, 53577, 8479, 29338, 41964, 21913, 44123, 38597, 26093, 18769, 53903, 15202, 26990, 3337, 10873, 15898, 5881, 29477, 6687, 41553, 27039, 40545, 21810, 1216, 2370, 32405, 10757]
[Train] batch 349 GPA: 0x000000038da01400
[TS] batch349/input: write_done_realtime_ns=1787618977451277324
[GT] batch349 labels=[1, 9, 9, 4, 7, 1, 6, 5, 1, 1, 2, 3, 2, 8, 9, 4, 8, 0, 9, 6, 7, 3, 9, 6, 9, 1, 5, 5, 1, 3, 7, 4, 0, 0, 0, 5, 2, 5, 6, 3, 1, 9, 6, 9, 2, 6, 3, 6, 2, 4, 0, 0, 6, 8, 5, 4, 2, 9, 9, 8, 1, 7, 7, 7] indices=[11809, 25134, 8442, 31951, 54917, 52143, 43572, 54500, 42657, 5336, 44049, 46689, 5397, 20507, 264, 40903, 18933, 38126, 35174, 32969, 3246, 29366, 39319, 21373, 32033, 34655, 20006, 19301, 23181, 18069, 7420, 42809, 37968, 21271, 31639, 25084, 1124, 34039, 4980, 20616, 25898, 57753, 12905, 54443, 38108, 14576, 59678, 19624, 52611, 51056, 39156, 11848, 19451, 33719, 9738, 3239, 27761, 31652, 51192, 20315, 351, 57549, 14201, 46858]
[Train] batch 350 GPA: 0x000000038da18a00
[TS] batch350/input: write_done_realtime_ns=1787618977465791825
[GT] batch350 labels=[1, 1, 7, 8, 8, 2, 5, 6, 9, 8, 8, 3, 3, 2, 5, 6, 4, 0, 7, 9, 4, 6, 8, 6, 8, 4, 5, 8, 1, 3, 3, 9, 3, 0, 6, 0, 8, 9, 1, 7, 9, 5, 5, 8, 4, 0, 3, 5, 4, 5, 4, 0, 9, 0, 4, 1, 7, 1, 2, 8, 0, 3, 1, 6] indices=[8051, 58561, 35518, 35788, 49522, 49106, 7998, 57691, 24701, 50871, 456, 10608, 42508, 23138, 48397, 665, 51637, 43205, 4334, 52989, 47215, 55314, 13895, 6338, 37949, 31743, 28534, 54958, 9903, 44764, 9140, 22925, 24196, 27436, 35664, 22640, 59995, 47878, 18705, 45806, 5878, 59005, 47020, 47295, 52893, 2882, 10728, 16424, 56970, 33235, 40593, 42637, 5233, 45359, 18888, 49559, 23054, 35168, 32637, 22543, 59203, 29146, 8189, 51729]
Train Epoch: 1 [22400/60000 (37%)]	Loss: 0.096695
[Train] batch 351 GPA: 0x000000038da01400
[TS] batch351/input: write_done_realtime_ns=1787618977480430895
[GT] batch351 labels=[3, 4, 9, 2, 1, 9, 4, 7, 3, 5, 9, 9, 0, 9, 9, 1, 2, 6, 4, 0, 3, 8, 9, 2, 9, 8, 5, 6, 4, 6, 7, 3, 6, 0, 1, 6, 8, 8, 2, 0, 6, 4, 2, 4, 6, 0, 9, 2, 8, 8, 5, 4, 6, 7, 4, 5, 7, 8, 6, 0, 3, 7, 4, 4] indices=[15077, 52815, 35892, 12672, 38554, 44116, 14774, 56285, 47496, 20564, 47261, 21300, 19845, 47459, 16992, 26959, 29904, 8454, 58380, 59972, 8756, 7681, 7239, 17516, 40628, 7142, 56898, 21195, 22676, 12251, 324, 47689, 8860, 2736, 27836, 12199, 27687, 57648, 44823, 7934, 9177, 26725, 10464, 33637, 32242, 52617, 30947, 52488, 52067, 51969, 57787, 51049, 8715, 22593, 10758, 31242, 96, 27029, 54583, 23372, 50491, 57534, 35362, 59874]
[Train] batch 352 GPA: 0x000000038da18a00
[TS] batch352/input: write_done_realtime_ns=1787618977494460761
[GT] batch352 labels=[9, 1, 1, 1, 0, 6, 2, 4, 3, 6, 4, 6, 2, 5, 3, 7, 0, 7, 8, 2, 2, 7, 4, 8, 1, 5, 3, 5, 6, 3, 4, 4, 7, 6, 4, 2, 2, 4, 8, 3, 7, 2, 4, 5, 0, 8, 8, 9, 4, 0, 4, 2, 3, 1, 3, 7, 8, 2, 9, 0, 1, 4, 5, 3] indices=[48272, 40359, 38709, 57303, 7012, 7970, 22112, 990, 557, 40927, 36222, 53909, 1624, 54604, 49103, 26966, 41506, 168, 36635, 48460, 7170, 38586, 11494, 40737, 52614, 51572, 13114, 4397, 42489, 4891, 23478, 9493, 20206, 44330, 36025, 42839, 36728, 42750, 40792, 19495, 21641, 42158, 45718, 10227, 44862, 42580, 53150, 21724, 21906, 20983, 53528, 13313, 17715, 5675, 48045, 23540, 12928, 54908, 42465, 32144, 31869, 31632, 30553, 22459]
[Train] batch 353 GPA: 0x000000038da01400
[TS] batch353/input: write_done_realtime_ns=1787618977508563218
[GT] batch353 labels=[1, 4, 8, 0, 1, 6, 1, 8, 4, 9, 2, 5, 3, 7, 8, 9, 8, 3, 8, 8, 1, 4, 0, 1, 2, 7, 8, 3, 3, 3, 7, 2, 3, 5, 0, 6, 0, 0, 9, 3, 6, 1, 9, 5, 8, 8, 0, 0, 8, 2, 8, 5, 7, 0, 2, 9, 2, 4, 6, 8, 4, 2, 5, 3] indices=[8095, 45394, 34460, 48039, 24923, 26071, 52175, 7814, 57937, 48818, 52647, 29038, 47217, 10171, 41504, 34885, 27146, 32434, 42127, 49532, 39437, 57011, 15520, 17704, 6642, 10841, 31611, 12544, 3969, 23144, 22683, 13522, 48849, 14599, 51834, 15134, 34421, 57536, 1643, 35249, 57313, 47905, 49223, 21059, 34979, 41598, 8134, 58879, 27286, 493, 17405, 34400, 30188, 56803, 2402, 31747, 48211, 31412, 45154, 24831, 48942, 40975, 45132, 29464]
[Train] batch 354 GPA: 0x000000038da18a00
[TS] batch354/input: write_done_realtime_ns=1787618977522598634
[GT] batch354 labels=[6, 0, 8, 9, 7, 9, 4, 1, 8, 2, 3, 5, 0, 6, 9, 7, 0, 1, 1, 5, 9, 7, 4, 0, 6, 1, 5, 3, 3, 8, 6, 3, 9, 8, 1, 8, 6, 0, 1, 9, 6, 3, 6, 5, 6, 1, 8, 6, 0, 7, 4, 8, 9, 7, 1, 0, 3, 0, 9, 5, 7, 9, 2, 1] indices=[15287, 19628, 38273, 38541, 31300, 6790, 13073, 34992, 12848, 55360, 19169, 53695, 43827, 26345, 55064, 6141, 38488, 28166, 21634, 46733, 940, 48914, 18185, 26820, 9497, 19674, 58419, 50824, 28418, 5248, 4910, 28252, 48089, 44163, 28484, 59764, 10976, 37079, 618, 26416, 33058, 39140, 59982, 32023, 35734, 33949, 49217, 32345, 6832, 38349, 44771, 26987, 25224, 32626, 55601, 28323, 7412, 7589, 26895, 45166, 12018, 8231, 33065, 47333]
[Train] batch 355 GPA: 0x000000038da01400
[TS] batch355/input: write_done_realtime_ns=1787618977536305035
[GT] batch355 labels=[6, 3, 6, 1, 9, 0, 1, 4, 5, 6, 7, 7, 2, 0, 1, 7, 0, 1, 1, 6, 2, 1, 9, 0, 8, 3, 2, 9, 5, 0, 3, 2, 9, 7, 0, 3, 8, 6, 1, 6, 3, 0, 1, 0, 1, 5, 1, 0, 2, 7, 3, 6, 4, 7, 4, 3, 3, 7, 4, 0, 9, 2, 5, 3] indices=[3764, 43637, 28639, 33998, 22890, 46371, 42837, 56958, 16384, 36772, 52010, 52339, 38143, 689, 56117, 3116, 12764, 59919, 28246, 6982, 19767, 41222, 16814, 22938, 25205, 32401, 34850, 41783, 47251, 1729, 23879, 51541, 58927, 17816, 33192, 9255, 31758, 58770, 33567, 41308, 2796, 14393, 56668, 56415, 30301, 26706, 13558, 45513, 29355, 1639, 46079, 10671, 12654, 16150, 49345, 37186, 34853, 23609, 29367, 26619, 21091, 11306, 59002, 31157]
[Train] batch 356 GPA: 0x000000038da18a00
[TS] batch356/input: write_done_realtime_ns=1787618977549906156
[GT] batch356 labels=[6, 6, 8, 0, 6, 1, 0, 0, 0, 7, 4, 2, 6, 2, 8, 8, 8, 0, 9, 4, 9, 2, 8, 9, 4, 1, 3, 0, 2, 4, 9, 8, 8, 9, 6, 5, 4, 7, 3, 1, 5, 2, 4, 4, 1, 8, 3, 9, 2, 3, 1, 2, 3, 1, 5, 8, 0, 0, 1, 3, 1, 9, 4, 2] indices=[30563, 10273, 53281, 18073, 17174, 6698, 32621, 21800, 27712, 13091, 30276, 43434, 55565, 33593, 11506, 393, 13477, 169, 58542, 19923, 43810, 36600, 35460, 28636, 30666, 31511, 51054, 2192, 30832, 50846, 50088, 20657, 13924, 23990, 36637, 51124, 49665, 1652, 5359, 43879, 26370, 46783, 26458, 10467, 211, 57276, 22569, 46572, 24067, 21582, 23118, 34494, 21579, 12178, 175, 42961, 44656, 9733, 53308, 14223, 17184, 42924, 20714, 58928]
[Train] batch 357 GPA: 0x000000038da01400
[TS] batch357/input: write_done_realtime_ns=1787618977563676436
[GT] batch357 labels=[2, 2, 3, 6, 9, 8, 9, 6, 4, 6, 0, 9, 6, 8, 8, 5, 7, 9, 5, 6, 3, 6, 2, 9, 3, 1, 7, 3, 4, 3, 5, 4, 1, 3, 7, 4, 5, 4, 6, 2, 4, 7, 9, 0, 0, 7, 5, 9, 4, 6, 4, 7, 2, 1, 9, 4, 5, 0, 5, 1, 3, 5, 6, 4] indices=[47354, 5724, 58412, 22520, 3296, 2369, 41833, 21617, 23208, 5039, 943, 16570, 8814, 25674, 33777, 15732, 4358, 57623, 4290, 51269, 18948, 34741, 34095, 2099, 36247, 48209, 18557, 59528, 7652, 8800, 35097, 42638, 56960, 59081, 53986, 34830, 4017, 31036, 47980, 55404, 32976, 21567, 5523, 26343, 2327, 17830, 27997, 14116, 46728, 45324, 43157, 30302, 10411, 12499, 58699, 34545, 31734, 14574, 31650, 52961, 49122, 30371, 59324, 2724]
[Train] batch 358 GPA: 0x000000038da18a00
[TS] batch358/input: write_done_realtime_ns=1787618977578626132
[GT] batch358 labels=[1, 3, 4, 1, 4, 0, 2, 0, 8, 7, 3, 3, 8, 3, 7, 5, 7, 7, 6, 7, 6, 1, 2, 6, 9, 2, 6, 1, 0, 1, 8, 9, 0, 6, 2, 3, 0, 6, 1, 3, 1, 4, 5, 8, 4, 4, 8, 9, 7, 7, 8, 2, 7, 5, 5, 7, 9, 7, 1, 2, 2, 9, 9, 5] indices=[10675, 49645, 39492, 43297, 20230, 40038, 54790, 33003, 53006, 44562, 44519, 31347, 26443, 39595, 5504, 19472, 41194, 32542, 34897, 12717, 17619, 4764, 39682, 38172, 56829, 43681, 10853, 24038, 54229, 51651, 12027, 57913, 46557, 36890, 17220, 41781, 42227, 11479, 47850, 55592, 34826, 2190, 44508, 30330, 34464, 50673, 53240, 51796, 49799, 45645, 14396, 45387, 43222, 4801, 30396, 2381, 27430, 45626, 7185, 20440, 20783, 28422, 35877, 40032]
[Train] batch 359 GPA: 0x000000038da01400
[TS] batch359/input: write_done_realtime_ns=1787618977592958176
[GT] batch359 labels=[7, 9, 0, 8, 5, 4, 4, 7, 1, 8, 5, 9, 5, 4, 9, 8, 7, 3, 1, 6, 8, 9, 9, 6, 2, 1, 7, 7, 7, 9, 9, 3, 3, 6, 6, 2, 6, 1, 0, 6, 6, 1, 3, 2, 2, 9, 4, 6, 0, 2, 8, 2, 6, 1, 4, 9, 0, 8, 7, 0, 3, 6, 0, 7] indices=[40323, 55313, 32423, 49545, 22802, 10869, 11629, 18429, 55415, 9686, 20628, 3256, 4411, 7011, 42715, 6942, 56749, 58411, 3145, 27981, 7844, 46762, 31786, 5780, 31638, 9221, 884, 53614, 50978, 6634, 40800, 6858, 6081, 57587, 4765, 40592, 34776, 40615, 29907, 48570, 57891, 17885, 37643, 53989, 18139, 31621, 1541, 31752, 39800, 49179, 21408, 56243, 5931, 42999, 22285, 5806, 53297, 26773, 11054, 46017, 47361, 31686, 46751, 13570]
[Train] batch 360 GPA: 0x000000038da18a00
[TS] batch360/input: write_done_realtime_ns=1787618977606721846
[GT] batch360 labels=[6, 4, 9, 2, 2, 2, 4, 1, 8, 5, 2, 4, 4, 3, 5, 6, 9, 6, 8, 9, 4, 4, 7, 8, 9, 3, 7, 4, 0, 1, 1, 2, 8, 1, 3, 6, 0, 9, 2, 9, 9, 0, 9, 8, 3, 9, 7, 9, 8, 7, 4, 7, 3, 2, 1, 4, 4, 9, 4, 0, 7, 8, 9, 1] indices=[19157, 35141, 58112, 12823, 59425, 8293, 2466, 31245, 18811, 39556, 37526, 57841, 46564, 13193, 27975, 35377, 13425, 13246, 3499, 16816, 34750, 54936, 6835, 6808, 34330, 2315, 37327, 2052, 49185, 2307, 1017, 6626, 15333, 14595, 48415, 35753, 59472, 50754, 47743, 29072, 25837, 41156, 56708, 29189, 53514, 11366, 50910, 29301, 32936, 31812, 35705, 22371, 13859, 11438, 2260, 16338, 31285, 49313, 4540, 39050, 10573, 43018, 39911, 19880]
Train Epoch: 1 [23040/60000 (38%)]	Loss: 0.179222
[Train] batch 361 GPA: 0x000000038da01400
[TS] batch361/input: write_done_realtime_ns=1787618977620550925
[GT] batch361 labels=[5, 9, 9, 8, 0, 5, 1, 9, 9, 8, 7, 1, 9, 5, 5, 2, 5, 2, 0, 3, 2, 1, 5, 4, 3, 1, 4, 9, 1, 5, 0, 2, 0, 2, 8, 9, 7, 4, 5, 5, 7, 3, 5, 7, 5, 8, 3, 1, 7, 2, 1, 8, 3, 7, 6, 4, 0, 2, 1, 0, 7, 5, 8, 0] indices=[45482, 20402, 10183, 37695, 50463, 24426, 39905, 8165, 15517, 43900, 10648, 39950, 47556, 3500, 58799, 25838, 27818, 49434, 45608, 23287, 48423, 23470, 28161, 3334, 45264, 6413, 42213, 9729, 2426, 23920, 16238, 38509, 283, 18891, 12378, 27688, 23932, 51549, 9340, 56033, 31804, 59350, 11936, 17963, 13305, 26145, 34026, 45782, 50234, 25609, 23182, 15640, 13110, 28443, 35439, 14542, 40965, 18613, 21357, 53937, 30060, 59377, 29070, 48547]
[Train] batch 362 GPA: 0x000000038da18a00
[TS] batch362/input: write_done_realtime_ns=1787618977634344064
[GT] batch362 labels=[2, 0, 0, 8, 5, 7, 0, 0, 5, 2, 4, 0, 2, 1, 7, 3, 1, 3, 3, 6, 4, 5, 0, 6, 8, 0, 0, 8, 6, 7, 1, 2, 6, 6, 0, 0, 0, 2, 8, 6, 3, 2, 4, 4, 2, 9, 4, 1, 8, 1, 7, 4, 3, 3, 3, 9, 7, 4, 4, 3, 3, 2, 7, 1] indices=[49247, 6468, 53298, 45311, 19659, 41297, 38297, 45145, 33247, 58162, 40495, 40428, 9092, 22926, 24699, 14577, 12909, 17470, 49966, 26766, 13507, 1834, 36712, 52542, 34320, 58982, 6763, 24806, 48145, 22481, 21535, 40049, 45623, 762, 55290, 7062, 29599, 22641, 32607, 30557, 5238, 28156, 21307, 2181, 27643, 37002, 43732, 21101, 42656, 53467, 43898, 53955, 16954, 2408, 909, 31942, 4945, 33882, 17769, 55179, 17988, 43854, 23969, 22135]
[Train] batch 363 GPA: 0x000000038da01400
[TS] batch363/input: write_done_realtime_ns=1787618977648104643
[GT] batch363 labels=[5, 6, 4, 1, 5, 3, 3, 4, 1, 3, 8, 1, 7, 1, 2, 5, 0, 7, 6, 3, 9, 7, 6, 3, 3, 3, 5, 2, 6, 7, 6, 1, 3, 4, 6, 5, 5, 9, 2, 0, 8, 9, 0, 8, 7, 5, 0, 6, 7, 0, 0, 7, 3, 2, 6, 2, 4, 1, 1, 8, 5, 8, 6, 6] indices=[36819, 44981, 27959, 54901, 7302, 25509, 52269, 20338, 50582, 30717, 18644, 55500, 54882, 15148, 18535, 47995, 37141, 1858, 51319, 16763, 1410, 26568, 2680, 10282, 25040, 47895, 50507, 30102, 22615, 29595, 22559, 32823, 33532, 21077, 51402, 28060, 50166, 13409, 55653, 6103, 30013, 16522, 40969, 27017, 36512, 14144, 13371, 44255, 38838, 17968, 11526, 45020, 50412, 58192, 37177, 59177, 52384, 39173, 26581, 40767, 5719, 17594, 6000, 9785]
[Train] batch 364 GPA: 0x000000038da18a00
[TS] batch364/input: write_done_realtime_ns=1787618977661918923
[GT] batch364 labels=[9, 2, 7, 3, 8, 1, 5, 5, 6, 7, 7, 9, 2, 5, 0, 3, 8, 7, 2, 9, 9, 6, 6, 1, 4, 7, 7, 0, 0, 2, 2, 8, 1, 7, 8, 0, 9, 1, 5, 7, 8, 3, 3, 6, 5, 8, 5, 3, 1, 4, 1, 5, 2, 8, 8, 9, 0, 4, 6, 2, 7, 1, 2, 4] indices=[36507, 15679, 45200, 48794, 47085, 59519, 33222, 12347, 2662, 13149, 21437, 47679, 40530, 36695, 5808, 2751, 20812, 54472, 34680, 41239, 38293, 18428, 39601, 40692, 51515, 49553, 37090, 34401, 35816, 26688, 15040, 3153, 56511, 8594, 1120, 44578, 38064, 23280, 622, 24700, 12493, 52753, 198, 48430, 21604, 22810, 30046, 7675, 59783, 17020, 2630, 19980, 13100, 13423, 2378, 23042, 38993, 32341, 44809, 25627, 36840, 46445, 8852, 47252]
[Train] batch 365 GPA: 0x000000038da01400
[TS] batch365/input: write_done_realtime_ns=1787618977675642923
[GT] batch365 labels=[4, 7, 5, 6, 4, 6, 2, 5, 0, 1, 5, 0, 2, 0, 3, 3, 4, 6, 2, 3, 4, 4, 2, 7, 0, 9, 6, 5, 9, 8, 0, 5, 8, 8, 1, 4, 5, 6, 7, 6, 9, 1, 2, 7, 1, 7, 2, 3, 0, 6, 5, 3, 8, 1, 8, 5, 1, 5, 1, 2, 2, 3, 1, 5] indices=[42770, 10989, 20575, 22775, 58289, 45851, 33897, 6077, 46963, 38317, 41867, 52799, 54220, 56159, 40481, 45764, 58559, 49022, 12435, 43517, 40238, 48972, 24427, 59388, 35778, 2553, 51924, 30817, 52651, 12473, 25395, 48197, 53774, 13954, 48908, 28089, 53992, 38219, 5312, 11878, 9504, 53908, 4086, 34981, 38226, 57825, 43191, 42588, 23210, 23098, 14623, 34536, 29431, 33025, 57898, 244, 55747, 37864, 5903, 9727, 53504, 7762, 55173, 8646]
[Train] batch 366 GPA: 0x000000038da18a00
[TS] batch366/input: write_done_realtime_ns=1787618977691742167
[GT] batch366 labels=[5, 5, 3, 5, 7, 0, 9, 5, 1, 4, 4, 5, 9, 9, 4, 6, 1, 8, 6, 3, 3, 3, 0, 5, 0, 4, 5, 8, 7, 6, 4, 7, 6, 5, 9, 8, 6, 0, 9, 1, 8, 9, 2, 9, 9, 7, 6, 3, 2, 2, 1, 0, 4, 2, 6, 4, 8, 5, 1, 7, 8, 5, 2, 5] indices=[59338, 25738, 12881, 22302, 51452, 9822, 15832, 24778, 17554, 4626, 58712, 32248, 22388, 47874, 49934, 50469, 29375, 39864, 54462, 9516, 53305, 43902, 51059, 22920, 25836, 6256, 50734, 1063, 11736, 29392, 4513, 47793, 51159, 11776, 13034, 57315, 33887, 48299, 53515, 41939, 1758, 9630, 27393, 40583, 33783, 55041, 27355, 44112, 29839, 43760, 52715, 43149, 46232, 43117, 8146, 39128, 51411, 23792, 31592, 21824, 17948, 16511, 42842, 21558]
[Train] batch 367 GPA: 0x000000038da01400
[TS] batch367/input: write_done_realtime_ns=1787618977706101170
[GT] batch367 labels=[5, 9, 1, 1, 2, 8, 1, 9, 6, 5, 4, 7, 0, 2, 0, 1, 9, 0, 9, 2, 2, 1, 7, 9, 1, 2, 2, 7, 7, 7, 1, 2, 1, 2, 8, 2, 8, 3, 4, 9, 7, 0, 3, 7, 6, 4, 4, 5, 4, 1, 2, 3, 0, 3, 3, 1, 8, 5, 8, 7, 1, 0, 8, 9] indices=[8504, 48244, 24470, 33577, 58172, 40048, 25087, 38344, 841, 8178, 1099, 24743, 27206, 31696, 43418, 46347, 4085, 7305, 25367, 30094, 14551, 47119, 44840, 24736, 25687, 29911, 44934, 35961, 50038, 1342, 48518, 30931, 28015, 22811, 35604, 54480, 47723, 1631, 1431, 41791, 31902, 56766, 42343, 2766, 51089, 13009, 55810, 4885, 1227, 32085, 25974, 59394, 22777, 8227, 32017, 31640, 12627, 52529, 27973, 35781, 35995, 88, 22745, 54766]
[Train] batch 368 GPA: 0x000000038da18a00
[TS] batch368/input: write_done_realtime_ns=1787618977719831850
[GT] batch368 labels=[6, 3, 9, 7, 0, 0, 2, 1, 7, 6, 0, 5, 7, 6, 9, 3, 2, 1, 2, 6, 1, 2, 6, 7, 5, 9, 2, 8, 4, 1, 3, 2, 7, 1, 2, 1, 5, 2, 2, 5, 6, 7, 6, 8, 5, 9, 5, 5, 7, 6, 8, 3, 3, 5, 3, 2, 5, 2, 5, 0, 6, 2, 7, 8] indices=[9262, 28716, 22485, 4774, 20349, 7835, 42692, 46334, 38437, 53331, 10195, 49892, 51496, 38856, 13763, 1449, 40376, 13643, 30429, 54923, 53087, 31068, 45633, 46119, 42480, 58132, 35403, 5243, 47033, 58234, 26247, 12802, 18498, 26887, 29220, 17433, 6610, 30772, 15391, 2571, 14677, 4904, 29622, 26379, 38439, 34072, 2655, 58248, 50708, 6139, 5348, 48642, 54126, 4948, 46692, 16858, 26020, 53967, 36452, 28408, 25713, 54674, 18427, 7674]
[Train] batch 369 GPA: 0x000000038da01400
[TS] batch369/input: write_done_realtime_ns=1787618977733745139
[GT] batch369 labels=[1, 2, 8, 0, 8, 4, 5, 6, 3, 1, 1, 6, 8, 9, 8, 7, 8, 0, 5, 1, 1, 9, 3, 0, 5, 9, 1, 5, 4, 1, 1, 0, 0, 8, 2, 9, 2, 5, 6, 7, 3, 6, 7, 5, 0, 7, 0, 5, 9, 1, 9, 5, 7, 9, 7, 5, 8, 6, 7, 9, 9, 2, 6, 5] indices=[53321, 3381, 47359, 4265, 34193, 41220, 37270, 3187, 58812, 11518, 19623, 21667, 41893, 5794, 9866, 39390, 51891, 45417, 5688, 14906, 30869, 20193, 31952, 28428, 24792, 7407, 19742, 39996, 19299, 53791, 17540, 57000, 40633, 44806, 37964, 27450, 57878, 39807, 58863, 26255, 7067, 23072, 33153, 26239, 36351, 52, 59805, 39502, 23542, 21109, 3773, 4309, 40046, 32963, 20134, 2111, 25250, 15025, 15499, 46946, 29426, 55032, 43270, 690]
[Train] batch 370 GPA: 0x000000038da18a00
[TS] batch370/input: write_done_realtime_ns=1787618977747494417
[GT] batch370 labels=[0, 2, 8, 7, 6, 9, 5, 7, 4, 0, 8, 3, 1, 1, 7, 5, 6, 4, 8, 0, 1, 0, 9, 2, 3, 5, 3, 8, 2, 8, 7, 1, 5, 7, 1, 1, 4, 1, 5, 7, 1, 5, 5, 4, 4, 9, 4, 2, 1, 4, 7, 1, 6, 4, 7, 5, 9, 5, 6, 0, 0, 3, 5, 9] indices=[2473, 58590, 52241, 28675, 53983, 41603, 46476, 30912, 46245, 40456, 25544, 1486, 39637, 57069, 47717, 29892, 13941, 2169, 26078, 12456, 14252, 13583, 56212, 28077, 54888, 23384, 12645, 26666, 6637, 56560, 33530, 21923, 1089, 53523, 7561, 11292, 8553, 8218, 10049, 3151, 2604, 32445, 396, 25621, 20962, 59258, 5590, 27120, 12412, 1565, 6455, 41914, 23593, 39046, 30433, 31819, 35059, 56589, 20245, 15311, 49939, 15031, 33749, 33999]
Train Epoch: 1 [23680/60000 (39%)]	Loss: 0.221762
[Train] batch 371 GPA: 0x000000038da01400
[TS] batch371/input: write_done_realtime_ns=1787618977761384386
[GT] batch371 labels=[1, 8, 4, 8, 5, 5, 6, 5, 2, 7, 3, 7, 1, 6, 8, 2, 5, 0, 5, 5, 1, 7, 3, 4, 0, 0, 9, 4, 4, 1, 6, 9, 7, 2, 6, 4, 2, 6, 2, 6, 1, 6, 8, 4, 3, 6, 8, 4, 2, 9, 6, 6, 1, 1, 5, 6, 8, 9, 9, 8, 8, 3, 0, 7] indices=[10669, 30937, 37410, 53508, 59576, 32343, 5071, 18080, 39434, 44818, 35986, 22790, 39546, 13593, 16979, 31063, 6198, 45146, 59170, 26553, 12388, 4977, 13218, 37496, 49953, 55275, 35735, 21017, 18398, 33613, 6178, 5201, 55882, 15680, 9095, 51823, 41335, 49539, 29466, 8908, 12318, 7015, 42617, 36647, 34846, 3136, 24404, 10587, 4576, 12389, 48492, 22435, 1243, 30607, 11417, 17332, 59511, 40984, 7312, 7461, 28742, 59275, 25957, 41148]
[Train] batch 372 GPA: 0x000000038da18a00
[TS] batch372/input: write_done_realtime_ns=1787618977775333193
[GT] batch372 labels=[0, 3, 1, 6, 1, 0, 3, 0, 3, 3, 7, 3, 1, 2, 0, 5, 4, 0, 3, 1, 8, 6, 3, 8, 3, 1, 8, 1, 0, 2, 4, 3, 0, 1, 4, 8, 1, 1, 5, 4, 4, 6, 4, 9, 4, 4, 7, 8, 9, 9, 7, 3, 4, 7, 9, 0, 5, 9, 5, 8, 0, 7, 4, 9] indices=[50127, 47123, 54773, 44963, 40974, 39606, 18542, 7458, 8184, 22770, 18392, 18630, 19850, 23705, 34251, 53172, 1576, 17779, 39744, 25989, 35044, 4867, 58086, 54344, 21625, 6183, 28987, 57571, 25755, 12598, 23549, 18477, 7597, 51779, 34240, 16069, 52622, 32187, 52778, 10912, 1854, 59448, 49146, 13191, 46194, 9887, 56794, 12522, 4894, 44348, 22546, 40858, 53883, 48759, 53276, 7267, 37276, 15593, 52999, 58150, 39498, 37133, 1448, 34651]
[Train] batch 373 GPA: 0x000000038da01400
[TS] batch373/input: write_done_realtime_ns=1787618977789959934
[GT] batch373 labels=[5, 5, 4, 9, 1, 9, 1, 9, 4, 9, 1, 9, 0, 0, 6, 7, 1, 0, 9, 8, 1, 0, 8, 2, 6, 1, 3, 2, 3, 0, 3, 8, 1, 9, 5, 9, 2, 9, 1, 6, 5, 1, 9, 1, 7, 7, 9, 0, 4, 7, 3, 9, 0, 9, 9, 9, 1, 0, 1, 0, 8, 4, 4, 6] indices=[35495, 35147, 11893, 47885, 1703, 59021, 52073, 8669, 24758, 30520, 30210, 11897, 54549, 17106, 40304, 49069, 57169, 1137, 37126, 38841, 18174, 57061, 8889, 35457, 36417, 11079, 54587, 6540, 40109, 27332, 10518, 23562, 8602, 54679, 50383, 43365, 53500, 13971, 54177, 20486, 33575, 41733, 32331, 1579, 12537, 11125, 10361, 14158, 45847, 52528, 12338, 44214, 6970, 17698, 28448, 36988, 41879, 49014, 38664, 47835, 39011, 51337, 52532, 33477]
[Train] batch 374 GPA: 0x000000038da18a00
[TS] batch374/input: write_done_realtime_ns=1787618977803817453
[GT] batch374 labels=[3, 5, 9, 6, 7, 5, 4, 4, 4, 4, 6, 1, 4, 1, 0, 5, 4, 3, 4, 5, 7, 0, 2, 1, 9, 2, 3, 7, 7, 9, 9, 9, 9, 7, 5, 4, 8, 0, 1, 4, 3, 0, 2, 9, 0, 2, 2, 3, 9, 1, 2, 9, 7, 0, 6, 8, 3, 6, 0, 4, 0, 2, 1, 0] indices=[19821, 49527, 53126, 4778, 17031, 16767, 29258, 4283, 33563, 7751, 46229, 7315, 17015, 53436, 6819, 54015, 19599, 6592, 22495, 50395, 9990, 54320, 20910, 7574, 35666, 55070, 26358, 27912, 53258, 59741, 40391, 5219, 2364, 24548, 17722, 32838, 58273, 53270, 40263, 25604, 25535, 58809, 35835, 42993, 36562, 40413, 46083, 21306, 39762, 57888, 9912, 26566, 6862, 49622, 58345, 5763, 24886, 59039, 27547, 9940, 50298, 44565, 26647, 36213]
[Train] batch 375 GPA: 0x000000038da01400
[TS] batch375/input: write_done_realtime_ns=1787618977817575463
[GT] batch375 labels=[9, 3, 5, 8, 1, 3, 9, 5, 7, 2, 8, 5, 1, 1, 0, 7, 7, 9, 7, 7, 0, 3, 0, 6, 4, 5, 0, 3, 9, 4, 2, 0, 3, 4, 2, 7, 8, 8, 9, 6, 4, 5, 0, 0, 3, 6, 5, 7, 0, 6, 0, 7, 8, 7, 7, 9, 3, 4, 9, 0, 3, 8, 2, 8] indices=[18688, 55580, 7840, 46475, 25744, 107, 48569, 31863, 14033, 6944, 48092, 45562, 21401, 23295, 10456, 52330, 22279, 4306, 32247, 42105, 9806, 27786, 21907, 41134, 39891, 15464, 21602, 40462, 56166, 56497, 6492, 45422, 32376, 1006, 28234, 9001, 42473, 11940, 55375, 57233, 59629, 10211, 15189, 11162, 7935, 58423, 58604, 11488, 8046, 27161, 52978, 7314, 2611, 51353, 8517, 36481, 40490, 37080, 45086, 5144, 59001, 56070, 10321, 7775]
[Train] batch 376 GPA: 0x000000038da18a00
[TS] batch376/input: write_done_realtime_ns=1787618977831227823
[GT] batch376 labels=[3, 7, 8, 8, 6, 8, 5, 5, 8, 8, 9, 4, 1, 3, 2, 8, 4, 5, 1, 1, 1, 7, 1, 2, 7, 8, 7, 4, 8, 3, 3, 6, 5, 1, 4, 5, 5, 3, 0, 9, 2, 0, 2, 5, 9, 1, 2, 3, 8, 9, 1, 4, 9, 2, 4, 5, 2, 7, 3, 5, 1, 8, 2, 8] indices=[53231, 41313, 11108, 41622, 630, 56731, 19456, 34602, 37329, 58011, 28765, 15821, 22798, 2114, 51735, 5548, 14193, 25598, 11508, 39417, 56980, 45097, 14021, 50167, 18320, 37768, 16189, 25498, 48028, 54722, 7293, 16425, 24318, 23342, 52721, 20199, 26552, 33002, 5393, 55813, 42319, 46430, 43850, 50250, 56684, 37499, 32611, 40087, 57070, 57423, 47527, 49897, 51609, 18815, 18233, 20881, 4706, 24064, 15850, 22275, 55567, 34966, 48982, 22853]
[Train] batch 377 GPA: 0x000000038da01400
[TS] batch377/input: write_done_realtime_ns=1787618977844929914
[GT] batch377 labels=[3, 4, 0, 5, 4, 2, 1, 3, 6, 2, 5, 4, 0, 5, 8, 9, 5, 6, 0, 1, 3, 0, 2, 7, 9, 4, 8, 2, 4, 9, 0, 4, 6, 3, 8, 1, 0, 1, 1, 4, 5, 2, 6, 7, 9, 7, 5, 6, 9, 1, 7, 9, 2, 5, 2, 9, 3, 4, 7, 8, 8, 6, 8, 3] indices=[34368, 14715, 28325, 37004, 27077, 23794, 19094, 1144, 9341, 19653, 985, 6546, 17334, 44928, 10948, 58680, 49604, 48958, 54221, 14612, 47876, 48207, 2694, 42282, 22765, 43703, 12904, 2073, 24869, 57744, 10221, 21393, 22260, 28633, 22123, 36368, 23273, 31282, 19421, 57499, 42917, 41466, 23687, 59894, 37026, 25201, 26803, 55367, 28383, 36509, 17054, 29980, 9509, 27154, 55789, 29724, 37692, 54112, 51691, 15988, 58475, 48594, 8730, 38086]
[Train] batch 378 GPA: 0x000000038da18a00
[TS] batch378/input: write_done_realtime_ns=1787618977858956490
[GT] batch378 labels=[7, 0, 4, 7, 2, 6, 4, 5, 9, 7, 6, 1, 6, 2, 8, 2, 2, 4, 7, 2, 9, 4, 9, 3, 1, 0, 7, 4, 1, 5, 4, 1, 5, 0, 0, 0, 4, 3, 7, 6, 6, 0, 9, 0, 5, 0, 6, 8, 9, 1, 8, 7, 8, 9, 9, 6, 0, 2, 8, 3, 5, 1, 9, 7] indices=[7679, 38802, 828, 45570, 10785, 54885, 39255, 46759, 1399, 34079, 22702, 33441, 25572, 56752, 35928, 51898, 714, 59219, 17486, 48811, 35118, 7426, 19239, 39143, 58434, 44900, 19424, 36773, 10342, 19219, 14176, 55335, 34128, 55892, 3734, 32210, 35256, 56823, 8959, 32876, 770, 53670, 27260, 38706, 26360, 52554, 50506, 15664, 3000, 31366, 46817, 2522, 26681, 20871, 52270, 41149, 44696, 27376, 41931, 36803, 27224, 1815, 16967, 26659]
[Train] batch 379 GPA: 0x000000038da01400
[TS] batch379/input: write_done_realtime_ns=1787618977872858109
[GT] batch379 labels=[0, 5, 5, 9, 2, 7, 2, 4, 7, 2, 8, 6, 0, 5, 6, 6, 3, 7, 7, 5, 0, 3, 5, 4, 2, 8, 8, 7, 0, 2, 6, 9, 7, 5, 1, 1, 7, 5, 6, 6, 2, 7, 5, 7, 8, 8, 0, 8, 5, 6, 9, 1, 5, 1, 3, 3, 6, 9, 7, 7, 2, 4, 9, 0] indices=[50151, 50071, 31149, 1632, 5656, 55452, 26850, 33638, 43911, 53644, 53872, 43457, 35064, 30315, 9295, 57010, 43853, 48404, 11119, 1311, 633, 22218, 32582, 19531, 19069, 59813, 42575, 58528, 23495, 6773, 39589, 1659, 57885, 23632, 6082, 9332, 21387, 54862, 58157, 55956, 28879, 305, 12770, 12116, 41092, 57216, 51375, 2215, 15915, 27655, 34031, 51908, 7112, 17240, 56504, 37703, 29149, 15268, 35260, 46340, 16030, 23033, 28330, 41374]
[Train] batch 380 GPA: 0x000000038da18a00
[TS] batch380/input: write_done_realtime_ns=1787618977886504569
[GT] batch380 labels=[3, 6, 0, 5, 4, 1, 3, 9, 6, 7, 2, 1, 3, 1, 9, 2, 0, 8, 1, 4, 4, 7, 0, 2, 3, 2, 2, 0, 1, 7, 7, 7, 4, 1, 7, 4, 7, 7, 8, 3, 8, 3, 4, 1, 6, 5, 3, 1, 2, 8, 0, 0, 5, 8, 5, 0, 5, 9, 8, 1, 8, 9, 8, 7] indices=[42545, 39251, 39494, 6389, 53713, 24126, 7861, 44081, 10149, 17813, 53862, 34945, 40483, 54968, 27654, 23310, 46054, 18419, 28969, 23713, 52988, 15895, 54900, 10824, 57886, 46028, 37638, 28456, 37518, 25985, 19372, 32599, 37731, 25253, 9665, 7863, 15689, 30560, 52037, 12812, 13677, 42083, 55925, 24918, 597, 53942, 1863, 31017, 56069, 27105, 23093, 15759, 43218, 52349, 3467, 21064, 32507, 14409, 32502, 8811, 3495, 29472, 28206, 57365]
Train Epoch: 1 [24320/60000 (41%)]	Loss: 0.039360
[Train] batch 381 GPA: 0x000000038da01400
[TS] batch381/input: write_done_realtime_ns=1787618977900811633
[GT] batch381 labels=[5, 4, 7, 8, 1, 6, 3, 9, 7, 2, 7, 5, 7, 6, 1, 5, 6, 3, 7, 2, 8, 9, 6, 5, 8, 5, 5, 6, 2, 0, 9, 6, 9, 1, 5, 7, 1, 8, 7, 9, 5, 3, 3, 3, 6, 8, 1, 0, 9, 8, 7, 5, 7, 2, 2, 0, 9, 4, 3, 7, 3, 3, 7, 7] indices=[47949, 58823, 42163, 24026, 9884, 38104, 33371, 13050, 11059, 7654, 16848, 58877, 45637, 26920, 39695, 32699, 34492, 17421, 55863, 16675, 47719, 7798, 44346, 25273, 46998, 9858, 29880, 10591, 15603, 31393, 36062, 56446, 7647, 49888, 55075, 19800, 58451, 33251, 2488, 40772, 33044, 5092, 48325, 14548, 3960, 48528, 55499, 29718, 16008, 25620, 43108, 37375, 36069, 26541, 55316, 46703, 13323, 26074, 18939, 24662, 8537, 878, 50520, 411]
[Train] batch 382 GPA: 0x000000038da18a00
[TS] batch382/input: write_done_realtime_ns=1787618977914555263
[GT] batch382 labels=[0, 7, 2, 5, 1, 3, 1, 1, 4, 7, 7, 2, 1, 2, 3, 0, 5, 3, 0, 7, 8, 1, 3, 2, 4, 5, 1, 6, 1, 3, 9, 4, 9, 7, 0, 6, 1, 6, 2, 2, 1, 4, 1, 3, 9, 9, 9, 8, 4, 0, 9, 2, 6, 1, 9, 9, 2, 9, 5, 6, 5, 2, 2, 0] indices=[39856, 41336, 37812, 22393, 30176, 50265, 35270, 32326, 15294, 21462, 30558, 57398, 24900, 57331, 9411, 49780, 28874, 39619, 48025, 21693, 7376, 16086, 45328, 15846, 33115, 10182, 40864, 28797, 57022, 59104, 21551, 30316, 14332, 39056, 27859, 4827, 10508, 31411, 22047, 35128, 15300, 51722, 17367, 48599, 50867, 42315, 14931, 18614, 24114, 1179, 56996, 9318, 31203, 53664, 39428, 11527, 26031, 1173, 59574, 20291, 29150, 19087, 47321, 2436]
[Train] batch 383 GPA: 0x000000038da01400
[TS] batch383/input: write_done_realtime_ns=1787618977928412892
[GT] batch383 labels=[3, 6, 6, 4, 9, 6, 4, 0, 6, 3, 5, 7, 5, 7, 7, 9, 5, 2, 9, 1, 9, 3, 9, 2, 6, 1, 8, 9, 3, 0, 1, 2, 1, 3, 2, 8, 9, 9, 2, 7, 2, 8, 3, 5, 1, 1, 7, 7, 8, 8, 3, 4, 0, 4, 6, 0, 2, 6, 6, 7, 0, 1, 4, 4] indices=[55377, 59885, 58766, 13650, 31218, 42027, 21442, 6875, 46167, 15606, 38604, 13199, 29572, 42549, 40018, 34439, 38546, 30485, 25446, 20018, 43193, 20587, 3511, 23117, 23223, 21334, 55156, 49669, 26554, 19009, 41859, 53284, 26099, 42909, 48877, 13016, 37534, 3481, 39398, 56531, 26741, 33514, 37085, 17665, 39843, 33417, 21885, 24599, 20015, 50015, 27152, 3503, 47247, 1613, 30945, 42270, 44362, 53148, 33927, 51088, 4608, 46598, 49479, 4633]
[Train] batch 384 GPA: 0x000000038da18a00
[TS] batch384/input: write_done_realtime_ns=1787618977942076343
[GT] batch384 labels=[6, 7, 1, 3, 3, 3, 0, 3, 8, 6, 8, 2, 4, 9, 4, 9, 6, 4, 1, 0, 3, 9, 2, 3, 0, 6, 6, 6, 1, 8, 9, 5, 9, 0, 8, 1, 6, 1, 5, 7, 7, 5, 8, 2, 1, 6, 1, 8, 6, 9, 7, 3, 6, 2, 8, 4, 7, 8, 0, 3, 5, 3, 5, 5] indices=[16349, 42296, 9312, 31602, 38983, 25034, 19664, 40382, 57404, 39650, 17628, 48220, 4125, 41375, 44885, 38999, 16410, 20468, 54485, 949, 10390, 50522, 5236, 1661, 28690, 32500, 18403, 54403, 19830, 31292, 42516, 47768, 58717, 17549, 25117, 37285, 6828, 41386, 29760, 54606, 15465, 22463, 20524, 36573, 35359, 38780, 9796, 18205, 28867, 23061, 48724, 4512, 59775, 2309, 35307, 17694, 24873, 23987, 46039, 43666, 18778, 15938, 13336, 8639]
[Train] batch 385 GPA: 0x000000038da01400
[TS] batch385/input: write_done_realtime_ns=1787618977955669134
[GT] batch385 labels=[0, 7, 8, 3, 9, 2, 0, 8, 6, 6, 7, 1, 0, 6, 8, 2, 9, 4, 5, 7, 0, 8, 6, 0, 7, 5, 9, 1, 4, 0, 3, 3, 4, 3, 5, 7, 7, 0, 0, 2, 4, 9, 3, 1, 1, 2, 0, 7, 6, 9, 2, 4, 7, 2, 4, 1, 2, 4, 6, 8, 5, 7, 0, 3] indices=[47923, 22381, 8371, 52371, 40656, 24014, 37467, 8327, 48116, 1686, 3060, 24013, 28973, 13622, 6322, 15107, 39997, 373, 51495, 8217, 23845, 3073, 7342, 56556, 56432, 42085, 7256, 12647, 29879, 23120, 6398, 42137, 47365, 9289, 58872, 14871, 38537, 52629, 18319, 37601, 9984, 18060, 3938, 33580, 50931, 57358, 11451, 10590, 12851, 13687, 15736, 36243, 58932, 37462, 23692, 26827, 25548, 6901, 11132, 11210, 13716, 22791, 37883, 14420]
[Train] batch 386 GPA: 0x000000038da18a00
[TS] batch386/input: write_done_realtime_ns=1787618977969471434
[GT] batch386 labels=[1, 2, 3, 7, 1, 3, 7, 3, 0, 6, 0, 4, 0, 6, 5, 2, 1, 0, 0, 1, 0, 3, 4, 9, 8, 6, 6, 2, 6, 2, 1, 5, 0, 9, 8, 5, 8, 4, 0, 6, 9, 4, 9, 7, 4, 0, 9, 3, 7, 5, 7, 5, 1, 8, 7, 8, 5, 4, 5, 3, 1, 0, 8, 9] indices=[28815, 4457, 1021, 3167, 7971, 22408, 32835, 11719, 5690, 14339, 52625, 2032, 48612, 52273, 17118, 10941, 16699, 4951, 50070, 58238, 17881, 35231, 47128, 52055, 8920, 13565, 51066, 23847, 41157, 47603, 34164, 58515, 45741, 4050, 14382, 2727, 55022, 53576, 22932, 32633, 23867, 44190, 44992, 34265, 2034, 22344, 21356, 34105, 5447, 29705, 7770, 54640, 38522, 23631, 43356, 49744, 4723, 58980, 11402, 44240, 25513, 40262, 21578, 54538]
[Train] batch 387 GPA: 0x000000038da01400
[TS] batch387/input: write_done_realtime_ns=1787618977982968126
[GT] batch387 labels=[3, 1, 1, 8, 2, 5, 2, 3, 3, 1, 1, 8, 0, 4, 1, 8, 1, 6, 2, 6, 6, 3, 8, 5, 8, 8, 2, 4, 6, 6, 1, 5, 7, 7, 3, 7, 9, 1, 0, 0, 6, 0, 9, 7, 9, 6, 7, 0, 7, 1, 4, 6, 1, 7, 1, 3, 9, 4, 3, 7, 4, 1, 5, 9] indices=[32610, 3380, 1528, 22141, 9850, 17097, 1947, 9303, 27212, 19394, 42932, 37281, 31277, 25856, 51447, 42383, 15865, 13427, 31267, 56399, 18982, 29097, 30870, 42705, 54030, 13017, 54866, 41093, 31231, 16822, 6925, 33555, 58690, 57431, 59631, 2391, 14662, 20058, 23728, 41341, 34255, 1963, 54069, 36762, 10977, 59549, 27906, 55354, 12287, 28153, 51368, 19040, 7996, 52110, 3487, 43204, 29975, 39245, 15945, 2691, 36379, 35897, 44563, 4466]
[Train] batch 388 GPA: 0x000000038da18a00
[TS] batch388/input: write_done_realtime_ns=1787618977996811775
[GT] batch388 labels=[8, 5, 1, 7, 5, 7, 8, 0, 4, 2, 3, 5, 1, 3, 2, 3, 6, 4, 7, 4, 3, 3, 6, 2, 6, 2, 0, 2, 3, 5, 8, 1, 5, 9, 8, 5, 7, 4, 2, 0, 2, 7, 1, 5, 9, 5, 1, 9, 2, 0, 5, 0, 5, 6, 2, 9, 1, 6, 5, 1, 6, 2, 3, 6] indices=[57901, 43936, 47187, 42146, 3921, 19668, 37771, 40649, 12612, 20786, 17997, 31252, 920, 23024, 50495, 18099, 51293, 9701, 59552, 20956, 45597, 9685, 52514, 37491, 11117, 36209, 28457, 36614, 58339, 13229, 3891, 55786, 1847, 2795, 2067, 44651, 24702, 54294, 47226, 10755, 33659, 12143, 3532, 1721, 38154, 56339, 41104, 36655, 46940, 41108, 50904, 34511, 6712, 25358, 39146, 40317, 55279, 41257, 11492, 37455, 39506, 31958, 31788, 15234]
[Train] batch 389 GPA: 0x000000038da01400
[TS] batch389/input: write_done_realtime_ns=1787618978011754771
[GT] batch389 labels=[6, 8, 1, 3, 5, 8, 1, 3, 4, 9, 0, 9, 6, 7, 9, 5, 3, 8, 4, 1, 7, 9, 1, 3, 1, 2, 9, 9, 1, 9, 9, 0, 5, 5, 1, 5, 1, 7, 4, 2, 0, 2, 0, 3, 5, 2, 9, 1, 6, 3, 8, 3, 0, 9, 6, 8, 5, 7, 2, 7, 2, 1, 8, 9] indices=[54929, 16820, 44548, 13983, 6068, 52389, 45641, 46709, 43231, 6460, 232, 8750, 33572, 22052, 14057, 30595, 54724, 37710, 57371, 19058, 36969, 42459, 18270, 6585, 18016, 42830, 44244, 10955, 10983, 17107, 15601, 25399, 5904, 1592, 21173, 40748, 13413, 14911, 22968, 39006, 35639, 9284, 38816, 30885, 51234, 18499, 56257, 5966, 56862, 20201, 12777, 57806, 14752, 21872, 51386, 1453, 20914, 8980, 51633, 17163, 20629, 35880, 42979, 8558]
[Train] batch 390 GPA: 0x000000038da18a00
[TS] batch390/input: write_done_realtime_ns=1787618978025924376
[GT] batch390 labels=[0, 2, 3, 8, 8, 7, 3, 6, 7, 8, 7, 7, 5, 6, 9, 4, 1, 6, 5, 1, 5, 6, 4, 2, 7, 1, 9, 0, 8, 8, 6, 8, 2, 7, 3, 2, 4, 7, 0, 7, 6, 3, 4, 5, 9, 5, 0, 5, 6, 9, 0, 0, 2, 8, 5, 4, 6, 2, 7, 3, 0, 2, 2, 8] indices=[23914, 59093, 56975, 52913, 17825, 19379, 37065, 27702, 44590, 33460, 15127, 55756, 25793, 6013, 49988, 41307, 21479, 45593, 49348, 27920, 40674, 57823, 5293, 19673, 20740, 29143, 4668, 13203, 43788, 5696, 37195, 34225, 6231, 55700, 59242, 5758, 51445, 26602, 19770, 49662, 3294, 49431, 32895, 28886, 37887, 1638, 31082, 3378, 59503, 57854, 26665, 21256, 30533, 31765, 25111, 24258, 14973, 12234, 38819, 37795, 36506, 17464, 13401, 15897]
Train Epoch: 1 [24960/60000 (42%)]	Loss: 0.094385
[Train] batch 391 GPA: 0x000000038da01400
[TS] batch391/input: write_done_realtime_ns=1787618978039652266
[GT] batch391 labels=[8, 6, 2, 5, 3, 8, 0, 7, 9, 0, 7, 7, 5, 4, 7, 0, 4, 1, 4, 8, 7, 8, 3, 7, 9, 4, 4, 4, 1, 5, 1, 3, 9, 9, 2, 4, 3, 3, 0, 0, 9, 3, 2, 3, 6, 0, 1, 8, 4, 5, 4, 4, 3, 4, 4, 5, 7, 3, 3, 2, 6, 7, 3, 9] indices=[4468, 43485, 8582, 41277, 54746, 37434, 29205, 47262, 35085, 26713, 9747, 28379, 59553, 29779, 8576, 28274, 51853, 55155, 50299, 47563, 31684, 27733, 14736, 59739, 25212, 40912, 28036, 38960, 11093, 38931, 8, 23357, 54386, 7155, 9772, 17417, 45171, 6170, 8021, 17200, 900, 2960, 49762, 26306, 40751, 23940, 28836, 13597, 19414, 15041, 5969, 24087, 52940, 22480, 11598, 16028, 52460, 7455, 35045, 15966, 14256, 13814, 57897, 19885]
[Train] batch 392 GPA: 0x000000038da18a00
[TS] batch392/input: write_done_realtime_ns=1787618978053289548
[GT] batch392 labels=[5, 3, 3, 0, 5, 7, 6, 0, 3, 6, 7, 9, 3, 4, 6, 3, 2, 5, 3, 6, 8, 8, 1, 7, 6, 6, 0, 3, 4, 5, 8, 9, 8, 0, 7, 8, 1, 9, 3, 5, 6, 1, 3, 1, 9, 3, 5, 5, 1, 8, 8, 2, 3, 4, 0, 2, 4, 5, 0, 8, 7, 8, 2, 5] indices=[45233, 874, 49149, 12008, 18189, 55809, 28170, 59353, 11155, 46491, 9560, 19586, 24414, 21130, 55994, 7784, 22800, 40966, 37124, 6024, 46450, 53728, 25129, 37835, 24257, 7887, 44766, 895, 21037, 56720, 23890, 18935, 39201, 19974, 47464, 48726, 25027, 6751, 15297, 51392, 23247, 35722, 49771, 38463, 9407, 35574, 39946, 24650, 39838, 59844, 8181, 47530, 7097, 754, 41616, 16351, 58906, 55342, 1168, 2349, 8123, 4705, 56222, 6504]
[Train] batch 393 GPA: 0x000000038da01400
[TS] batch393/input: write_done_realtime_ns=1787618978067054478
[GT] batch393 labels=[3, 0, 2, 9, 9, 4, 2, 5, 0, 4, 3, 4, 8, 3, 5, 3, 8, 0, 9, 3, 0, 8, 4, 0, 1, 5, 5, 1, 4, 9, 7, 1, 3, 7, 0, 2, 2, 3, 9, 4, 4, 9, 1, 7, 4, 1, 4, 1, 4, 9, 3, 4, 9, 6, 5, 8, 5, 5, 4, 7, 8, 5, 2, 2] indices=[17037, 8274, 30487, 55949, 15881, 18708, 13922, 14435, 19166, 22064, 35336, 52515, 42749, 48324, 27353, 52917, 14128, 27580, 13739, 47481, 41228, 32717, 26106, 44730, 32070, 20935, 1032, 30372, 1215, 34292, 2673, 29033, 42215, 48955, 7485, 50913, 1602, 29875, 52034, 30464, 24169, 35593, 51252, 32681, 24604, 42184, 7227, 17259, 12873, 58236, 17993, 9586, 58385, 52387, 32923, 36413, 6830, 36091, 54245, 20019, 46614, 48774, 11458, 18215]
[Train] batch 394 GPA: 0x000000038da18a00
[TS] batch394/input: write_done_realtime_ns=1787618978080826356
[GT] batch394 labels=[1, 4, 5, 8, 0, 6, 4, 7, 2, 3, 0, 6, 9, 4, 6, 3, 8, 4, 8, 2, 1, 0, 4, 8, 4, 4, 8, 1, 9, 1, 3, 8, 1, 7, 0, 4, 1, 0, 4, 9, 0, 7, 5, 4, 4, 8, 9, 0, 3, 1, 0, 0, 6, 4, 8, 1, 2, 1, 0, 7, 0, 0, 6, 5] indices=[13903, 41342, 3289, 20020, 48200, 26439, 19138, 49719, 40607, 53803, 44598, 57015, 34126, 46401, 31147, 40618, 28751, 45538, 58424, 48887, 28110, 19203, 39844, 54216, 38131, 38500, 40571, 25416, 48159, 7317, 23221, 12242, 18516, 5579, 40246, 56833, 51197, 869, 44581, 4323, 40108, 59513, 49785, 33070, 54156, 50277, 1733, 40396, 10097, 58741, 24388, 54832, 41273, 1180, 41699, 17125, 31002, 20884, 50424, 11766, 16519, 22978, 47932, 2900]
[Train] batch 395 GPA: 0x000000038da01400
[TS] batch395/input: write_done_realtime_ns=1787618978094418199
[GT] batch395 labels=[8, 7, 0, 5, 9, 9, 7, 0, 0, 9, 2, 2, 0, 7, 9, 5, 0, 6, 8, 7, 8, 0, 4, 3, 7, 9, 0, 5, 2, 4, 9, 8, 3, 2, 5, 8, 6, 2, 3, 0, 2, 5, 9, 7, 6, 5, 1, 9, 3, 1, 1, 3, 5, 2, 3, 8, 8, 4, 3, 8, 7, 8, 1, 6] indices=[23092, 28558, 13184, 45423, 36196, 14493, 46473, 20958, 41614, 7805, 39939, 5715, 20141, 10835, 39993, 46941, 47581, 49910, 28419, 56356, 29082, 24755, 23618, 37013, 45804, 56237, 39623, 35903, 28611, 36466, 57175, 6897, 9829, 4446, 42955, 8867, 57578, 24390, 42526, 28295, 51569, 13747, 54667, 4725, 32783, 29384, 2811, 22471, 46425, 24397, 33769, 50297, 23508, 19919, 42775, 40453, 51510, 43604, 30002, 30964, 24022, 40814, 31862, 12147]
[Train] batch 396 GPA: 0x000000038da18a00
[TS] batch396/input: write_done_realtime_ns=1787618978108032900
[GT] batch396 labels=[0, 4, 7, 6, 7, 2, 6, 2, 0, 5, 4, 6, 9, 8, 1, 8, 9, 2, 0, 0, 3, 6, 6, 6, 5, 3, 4, 2, 6, 8, 8, 1, 5, 9, 8, 3, 0, 2, 7, 7, 2, 0, 2, 1, 4, 3, 1, 1, 8, 6, 7, 8, 7, 2, 7, 0, 8, 9, 5, 9, 9, 9, 6, 1] indices=[52698, 50014, 35871, 29327, 59323, 40686, 34012, 1374, 40803, 32324, 3701, 18611, 25515, 24791, 11287, 11425, 23745, 8204, 41052, 20840, 5392, 26900, 43804, 45291, 29916, 47643, 19810, 47043, 4517, 35958, 33813, 51767, 44625, 40283, 10499, 47749, 38893, 53762, 10496, 22753, 48841, 3876, 14378, 50356, 6483, 18675, 56865, 29598, 39559, 54847, 33037, 17027, 39305, 37631, 13883, 7371, 20363, 44085, 30405, 30782, 40073, 31767, 14732, 15154]
[Train] batch 397 GPA: 0x000000038da01400
[TS] batch397/input: write_done_realtime_ns=1787618978122574311
[GT] batch397 labels=[8, 2, 7, 5, 1, 2, 4, 6, 6, 1, 5, 0, 5, 9, 7, 6, 8, 6, 1, 7, 1, 9, 4, 5, 5, 5, 9, 3, 7, 2, 5, 1, 2, 6, 7, 5, 2, 1, 7, 7, 7, 9, 3, 9, 6, 4, 9, 7, 5, 8, 8, 8, 1, 1, 8, 5, 9, 6, 2, 3, 6, 0, 3, 3] indices=[831, 57964, 36115, 21139, 33675, 50563, 34389, 20523, 17626, 40015, 56947, 13230, 29462, 51318, 19527, 57971, 38434, 13010, 32863, 47170, 43017, 23552, 52155, 6200, 26017, 35041, 27815, 29104, 20509, 47036, 56587, 45974, 29085, 14109, 12896, 16682, 42168, 18790, 18537, 54818, 12993, 13996, 48722, 55636, 39137, 35144, 21165, 7943, 6195, 47748, 16790, 17859, 26144, 4492, 22499, 37584, 47712, 36746, 27957, 48682, 12423, 20731, 21129, 10796]
[Train] batch 398 GPA: 0x000000038da18a00
[TS] batch398/input: write_done_realtime_ns=1787618978136620298
[GT] batch398 labels=[1, 8, 6, 6, 9, 1, 2, 7, 0, 7, 2, 8, 6, 6, 5, 0, 8, 8, 1, 6, 1, 5, 5, 0, 8, 4, 8, 6, 5, 0, 6, 0, 1, 1, 2, 4, 8, 6, 9, 8, 2, 4, 0, 6, 0, 3, 7, 2, 4, 3, 5, 6, 9, 0, 1, 6, 8, 9, 6, 6, 5, 1, 9, 0] indices=[38750, 22163, 45635, 49403, 24061, 32306, 1334, 41184, 48719, 57646, 8591, 16920, 43678, 28377, 23671, 51336, 52573, 50191, 6002, 24726, 49919, 28455, 57327, 21078, 39731, 37546, 42060, 16667, 47039, 51466, 37801, 28784, 19051, 5245, 20874, 18717, 15678, 42694, 54166, 19928, 19545, 26588, 49354, 15957, 14629, 20797, 28061, 1510, 42116, 28265, 59525, 20701, 16067, 58386, 42040, 18608, 20648, 15323, 20076, 27208, 23597, 43261, 3662, 42456]
[Train] batch 399 GPA: 0x000000038da01400
[TS] batch399/input: write_done_realtime_ns=1787618978150205059
[GT] batch399 labels=[9, 4, 7, 1, 3, 8, 1, 4, 9, 4, 1, 0, 2, 6, 7, 3, 6, 0, 7, 6, 2, 5, 7, 3, 7, 8, 5, 9, 9, 9, 8, 9, 2, 7, 2, 8, 2, 7, 8, 6, 1, 1, 3, 0, 7, 5, 4, 3, 1, 0, 0, 7, 9, 5, 0, 9, 4, 9, 2, 1, 8, 2, 2, 9] indices=[20103, 14194, 40239, 9487, 22024, 23405, 51509, 27586, 39657, 46402, 20178, 58649, 22100, 12201, 11166, 59151, 14083, 31470, 46938, 30770, 25281, 47296, 25748, 52038, 9955, 54585, 48561, 44701, 57638, 34940, 13204, 21835, 49936, 34618, 50899, 2077, 46556, 18682, 16172, 55390, 711, 8471, 19500, 1489, 48146, 10798, 51135, 11114, 42098, 38232, 21910, 59056, 44741, 43568, 56512, 7811, 41319, 52030, 22606, 20083, 48407, 4701, 56301, 14120]
[Train] batch 400 GPA: 0x000000038da18a00
[TS] batch400/input: write_done_realtime_ns=1787618978163979320
[GT] batch400 labels=[3, 0, 3, 5, 0, 6, 7, 4, 4, 7, 9, 5, 1, 4, 0, 1, 2, 2, 5, 9, 5, 9, 3, 9, 5, 0, 8, 0, 1, 6, 5, 7, 6, 0, 4, 6, 3, 2, 0, 1, 6, 6, 3, 5, 2, 1, 8, 4, 7, 8, 9, 5, 2, 1, 1, 8, 7, 9, 6, 3, 3, 7, 4, 0] indices=[53691, 4729, 11788, 28865, 1367, 44077, 54372, 33720, 37176, 31066, 32679, 16494, 2094, 53613, 49342, 17279, 35405, 3165, 3416, 19558, 10894, 18733, 1677, 55957, 29404, 17411, 25321, 58362, 8491, 59752, 44554, 54529, 24003, 41806, 5796, 32119, 54258, 28985, 399, 46930, 8072, 49401, 41471, 44383, 7567, 37618, 54726, 35186, 14757, 8125, 41599, 54283, 14369, 28094, 6521, 55081, 13512, 744, 29275, 15472, 3893, 44965, 26510, 10425]
Train Epoch: 1 [25600/60000 (43%)]	Loss: 0.131049
[Train] batch 401 GPA: 0x000000038da01400
[TS] batch401/input: write_done_realtime_ns=1787618978177803598
[GT] batch401 labels=[6, 7, 6, 9, 6, 8, 6, 7, 3, 6, 4, 1, 8, 2, 8, 3, 8, 7, 8, 5, 4, 8, 4, 3, 4, 4, 8, 4, 4, 6, 6, 9, 7, 7, 1, 6, 5, 9, 3, 2, 0, 2, 8, 2, 8, 1, 5, 6, 4, 9, 3, 6, 8, 3, 1, 2, 5, 8, 2, 1, 7, 1, 1, 6] indices=[31626, 16978, 35047, 46578, 26889, 36865, 49505, 45697, 24407, 16792, 13363, 50194, 59926, 53876, 57121, 25996, 45737, 41095, 8732, 7449, 46745, 40957, 39522, 36815, 29914, 29747, 3152, 39525, 49162, 22035, 56916, 21756, 31398, 56064, 21051, 13261, 35977, 4320, 18485, 36072, 28030, 24612, 4148, 55170, 46135, 39818, 12386, 28585, 13251, 4092, 3835, 56179, 10061, 21877, 41409, 13627, 51492, 29422, 41460, 21979, 48105, 8124, 54182, 16258]
[Train] batch 402 GPA: 0x000000038da18a00
[TS] batch402/input: write_done_realtime_ns=1787618978191436400
[GT] batch402 labels=[6, 3, 2, 8, 8, 5, 0, 2, 1, 2, 9, 3, 4, 7, 2, 0, 6, 9, 2, 9, 7, 1, 3, 4, 7, 7, 7, 3, 1, 8, 3, 7, 6, 0, 9, 8, 8, 1, 7, 7, 0, 2, 2, 1, 4, 8, 3, 3, 6, 9, 1, 7, 3, 7, 7, 8, 7, 2, 7, 4, 9, 0, 5, 6] indices=[36725, 7150, 31634, 21705, 56985, 26862, 42783, 32216, 36215, 9862, 24659, 4719, 28996, 36873, 3313, 43258, 52534, 41395, 54893, 12674, 45951, 22025, 31667, 57144, 15646, 10609, 22183, 36946, 14, 38452, 41629, 14094, 5561, 51669, 45007, 21045, 50524, 26429, 5565, 46147, 41743, 40155, 45906, 3831, 56797, 15950, 31722, 37082, 55536, 37781, 14312, 34454, 21580, 38246, 57334, 39238, 53060, 14273, 58078, 57721, 27515, 36468, 45894, 8305]
[Train] batch 403 GPA: 0x000000038da01400
[TS] batch403/input: write_done_realtime_ns=1787618978205324468
[GT] batch403 labels=[0, 4, 9, 1, 3, 8, 0, 7, 4, 9, 6, 5, 0, 3, 6, 8, 6, 4, 3, 7, 0, 2, 5, 5, 1, 3, 9, 0, 1, 9, 1, 1, 1, 6, 9, 6, 1, 9, 0, 4, 3, 4, 7, 7, 4, 3, 2, 3, 9, 4, 6, 6, 2, 0, 2, 6, 7, 1, 7, 3, 0, 3, 4, 5] indices=[1877, 36518, 45227, 25364, 49746, 4677, 54010, 10215, 35759, 51942, 12902, 18366, 25305, 21381, 43420, 49044, 19002, 31403, 23439, 40638, 24940, 6211, 54510, 36658, 13025, 35911, 980, 47816, 33105, 18744, 26687, 36908, 56208, 53005, 55435, 45141, 21070, 35218, 56704, 35075, 2931, 58987, 59839, 50999, 42766, 14107, 31935, 23799, 48633, 20297, 30114, 23839, 23982, 56318, 22524, 8846, 4784, 5731, 55971, 16503, 56174, 54398, 22461, 34391]
[Train] batch 404 GPA: 0x000000038da18a00
[TS] batch404/input: write_done_realtime_ns=1787618978219025198
[GT] batch404 labels=[0, 8, 3, 5, 3, 4, 8, 8, 7, 5, 3, 0, 3, 4, 5, 6, 6, 9, 8, 9, 1, 7, 4, 3, 7, 6, 1, 1, 4, 6, 8, 9, 7, 3, 2, 4, 7, 1, 8, 7, 6, 8, 3, 4, 3, 4, 1, 8, 5, 0, 4, 0, 0, 5, 8, 5, 6, 0, 8, 0, 5, 8, 1, 5] indices=[27811, 8269, 35796, 42449, 7225, 43487, 41046, 17768, 12123, 52870, 5284, 8309, 54780, 41109, 26615, 54823, 15386, 51297, 23769, 334, 7022, 7085, 44496, 17467, 384, 29389, 24322, 5824, 53850, 52412, 5360, 15653, 20296, 8884, 42936, 26546, 23386, 22850, 14626, 41479, 54425, 31889, 16453, 2647, 46221, 26758, 48793, 15879, 16844, 51546, 21830, 44040, 58256, 56838, 42923, 956, 57675, 55152, 39995, 1712, 10288, 40012, 38561, 55010]
[Train] batch 405 GPA: 0x000000038da01400
[TS] batch405/input: write_done_realtime_ns=1787618978233105924
[GT] batch405 labels=[1, 5, 5, 4, 9, 8, 2, 1, 2, 1, 8, 4, 3, 3, 3, 8, 7, 2, 7, 6, 6, 9, 1, 7, 1, 7, 1, 6, 5, 0, 1, 9, 9, 6, 3, 2, 4, 5, 9, 9, 8, 6, 4, 5, 9, 1, 8, 6, 5, 1, 6, 7, 2, 2, 0, 9, 6, 6, 5, 1, 3, 7, 9, 7] indices=[58985, 26857, 51278, 54452, 40050, 50738, 42717, 28724, 7706, 49899, 54749, 4939, 5408, 19967, 27527, 19603, 34807, 59415, 16915, 17001, 45622, 7016, 59233, 47931, 23892, 12491, 30721, 13468, 46990, 5883, 41249, 20316, 38003, 44114, 15647, 52987, 55178, 38222, 57487, 5426, 23190, 48706, 24912, 32547, 50373, 40831, 33668, 701, 24910, 41210, 51406, 21732, 19391, 1755, 50042, 24596, 35810, 47214, 20793, 11057, 41689, 24443, 47017, 8401]
[Train] batch 406 GPA: 0x000000038da18a00
[TS] batch406/input: write_done_realtime_ns=1787618978246734924
[GT] batch406 labels=[6, 5, 1, 3, 7, 3, 4, 3, 1, 3, 9, 4, 5, 4, 1, 0, 2, 3, 2, 5, 6, 9, 6, 1, 6, 1, 2, 8, 4, 9, 3, 5, 8, 2, 2, 8, 1, 3, 0, 9, 2, 2, 7, 8, 6, 7, 5, 0, 0, 8, 5, 3, 1, 7, 8, 1, 8, 2, 2, 2, 2, 9, 1, 2] indices=[41842, 53973, 15789, 34642, 40311, 32664, 3639, 28561, 24863, 18549, 1695, 58994, 37865, 35429, 48645, 15734, 28494, 56994, 56922, 35187, 47239, 16808, 6473, 51672, 12090, 49731, 6039, 26996, 45834, 38082, 56383, 41539, 32622, 57500, 12718, 7479, 42731, 29182, 22297, 38704, 37766, 48462, 23094, 32253, 37905, 46042, 21671, 22658, 49200, 43333, 45344, 19834, 33188, 6115, 56254, 53563, 27027, 19031, 1010, 34326, 57956, 55642, 23318, 54484]
[Train] batch 407 GPA: 0x000000038da01400
[TS] batch407/input: write_done_realtime_ns=1787618978260295996
[GT] batch407 labels=[0, 3, 3, 2, 9, 6, 9, 7, 7, 2, 4, 8, 8, 3, 1, 5, 0, 4, 4, 5, 9, 3, 9, 2, 9, 6, 6, 5, 6, 6, 4, 6, 4, 5, 3, 7, 7, 7, 1, 9, 9, 8, 9, 4, 9, 7, 4, 3, 6, 0, 5, 2, 3, 9, 2, 4, 5, 1, 8, 2, 7, 5, 4, 7] indices=[6117, 4615, 56449, 13019, 471, 37218, 22, 41601, 4354, 43101, 44535, 8584, 40467, 5967, 15073, 49503, 26656, 4297, 57375, 18234, 9437, 36555, 741, 43002, 56944, 8206, 57656, 10280, 39320, 13282, 5944, 2822, 4436, 59947, 42150, 45466, 21478, 36283, 37897, 6520, 12175, 28364, 40063, 23936, 25528, 10315, 33165, 48076, 54933, 21319, 1806, 16794, 12667, 28354, 3765, 15347, 2999, 38558, 6962, 56009, 12601, 18925, 33650, 26446]
[Train] batch 408 GPA: 0x000000038da18a00
[TS] batch408/input: write_done_realtime_ns=1787618978273941347
[GT] batch408 labels=[2, 3, 6, 3, 6, 7, 7, 9, 1, 4, 1, 1, 5, 1, 3, 0, 9, 4, 3, 9, 7, 0, 5, 3, 4, 2, 4, 8, 0, 0, 0, 1, 3, 2, 9, 3, 1, 1, 3, 7, 6, 3, 1, 5, 2, 8, 7, 9, 8, 7, 3, 2, 7, 7, 6, 2, 6, 4, 9, 9, 9, 2, 2, 1] indices=[9855, 32897, 32240, 7584, 40331, 27058, 7899, 30942, 53824, 30311, 44359, 56696, 36437, 22095, 14320, 16761, 5874, 11495, 15250, 54738, 56052, 55890, 34857, 10569, 52103, 34323, 44037, 19128, 38228, 21355, 40563, 40577, 18612, 31503, 51688, 19425, 11504, 45087, 27075, 44311, 16317, 2233, 52984, 38280, 339, 52863, 15589, 42090, 33309, 48948, 41299, 39698, 41309, 18843, 6895, 41417, 45755, 2742, 15244, 31675, 27273, 1558, 58487, 6568]
[Train] batch 409 GPA: 0x000000038da01400
[TS] batch409/input: write_done_realtime_ns=1787618978287359951
[GT] batch409 labels=[4, 8, 7, 2, 9, 6, 0, 6, 7, 5, 5, 5, 7, 8, 7, 9, 0, 3, 6, 5, 5, 1, 5, 5, 0, 9, 2, 3, 8, 6, 7, 6, 6, 1, 8, 8, 0, 3, 1, 1, 8, 5, 4, 2, 2, 8, 1, 2, 1, 0, 6, 1, 2, 0, 5, 9, 8, 0, 4, 0, 5, 9, 5, 6] indices=[56406, 20521, 30982, 15829, 35715, 47450, 38963, 49161, 52092, 53352, 10831, 23981, 37769, 44929, 7437, 36906, 37323, 50611, 48398, 27259, 13120, 4120, 52190, 48049, 18029, 57274, 41420, 37197, 37319, 16963, 10735, 52338, 46695, 5221, 3762, 8859, 21199, 27172, 38526, 55262, 39827, 13591, 35166, 57096, 29619, 32389, 5840, 39296, 38724, 39224, 53606, 38007, 28701, 55588, 34877, 57986, 16275, 45853, 10607, 26545, 52474, 31737, 25557, 43440]
[Train] batch 410 GPA: 0x000000038da18a00
[TS] batch410/input: write_done_realtime_ns=1787618978301022172
[GT] batch410 labels=[6, 2, 2, 4, 3, 9, 7, 0, 2, 9, 5, 2, 4, 4, 2, 6, 4, 8, 4, 4, 9, 0, 5, 7, 1, 1, 8, 7, 9, 9, 4, 1, 7, 9, 3, 0, 9, 1, 3, 9, 3, 0, 1, 0, 9, 1, 9, 9, 8, 2, 2, 4, 3, 8, 7, 8, 5, 0, 1, 8, 9, 5, 6, 3] indices=[2486, 43815, 50756, 35229, 10031, 50467, 7568, 21769, 49962, 3594, 2965, 21722, 39543, 57690, 40107, 8994, 22750, 31035, 28806, 35686, 4547, 3849, 19867, 55934, 821, 30200, 2699, 25011, 54057, 31299, 52448, 14734, 25350, 4754, 40385, 52696, 28058, 26295, 13531, 11688, 21149, 45837, 8904, 612, 46784, 15438, 20893, 16854, 42314, 664, 23917, 24273, 10779, 56623, 3531, 15707, 45899, 39624, 12060, 22623, 51938, 39964, 59251, 27366]
Train Epoch: 1 [26240/60000 (44%)]	Loss: 0.175944
[Train] batch 411 GPA: 0x000000038da01400
[TS] batch411/input: write_done_realtime_ns=1787618978314696852
[GT] batch411 labels=[6, 0, 2, 9, 6, 7, 5, 2, 1, 1, 0, 5, 9, 6, 3, 2, 2, 2, 1, 1, 7, 1, 1, 8, 0, 3, 8, 3, 9, 6, 8, 1, 3, 8, 3, 6, 1, 5, 7, 3, 4, 3, 3, 2, 9, 5, 7, 4, 7, 3, 7, 8, 2, 6, 9, 9, 4, 9, 4, 6, 8, 9, 9, 7] indices=[1494, 11969, 40183, 47909, 32841, 18265, 3525, 46224, 45182, 47960, 22040, 1785, 59634, 6131, 33880, 47623, 7983, 31354, 10581, 13107, 51043, 31307, 44418, 6508, 24476, 34552, 27918, 9916, 11103, 49328, 24937, 6951, 41727, 29299, 12274, 52150, 52710, 32323, 34751, 19338, 45017, 51799, 25645, 52319, 8608, 14707, 36352, 57704, 59977, 29701, 36823, 47052, 1679, 9475, 32067, 58401, 3235, 2728, 9496, 44128, 43203, 4968, 36847, 39252]
[Train] batch 412 GPA: 0x000000038da18a00
[TS] batch412/input: write_done_realtime_ns=1787618978328476772
[GT] batch412 labels=[6, 4, 9, 0, 1, 6, 1, 9, 6, 8, 3, 7, 9, 5, 9, 6, 0, 1, 2, 9, 5, 3, 0, 2, 8, 7, 6, 3, 7, 7, 4, 5, 6, 5, 4, 5, 0, 7, 4, 9, 7, 9, 1, 5, 8, 0, 2, 7, 0, 1, 1, 8, 4, 8, 2, 8, 8, 3, 5, 0, 9, 8, 8, 0] indices=[38259, 49423, 49703, 13799, 45372, 22212, 44109, 36074, 34671, 49487, 1348, 44067, 39614, 26752, 13945, 16847, 28151, 14133, 7790, 24898, 43111, 55732, 16749, 17266, 37644, 8718, 46131, 53332, 49721, 46605, 31114, 719, 4934, 7640, 14650, 15358, 31173, 28447, 25739, 16280, 29144, 5893, 50482, 19607, 18623, 10363, 35112, 13794, 39956, 45253, 21476, 50179, 44294, 15115, 11632, 48101, 41124, 46406, 47146, 11045, 45800, 32270, 25947, 19074]
[Train] batch 413 GPA: 0x000000038da01400
[TS] batch413/input: write_done_realtime_ns=1787618978341954515
[GT] batch413 labels=[5, 4, 7, 1, 3, 8, 2, 0, 0, 7, 4, 4, 0, 4, 3, 1, 7, 6, 6, 6, 4, 1, 6, 0, 6, 3, 3, 2, 6, 1, 7, 8, 8, 9, 0, 8, 1, 9, 0, 3, 0, 2, 5, 3, 8, 2, 1, 4, 1, 4, 8, 6, 2, 0, 5, 2, 9, 8, 0, 7, 9, 8, 6, 7] indices=[51097, 52267, 25522, 9902, 22721, 35569, 48476, 11335, 35972, 7697, 44256, 23538, 38865, 28610, 51790, 39896, 58890, 23421, 57959, 4605, 17640, 33354, 50612, 3175, 55196, 41850, 2671, 5171, 49066, 50911, 15425, 8118, 33621, 37867, 4123, 54190, 27457, 8287, 30565, 47720, 6883, 22751, 51494, 6286, 56250, 16497, 35001, 47175, 12145, 39763, 6163, 35119, 46092, 20418, 1690, 27052, 9938, 56505, 4607, 44717, 12051, 6801, 43589, 12304]
[Train] batch 414 GPA: 0x000000038da18a00
[TS] batch414/input: write_done_realtime_ns=1787618978355539816
[GT] batch414 labels=[4, 5, 5, 6, 9, 5, 4, 6, 6, 7, 1, 7, 9, 8, 0, 7, 2, 3, 6, 9, 7, 1, 5, 2, 8, 3, 0, 4, 1, 0, 1, 0, 0, 5, 3, 2, 5, 6, 3, 8, 1, 7, 7, 8, 9, 3, 6, 7, 1, 5, 1, 3, 6, 2, 1, 9, 3, 8, 9, 3, 9, 1, 7, 9] indices=[5410, 59731, 21225, 31859, 3991, 45624, 16387, 18140, 10790, 22016, 50293, 51532, 22540, 58625, 47166, 18648, 31360, 1035, 9379, 31923, 39672, 40362, 45886, 41541, 59274, 41552, 10924, 21340, 15548, 51404, 16713, 48263, 16501, 886, 12933, 56514, 43488, 21345, 15246, 14017, 15082, 4116, 5448, 42665, 36526, 58602, 36305, 12478, 4407, 26814, 56851, 8606, 43925, 42092, 4070, 16476, 52740, 43559, 19147, 55341, 43183, 32871, 7694, 41948]
[Train] batch 415 GPA: 0x000000038da01400
[TS] batch415/input: write_done_realtime_ns=1787618978369275536
[GT] batch415 labels=[1, 6, 8, 8, 0, 3, 3, 2, 3, 1, 9, 5, 5, 4, 7, 2, 8, 9, 3, 3, 7, 4, 2, 9, 5, 9, 3, 6, 2, 1, 3, 3, 0, 8, 8, 2, 9, 6, 6, 0, 8, 1, 9, 9, 9, 8, 4, 7, 4, 4, 7, 2, 9, 7, 8, 4, 2, 1, 5, 3, 1, 6, 1, 5] indices=[23852, 29891, 13365, 3476, 44531, 43644, 54285, 35443, 40166, 16691, 51248, 19081, 19578, 29196, 46153, 56643, 40981, 22523, 32975, 31831, 15168, 4055, 55704, 51654, 50983, 53723, 52116, 33715, 2733, 48177, 55705, 1007, 7025, 16398, 40652, 6974, 11633, 31867, 27086, 35708, 17361, 50150, 13012, 39702, 21516, 27045, 27695, 53214, 18133, 15916, 10457, 25516, 39750, 4858, 39035, 4423, 34936, 16367, 40144, 50336, 25274, 12810, 46256, 14183]
[Train] batch 416 GPA: 0x000000038da18a00
[TS] batch416/input: write_done_realtime_ns=1787618978382826498
[GT] batch416 labels=[3, 2, 7, 9, 4, 9, 2, 7, 9, 9, 7, 9, 8, 8, 8, 2, 2, 4, 6, 2, 6, 0, 8, 9, 5, 5, 8, 5, 9, 6, 9, 2, 8, 4, 1, 9, 2, 1, 7, 0, 3, 7, 5, 2, 1, 0, 9, 8, 9, 1, 9, 6, 8, 3, 8, 4, 6, 9, 5, 1, 0, 2, 2, 0] indices=[19601, 58104, 38607, 49128, 58151, 15089, 813, 6132, 13717, 48154, 52998, 58796, 41718, 19201, 59097, 20520, 1629, 57123, 12462, 55504, 34543, 11041, 4482, 29808, 47846, 23158, 9782, 9205, 30022, 29766, 49898, 59737, 53335, 18455, 33634, 10799, 59706, 26578, 22300, 35409, 15346, 21904, 46244, 3871, 53301, 21314, 9275, 50283, 14915, 13296, 34942, 18238, 33755, 52098, 46348, 38372, 1706, 53204, 44494, 48454, 41588, 6425, 52251, 36467]
[Train] batch 417 GPA: 0x000000038da01400
[TS] batch417/input: write_done_realtime_ns=1787618978396538539
[GT] batch417 labels=[0, 2, 1, 4, 1, 3, 6, 8, 3, 3, 9, 3, 2, 9, 0, 5, 3, 6, 5, 1, 8, 9, 3, 9, 1, 6, 7, 9, 4, 0, 9, 7, 8, 1, 1, 9, 1, 6, 9, 9, 1, 3, 0, 5, 8, 3, 4, 2, 8, 8, 4, 6, 9, 9, 4, 1, 9, 8, 2, 6, 4, 0, 9, 8] indices=[50331, 16309, 36997, 46712, 41226, 49749, 26375, 59309, 13228, 30041, 49944, 4073, 6044, 29003, 40859, 3944, 11259, 12270, 30028, 4654, 685, 11015, 44522, 56774, 43578, 30338, 35594, 10043, 33971, 9209, 28677, 10297, 37704, 55707, 36943, 28927, 20845, 1393, 44285, 27734, 20302, 8381, 27283, 58834, 28903, 30895, 48936, 12560, 6506, 22965, 6271, 22869, 46353, 35080, 896, 40880, 22305, 53115, 59807, 35684, 19401, 31657, 53196, 4609]
[Train] batch 418 GPA: 0x000000038da18a00
[TS] batch418/input: write_done_realtime_ns=1787618978410083531
[GT] batch418 labels=[5, 0, 2, 8, 1, 7, 1, 9, 6, 6, 2, 3, 5, 6, 3, 1, 8, 0, 9, 1, 4, 9, 6, 7, 0, 7, 7, 2, 7, 0, 2, 8, 2, 2, 1, 7, 0, 6, 1, 0, 9, 3, 4, 3, 4, 0, 4, 2, 3, 2, 3, 5, 1, 4, 3, 7, 6, 9, 8, 0, 3, 0, 4, 7] indices=[28918, 11792, 42671, 10444, 14682, 53392, 57834, 36172, 598, 40798, 10962, 38927, 28666, 30755, 32885, 19305, 50711, 21932, 16106, 4676, 14578, 46423, 41642, 16615, 34958, 4046, 51927, 13038, 38269, 48695, 19890, 58595, 59317, 7719, 45532, 57479, 33933, 12271, 29575, 57682, 45587, 6106, 51820, 37244, 26456, 29704, 1738, 33133, 4223, 58670, 46534, 3141, 34588, 4802, 58966, 58750, 49838, 14336, 59793, 39037, 42220, 39243, 21517, 40415]
[Train] batch 419 GPA: 0x000000038da01400
[TS] batch419/input: write_done_realtime_ns=1787618978423827741
[GT] batch419 labels=[4, 6, 9, 8, 9, 3, 0, 7, 4, 4, 0, 3, 4, 0, 2, 8, 6, 4, 0, 7, 0, 5, 6, 4, 7, 9, 7, 0, 4, 4, 1, 5, 3, 9, 5, 0, 4, 8, 0, 9, 5, 4, 7, 0, 2, 8, 1, 4, 8, 2, 3, 8, 1, 5, 3, 6, 9, 7, 2, 7, 0, 4, 0, 3] indices=[13714, 17382, 52883, 19763, 17682, 55144, 9195, 654, 45674, 56380, 20391, 57635, 51255, 20762, 18661, 54407, 21801, 29558, 14518, 54912, 31109, 31618, 48437, 27267, 9097, 38118, 46363, 6461, 29467, 23484, 49357, 48825, 39081, 30887, 41147, 28072, 16578, 7300, 10366, 3784, 11486, 6672, 13380, 55027, 39330, 5163, 43577, 18767, 47964, 43831, 17189, 43894, 44126, 32788, 52022, 44952, 389, 58342, 11655, 34972, 27990, 51482, 30340, 55257]
[Train] batch 420 GPA: 0x000000038da18a00
[TS] batch420/input: write_done_realtime_ns=1787618978437784638
[GT] batch420 labels=[8, 8, 4, 1, 8, 8, 3, 0, 2, 0, 6, 2, 2, 3, 0, 6, 1, 6, 2, 3, 1, 8, 5, 9, 8, 5, 9, 0, 9, 1, 0, 0, 3, 3, 7, 4, 2, 5, 7, 4, 7, 4, 3, 4, 6, 7, 3, 7, 8, 0, 8, 8, 1, 0, 3, 3, 1, 1, 2, 9, 6, 7, 8, 5] indices=[55610, 18887, 59881, 49557, 28342, 29053, 45545, 10471, 15296, 43981, 9813, 30522, 1753, 57166, 28725, 10234, 30146, 16632, 35947, 53923, 36711, 5775, 58655, 51168, 55192, 7103, 22503, 51925, 19146, 1425, 25252, 53173, 30793, 45474, 59019, 39690, 15403, 31086, 17086, 4636, 40728, 11046, 4581, 16572, 56809, 44669, 2603, 2676, 26028, 52354, 21467, 48155, 18800, 37506, 36338, 48360, 13514, 8422, 9021, 57018, 38152, 57991, 10771, 13165]
Train Epoch: 1 [26880/60000 (45%)]	Loss: 0.200349
[Train] batch 421 GPA: 0x000000038da01400
[TS] batch421/input: write_done_realtime_ns=1787618978451460019
[GT] batch421 labels=[9, 9, 2, 2, 6, 8, 0, 7, 2, 3, 6, 2, 7, 2, 3, 4, 1, 3, 4, 0, 1, 3, 8, 5, 7, 1, 8, 7, 9, 0, 9, 7, 6, 4, 5, 9, 1, 2, 5, 9, 6, 9, 7, 0, 7, 5, 3, 5, 6, 2, 8, 4, 3, 7, 7, 5, 0, 2, 9, 2, 9, 1, 9, 0] indices=[9128, 6156, 41276, 5318, 6567, 10274, 16318, 31792, 15132, 20326, 2884, 58581, 4888, 45568, 23929, 54319, 9837, 55133, 57779, 44660, 21394, 54107, 51143, 5653, 13000, 38027, 8109, 54732, 27016, 23454, 12406, 1422, 24673, 23429, 42517, 6382, 36141, 45149, 31344, 24684, 29209, 56135, 39089, 50637, 46081, 43409, 53527, 9259, 56162, 40090, 8300, 18504, 22943, 36700, 599, 13938, 46562, 40206, 9229, 49976, 18828, 11143, 51581, 53932]
[Train] batch 422 GPA: 0x000000038da18a00
[TS] batch422/input: write_done_realtime_ns=1787618978465187209
[GT] batch422 labels=[8, 8, 4, 6, 8, 7, 1, 5, 3, 3, 3, 8, 9, 5, 1, 2, 1, 8, 2, 7, 2, 5, 4, 6, 3, 3, 2, 0, 4, 4, 8, 9, 6, 5, 0, 6, 9, 1, 2, 0, 2, 0, 4, 4, 9, 4, 7, 6, 1, 2, 8, 2, 0, 5, 9, 6, 6, 1, 0, 3, 3, 6, 1, 4] indices=[13447, 9641, 34130, 43437, 57332, 59213, 43332, 58802, 42681, 38955, 46465, 18214, 9447, 5620, 57997, 58628, 3393, 53082, 59621, 8511, 9518, 18591, 43038, 33055, 38507, 32013, 33075, 34985, 51703, 46786, 51272, 29108, 55230, 47314, 27094, 16560, 7006, 39084, 28218, 18743, 32856, 6341, 18570, 51047, 41953, 57940, 38447, 19488, 17750, 3305, 53513, 8727, 35815, 52210, 41114, 3537, 43795, 21709, 53916, 3683, 44468, 29838, 57418, 4567]
[Train] batch 423 GPA: 0x000000038da01400
[TS] batch423/input: write_done_realtime_ns=1787618978478735950
[GT] batch423 labels=[1, 2, 0, 8, 5, 7, 9, 7, 7, 0, 3, 5, 1, 1, 9, 9, 3, 6, 0, 6, 1, 4, 1, 2, 9, 0, 4, 8, 2, 8, 1, 3, 3, 9, 2, 1, 7, 7, 1, 6, 4, 4, 2, 1, 8, 6, 0, 5, 7, 6, 3, 9, 1, 2, 4, 1, 5, 3, 0, 9, 8, 8, 0, 4] indices=[19643, 45375, 30678, 38566, 47938, 35476, 14504, 55693, 33408, 20719, 56581, 23620, 27124, 31280, 22108, 10374, 28668, 33689, 18295, 3700, 19100, 39365, 38981, 40988, 5614, 15928, 50835, 54916, 54454, 10856, 28901, 12527, 1698, 18562, 18435, 48458, 2844, 13174, 32808, 10298, 35780, 32801, 45745, 54753, 25527, 31907, 19543, 37414, 54638, 9645, 53724, 17799, 710, 6442, 50699, 46302, 14485, 57914, 21909, 52555, 9155, 57108, 34803, 10491]
[Train] batch 424 GPA: 0x000000038da18a00
[TS] batch424/input: write_done_realtime_ns=1787618978492394701
[GT] batch424 labels=[4, 5, 1, 7, 5, 3, 3, 9, 0, 7, 1, 5, 5, 8, 2, 3, 8, 4, 5, 6, 5, 3, 8, 6, 5, 5, 5, 0, 4, 2, 4, 2, 4, 3, 1, 8, 1, 2, 6, 7, 5, 0, 3, 6, 7, 1, 8, 6, 5, 0, 7, 4, 9, 7, 3, 1, 6, 5, 2, 7, 0, 1, 6, 8] indices=[7723, 10412, 55214, 37055, 9320, 42636, 15014, 58242, 45960, 16272, 8388, 3285, 53590, 20336, 34116, 43474, 32116, 35263, 43289, 5837, 11542, 52287, 27910, 53553, 15178, 3180, 19820, 34480, 8400, 22187, 10997, 33094, 57709, 136, 16914, 2303, 11743, 57904, 47663, 47487, 25679, 10045, 26942, 44754, 32629, 55988, 19557, 57514, 699, 33978, 5283, 43757, 1027, 8629, 54915, 27123, 14178, 50764, 38825, 53171, 6097, 4813, 50343, 20774]
[Train] batch 425 GPA: 0x000000038da01400
[TS] batch425/input: write_done_realtime_ns=1787618978505949984
[GT] batch425 labels=[8, 1, 1, 9, 9, 5, 7, 8, 8, 0, 5, 0, 9, 0, 4, 8, 4, 8, 1, 4, 6, 4, 2, 2, 3, 2, 4, 2, 6, 4, 1, 7, 0, 8, 5, 1, 2, 7, 5, 7, 1, 1, 9, 5, 9, 1, 5, 6, 4, 6, 8, 0, 8, 9, 6, 6, 8, 8, 8, 1, 0, 2, 7, 3] indices=[20024, 6900, 7027, 54627, 40264, 15767, 57196, 52671, 47034, 41353, 49141, 54101, 31918, 33238, 29047, 32012, 18008, 4139, 9804, 32272, 28905, 9040, 24982, 36401, 37718, 10436, 21882, 48820, 41272, 30886, 37624, 51460, 22637, 8485, 28608, 1230, 39020, 14556, 31069, 38738, 15713, 44158, 26068, 42641, 7217, 44431, 36217, 40541, 27308, 6705, 28682, 33381, 15424, 23611, 37788, 8328, 43181, 32471, 32102, 16950, 8809, 41966, 24801, 9363]
[Train] batch 426 GPA: 0x000000038da18a00
[TS] batch426/input: write_done_realtime_ns=1787618978519488466
[GT] batch426 labels=[8, 6, 9, 8, 3, 4, 9, 3, 9, 2, 6, 6, 1, 1, 3, 1, 5, 9, 3, 0, 1, 3, 4, 8, 6, 6, 8, 7, 1, 6, 8, 0, 1, 7, 5, 2, 3, 6, 7, 2, 3, 1, 3, 6, 1, 2, 5, 9, 2, 3, 7, 1, 3, 9, 9, 7, 9, 1, 4, 5, 8, 0, 7, 6] indices=[46982, 51912, 54222, 48668, 47802, 12969, 3193, 48701, 38674, 21382, 42154, 9649, 19090, 54418, 9182, 20589, 22508, 56300, 12995, 965, 3605, 645, 5122, 29493, 9024, 16332, 5043, 43798, 13254, 19118, 42920, 32693, 27410, 18706, 42940, 6252, 53630, 45425, 1437, 45283, 29557, 27256, 49670, 7212, 37012, 7265, 59968, 42165, 19505, 5798, 40500, 26487, 15437, 52060, 28853, 8196, 31833, 35006, 56659, 46102, 20954, 6630, 40165, 48568]
[Train] batch 427 GPA: 0x000000038da01400
[TS] batch427/input: write_done_realtime_ns=1787618978533126807
[GT] batch427 labels=[1, 4, 4, 7, 6, 1, 1, 0, 4, 8, 7, 2, 0, 2, 9, 1, 1, 2, 9, 3, 6, 8, 5, 3, 0, 8, 5, 7, 2, 4, 5, 3, 2, 2, 4, 0, 1, 4, 5, 0, 1, 7, 8, 5, 1, 3, 1, 2, 6, 8, 5, 0, 1, 4, 7, 1, 1, 6, 5, 2, 1, 0, 3, 0] indices=[25235, 4538, 36435, 27292, 42025, 36618, 30614, 54822, 44332, 34030, 23590, 5700, 25005, 59245, 17346, 8319, 9842, 37806, 15899, 32850, 19523, 30688, 58739, 40502, 46944, 20725, 24559, 2367, 28944, 55658, 55450, 56574, 3300, 48277, 32832, 43706, 15423, 43507, 10258, 24529, 41514, 47600, 54157, 35797, 18411, 55038, 25112, 34917, 14618, 48007, 59635, 37047, 8160, 43364, 58715, 57813, 54094, 49337, 42609, 10300, 18314, 41318, 56927, 32160]
[Train] batch 428 GPA: 0x000000038da18a00
[TS] batch428/input: write_done_realtime_ns=1787618978546630499
[GT] batch428 labels=[3, 1, 6, 0, 9, 2, 7, 8, 1, 8, 0, 8, 0, 1, 5, 4, 6, 9, 6, 6, 6, 8, 6, 5, 4, 3, 4, 7, 0, 0, 7, 9, 5, 1, 5, 3, 8, 6, 2, 1, 0, 5, 6, 3, 0, 3, 6, 2, 0, 7, 1, 5, 6, 3, 6, 9, 6, 2, 4, 2, 9, 8, 6, 6] indices=[1409, 14060, 55420, 34943, 14407, 44090, 54669, 39971, 28300, 19177, 5888, 10197, 42610, 6083, 11154, 29885, 43462, 32374, 54255, 11610, 56840, 28581, 26396, 33598, 35152, 12189, 31159, 55915, 30163, 46560, 23534, 3190, 56529, 2594, 1556, 30306, 7021, 18125, 49782, 16495, 43939, 32720, 3297, 48662, 53524, 7507, 53320, 45486, 35262, 41854, 6186, 33972, 2148, 14184, 36195, 45888, 28507, 23028, 21057, 48293, 56773, 51324, 15620, 12758]
[Train] batch 429 GPA: 0x000000038da01400
[TS] batch429/input: write_done_realtime_ns=1787618978560241170
[GT] batch429 labels=[0, 0, 8, 0, 9, 3, 8, 1, 7, 1, 1, 9, 2, 7, 1, 1, 6, 0, 5, 0, 0, 6, 8, 1, 2, 1, 2, 3, 0, 2, 6, 0, 9, 4, 7, 2, 2, 3, 9, 4, 5, 5, 9, 2, 8, 8, 0, 6, 2, 7, 8, 1, 2, 8, 1, 7, 1, 8, 9, 4, 9, 2, 5, 2] indices=[20551, 19303, 29751, 2253, 11465, 35881, 20640, 36831, 53129, 33339, 9693, 1061, 11147, 13755, 50751, 18497, 42395, 17187, 29473, 13029, 52597, 21772, 6905, 56602, 8212, 31296, 47189, 17676, 23943, 457, 42912, 44838, 9754, 12749, 44908, 45464, 1134, 51811, 31394, 47606, 39424, 7260, 50519, 34532, 4692, 54821, 49443, 2459, 5816, 37494, 21650, 47118, 56120, 16339, 6443, 49356, 25151, 44945, 29110, 14720, 33226, 22376, 35117, 30975]
[Train] batch 430 GPA: 0x000000038da18a00
[TS] batch430/input: write_done_realtime_ns=1787618978573870781
[GT] batch430 labels=[2, 3, 8, 7, 3, 3, 7, 3, 9, 3, 3, 5, 7, 4, 5, 6, 8, 3, 5, 8, 3, 9, 2, 8, 4, 3, 5, 6, 1, 4, 6, 1, 8, 7, 5, 6, 1, 8, 5, 1, 3, 1, 9, 9, 0, 0, 2, 2, 2, 9, 7, 9, 5, 9, 7, 8, 4, 2, 6, 7, 3, 3, 9, 6] indices=[46463, 24731, 17364, 7334, 9180, 54001, 14710, 35692, 15541, 36755, 29225, 46813, 57541, 43156, 38564, 40484, 26090, 23778, 43412, 37868, 22172, 36043, 26509, 28813, 33926, 50317, 43245, 15672, 50838, 1845, 488, 1132, 15739, 54925, 12695, 7715, 2429, 7141, 7988, 22490, 9107, 58737, 45824, 7335, 37559, 56248, 21536, 35445, 44304, 621, 48889, 16082, 38254, 8035, 14590, 31906, 29898, 32590, 23500, 47775, 29763, 2587, 18697, 45248]
Train Epoch: 1 [27520/60000 (46%)]	Loss: 0.014804
[Train] batch 431 GPA: 0x000000038da01400
[TS] batch431/input: write_done_realtime_ns=1787618978587371635
[GT] batch431 labels=[2, 7, 9, 1, 8, 7, 2, 5, 6, 1, 5, 9, 0, 4, 3, 5, 2, 7, 6, 3, 6, 9, 7, 9, 1, 0, 6, 9, 0, 5, 0, 7, 9, 0, 4, 0, 0, 1, 1, 7, 2, 1, 3, 8, 8, 9, 3, 2, 1, 4, 5, 4, 5, 7, 3, 6, 3, 8, 4, 8, 6, 4, 9, 3] indices=[29453, 34670, 40508, 21465, 59803, 39357, 1213, 50111, 31289, 12657, 3401, 37474, 48023, 53767, 8958, 11064, 29699, 17659, 24827, 41624, 56885, 4630, 31073, 45762, 3237, 8545, 31270, 4901, 59023, 3681, 23536, 55210, 51470, 30871, 48379, 58012, 37901, 8452, 56882, 26141, 51719, 58702, 16336, 47861, 45595, 37879, 51970, 10680, 57014, 54668, 31008, 35293, 34325, 55084, 13026, 5826, 42073, 59090, 52681, 20068, 6393, 11167, 7310, 38732]
[Train] batch 432 GPA: 0x000000038da18a00
[TS] batch432/input: write_done_realtime_ns=1787618978600975595
[GT] batch432 labels=[6, 5, 7, 5, 6, 1, 5, 6, 1, 6, 0, 1, 5, 6, 1, 4, 1, 8, 3, 3, 2, 2, 2, 8, 3, 9, 8, 9, 7, 2, 3, 9, 1, 5, 3, 6, 7, 7, 4, 6, 2, 2, 8, 4, 3, 3, 6, 6, 2, 7, 7, 4, 5, 3, 9, 2, 1, 0, 5, 4, 6, 1, 6, 3] indices=[33901, 22310, 25871, 57461, 35886, 43746, 38234, 721, 45666, 7997, 20953, 38415, 47193, 8384, 48534, 2902, 54428, 35025, 54658, 24451, 6465, 20065, 46553, 42699, 2128, 7478, 45831, 22319, 35371, 41074, 45441, 27953, 7542, 32090, 48038, 43431, 14299, 2612, 1967, 8820, 22990, 49856, 53806, 34988, 1130, 20833, 40991, 22939, 29025, 15305, 27357, 24113, 7024, 4543, 42228, 16781, 50051, 5469, 38594, 48970, 12762, 14701, 14237, 23373]
[Train] batch 433 GPA: 0x000000038da01400
[TS] batch433/input: write_done_realtime_ns=1787618978614570427
[GT] batch433 labels=[5, 0, 6, 2, 9, 9, 1, 4, 8, 1, 7, 1, 3, 0, 5, 0, 2, 0, 1, 9, 1, 9, 0, 5, 0, 3, 1, 7, 9, 1, 4, 2, 2, 8, 6, 7, 3, 6, 4, 8, 1, 5, 6, 5, 8, 9, 7, 7, 5, 1, 6, 8, 1, 9, 2, 1, 4, 3, 7, 5, 3, 0, 3, 3] indices=[59064, 17485, 1750, 12299, 16919, 36102, 3394, 16612, 57467, 2938, 7174, 40802, 10000, 11462, 22979, 18970, 58032, 20662, 50799, 31128, 9981, 28283, 11269, 38851, 37092, 35610, 40879, 20729, 43147, 36687, 47121, 18930, 27434, 46118, 37502, 58349, 42043, 39727, 31965, 50548, 31370, 15579, 14804, 25075, 42724, 33256, 30652, 52779, 37836, 28223, 47025, 17362, 47638, 19707, 8552, 52418, 48327, 50717, 25458, 31214, 49926, 25714, 49814, 58410]
[Train] batch 434 GPA: 0x000000038da18a00
[TS] batch434/input: write_done_realtime_ns=1787618978628328987
[GT] batch434 labels=[1, 3, 7, 0, 4, 6, 5, 2, 0, 8, 1, 7, 2, 5, 5, 2, 3, 9, 0, 1, 3, 4, 5, 8, 8, 9, 5, 3, 4, 6, 5, 3, 8, 0, 6, 3, 9, 4, 1, 1, 4, 2, 2, 4, 5, 5, 8, 1, 0, 1, 2, 4, 0, 1, 0, 5, 2, 4, 6, 6, 7, 6, 2, 6] indices=[30404, 50417, 22984, 2897, 6101, 7224, 26381, 11109, 47555, 2678, 53371, 58125, 26927, 12821, 31316, 31150, 51469, 9347, 51826, 44967, 54201, 23644, 34187, 34534, 30435, 34306, 15232, 52563, 49017, 46665, 57242, 57291, 39764, 29074, 15351, 28825, 16175, 39916, 59849, 50631, 41870, 4777, 51356, 4839, 14742, 12289, 5034, 44369, 6629, 32358, 27033, 18332, 4415, 20274, 57827, 35276, 52894, 28823, 17636, 21349, 31076, 8667, 29314, 50270]
[Train] batch 435 GPA: 0x000000038da01400
[TS] batch435/input: write_done_realtime_ns=1787618978641766669
[GT] batch435 labels=[3, 5, 5, 5, 2, 5, 4, 3, 9, 5, 1, 3, 0, 0, 0, 2, 2, 4, 2, 8, 2, 3, 6, 8, 4, 7, 2, 4, 1, 3, 9, 1, 4, 2, 8, 7, 4, 0, 6, 5, 8, 9, 6, 1, 9, 0, 5, 0, 9, 4, 7, 7, 2, 8, 2, 3, 3, 8, 3, 7, 5, 6, 5, 5] indices=[47510, 25723, 6646, 48358, 11446, 18248, 40657, 7396, 7904, 33605, 2988, 31098, 24856, 2765, 23044, 45725, 22778, 39634, 13525, 25143, 58601, 15639, 11490, 30451, 21270, 37107, 27258, 33083, 49284, 51421, 20830, 33992, 50389, 40084, 32467, 5761, 3739, 19061, 1337, 19130, 38807, 57794, 53277, 28743, 44026, 14291, 2308, 48790, 30204, 30888, 49812, 33067, 37386, 7607, 55011, 12307, 47881, 31959, 37627, 1523, 38295, 32255, 5363, 12862]
[Train] batch 436 GPA: 0x000000038da18a00
[TS] batch436/input: write_done_realtime_ns=1787618978655244983
[GT] batch436 labels=[6, 3, 6, 8, 6, 4, 8, 1, 4, 8, 0, 0, 6, 3, 5, 4, 0, 7, 9, 4, 6, 2, 7, 0, 6, 1, 9, 3, 6, 2, 6, 5, 8, 2, 0, 9, 0, 7, 5, 0, 9, 6, 4, 6, 8, 4, 7, 9, 1, 9, 4, 9, 9, 1, 4, 1, 1, 4, 1, 7, 8, 4, 2, 6] indices=[46684, 57762, 58626, 51948, 59895, 41456, 37483, 19510, 3857, 21613, 17392, 10974, 1538, 42419, 39416, 35581, 39701, 2618, 47056, 56244, 12410, 4476, 14506, 33640, 36673, 22410, 10232, 17242, 49060, 34724, 33474, 27296, 39547, 15223, 45315, 34769, 41012, 5025, 54938, 53353, 10721, 2061, 45685, 25047, 3959, 9353, 39053, 29752, 42044, 46444, 23406, 6643, 42106, 46204, 54686, 23614, 3379, 6556, 16012, 19370, 54336, 48937, 10130, 42689]
[Train] batch 437 GPA: 0x000000038da01400
[TS] batch437/input: write_done_realtime_ns=1787618978668835994
[GT] batch437 labels=[5, 5, 5, 3, 6, 6, 7, 5, 7, 7, 4, 0, 1, 3, 0, 7, 4, 9, 0, 6, 2, 6, 4, 1, 3, 5, 7, 9, 9, 3, 4, 2, 5, 6, 5, 0, 7, 9, 5, 5, 1, 5, 5, 4, 9, 8, 5, 6, 6, 6, 6, 8, 6, 8, 9, 3, 0, 5, 4, 9, 3, 1, 0, 7] indices=[51852, 23903, 635, 18397, 38028, 42072, 18691, 3433, 7229, 58455, 20652, 55130, 25781, 46981, 24715, 30670, 32238, 30603, 50101, 5593, 19556, 19970, 33853, 58953, 53954, 59473, 36916, 7947, 22854, 59957, 14496, 5867, 57088, 55138, 6671, 10859, 101, 35543, 7902, 24180, 27657, 13060, 41215, 50801, 5045, 40403, 7419, 17953, 52837, 51755, 33812, 39456, 44932, 35921, 47755, 31431, 25584, 14404, 59413, 30469, 38239, 49131, 22208, 25597]
[Train] batch 438 GPA: 0x000000038da18a00
[TS] batch438/input: write_done_realtime_ns=1787618978682392966
[GT] batch438 labels=[6, 9, 4, 2, 9, 6, 6, 4, 2, 7, 1, 4, 8, 4, 6, 4, 4, 3, 7, 1, 4, 0, 2, 5, 7, 8, 2, 1, 7, 1, 2, 1, 9, 5, 7, 8, 6, 4, 8, 9, 8, 0, 1, 6, 4, 9, 8, 3, 3, 6, 8, 0, 1, 1, 7, 6, 3, 4, 3, 7, 0, 1, 7, 0] indices=[8224, 17824, 10832, 25492, 31854, 28602, 51475, 8243, 17555, 46819, 43480, 44105, 21943, 19380, 44814, 4877, 26293, 55932, 15856, 18806, 55930, 17956, 25349, 44165, 20277, 35467, 27073, 45063, 7643, 25287, 19345, 40971, 35013, 16845, 3747, 23368, 13170, 57687, 4434, 47257, 4598, 246, 4696, 32572, 55087, 56597, 24845, 49586, 6584, 40717, 1086, 1387, 54557, 57222, 3270, 34812, 13332, 15376, 44969, 13136, 5692, 44290, 11092, 29873]
[Train] batch 439 GPA: 0x000000038da01400
[TS] batch439/input: write_done_realtime_ns=1787618978695943988
[GT] batch439 labels=[8, 5, 9, 5, 4, 8, 0, 7, 6, 6, 5, 1, 0, 1, 2, 5, 0, 4, 8, 1, 2, 5, 6, 4, 3, 9, 4, 6, 7, 3, 9, 1, 9, 1, 0, 1, 4, 6, 2, 6, 0, 4, 0, 4, 6, 1, 5, 8, 1, 1, 6, 9, 5, 3, 1, 0, 7, 1, 4, 7, 5, 0, 6, 8] indices=[57118, 36244, 30537, 1670, 11323, 13301, 19550, 41496, 6281, 25345, 29273, 25054, 15761, 29901, 41421, 23237, 12325, 47002, 57617, 36037, 34559, 55886, 15862, 59144, 18895, 55097, 52727, 6767, 31533, 42886, 56480, 29448, 37391, 34080, 4284, 23559, 53808, 7379, 44520, 26186, 51147, 55037, 23643, 23306, 20543, 42510, 7154, 45553, 57552, 382, 29682, 23212, 40473, 49748, 42630, 46810, 750, 26072, 6283, 13767, 44235, 41857, 43263, 50597]
[Train] batch 440 GPA: 0x000000038da18a00
[TS] batch440/input: write_done_realtime_ns=1787618978709475100
[GT] batch440 labels=[5, 7, 5, 3, 6, 1, 7, 7, 1, 8, 1, 3, 5, 6, 9, 7, 5, 0, 3, 4, 9, 5, 7, 1, 0, 5, 0, 2, 4, 3, 0, 5, 2, 7, 3, 7, 4, 4, 5, 5, 3, 5, 7, 2, 6, 3, 3, 8, 6, 8, 5, 3, 3, 9, 2, 2, 0, 0, 3, 9, 7, 6, 5, 7] indices=[12733, 2984, 10782, 12451, 27217, 8486, 30202, 21710, 5530, 23702, 50572, 37821, 21329, 5524, 23057, 48221, 25391, 14965, 30136, 12763, 55850, 8056, 44835, 33110, 903, 53275, 10909, 8102, 31717, 49789, 58553, 17298, 6105, 48241, 30907, 16700, 21770, 54466, 19162, 4666, 18030, 14368, 33384, 8374, 25430, 35190, 26008, 49250, 45910, 20753, 29870, 49193, 58064, 51329, 44019, 48420, 12605, 47202, 181, 6092, 24314, 43348, 11922, 49818]
Train Epoch: 1 [28160/60000 (47%)]	Loss: 0.076891
[Train] batch 441 GPA: 0x000000038da01400
[TS] batch441/input: write_done_realtime_ns=1787618978723169360
[GT] batch441 labels=[2, 0, 3, 7, 3, 8, 5, 5, 5, 7, 9, 9, 8, 9, 9, 2, 6, 3, 3, 2, 3, 4, 8, 7, 0, 2, 6, 5, 6, 0, 0, 2, 4, 1, 5, 0, 1, 5, 6, 1, 2, 6, 0, 3, 9, 2, 9, 4, 0, 2, 5, 0, 1, 7, 9, 7, 7, 0, 5, 3, 5, 2, 9, 4] indices=[23777, 45152, 36406, 50627, 31254, 57678, 3705, 46091, 41140, 50075, 313, 54984, 15979, 40667, 56157, 7528, 37037, 27553, 29816, 25718, 25911, 59799, 18195, 49136, 24629, 381, 57347, 8337, 33560, 47552, 36617, 45880, 51860, 5023, 51562, 29732, 17538, 12097, 32265, 19339, 23814, 55520, 39714, 12329, 626, 3017, 26970, 8466, 33945, 45158, 34340, 38139, 14228, 9267, 6438, 41310, 17481, 36764, 5934, 1150, 19174, 46082, 11139, 12034]
[Train] batch 442 GPA: 0x000000038da18a00
[TS] batch442/input: write_done_realtime_ns=1787618978736792931
[GT] batch442 labels=[1, 9, 7, 7, 6, 8, 8, 7, 8, 8, 0, 6, 2, 5, 8, 7, 2, 5, 7, 8, 5, 6, 7, 6, 2, 1, 3, 4, 0, 3, 2, 2, 9, 9, 0, 6, 6, 1, 3, 0, 6, 3, 8, 1, 3, 0, 9, 5, 5, 1, 4, 9, 3, 2, 6, 9, 5, 8, 8, 4, 5, 1, 2, 1] indices=[41011, 10507, 58507, 57866, 30454, 31530, 16184, 21482, 59666, 39071, 55541, 26472, 19680, 17951, 23400, 34229, 50987, 50570, 50743, 29680, 9228, 17835, 55608, 8774, 26770, 59230, 39885, 42382, 8110, 51934, 30791, 10582, 39973, 37115, 21640, 42022, 12290, 50541, 11804, 55006, 25171, 55737, 19000, 42625, 16924, 45589, 5208, 13958, 34760, 43715, 17604, 58395, 7692, 55033, 53106, 24613, 40133, 26701, 3420, 29130, 46509, 26420, 10347, 52849]
[Train] batch 443 GPA: 0x000000038da01400
[TS] batch443/input: write_done_realtime_ns=1787618978750400214
[GT] batch443 labels=[3, 4, 4, 1, 8, 8, 1, 3, 2, 3, 3, 3, 8, 4, 2, 6, 4, 9, 1, 0, 4, 0, 9, 1, 9, 0, 8, 1, 1, 8, 8, 7, 9, 2, 1, 7, 8, 1, 9, 6, 5, 2, 1, 0, 2, 0, 2, 1, 2, 4, 9, 5, 4, 3, 2, 6, 4, 6, 6, 4, 3, 8, 0, 1] indices=[52350, 50188, 5032, 14227, 44616, 56295, 30148, 40121, 34250, 44004, 14467, 35155, 10066, 34409, 45420, 19559, 14537, 38265, 41237, 4653, 37712, 9269, 57259, 20611, 14142, 31127, 49634, 43429, 26142, 8285, 27106, 49330, 44822, 13434, 18050, 56588, 13341, 2878, 13308, 18149, 768, 54633, 29986, 46596, 253, 11330, 18038, 21477, 33591, 31761, 59765, 9607, 38201, 41632, 2022, 18447, 34631, 45300, 38548, 8325, 52272, 13354, 249, 30866]
[Train] batch 444 GPA: 0x000000038da18a00
[TS] batch444/input: write_done_realtime_ns=1787618978763907035
[GT] batch444 labels=[2, 4, 1, 2, 3, 5, 4, 8, 1, 4, 8, 1, 6, 5, 1, 5, 9, 8, 6, 5, 0, 2, 2, 2, 3, 7, 0, 1, 2, 3, 5, 6, 5, 2, 1, 3, 0, 3, 1, 8, 9, 1, 4, 6, 2, 6, 1, 5, 1, 5, 3, 7, 8, 3, 8, 0, 8, 3, 7, 9, 3, 0, 5, 1] indices=[8743, 31583, 22538, 21665, 53863, 10610, 10854, 20666, 7406, 40601, 16231, 16153, 56964, 50768, 7533, 56786, 34608, 51412, 8326, 4670, 17871, 8257, 16142, 33210, 27670, 2347, 36824, 30940, 26689, 50516, 31253, 12177, 19396, 36460, 40069, 59239, 37153, 58173, 20746, 13320, 33860, 38492, 56445, 58917, 39929, 21036, 55306, 36729, 50621, 56860, 37886, 2835, 22261, 49589, 29016, 28840, 40595, 8790, 15, 195, 16013, 49304, 46948, 44698]
[Train] batch 445 GPA: 0x000000038da01400
[TS] batch445/input: write_done_realtime_ns=1787618978777511626
[GT] batch445 labels=[3, 6, 1, 1, 8, 8, 0, 0, 5, 8, 8, 1, 7, 9, 2, 6, 1, 2, 8, 4, 4, 7, 0, 0, 2, 9, 1, 4, 8, 7, 0, 1, 7, 9, 5, 1, 7, 2, 1, 2, 4, 4, 6, 9, 7, 6, 3, 1, 3, 4, 6, 9, 0, 5, 7, 1, 3, 2, 9, 7, 1, 7, 7, 3] indices=[6175, 41876, 58322, 42581, 34722, 8324, 21203, 36138, 11182, 7995, 38623, 19188, 59484, 28960, 34726, 50092, 51949, 47966, 32712, 52663, 25555, 7226, 56635, 121, 16532, 49870, 46725, 53710, 43745, 56892, 10806, 39265, 45179, 20254, 48623, 24466, 4643, 23319, 24328, 4722, 26797, 28518, 52494, 58076, 58106, 34859, 49627, 17378, 56234, 9741, 42905, 53623, 39615, 10008, 40344, 38328, 7569, 14295, 9889, 36003, 23214, 30641, 51621, 38066]
[Train] batch 446 GPA: 0x000000038da18a00
[TS] batch446/input: write_done_realtime_ns=1787618978791014179
[GT] batch446 labels=[1, 4, 4, 4, 7, 9, 9, 3, 1, 9, 3, 1, 1, 3, 6, 5, 7, 6, 5, 7, 7, 7, 7, 5, 4, 3, 6, 6, 1, 9, 6, 2, 6, 0, 9, 7, 3, 2, 9, 3, 2, 5, 0, 5, 6, 8, 9, 1, 1, 6, 5, 8, 1, 8, 3, 0, 1, 8, 4, 2, 9, 1, 2, 9] indices=[47465, 51684, 3184, 53278, 33737, 44075, 40943, 41453, 21771, 42651, 47140, 40724, 11606, 52415, 28711, 50677, 10702, 42685, 7531, 1851, 57653, 42148, 22420, 26240, 11824, 40805, 34658, 55703, 38684, 44177, 54204, 44265, 9042, 44326, 53810, 49235, 15544, 35137, 29234, 18679, 38733, 7885, 18462, 5776, 21081, 38510, 38950, 46507, 38941, 47761, 49375, 3082, 12215, 40646, 16125, 40237, 46583, 20560, 9461, 5733, 2299, 47259, 50247, 29552]
[Train] batch 447 GPA: 0x000000038da01400
[TS] batch447/input: write_done_realtime_ns=1787618978804617911
[GT] batch447 labels=[1, 1, 3, 2, 8, 8, 2, 6, 3, 1, 1, 7, 4, 4, 5, 8, 9, 9, 1, 2, 2, 1, 9, 9, 1, 0, 4, 6, 4, 9, 8, 8, 3, 8, 3, 4, 9, 0, 4, 7, 0, 2, 7, 0, 1, 2, 7, 0, 6, 8, 5, 0, 3, 3, 2, 0, 0, 8, 4, 4, 0, 9, 0, 2] indices=[51847, 11107, 9074, 48443, 55620, 28147, 26751, 43839, 5148, 13160, 37191, 57703, 89, 29744, 36028, 13274, 24193, 27007, 29323, 4096, 45203, 48395, 43729, 10249, 40944, 17725, 54785, 29803, 50203, 25099, 47463, 42470, 54727, 17160, 36189, 55191, 11442, 57962, 35769, 17388, 34273, 52889, 57702, 3429, 52325, 55326, 57044, 5019, 8870, 35242, 32748, 48419, 53757, 11097, 21323, 56626, 12119, 40146, 23834, 32384, 2584, 20444, 33703, 657]
[Train] batch 448 GPA: 0x000000038da18a00
[TS] batch448/input: write_done_realtime_ns=1787618978818280932
[GT] batch448 labels=[7, 5, 2, 3, 7, 7, 0, 3, 4, 8, 4, 1, 5, 9, 1, 3, 1, 4, 0, 3, 4, 8, 8, 4, 3, 2, 6, 8, 8, 4, 7, 0, 4, 6, 5, 3, 2, 7, 2, 2, 1, 5, 0, 0, 1, 5, 8, 1, 1, 7, 3, 5, 5, 8, 6, 6, 0, 7, 2, 8, 1, 0, 7, 6] indices=[4995, 46522, 42503, 43029, 19771, 58128, 57397, 47380, 2072, 17760, 16438, 41816, 54111, 27565, 38002, 55321, 4467, 11986, 27735, 28406, 37826, 5220, 35237, 7036, 26724, 12514, 32932, 9219, 54684, 52229, 8562, 16031, 33426, 33513, 16471, 27282, 53322, 5986, 26454, 29500, 31048, 55672, 54121, 7127, 36501, 523, 8139, 46722, 52177, 37561, 43132, 42312, 22020, 1475, 52049, 10956, 7585, 44156, 23162, 47100, 14980, 35936, 3718, 53646]
[Train] batch 449 GPA: 0x000000038da01400
[TS] batch449/input: write_done_realtime_ns=1787618978831872083
[GT] batch449 labels=[5, 7, 2, 0, 6, 1, 8, 4, 4, 2, 3, 7, 2, 8, 1, 5, 1, 1, 7, 0, 1, 3, 7, 2, 2, 6, 8, 5, 3, 6, 7, 9, 2, 3, 9, 7, 4, 1, 1, 4, 7, 0, 3, 9, 2, 1, 4, 6, 0, 9, 5, 5, 1, 8, 5, 7, 5, 7, 8, 0, 7, 2, 2, 1] indices=[38940, 14145, 59537, 6973, 19712, 345, 50231, 7779, 6035, 55559, 36298, 55829, 34253, 50965, 56537, 45726, 42486, 19304, 28897, 36251, 48583, 49826, 22005, 22881, 7484, 2126, 18012, 52509, 24469, 19946, 36411, 46373, 32430, 32176, 21646, 42320, 45198, 16610, 59882, 53546, 27194, 16905, 40550, 15349, 38417, 54070, 46881, 13511, 2745, 37773, 56310, 43855, 43770, 43097, 24043, 37203, 15794, 57923, 23637, 3806, 888, 41264, 56473, 52278]
[Train] batch 450 GPA: 0x000000038da18a00
[TS] batch450/input: write_done_realtime_ns=1787618978845359646
[GT] batch450 labels=[4, 3, 5, 0, 3, 3, 1, 8, 1, 3, 9, 4, 8, 9, 2, 3, 9, 0, 1, 0, 2, 6, 6, 2, 8, 3, 4, 0, 1, 7, 4, 3, 4, 9, 0, 3, 6, 6, 7, 7, 8, 5, 3, 6, 7, 8, 0, 6, 6, 5, 4, 4, 6, 8, 0, 2, 6, 2, 4, 6, 6, 2, 3, 4] indices=[4274, 13445, 47107, 53994, 17175, 30417, 28646, 21104, 59768, 6561, 7245, 47491, 56502, 45879, 57928, 18862, 19747, 6113, 20094, 40989, 59698, 27483, 25753, 41911, 45639, 51428, 33064, 36476, 58935, 15932, 25188, 37991, 27437, 10023, 53051, 57568, 32942, 45935, 57286, 52235, 2068, 1864, 35568, 16894, 12772, 1296, 12321, 35154, 3474, 34965, 52457, 2801, 36372, 9099, 15504, 9897, 13167, 2518, 39368, 18032, 10996, 33804, 1312, 13385]
Train Epoch: 1 [28800/60000 (48%)]	Loss: 0.013071
[Train] batch 451 GPA: 0x000000038da01400
[TS] batch451/input: write_done_realtime_ns=1787618978858963547
[GT] batch451 labels=[5, 1, 9, 0, 4, 5, 2, 4, 0, 2, 1, 4, 7, 1, 4, 6, 8, 9, 3, 8, 2, 9, 2, 2, 6, 1, 4, 3, 4, 4, 9, 2, 3, 5, 9, 4, 3, 7, 4, 0, 0, 1, 2, 0, 5, 7, 0, 7, 4, 1, 3, 6, 6, 4, 0, 0, 8, 6, 3, 5, 8, 0, 6, 9] indices=[1406, 45076, 18860, 56124, 29910, 11270, 47102, 5755, 26038, 32212, 30749, 43614, 30677, 4971, 35234, 43940, 13342, 38153, 47514, 36182, 1715, 19190, 29930, 50259, 30157, 40658, 34406, 6898, 31669, 6879, 56702, 15123, 40520, 1978, 15584, 55630, 46736, 24315, 26816, 39683, 15028, 8032, 55176, 41609, 52332, 54218, 15108, 44246, 14947, 7650, 55103, 44204, 57719, 39063, 36667, 44094, 11142, 20494, 3810, 13256, 51007, 5268, 7163, 17644]
[Train] batch 452 GPA: 0x000000038da18a00
[TS] batch452/input: write_done_realtime_ns=1787618978872660818
[GT] batch452 labels=[4, 1, 8, 2, 7, 0, 3, 8, 5, 4, 8, 3, 0, 9, 9, 8, 2, 8, 2, 0, 5, 8, 3, 3, 1, 1, 9, 2, 7, 4, 6, 5, 0, 2, 4, 3, 1, 2, 4, 7, 0, 3, 8, 4, 0, 1, 7, 8, 9, 4, 3, 1, 8, 8, 5, 3, 0, 0, 5, 6, 1, 9, 8, 2] indices=[55538, 19614, 52280, 23069, 13905, 41371, 9553, 28042, 22866, 58947, 10584, 34701, 19612, 50414, 49511, 31968, 32744, 10710, 17216, 56256, 8392, 38977, 5605, 39804, 53849, 25310, 5136, 26221, 33171, 29864, 4150, 38830, 55315, 26447, 46057, 50603, 49817, 25570, 56302, 13027, 20632, 26526, 43909, 18512, 52064, 24133, 2376, 36034, 42542, 15543, 22413, 4286, 16232, 559, 912, 4742, 43092, 6847, 24960, 17670, 21699, 9306, 38135, 52144]
[Train] batch 453 GPA: 0x000000038da01400
[TS] batch453/input: write_done_realtime_ns=1787618978886154591
[GT] batch453 labels=[7, 0, 7, 3, 7, 3, 7, 5, 6, 3, 3, 0, 1, 6, 1, 1, 6, 8, 7, 9, 2, 3, 0, 7, 4, 7, 3, 1, 9, 5, 3, 1, 9, 1, 3, 9, 6, 8, 7, 5, 7, 7, 0, 0, 6, 8, 3, 6, 1, 3, 0, 1, 5, 7, 0, 6, 0, 7, 5, 3, 2, 9, 0, 8] indices=[22995, 33864, 32945, 31488, 47184, 31042, 4396, 52559, 36344, 4256, 32730, 59689, 47735, 21918, 31950, 48411, 28704, 25796, 17525, 24499, 44767, 58729, 27246, 16843, 8950, 32655, 50210, 51710, 18082, 8713, 20728, 20963, 50099, 48126, 36078, 40102, 36049, 21851, 36436, 43066, 30604, 35130, 24988, 57843, 34124, 8507, 23165, 30741, 7689, 12245, 53469, 46026, 55460, 35512, 29755, 58669, 44372, 49877, 14994, 6089, 56493, 39718, 42776, 21529]
[Train] batch 454 GPA: 0x000000038da18a00
[TS] batch454/input: write_done_realtime_ns=1787618978899607784
[GT] batch454 labels=[2, 6, 2, 2, 7, 0, 5, 4, 6, 2, 7, 7, 9, 3, 3, 9, 0, 2, 1, 6, 2, 4, 8, 5, 3, 1, 6, 1, 8, 3, 4, 9, 7, 7, 7, 1, 8, 0, 6, 6, 0, 6, 4, 0, 0, 5, 8, 2, 6, 7, 9, 0, 8, 5, 4, 4, 5, 2, 3, 0, 8, 3, 0, 4] indices=[30810, 20978, 58277, 57387, 51161, 31769, 19366, 55812, 16056, 5618, 9351, 47325, 5999, 57264, 28472, 812, 49713, 9135, 52359, 18181, 53921, 31692, 38589, 28939, 53591, 1472, 6433, 30047, 56887, 25688, 37594, 44586, 644, 3750, 3940, 7898, 25276, 3693, 17252, 11140, 26753, 19678, 20496, 12351, 38929, 50301, 50246, 12311, 33434, 46009, 3649, 24681, 44487, 28952, 48448, 55687, 17544, 45430, 22122, 14039, 10862, 45008, 9523, 29577]
[Train] batch 455 GPA: 0x000000038da01400
[TS] batch455/input: write_done_realtime_ns=1787618978913054137
[GT] batch455 labels=[3, 4, 1, 3, 3, 5, 8, 5, 7, 7, 7, 7, 7, 8, 7, 6, 3, 3, 0, 1, 1, 9, 4, 9, 8, 3, 8, 3, 9, 0, 3, 3, 7, 5, 6, 0, 3, 8, 0, 3, 3, 2, 5, 3, 9, 0, 6, 2, 2, 0, 9, 6, 1, 0, 3, 9, 0, 7, 5, 3, 4, 1, 4, 7] indices=[5323, 46033, 10110, 24354, 29353, 10661, 312, 30402, 23469, 24155, 33797, 12454, 51911, 42595, 16395, 46682, 4471, 45699, 23088, 7588, 23703, 58344, 8583, 20457, 49033, 51474, 47747, 46899, 31822, 57321, 49006, 39553, 50878, 55667, 8590, 10844, 8427, 50883, 37686, 45628, 25425, 31241, 17981, 8554, 31120, 21354, 30074, 38140, 42683, 15318, 14222, 4741, 47382, 38766, 25538, 45119, 16402, 27867, 21233, 6467, 29321, 1680, 56699, 4659]
[Train] batch 456 GPA: 0x000000038da18a00
[TS] batch456/input: write_done_realtime_ns=1787618978926552249
[GT] batch456 labels=[7, 0, 4, 6, 6, 9, 5, 3, 3, 1, 2, 1, 2, 8, 5, 1, 0, 9, 1, 3, 9, 0, 8, 3, 6, 3, 8, 8, 6, 7, 3, 9, 1, 0, 7, 0, 3, 0, 1, 5, 2, 1, 7, 5, 2, 8, 2, 2, 6, 1, 1, 9, 1, 9, 9, 2, 4, 3, 2, 2, 7, 7, 7, 4] indices=[8389, 59795, 12458, 52678, 47792, 37430, 19449, 17832, 27541, 48461, 59824, 44988, 28366, 7329, 10065, 30225, 45276, 29821, 23788, 18992, 24927, 7181, 26737, 2886, 54945, 33054, 56879, 42880, 58295, 46084, 27095, 1962, 46481, 13076, 11185, 2058, 30729, 43236, 44269, 27502, 36396, 59150, 37922, 14862, 36374, 52237, 37426, 57185, 42089, 33725, 33428, 49541, 37547, 17517, 16734, 19808, 1203, 5788, 17369, 53430, 17649, 6278, 16970, 28173]
[Train] batch 457 GPA: 0x000000038da01400
[TS] batch457/input: write_done_realtime_ns=1787618978940047242
[GT] batch457 labels=[1, 4, 6, 2, 4, 2, 6, 7, 6, 0, 7, 1, 3, 2, 5, 7, 9, 6, 5, 0, 2, 3, 0, 2, 4, 6, 8, 5, 0, 4, 7, 5, 2, 7, 6, 2, 3, 5, 8, 6, 3, 5, 0, 0, 0, 0, 6, 5, 9, 2, 6, 2, 7, 0, 6, 0, 6, 9, 6, 4, 0, 0, 1, 3] indices=[39782, 38919, 56899, 31388, 53163, 26613, 10672, 41844, 43379, 56674, 37193, 59820, 31504, 50221, 54949, 47666, 43502, 24277, 21360, 15779, 7614, 26081, 55806, 28786, 23636, 21955, 28301, 15374, 37158, 34043, 15494, 42863, 36680, 30917, 7598, 57520, 50012, 55229, 3148, 52374, 55231, 6188, 25420, 3441, 54783, 50281, 19761, 48143, 38813, 42568, 13671, 15466, 3731, 39758, 20383, 58718, 7559, 37242, 26931, 59069, 19399, 17770, 7007, 3192]
[Train] batch 458 GPA: 0x000000038da18a00
[TS] batch458/input: write_done_realtime_ns=1787618978953657923
[GT] batch458 labels=[9, 3, 4, 0, 2, 4, 7, 0, 0, 5, 6, 2, 4, 5, 5, 1, 1, 7, 2, 4, 2, 7, 7, 5, 2, 2, 5, 4, 7, 7, 3, 7, 2, 3, 0, 2, 3, 0, 1, 8, 2, 5, 1, 1, 6, 5, 8, 9, 9, 7, 1, 5, 6, 5, 7, 6, 2, 9, 2, 5, 2, 5, 8, 7] indices=[41295, 12503, 11578, 15765, 9169, 9714, 30541, 34714, 22288, 41957, 18530, 40096, 29561, 29343, 10742, 16218, 9136, 27497, 26006, 37530, 18514, 7304, 10181, 8190, 20917, 57620, 55902, 5792, 31391, 41656, 11951, 8483, 41366, 54140, 48187, 52757, 31664, 54690, 9457, 12014, 35340, 6782, 14794, 38436, 44179, 16165, 24309, 27705, 41135, 38728, 24483, 21678, 33814, 2868, 41530, 28830, 32057, 49740, 35456, 59190, 35076, 48058, 28699, 55854]
[Train] batch 459 GPA: 0x000000038da01400
[TS] batch459/input: write_done_realtime_ns=1787618978967186585
[GT] batch459 labels=[3, 3, 0, 6, 8, 8, 4, 0, 0, 7, 9, 6, 2, 2, 9, 0, 1, 9, 1, 1, 1, 2, 3, 2, 0, 6, 2, 3, 7, 4, 2, 8, 7, 2, 9, 3, 4, 6, 0, 7, 6, 6, 1, 5, 1, 1, 1, 4, 1, 4, 4, 6, 4, 3, 6, 8, 0, 6, 3, 7, 7, 7, 1, 2] indices=[48859, 25641, 15648, 49019, 5376, 43930, 38274, 55879, 49695, 55724, 54251, 44331, 25004, 30726, 4690, 37678, 55142, 40977, 8418, 14466, 1095, 14465, 25955, 52834, 22510, 21762, 35927, 51030, 57535, 36073, 11711, 32919, 56729, 48527, 50003, 4136, 26367, 7268, 32953, 14777, 19647, 48117, 2446, 23324, 56757, 56471, 43085, 39298, 58447, 5313, 12194, 22006, 10391, 40161, 43735, 6831, 8894, 34546, 670, 49980, 51765, 57996, 26587, 33698]
[Train] batch 460 GPA: 0x000000038da18a00
[TS] batch460/input: write_done_realtime_ns=1787618978980800386
[GT] batch460 labels=[3, 9, 7, 4, 4, 4, 0, 0, 5, 5, 6, 4, 9, 5, 8, 8, 0, 8, 2, 7, 2, 0, 1, 5, 9, 4, 9, 5, 7, 1, 1, 6, 6, 6, 2, 7, 4, 5, 2, 4, 8, 4, 8, 2, 1, 5, 1, 8, 7, 8, 8, 3, 4, 5, 7, 9, 9, 7, 0, 1, 3, 8, 8, 6] indices=[43255, 21423, 58671, 41159, 11652, 43078, 14649, 27446, 41533, 52347, 6742, 7464, 25258, 11782, 17036, 37342, 24846, 7228, 26120, 158, 28200, 42217, 51901, 10333, 40439, 39954, 19597, 2515, 21333, 33374, 21427, 20320, 40889, 42381, 28436, 954, 18807, 36774, 8460, 40946, 3502, 28860, 19223, 54238, 42002, 10939, 37155, 49366, 12961, 50307, 18396, 42791, 58208, 24106, 59661, 44107, 18579, 13555, 31877, 40796, 45273, 705, 34946, 49456]
Train Epoch: 1 [29440/60000 (49%)]	Loss: 0.054765
[Train] batch 461 GPA: 0x000000038da01400
[TS] batch461/input: write_done_realtime_ns=1787618978994333048
[GT] batch461 labels=[5, 7, 2, 3, 9, 4, 5, 6, 1, 7, 7, 7, 9, 6, 2, 8, 9, 7, 1, 0, 7, 4, 3, 6, 4, 2, 3, 1, 1, 8, 5, 2, 6, 7, 4, 1, 1, 5, 0, 8, 3, 9, 4, 7, 8, 5, 1, 4, 3, 9, 0, 7, 0, 1, 1, 4, 8, 0, 1, 2, 1, 5, 3, 7] indices=[31875, 52803, 36998, 50726, 110, 29206, 30081, 51456, 44996, 35053, 29238, 6014, 25872, 52581, 47155, 54919, 17019, 4618, 38828, 56941, 2229, 3697, 19181, 25338, 3009, 13645, 8818, 27501, 52088, 40134, 23722, 190, 58839, 42544, 3437, 33024, 15974, 53617, 53354, 42704, 26732, 43750, 58986, 27083, 41441, 54598, 34008, 58164, 46454, 47933, 3461, 18809, 26438, 32814, 35819, 55053, 50306, 35700, 20755, 58841, 44454, 15143, 44373, 47537]
[Train] batch 462 GPA: 0x000000038da18a00
[TS] batch462/input: write_done_realtime_ns=1787618979008224467
[GT] batch462 labels=[9, 3, 4, 0, 2, 7, 2, 8, 3, 7, 5, 4, 0, 6, 8, 1, 8, 1, 8, 7, 5, 1, 7, 4, 3, 2, 8, 0, 4, 1, 0, 3, 6, 2, 3, 0, 0, 5, 2, 0, 2, 7, 1, 4, 7, 2, 8, 8, 9, 4, 7, 6, 1, 3, 7, 2, 8, 3, 8, 5, 8, 6, 2, 0] indices=[7056, 7976, 58184, 30352, 22397, 20155, 2534, 48509, 46570, 17380, 47737, 32278, 47069, 42295, 28297, 57961, 56290, 46865, 55534, 4189, 2933, 2708, 3079, 11369, 29246, 15748, 44437, 6591, 11713, 43350, 49657, 20003, 50934, 45543, 9065, 27854, 39823, 40993, 49907, 743, 49089, 5651, 6785, 18551, 36345, 31221, 46753, 24051, 31027, 6351, 24382, 37966, 42673, 42041, 9882, 16146, 27381, 57739, 19291, 12470, 49620, 40594, 22793, 7052]
[Train] batch 463 GPA: 0x000000038da01400
[TS] batch463/input: write_done_realtime_ns=1787618979021764390
[GT] batch463 labels=[1, 9, 3, 1, 4, 5, 9, 4, 9, 7, 5, 1, 6, 8, 8, 6, 7, 0, 8, 1, 2, 3, 3, 9, 8, 1, 8, 6, 3, 2, 2, 0, 2, 9, 1, 1, 1, 2, 3, 3, 7, 1, 1, 4, 0, 0, 1, 2, 8, 7, 4, 8, 9, 8, 0, 7, 1, 5, 2, 5, 9, 2, 5, 3] indices=[21878, 42209, 30984, 27630, 45724, 41016, 9642, 48402, 1167, 38300, 3819, 22427, 6727, 56039, 34719, 45448, 11525, 50200, 25341, 18400, 4986, 35030, 50431, 16602, 33181, 40294, 6583, 6562, 30398, 5449, 17653, 13197, 33361, 59835, 205, 16021, 78, 27781, 18805, 52936, 9724, 47200, 35756, 11381, 56835, 20548, 50326, 21796, 26079, 10337, 36226, 13055, 48224, 53420, 54102, 36041, 8815, 12893, 8443, 35390, 24916, 51614, 30714, 13879]
[Train] batch 464 GPA: 0x000000038da18a00
[TS] batch464/input: write_done_realtime_ns=1787618979035225872
[GT] batch464 labels=[8, 8, 6, 2, 9, 5, 9, 9, 0, 4, 8, 8, 7, 6, 1, 2, 7, 1, 4, 2, 5, 7, 4, 5, 9, 2, 7, 5, 1, 2, 5, 9, 5, 6, 4, 7, 1, 0, 7, 9, 4, 6, 3, 1, 4, 0, 2, 9, 8, 2, 9, 6, 1, 4, 6, 4, 9, 1, 0, 3, 6, 1, 9, 9] indices=[9112, 15935, 10246, 26326, 10292, 4171, 19220, 22117, 4892, 336, 51501, 57200, 14138, 3485, 46496, 53884, 45314, 37102, 31121, 12916, 2268, 50255, 2206, 28478, 19560, 37446, 49412, 39574, 11702, 35090, 38113, 18561, 775, 39665, 10549, 54558, 53194, 3906, 55885, 27966, 20098, 59687, 40055, 48481, 37487, 30943, 51986, 22875, 37672, 41741, 6439, 10731, 21574, 37988, 46310, 29461, 10305, 40779, 4563, 1644, 21122, 49569, 14249, 8968]
[Train] batch 465 GPA: 0x000000038da01400
[TS] batch465/input: write_done_realtime_ns=1787618979049007792
[GT] batch465 labels=[6, 5, 8, 5, 1, 9, 6, 0, 0, 1, 5, 9, 9, 5, 0, 2, 5, 9, 6, 7, 7, 9, 4, 6, 6, 1, 2, 9, 8, 7, 0, 3, 2, 8, 8, 8, 6, 4, 5, 5, 5, 8, 8, 4, 0, 4, 8, 6, 0, 1, 2, 9, 1, 0, 7, 8, 9, 9, 0, 5, 0, 3, 3, 5] indices=[26253, 7735, 42331, 278, 43652, 20001, 25226, 53401, 34197, 11715, 28504, 15498, 58898, 47366, 30939, 31185, 22268, 1937, 28085, 58444, 6287, 54509, 10433, 32739, 22690, 18541, 18017, 34517, 32300, 56567, 12554, 34289, 2508, 14279, 49947, 18774, 57463, 14274, 3595, 16356, 36697, 52296, 53681, 21935, 31677, 42774, 14480, 13351, 40150, 39152, 43630, 53703, 50400, 36084, 26001, 45181, 29878, 18043, 51997, 2414, 14817, 33500, 29636, 42334]
[Train] batch 466 GPA: 0x000000038da18a00
[TS] batch466/input: write_done_realtime_ns=1787618979062477874
[GT] batch466 labels=[0, 3, 5, 8, 3, 2, 8, 5, 5, 9, 1, 1, 4, 6, 9, 7, 6, 7, 9, 7, 6, 6, 6, 7, 8, 0, 0, 0, 6, 1, 0, 8, 3, 4, 8, 9, 4, 8, 9, 7, 4, 1, 6, 2, 7, 1, 3, 4, 0, 9, 6, 1, 7, 3, 3, 0, 0, 1, 6, 5, 2, 0, 4, 5] indices=[43011, 53846, 28332, 57493, 55717, 20454, 45298, 29708, 27179, 8439, 35595, 29697, 40449, 47954, 1161, 4809, 15951, 6147, 2371, 4000, 43979, 21696, 36232, 4899, 30703, 8682, 52185, 38494, 47827, 8379, 10861, 19711, 32299, 55654, 26244, 55978, 34823, 24396, 4826, 26898, 36795, 21088, 20489, 46002, 24415, 21618, 58587, 13104, 23773, 44375, 44989, 35303, 4330, 34644, 25453, 18538, 31202, 37354, 47810, 29571, 7743, 38128, 42078, 5757]
[Train] batch 467 GPA: 0x000000038da01400
[TS] batch467/input: write_done_realtime_ns=1787618979076029387
[GT] batch467 labels=[9, 1, 2, 0, 2, 1, 7, 1, 1, 3, 4, 0, 2, 0, 1, 8, 2, 4, 6, 3, 7, 5, 2, 4, 1, 7, 1, 4, 0, 4, 5, 4, 2, 9, 4, 4, 6, 6, 4, 5, 3, 3, 9, 5, 0, 9, 3, 8, 8, 9, 3, 3, 9, 7, 2, 6, 5, 7, 4, 7, 4, 2, 9, 8] indices=[29390, 41971, 12091, 33363, 31970, 41600, 42650, 28439, 15885, 55746, 8539, 15399, 27874, 25039, 34222, 37312, 48640, 30846, 26530, 58513, 24464, 15238, 22146, 38209, 33935, 38615, 51250, 25176, 28821, 42779, 26901, 57443, 58923, 17671, 30447, 35258, 3053, 36616, 19637, 43357, 21098, 49467, 26877, 51792, 13074, 54592, 38277, 4525, 35017, 51840, 9592, 15176, 55648, 728, 43994, 15870, 24117, 7889, 49417, 54152, 33630, 2908, 38727, 38000]
[Train] batch 468 GPA: 0x000000038da18a00
[TS] batch468/input: write_done_realtime_ns=1787618979089550859
[GT] batch468 labels=[1, 8, 1, 6, 7, 6, 8, 7, 2, 6, 4, 0, 1, 2, 6, 2, 9, 0, 5, 5, 4, 5, 0, 2, 6, 6, 1, 4, 7, 3, 0, 7, 1, 8, 3, 9, 8, 1, 1, 1, 0, 1, 2, 1, 2, 1, 6, 3, 5, 1, 0, 9, 9, 0, 1, 3, 4, 3, 7, 3, 7, 1, 8, 2] indices=[56750, 56771, 12166, 6102, 59925, 15320, 50001, 40077, 35220, 56693, 38717, 4738, 59713, 2464, 41303, 50736, 21047, 59639, 32134, 59216, 39730, 2248, 53299, 13156, 21967, 29028, 46575, 16098, 28563, 48904, 17050, 1251, 10169, 41481, 33763, 39521, 12580, 30508, 5876, 6318, 9476, 23740, 12682, 41424, 27444, 36433, 21585, 27349, 20769, 47784, 23279, 19315, 6164, 35620, 16665, 23294, 21022, 35765, 20449, 24524, 22513, 57761, 4215, 375]
[Train] batch 469 GPA: 0x000000038da01400
[TS] batch469/input: write_done_realtime_ns=1787618979102921122
[GT] batch469 labels=[0, 1, 8, 9, 5, 7, 4, 8, 0, 1, 1, 7, 3, 6, 0, 4, 6, 5, 8, 9, 1, 7, 9, 4, 4, 9, 8, 4, 1, 0, 3, 3, 8, 6, 0, 5, 4, 4, 0, 2, 1, 0, 3, 9, 5, 4, 9, 6, 0, 7, 7, 5, 5, 2, 0, 4, 3, 1, 2, 5, 6, 6, 6, 4] indices=[57471, 18524, 34397, 56933, 43838, 53766, 34810, 14457, 43465, 45541, 48543, 46201, 51116, 16879, 524, 21223, 43260, 59358, 23553, 51945, 29480, 21871, 32377, 44264, 28461, 42293, 8535, 5490, 28420, 10840, 37167, 47157, 19392, 53578, 33983, 30575, 36634, 28146, 58360, 15867, 36442, 42865, 38811, 31593, 38486, 19520, 5261, 48082, 48185, 25998, 48585, 30918, 26464, 51443, 47639, 35003, 33004, 45437, 8810, 4558, 51139, 34686, 21995, 33554]
[Train] batch 470 GPA: 0x000000038da18a00
[TS] batch470/input: write_done_realtime_ns=1787618979116419885
[GT] batch470 labels=[9, 9, 8, 5, 2, 1, 5, 9, 1, 1, 9, 9, 8, 1, 9, 0, 2, 3, 1, 0, 3, 9, 4, 9, 1, 0, 9, 5, 7, 2, 3, 3, 6, 2, 3, 7, 9, 0, 8, 6, 5, 3, 2, 5, 1, 1, 7, 6, 5, 2, 4, 3, 9, 2, 0, 0, 4, 7, 1, 3, 4, 3, 5, 8] indices=[33744, 27902, 22934, 14168, 18489, 3070, 40711, 24071, 37911, 15397, 42458, 51842, 57922, 24714, 40128, 39295, 12517, 42627, 55543, 1015, 38377, 59794, 36837, 1401, 593, 10348, 59668, 59212, 562, 6138, 43952, 34089, 43035, 40445, 28499, 31382, 12792, 40418, 32573, 45634, 19056, 3332, 49189, 53715, 16062, 43249, 39289, 16933, 52452, 50474, 12788, 32223, 41503, 16654, 12748, 22657, 8240, 9656, 5681, 58001, 50377, 51717, 32393, 4063]
Train Epoch: 1 [30080/60000 (50%)]	Loss: 0.261774
[Train] batch 471 GPA: 0x000000038da01400
[TS] batch471/input: write_done_realtime_ns=1787618979129905357
[GT] batch471 labels=[2, 2, 4, 9, 1, 6, 7, 1, 5, 6, 6, 2, 8, 9, 3, 8, 7, 7, 7, 1, 0, 1, 7, 2, 8, 3, 9, 6, 1, 6, 6, 6, 1, 1, 8, 1, 1, 0, 5, 0, 5, 9, 5, 4, 9, 7, 4, 5, 9, 9, 1, 6, 8, 5, 4, 2, 8, 8, 6, 0, 2, 7, 1, 7] indices=[8133, 36321, 3100, 34399, 34282, 44722, 1687, 59189, 32394, 36425, 51662, 45287, 1013, 2267, 7767, 15021, 51967, 8990, 25806, 57906, 12184, 8772, 58778, 6289, 20712, 38368, 50816, 36, 27182, 19954, 47436, 38925, 3488, 11917, 25819, 17883, 12071, 20713, 41587, 57586, 27079, 41227, 37609, 15058, 11900, 3518, 11148, 44713, 48057, 31170, 49855, 12744, 26807, 56666, 25878, 48525, 50268, 53811, 38367, 27394, 9249, 39913, 52431, 24639]
[Train] batch 472 GPA: 0x000000038da18a00
[TS] batch472/input: write_done_realtime_ns=1787618979143303782
[GT] batch472 labels=[4, 0, 7, 9, 8, 9, 6, 1, 3, 9, 7, 9, 8, 3, 0, 8, 0, 6, 2, 2, 7, 9, 9, 8, 3, 3, 2, 1, 6, 0, 9, 8, 1, 9, 2, 3, 2, 2, 0, 4, 0, 9, 2, 8, 6, 8, 9, 0, 2, 0, 6, 0, 2, 7, 5, 4, 8, 0, 2, 1, 8, 6, 0, 9] indices=[49843, 51308, 57285, 55296, 26661, 51574, 6541, 53792, 33223, 29305, 2759, 9425, 2511, 35914, 4203, 15408, 20321, 22851, 1048, 37084, 2145, 23512, 7713, 2016, 32385, 22443, 49009, 16869, 33542, 24661, 37247, 58031, 39017, 59756, 23216, 52085, 47652, 11737, 3434, 25255, 34730, 45343, 34218, 44056, 7972, 3657, 24825, 31180, 52083, 4115, 21675, 36272, 11380, 34435, 29748, 58496, 22966, 20727, 36844, 50437, 6041, 38471, 37708, 57563]
[Train] batch 473 GPA: 0x000000038da01400
[TS] batch473/input: write_done_realtime_ns=1787618979156831763
[GT] batch473 labels=[1, 9, 0, 0, 8, 6, 7, 2, 1, 2, 3, 9, 9, 4, 6, 9, 9, 9, 1, 3, 7, 6, 7, 6, 1, 7, 0, 5, 1, 6, 6, 1, 5, 4, 1, 7, 0, 1, 3, 6, 5, 8, 5, 5, 5, 5, 1, 9, 1, 9, 5, 5, 4, 7, 7, 8, 6, 1, 3, 2, 2, 4, 0, 3] indices=[5168, 37306, 45728, 17726, 3759, 30577, 4173, 12129, 34168, 20448, 18646, 11918, 46800, 30151, 44817, 41311, 56348, 32051, 29062, 45480, 14360, 46393, 45551, 29647, 38454, 1953, 58532, 38298, 51548, 41047, 35385, 231, 13502, 22697, 9017, 56897, 49561, 11272, 25523, 9577, 32698, 55946, 19020, 15969, 9568, 57553, 35907, 31896, 22937, 29959, 55953, 31495, 25784, 25370, 54118, 35365, 19062, 18963, 39981, 11443, 6685, 48068, 3131, 45508]
[Train] batch 474 GPA: 0x000000038da18a00
[TS] batch474/input: write_done_realtime_ns=1787618979170516424
[GT] batch474 labels=[1, 2, 2, 4, 5, 0, 7, 6, 2, 9, 8, 1, 9, 8, 2, 7, 2, 7, 1, 6, 0, 9, 6, 6, 1, 9, 8, 1, 8, 2, 1, 4, 0, 9, 1, 8, 1, 9, 7, 0, 6, 5, 3, 6, 3, 9, 5, 8, 3, 0, 6, 9, 5, 9, 0, 7, 5, 0, 3, 3, 8, 8, 2, 0] indices=[14126, 57163, 32918, 32499, 17436, 36391, 19153, 44218, 39892, 37025, 13866, 42875, 9225, 40579, 47956, 7438, 59290, 33996, 2197, 38961, 50236, 43918, 32002, 11932, 56572, 32983, 3251, 20829, 31, 11298, 47394, 3668, 51006, 8581, 134, 50988, 11867, 18747, 14832, 25024, 23706, 19236, 33986, 53197, 46279, 23863, 22599, 55020, 43327, 14644, 32455, 15609, 49728, 56156, 1046, 13756, 33954, 31490, 50975, 16386, 35987, 17348, 58418, 12837]
[Train] batch 475 GPA: 0x000000038da01400
[TS] batch475/input: write_done_realtime_ns=1787618979183975177
[GT] batch475 labels=[9, 8, 3, 1, 9, 4, 8, 3, 5, 1, 8, 9, 3, 1, 1, 9, 4, 4, 8, 6, 7, 3, 5, 8, 7, 0, 6, 6, 5, 7, 3, 9, 9, 3, 8, 3, 2, 7, 2, 1, 9, 2, 8, 3, 9, 5, 6, 1, 3, 9, 6, 5, 9, 8, 1, 2, 7, 3, 5, 1, 7, 0, 1, 7] indices=[346, 38805, 49607, 51305, 11924, 6560, 33611, 27645, 25973, 50367, 10895, 51132, 59735, 8330, 33456, 19824, 47763, 17949, 11568, 40741, 24682, 3233, 34041, 21649, 8783, 32727, 38084, 58124, 18947, 36818, 55312, 8620, 21591, 7383, 29280, 15332, 7146, 38788, 1262, 59697, 18350, 42949, 14614, 26550, 35480, 3682, 51400, 57160, 18049, 9673, 33692, 57293, 6838, 40324, 32577, 54795, 32812, 34259, 1313, 36297, 12390, 47714, 18474, 57323]
[Train] batch 476 GPA: 0x000000038da18a00
[TS] batch476/input: write_done_realtime_ns=1787618979197426120
[GT] batch476 labels=[0, 9, 0, 7, 5, 1, 0, 3, 3, 8, 3, 6, 7, 1, 4, 3, 7, 2, 2, 3, 4, 9, 2, 8, 8, 2, 3, 2, 7, 0, 8, 6, 7, 0, 7, 0, 8, 1, 6, 9, 6, 7, 8, 3, 1, 3, 2, 7, 7, 0, 8, 7, 7, 1, 5, 8, 5, 3, 5, 1, 5, 9, 4, 1] indices=[26930, 14015, 48414, 55735, 54470, 5630, 27609, 58853, 37566, 52171, 59760, 54646, 2950, 27744, 20236, 48783, 30657, 23025, 35111, 2423, 14966, 55563, 38952, 42615, 14766, 41181, 23572, 18003, 54426, 35408, 15258, 51021, 45411, 56509, 17630, 33776, 47151, 20135, 23363, 4229, 2487, 30801, 50625, 490, 16735, 4510, 25517, 37073, 39845, 18889, 31191, 25339, 5326, 52505, 24859, 20732, 50853, 48932, 5617, 41658, 26211, 41008, 3608, 48805]
[Train] batch 477 GPA: 0x000000038da01400
[TS] batch477/input: write_done_realtime_ns=1787618979210873783
[GT] batch477 labels=[3, 9, 4, 0, 6, 6, 3, 7, 8, 8, 5, 6, 2, 8, 5, 4, 1, 3, 7, 6, 0, 9, 3, 6, 3, 9, 4, 3, 2, 8, 6, 5, 2, 7, 5, 5, 3, 4, 8, 8, 4, 6, 2, 7, 6, 2, 1, 0, 7, 2, 5, 0, 8, 7, 9, 4, 9, 2, 7, 1, 9, 1, 5, 0] indices=[5958, 1455, 15576, 20658, 31208, 20233, 22598, 23507, 3027, 54387, 32154, 11261, 28294, 50687, 50848, 26166, 47435, 45786, 5555, 46440, 7271, 58369, 13239, 30083, 12446, 11947, 27979, 39904, 9104, 29945, 1389, 35040, 33008, 50488, 5211, 11596, 27478, 12279, 594, 5200, 27141, 57157, 37504, 15922, 33724, 49778, 23973, 55666, 14540, 51275, 54779, 473, 36870, 44637, 23027, 50152, 7773, 6079, 34446, 29337, 57006, 3234, 56939, 55622]
[Train] batch 478 GPA: 0x000000038da18a00
[TS] batch478/input: write_done_realtime_ns=1787618979224478724
[GT] batch478 labels=[3, 0, 8, 7, 3, 4, 8, 1, 2, 3, 6, 7, 0, 0, 5, 8, 1, 5, 4, 5, 5, 4, 9, 8, 7, 3, 1, 5, 4, 7, 0, 5, 5, 9, 5, 5, 8, 7, 1, 4, 2, 6, 4, 7, 4, 2, 5, 7, 6, 9, 4, 6, 6, 4, 2, 5, 7, 1, 5, 9, 4, 5, 9, 6] indices=[16743, 1571, 21106, 47439, 39329, 19286, 30325, 2716, 18780, 52227, 24851, 12138, 20895, 57395, 55602, 54423, 18035, 43506, 15752, 32603, 15996, 42574, 16005, 22309, 37762, 8360, 43664, 1206, 43530, 47677, 35039, 38864, 41933, 40469, 23651, 23006, 7512, 44512, 56559, 21777, 49264, 47962, 12644, 43771, 39324, 52982, 40902, 20549, 16507, 29012, 19161, 19408, 46755, 51838, 37210, 15800, 33676, 35761, 45091, 28424, 43934, 30858, 57627, 17126]
[Train] batch 479 GPA: 0x000000038da01400
[TS] batch479/input: write_done_realtime_ns=1787618979238040336
[GT] batch479 labels=[2, 6, 6, 1, 3, 6, 8, 3, 2, 9, 6, 7, 6, 4, 5, 9, 1, 9, 2, 9, 3, 6, 8, 0, 4, 1, 5, 0, 1, 1, 0, 8, 7, 6, 3, 3, 9, 8, 2, 4, 1, 4, 1, 4, 2, 5, 7, 9, 9, 2, 3, 5, 9, 7, 3, 9, 3, 9, 4, 3, 7, 4, 3, 1] indices=[37360, 3726, 2635, 56048, 39235, 34260, 6470, 24680, 30091, 49547, 17083, 22891, 6548, 51261, 38189, 30360, 54165, 21562, 17071, 19743, 7483, 50428, 12009, 3049, 59432, 39157, 56990, 14161, 10068, 508, 41606, 29782, 46311, 22009, 14303, 20252, 764, 54712, 10417, 29063, 42894, 26465, 11760, 6184, 8564, 10804, 20189, 58746, 1360, 1390, 35954, 39629, 6779, 47349, 30662, 27277, 21525, 33642, 54814, 34219, 34485, 42329, 51373, 11297]
[Train] batch 480 GPA: 0x000000038da18a00
[TS] batch480/input: write_done_realtime_ns=1787618979251384641
[GT] batch480 labels=[1, 6, 6, 0, 8, 5, 3, 7, 3, 6, 5, 0, 5, 5, 9, 6, 8, 9, 7, 7, 9, 2, 3, 6, 9, 1, 4, 1, 0, 7, 7, 6, 6, 1, 9, 2, 1, 9, 8, 4, 0, 1, 1, 0, 0, 7, 5, 8, 3, 5, 3, 5, 8, 8, 3, 3, 3, 1, 4, 7, 2, 0, 9, 0] indices=[33467, 1892, 33548, 54836, 54492, 26313, 12303, 50894, 12024, 7717, 9859, 48142, 55794, 56479, 2514, 56854, 10319, 25562, 24788, 48712, 6661, 37646, 54413, 51995, 41771, 1521, 46781, 7435, 9710, 8237, 20707, 14593, 41442, 45302, 34688, 20695, 32795, 41563, 35589, 29193, 10732, 53103, 55901, 57296, 37303, 29105, 26918, 38765, 18742, 19374, 3699, 29058, 49997, 12712, 6347, 35520, 18840, 29265, 26992, 31824, 30730, 40335, 45689, 18486]
Train Epoch: 1 [30720/60000 (51%)]	Loss: 0.180581
[Train] batch 481 GPA: 0x000000038da01400
[TS] batch481/input: write_done_realtime_ns=1787618979264924142
[GT] batch481 labels=[2, 5, 9, 0, 5, 3, 3, 2, 1, 8, 2, 0, 1, 5, 5, 2, 1, 0, 4, 8, 4, 6, 3, 0, 1, 0, 5, 6, 2, 1, 7, 8, 7, 7, 9, 1, 2, 0, 9, 4, 5, 1, 3, 7, 2, 9, 9, 0, 6, 0, 7, 5, 0, 6, 5, 7, 9, 5, 5, 0, 8, 3, 2, 8] indices=[57790, 25423, 9708, 37, 9062, 59914, 4868, 7369, 9775, 19906, 29312, 43915, 8652, 9124, 53470, 16283, 22452, 28242, 40187, 13219, 1545, 59284, 17085, 29044, 30564, 32858, 26648, 25489, 33857, 49884, 8827, 15096, 28009, 53944, 22898, 11157, 21174, 40241, 51592, 13068, 12146, 27034, 13222, 12849, 2457, 39822, 1421, 4688, 6343, 15249, 57485, 58908, 6538, 3936, 46290, 820, 6699, 51605, 48374, 49497, 36752, 34119, 44415, 51013]
[Train] batch 482 GPA: 0x000000038da18a00
[TS] batch482/input: write_done_realtime_ns=1787618979278411786
[GT] batch482 labels=[8, 1, 3, 5, 6, 7, 7, 0, 5, 9, 8, 0, 8, 5, 2, 5, 2, 8, 4, 1, 8, 7, 3, 7, 7, 9, 7, 1, 9, 9, 1, 1, 4, 8, 2, 9, 8, 9, 2, 1, 7, 9, 6, 0, 3, 9, 7, 9, 8, 8, 9, 1, 1, 3, 3, 5, 9, 0, 9, 1, 9, 9, 1, 1] indices=[9956, 5955, 34845, 12957, 36985, 34445, 55409, 49197, 45924, 7667, 37096, 28402, 19124, 37717, 33184, 40258, 22558, 2668, 6448, 10926, 5557, 26529, 7367, 55205, 40512, 17921, 41450, 26559, 8141, 55921, 57830, 9251, 59321, 21395, 56361, 40028, 19489, 9483, 12745, 14154, 15469, 28625, 56918, 15492, 59318, 12443, 33867, 54055, 53913, 30247, 7822, 49186, 39980, 15233, 41343, 46968, 36607, 30382, 49383, 58926, 51042, 6205, 34291, 14234]
[Train] batch 483 GPA: 0x000000038da01400
[TS] batch483/input: write_done_realtime_ns=1787618979291936928
[GT] batch483 labels=[7, 2, 3, 8, 1, 2, 7, 6, 4, 3, 8, 3, 1, 7, 0, 4, 3, 8, 7, 3, 4, 5, 0, 4, 4, 3, 6, 6, 3, 7, 5, 0, 4, 4, 5, 9, 5, 8, 3, 7, 6, 2, 8, 9, 3, 4, 1, 1, 4, 7, 2, 7, 9, 4, 6, 8, 9, 0, 8, 8, 0, 1, 7, 9] indices=[26063, 25994, 54088, 18368, 58820, 46116, 58687, 19293, 24795, 47225, 42467, 45696, 33394, 49666, 57393, 23197, 6539, 15411, 10431, 203, 57724, 32750, 7708, 3548, 59335, 43562, 23354, 54113, 16375, 5976, 36918, 16928, 1840, 51939, 8339, 26226, 50060, 14872, 4883, 46151, 56943, 59720, 8221, 21657, 17355, 27617, 37732, 8633, 20183, 30502, 10620, 14522, 27884, 8825, 13635, 11761, 10646, 37543, 17393, 48206, 38484, 59571, 42733, 5589]
[Train] batch 484 GPA: 0x000000038da18a00
[TS] batch484/input: write_done_realtime_ns=1787618979305420390
[GT] batch484 labels=[7, 8, 8, 0, 2, 6, 2, 1, 5, 7, 0, 5, 9, 2, 9, 3, 3, 2, 6, 4, 6, 3, 8, 9, 5, 8, 0, 3, 4, 6, 8, 4, 8, 4, 9, 7, 1, 9, 7, 9, 6, 2, 4, 8, 3, 8, 1, 6, 5, 9, 0, 6, 9, 6, 8, 1, 4, 1, 9, 7, 1, 4, 8, 9] indices=[54097, 39219, 20630, 56969, 32010, 5993, 58315, 32879, 29308, 52302, 12360, 8549, 32316, 57225, 54307, 30511, 43380, 12585, 48156, 53450, 4673, 39728, 26557, 52910, 53552, 720, 38380, 19575, 52973, 31105, 59751, 51351, 43403, 37961, 18797, 48501, 53326, 52743, 10160, 32123, 35280, 38636, 33846, 7856, 22182, 55043, 20456, 5693, 39625, 2219, 32097, 26563, 20735, 40533, 9789, 7609, 46716, 19691, 16360, 6566, 38968, 15927, 25415, 3398]
[Train] batch 485 GPA: 0x000000038da01400
[TS] batch485/input: write_done_realtime_ns=1787618979318851493
[GT] batch485 labels=[7, 6, 6, 0, 8, 8, 2, 1, 8, 8, 6, 5, 3, 1, 6, 5, 7, 3, 1, 5, 0, 8, 1, 2, 4, 9, 9, 2, 1, 7, 0, 7, 9, 4, 8, 4, 2, 7, 3, 6, 9, 4, 4, 8, 3, 9, 8, 2, 3, 9, 8, 3, 4, 3, 2, 2, 6, 6, 9, 0, 3, 9, 4, 2] indices=[55034, 47112, 7294, 41383, 54469, 53170, 1711, 41852, 15366, 38324, 14963, 32136, 41978, 29434, 52102, 33220, 26076, 11910, 538, 38656, 18232, 51431, 15266, 6919, 47282, 24821, 4975, 38148, 31718, 40397, 5585, 45865, 5518, 25470, 19103, 56183, 39429, 11049, 34607, 23256, 56753, 5101, 56146, 59544, 33445, 27370, 2476, 43874, 37889, 38829, 1207, 3735, 17733, 18528, 6605, 49917, 14172, 54799, 39660, 29263, 35208, 3925, 52299, 41217]
[Train] batch 486 GPA: 0x000000038da18a00
[TS] batch486/input: write_done_realtime_ns=1787618979332378035
[GT] batch486 labels=[1, 8, 4, 8, 9, 2, 4, 6, 8, 1, 6, 6, 0, 7, 2, 6, 0, 0, 1, 7, 4, 8, 3, 1, 0, 6, 8, 2, 0, 3, 4, 0, 4, 0, 9, 6, 1, 9, 1, 1, 1, 2, 7, 1, 3, 9, 1, 1, 0, 0, 0, 8, 5, 8, 4, 6, 1, 7, 5, 5, 3, 4, 9, 9] indices=[8070, 2991, 49587, 8753, 57895, 48147, 40923, 28810, 6659, 3971, 35962, 59273, 22445, 30764, 18864, 23742, 46962, 10272, 33224, 21160, 48608, 19911, 4234, 27276, 45128, 46209, 45956, 28407, 53290, 48213, 16094, 27289, 967, 19565, 2804, 29758, 43411, 7623, 7857, 31144, 19029, 13384, 8170, 14181, 49157, 17455, 11883, 39757, 7451, 10773, 41770, 38778, 45305, 13422, 22400, 13349, 34206, 20980, 15000, 9495, 49057, 52024, 39472, 21020]
[Train] batch 487 GPA: 0x000000038da01400
[TS] batch487/input: write_done_realtime_ns=1787618979345764519
[GT] batch487 labels=[2, 4, 7, 6, 0, 5, 3, 7, 1, 7, 3, 0, 0, 1, 2, 9, 0, 5, 4, 5, 4, 5, 3, 5, 2, 7, 4, 7, 1, 9, 3, 2, 8, 1, 3, 0, 8, 6, 7, 5, 7, 5, 5, 2, 2, 5, 8, 5, 6, 1, 0, 7, 3, 3, 9, 9, 0, 3, 3, 8, 6, 4, 4, 3] indices=[46620, 25558, 16641, 45668, 43602, 30676, 11233, 36238, 3723, 57572, 17766, 2081, 46627, 4557, 46105, 8751, 13798, 31435, 49823, 20093, 14424, 2698, 49297, 27337, 21207, 51180, 59108, 28885, 46933, 49983, 51543, 27113, 5087, 44542, 46563, 21546, 11101, 221, 19284, 15552, 21159, 42511, 41657, 37969, 5722, 39748, 36845, 41949, 26524, 4708, 44788, 5035, 22415, 46061, 28195, 35603, 42074, 54879, 56228, 48140, 14377, 56184, 58, 50809]
[Train] batch 488 GPA: 0x000000038da18a00
[TS] batch488/input: write_done_realtime_ns=1787618979359203692
[GT] batch488 labels=[6, 7, 0, 9, 7, 2, 1, 3, 5, 9, 5, 1, 4, 5, 9, 7, 4, 9, 9, 9, 5, 8, 8, 0, 4, 1, 8, 3, 4, 6, 7, 4, 7, 9, 0, 2, 1, 8, 6, 6, 1, 8, 4, 9, 9, 9, 9, 6, 7, 4, 2, 7, 2, 1, 1, 1, 7, 2, 9, 9, 0, 3, 5, 9] indices=[43736, 33656, 1368, 7110, 30821, 42805, 33850, 24111, 38533, 30899, 21956, 6142, 17576, 6529, 28239, 30879, 27743, 32121, 58852, 49714, 24255, 33019, 53099, 27788, 50777, 37862, 26760, 58642, 18726, 50073, 18720, 55085, 29373, 50787, 50480, 51567, 13973, 37493, 3115, 19196, 58588, 27616, 6009, 10028, 10934, 32260, 35605, 54621, 1589, 7573, 11230, 2168, 47965, 58181, 3019, 7078, 53313, 38197, 2763, 23723, 30196, 14456, 20331, 22050]
[Train] batch 489 GPA: 0x000000038da01400
[TS] batch489/input: write_done_realtime_ns=1787618979372761044
[GT] batch489 labels=[8, 2, 7, 6, 3, 0, 6, 2, 3, 7, 9, 8, 6, 6, 0, 3, 2, 1, 5, 3, 4, 8, 1, 9, 9, 2, 5, 3, 3, 5, 6, 4, 6, 2, 6, 3, 1, 7, 2, 9, 1, 8, 0, 2, 8, 1, 5, 0, 8, 0, 8, 6, 5, 9, 3, 8, 5, 2, 5, 5, 2, 5, 3, 3] indices=[52033, 4753, 3843, 23416, 10984, 39890, 43063, 33987, 20121, 24644, 34739, 54163, 1802, 58404, 21403, 57872, 24876, 56007, 14609, 46379, 20276, 19692, 30068, 22359, 37259, 11286, 14199, 34180, 31349, 30086, 25638, 55101, 14300, 7313, 59345, 52679, 47751, 46457, 46887, 27949, 37384, 32733, 48268, 17880, 48967, 36124, 42221, 40389, 3979, 11052, 23078, 16378, 49686, 10621, 6863, 30771, 48985, 41900, 15631, 14195, 59045, 58535, 9420, 11037]
[Train] batch 490 GPA: 0x000000038da18a00
[TS] batch490/input: write_done_realtime_ns=1787618979386156609
[GT] batch490 labels=[4, 6, 2, 6, 6, 0, 7, 5, 6, 0, 9, 3, 9, 5, 7, 2, 5, 1, 2, 2, 1, 7, 6, 4, 3, 6, 0, 6, 0, 6, 8, 6, 6, 1, 6, 6, 8, 8, 2, 6, 8, 6, 1, 4, 4, 3, 8, 5, 9, 1, 7, 1, 5, 6, 5, 9, 9, 6, 7, 6, 4, 7, 8, 3] indices=[22768, 45338, 42014, 8352, 20221, 6802, 2634, 49236, 53918, 38744, 35724, 46621, 58921, 41548, 55439, 7161, 15893, 19227, 37435, 32438, 1080, 41919, 16766, 19017, 15335, 58050, 52691, 39934, 44692, 47772, 50714, 47147, 11866, 43033, 16898, 43857, 9732, 34212, 43547, 17120, 36565, 39206, 26445, 10679, 23055, 25000, 30656, 59850, 23111, 11178, 48678, 4049, 17159, 58911, 49048, 21297, 26179, 48433, 51358, 739, 35624, 46820, 39499, 52298]
Train Epoch: 1 [31360/60000 (52%)]	Loss: 0.177324
[Train] batch 491 GPA: 0x000000038da01400
[TS] batch491/input: write_done_realtime_ns=1787618979399632521
[GT] batch491 labels=[5, 3, 6, 5, 3, 8, 0, 1, 3, 5, 5, 3, 4, 0, 5, 3, 0, 6, 2, 7, 5, 1, 3, 2, 4, 1, 5, 2, 5, 0, 3, 2, 5, 1, 7, 3, 6, 1, 9, 4, 9, 6, 9, 3, 1, 4, 7, 9, 1, 8, 3, 0, 3, 2, 5, 7, 2, 0, 9, 7, 7, 9, 4, 0] indices=[20586, 54377, 47300, 13551, 17754, 51014, 41811, 24563, 6710, 39725, 22264, 15816, 606, 21960, 36245, 15773, 23067, 15447, 15270, 49415, 27038, 28244, 3491, 5907, 35095, 25600, 45875, 5436, 15301, 41122, 16774, 20710, 55572, 42435, 11168, 43280, 16788, 17180, 51022, 29764, 58639, 14416, 30987, 30644, 39106, 11818, 48377, 54546, 30909, 55880, 6048, 6614, 49841, 21537, 18508, 22348, 55985, 20979, 59771, 8267, 35773, 29031, 51225, 19649]
[Train] batch 492 GPA: 0x000000038da18a00
[TS] batch492/input: write_done_realtime_ns=1787618979413126854
[GT] batch492 labels=[9, 2, 2, 3, 9, 1, 2, 5, 9, 0, 6, 3, 7, 9, 1, 7, 5, 0, 3, 5, 1, 5, 3, 4, 7, 2, 0, 4, 7, 5, 8, 4, 2, 3, 8, 8, 9, 4, 3, 9, 0, 5, 3, 4, 6, 0, 1, 0, 7, 8, 7, 1, 7, 9, 2, 8, 2, 8, 0, 3, 9, 3, 1, 7] indices=[32618, 37630, 22612, 22957, 46298, 21765, 4428, 10062, 22321, 57543, 44503, 35548, 16240, 22597, 46468, 35519, 16164, 47078, 35043, 15726, 29651, 10400, 12814, 54412, 49516, 21891, 30547, 14296, 45583, 45070, 40408, 37272, 48674, 28995, 42364, 35072, 47091, 41846, 23046, 48747, 19004, 13800, 330, 46894, 44870, 44127, 55784, 59510, 6590, 30067, 19592, 26696, 14581, 36024, 8453, 53485, 12582, 6976, 33522, 9401, 15212, 13403, 27759, 14814]
[Train] batch 493 GPA: 0x000000038da01400
[TS] batch493/input: write_done_realtime_ns=1787618979426656386
[GT] batch493 labels=[9, 7, 1, 3, 5, 3, 4, 5, 0, 7, 1, 7, 7, 5, 2, 9, 8, 8, 5, 6, 3, 4, 6, 9, 9, 8, 6, 5, 8, 1, 0, 5, 1, 7, 5, 5, 8, 6, 6, 7, 7, 7, 0, 0, 6, 1, 6, 5, 0, 9, 5, 0, 6, 7, 8, 3, 9, 9, 8, 6, 2, 6, 2, 4] indices=[7148, 47829, 30270, 9380, 41682, 35504, 26767, 37817, 39326, 20312, 2932, 19683, 2558, 5157, 54556, 13851, 10963, 23112, 43442, 27890, 55845, 31522, 48141, 26921, 27839, 1790, 56736, 50985, 54054, 33586, 50026, 33767, 20232, 24384, 20534, 18417, 29164, 54205, 39792, 7795, 34160, 39497, 31138, 47271, 46024, 49961, 14671, 19476, 42488, 43862, 28046, 23297, 48451, 54871, 21896, 47651, 12069, 24285, 59485, 45510, 16018, 30023, 12204, 56977]
[Train] batch 494 GPA: 0x000000038da18a00
[TS] batch494/input: write_done_realtime_ns=1787618979440215208
[GT] batch494 labels=[3, 9, 4, 9, 6, 2, 5, 0, 6, 9, 5, 4, 3, 9, 4, 0, 2, 5, 8, 1, 7, 7, 6, 7, 4, 2, 9, 3, 0, 7, 6, 3, 0, 8, 9, 9, 0, 8, 8, 3, 4, 2, 8, 3, 7, 0, 8, 6, 5, 1, 5, 0, 6, 4, 7, 3, 9, 4, 4, 1, 1, 3, 3, 9] indices=[43758, 57267, 39514, 45062, 12636, 48009, 27400, 11758, 4930, 6459, 20693, 57589, 48628, 6238, 23103, 15454, 47685, 58622, 6072, 24879, 52173, 12769, 3096, 15113, 58999, 41835, 42860, 46592, 39213, 30786, 37990, 44249, 29395, 29589, 46023, 16580, 952, 12112, 48060, 36458, 16723, 39453, 31732, 41822, 54072, 53928, 23674, 29489, 39176, 57957, 32570, 47139, 56232, 51382, 7284, 40752, 59564, 42781, 24992, 58083, 47350, 43557, 32847, 52214]
[Train] batch 495 GPA: 0x000000038da01400
[TS] batch495/input: write_done_realtime_ns=1787618979453571852
[GT] batch495 labels=[3, 0, 6, 5, 9, 3, 2, 3, 4, 0, 7, 1, 6, 3, 4, 6, 3, 7, 3, 3, 9, 5, 5, 3, 0, 1, 2, 2, 8, 1, 0, 2, 5, 4, 9, 9, 7, 7, 9, 2, 9, 1, 4, 8, 3, 9, 4, 8, 3, 1, 2, 8, 9, 2, 1, 3, 0, 0, 0, 7, 5, 2, 8, 8] indices=[2275, 11574, 30507, 51251, 37009, 4783, 10117, 1077, 59700, 43366, 28399, 58586, 35158, 8957, 34682, 30161, 5491, 11122, 51536, 21458, 41070, 45872, 44381, 54782, 50423, 17043, 29519, 40832, 571, 51867, 46125, 48231, 36480, 20907, 16132, 19256, 48976, 56652, 8276, 3934, 7381, 28834, 24885, 5369, 19501, 6285, 15604, 923, 47939, 37650, 59672, 44172, 20188, 22284, 55710, 33917, 47267, 30438, 56984, 16324, 23568, 19602, 21312, 28999]
[Train] batch 496 GPA: 0x000000038da18a00
[TS] batch496/input: write_done_realtime_ns=1787618979467003055
[GT] batch496 labels=[7, 6, 6, 4, 9, 4, 6, 3, 7, 0, 7, 0, 7, 4, 4, 1, 4, 7, 3, 8, 1, 9, 6, 9, 7, 0, 1, 5, 0, 6, 5, 4, 6, 6, 4, 9, 4, 9, 3, 0, 0, 4, 4, 8, 4, 0, 9, 3, 2, 1, 3, 7, 9, 7, 4, 0, 8, 3, 6, 2, 2, 2, 5, 0] indices=[2018, 2320, 1784, 46613, 41827, 43398, 26729, 2481, 38458, 303, 13907, 32899, 7994, 27612, 30573, 31930, 40460, 12439, 49147, 17197, 18880, 49973, 55742, 49619, 36760, 3516, 42819, 11500, 13880, 18908, 50202, 29075, 22834, 56549, 26352, 55333, 7459, 58735, 12017, 52628, 57847, 22997, 18026, 386, 31123, 29676, 10761, 47950, 2813, 12154, 53084, 5795, 53801, 19895, 9321, 50385, 32226, 30183, 3794, 52011, 33364, 3672, 34800, 15208]
[Train] batch 497 GPA: 0x000000038da01400
[TS] batch497/input: write_done_realtime_ns=1787618979480494198
[GT] batch497 labels=[0, 4, 1, 2, 3, 7, 8, 4, 3, 5, 8, 8, 7, 6, 9, 1, 7, 5, 9, 0, 2, 1, 5, 7, 4, 8, 6, 6, 3, 4, 6, 7, 6, 3, 2, 0, 0, 7, 8, 7, 0, 8, 7, 6, 0, 7, 4, 6, 7, 6, 0, 7, 5, 6, 0, 9, 8, 8, 5, 3, 4, 4, 9, 3] indices=[26230, 13817, 4390, 55808, 47901, 4479, 45529, 25234, 58654, 58862, 53112, 45427, 11771, 51661, 31842, 44792, 6965, 28770, 32196, 31716, 41397, 34762, 10987, 1205, 25956, 6275, 26848, 26384, 13202, 54718, 49478, 34609, 58093, 16370, 45958, 7183, 42752, 3324, 8892, 14969, 42153, 55145, 10637, 18275, 29250, 54663, 16290, 27523, 56932, 33779, 2160, 28972, 35082, 55123, 56217, 7200, 4103, 3299, 51793, 49813, 13471, 15719, 22799, 57441]
[Train] batch 498 GPA: 0x000000038da18a00
[TS] batch498/input: write_done_realtime_ns=1787618979493825382
[GT] batch498 labels=[3, 0, 8, 3, 7, 3, 8, 1, 3, 5, 5, 9, 7, 7, 1, 0, 1, 8, 3, 2, 1, 9, 4, 0, 9, 5, 3, 6, 7, 2, 2, 0, 7, 7, 3, 0, 4, 5, 7, 1, 8, 3, 4, 6, 4, 1, 4, 2, 1, 8, 9, 6, 7, 9, 0, 7, 7, 9, 7, 6, 5, 3, 5, 5] indices=[54073, 21343, 53854, 59158, 9223, 21007, 24826, 36106, 43196, 1615, 54619, 25652, 36580, 32538, 51781, 45190, 58253, 34663, 13285, 19688, 14224, 10576, 41043, 18564, 20308, 12978, 28199, 27992, 16496, 40948, 55625, 24103, 32873, 56272, 35422, 52930, 4522, 57302, 13746, 12634, 50272, 10, 49325, 50039, 51263, 17232, 42345, 5095, 36731, 59718, 50593, 48886, 40387, 49272, 22857, 59198, 45004, 25655, 7931, 48714, 22918, 37314, 57248, 32870]
[Train] batch 499 GPA: 0x000000038da01400
[TS] batch499/input: write_done_realtime_ns=1787618979507311585
[GT] batch499 labels=[1, 9, 9, 2, 3, 0, 8, 2, 5, 8, 4, 4, 9, 3, 8, 8, 6, 3, 5, 6, 0, 7, 2, 6, 0, 2, 4, 6, 3, 3, 1, 5, 8, 6, 5, 8, 9, 5, 0, 4, 8, 9, 1, 9, 1, 1, 0, 1, 4, 7, 4, 5, 2, 1, 4, 2, 3, 7, 4, 9, 5, 9, 9, 4] indices=[15044, 18973, 30753, 22930, 38451, 40801, 40111, 52835, 10764, 9185, 59674, 41079, 29956, 11565, 9650, 27493, 19698, 4491, 39966, 14940, 21608, 14643, 41633, 4800, 28895, 51787, 275, 794, 57750, 1108, 55271, 480, 27024, 22633, 22130, 52496, 27566, 21259, 39422, 34756, 57955, 11102, 13140, 19914, 8704, 30894, 47739, 14995, 41722, 3214, 8061, 43623, 43642, 34778, 42236, 26875, 38990, 11664, 35818, 44489, 31434, 52845, 11423, 7152]
[Train] batch 500 GPA: 0x000000038da18a00
[TS] batch500/input: write_done_realtime_ns=1787618979520827357
[GT] batch500 labels=[7, 0, 2, 7, 2, 7, 0, 6, 1, 3, 4, 0, 8, 3, 8, 3, 1, 7, 0, 3, 4, 0, 9, 7, 8, 1, 6, 9, 1, 2, 1, 3, 9, 0, 2, 1, 9, 9, 5, 0, 3, 0, 8, 9, 1, 6, 9, 2, 7, 1, 2, 5, 0, 4, 1, 7, 3, 9, 1, 4, 8, 8, 6, 3] indices=[58143, 5120, 7392, 46950, 49191, 14531, 984, 29971, 1710, 3756, 52200, 27829, 6354, 13965, 59057, 34716, 33383, 28634, 35012, 43031, 31067, 7158, 21145, 27254, 37527, 4807, 29136, 30010, 41961, 4153, 27003, 10466, 42258, 6001, 3413, 22931, 1728, 11194, 30514, 55830, 59328, 5344, 8761, 5658, 15009, 910, 12669, 19245, 32359, 32449, 40365, 19741, 40003, 29550, 55716, 26684, 20259, 59927, 50362, 10114, 26327, 4691, 39508, 38053]
Train Epoch: 1 [32000/60000 (53%)]	Loss: 0.188733
[Train] batch 501 GPA: 0x000000038da01400
[TS] batch501/input: write_done_realtime_ns=1787618979534330779
[GT] batch501 labels=[3, 7, 8, 8, 7, 5, 2, 8, 2, 1, 6, 3, 4, 4, 6, 2, 9, 3, 1, 3, 5, 4, 5, 2, 8, 0, 3, 9, 8, 2, 2, 5, 1, 8, 0, 9, 5, 7, 9, 0, 2, 0, 5, 7, 5, 9, 7, 9, 8, 5, 3, 3, 7, 4, 6, 0, 0, 4, 4, 7, 1, 5, 4, 9] indices=[975, 15952, 56911, 35383, 10039, 20325, 24036, 34455, 23683, 9256, 2311, 20844, 43009, 20634, 20822, 20257, 9051, 24099, 4029, 57396, 47972, 52112, 537, 3307, 16860, 6357, 12260, 11089, 55491, 59076, 41141, 29505, 23954, 48555, 32574, 40174, 43308, 53629, 5185, 4682, 59556, 49575, 23183, 29592, 43985, 8467, 49180, 11884, 53061, 18456, 52096, 20790, 2223, 1198, 17728, 39075, 59012, 13848, 37893, 15452, 475, 9783, 14785, 55815]
[Train] batch 502 GPA: 0x000000038da18a00
[TS] batch502/input: write_done_realtime_ns=1787618979547758043
[GT] batch502 labels=[1, 9, 5, 9, 6, 0, 2, 4, 5, 2, 3, 9, 4, 6, 5, 4, 0, 2, 3, 7, 0, 1, 7, 9, 6, 9, 3, 4, 4, 8, 3, 5, 9, 1, 6, 6, 5, 2, 3, 1, 4, 1, 8, 2, 8, 4, 7, 3, 8, 8, 3, 1, 0, 9, 8, 6, 3, 0, 2, 3, 8, 2, 9, 5] indices=[29260, 12297, 6655, 34458, 34827, 41819, 44978, 58279, 9995, 56282, 26711, 9061, 27832, 37351, 30448, 8964, 32564, 27935, 7295, 37898, 6034, 35774, 34666, 43830, 29597, 47863, 23779, 49942, 9957, 7328, 44609, 27996, 32882, 52382, 7102, 59125, 8624, 28369, 45340, 48444, 32669, 6110, 16937, 19764, 14782, 46052, 786, 25671, 4391, 55061, 8425, 32034, 2629, 45123, 36878, 49405, 15377, 22362, 51216, 18061, 11070, 42115, 53532, 21252]
[Train] batch 503 GPA: 0x000000038da01400
[TS] batch503/input: write_done_realtime_ns=1787618979561155827
[GT] batch503 labels=[1, 0, 0, 5, 4, 8, 0, 9, 4, 6, 9, 9, 7, 9, 7, 5, 1, 3, 0, 0, 8, 3, 1, 2, 4, 7, 9, 3, 4, 8, 4, 1, 4, 6, 9, 8, 4, 0, 5, 5, 9, 0, 4, 7, 5, 4, 6, 4, 1, 5, 9, 3, 7, 6, 5, 1, 9, 3, 9, 7, 8, 3, 7, 8] indices=[12578, 59585, 54459, 34952, 6995, 18798, 28412, 9827, 27364, 18045, 57476, 35824, 971, 247, 16133, 29076, 31084, 44439, 32625, 31199, 40706, 3323, 11975, 55526, 23411, 3298, 46778, 22307, 16685, 49201, 28393, 39849, 53898, 37194, 33653, 50996, 38316, 57642, 5403, 13532, 29874, 16439, 28843, 36583, 43529, 15214, 59121, 8438, 16130, 26856, 39163, 46370, 37165, 59601, 8819, 40860, 29672, 45843, 39537, 30532, 46395, 56288, 59204, 39922]
[Train] batch 504 GPA: 0x000000038da18a00
[TS] batch504/input: write_done_realtime_ns=1787618979574794658
[GT] batch504 labels=[3, 8, 1, 5, 1, 5, 2, 6, 4, 9, 4, 7, 6, 5, 2, 3, 7, 9, 1, 7, 4, 3, 0, 9, 1, 5, 7, 4, 0, 9, 2, 4, 7, 1, 7, 0, 9, 9, 2, 8, 7, 0, 1, 0, 7, 0, 8, 1, 6, 3, 1, 7, 1, 8, 9, 1, 6, 7, 3, 6, 3, 7, 0, 0] indices=[12882, 5521, 57865, 3752, 1200, 2266, 43513, 39440, 24976, 36830, 27922, 52146, 17079, 31615, 42792, 2130, 44868, 46655, 57579, 7388, 15783, 13141, 19038, 40302, 40181, 5424, 9499, 29251, 30734, 48, 46977, 27809, 14386, 20593, 31560, 28125, 280, 46193, 11961, 44433, 11235, 47419, 31647, 25285, 34223, 5196, 3842, 47672, 33497, 4271, 35912, 13847, 1031, 55002, 44995, 36108, 41676, 15243, 44608, 51497, 25728, 15705, 15237, 22487]
[Train] batch 505 GPA: 0x000000038da01400
[TS] batch505/input: write_done_realtime_ns=1787618979588309820
[GT] batch505 labels=[0, 7, 0, 8, 0, 7, 7, 7, 1, 9, 9, 4, 3, 7, 1, 4, 4, 4, 1, 9, 5, 2, 3, 2, 8, 4, 8, 1, 1, 0, 9, 4, 1, 3, 9, 5, 8, 6, 5, 6, 9, 7, 7, 2, 5, 5, 0, 0, 3, 0, 8, 4, 1, 0, 3, 3, 9, 1, 7, 1, 8, 5, 1, 0] indices=[51818, 58683, 19583, 19716, 15330, 1114, 57692, 58848, 47446, 26518, 11906, 15313, 52661, 28864, 4066, 41990, 19983, 50405, 24808, 57874, 56928, 18460, 49406, 47460, 54308, 34367, 45859, 24339, 11901, 49971, 27295, 54379, 33667, 43482, 1235, 1817, 59837, 52725, 7738, 56582, 7733, 36230, 47062, 20029, 23836, 42572, 19361, 33923, 43868, 43712, 55122, 24456, 13007, 3702, 18687, 57734, 59174, 54071, 22754, 10123, 54185, 38508, 44800, 56533]
[Train] batch 506 GPA: 0x000000038da18a00
[TS] batch506/input: write_done_realtime_ns=1787618979601735083
[GT] batch506 labels=[6, 1, 0, 8, 5, 4, 1, 1, 5, 9, 1, 1, 5, 1, 5, 0, 9, 6, 8, 1, 7, 9, 1, 5, 8, 9, 1, 9, 3, 1, 2, 7, 0, 6, 2, 8, 8, 9, 4, 0, 8, 2, 5, 6, 2, 7, 7, 8, 5, 6, 3, 9, 7, 2, 2, 6, 0, 1, 0, 8, 0, 7, 9, 1] indices=[32211, 248, 47005, 10217, 49367, 15784, 19526, 15964, 56224, 30598, 36551, 53599, 52108, 5305, 59584, 52836, 21774, 37872, 3986, 25876, 14999, 36771, 10007, 26621, 15772, 23944, 57192, 15171, 11958, 22788, 15005, 46945, 50958, 52215, 30459, 10901, 42388, 14247, 53125, 54349, 36473, 17353, 20754, 37236, 54768, 52196, 48869, 6573, 44106, 57346, 56457, 59325, 46642, 8480, 38381, 29917, 50511, 99, 7813, 13605, 38289, 11994, 52286, 41029]
[Train] batch 507 GPA: 0x000000038da01400
[TS] batch507/input: write_done_realtime_ns=1787618979615159346
[GT] batch507 labels=[4, 6, 5, 4, 3, 1, 0, 1, 2, 4, 8, 6, 9, 4, 4, 3, 6, 3, 0, 1, 9, 3, 7, 6, 8, 5, 2, 3, 1, 8, 5, 6, 7, 2, 3, 3, 2, 0, 2, 4, 8, 2, 6, 7, 4, 4, 7, 2, 5, 0, 9, 3, 2, 8, 4, 9, 5, 4, 6, 8, 1, 0, 9, 3] indices=[28139, 35888, 53690, 50599, 58656, 36933, 38686, 58727, 13432, 53519, 2150, 33484, 40136, 20836, 45709, 25896, 14570, 1981, 2493, 19158, 167, 43658, 41520, 44318, 14640, 26873, 45845, 52702, 52361, 17937, 9581, 52482, 48721, 31905, 546, 51987, 25691, 12869, 37861, 7578, 40708, 22958, 51213, 47941, 11770, 19975, 15393, 18255, 29112, 41077, 1623, 495, 7776, 51087, 57548, 54244, 53732, 13548, 30490, 54136, 47796, 32151, 43777, 56398]
[Train] batch 508 GPA: 0x000000038da18a00
[TS] batch508/input: write_done_realtime_ns=1787618979628676080
[GT] batch508 labels=[8, 2, 4, 1, 0, 6, 4, 4, 5, 7, 5, 5, 5, 3, 1, 2, 8, 3, 9, 2, 9, 9, 8, 5, 1, 3, 9, 0, 5, 0, 1, 7, 7, 7, 8, 6, 0, 6, 8, 8, 8, 8, 3, 8, 4, 9, 5, 2, 5, 8, 5, 4, 5, 8, 8, 0, 0, 8, 4, 8, 1, 6, 2, 1] indices=[58905, 5602, 18589, 38516, 1363, 2498, 13500, 1037, 44987, 29103, 54839, 56517, 58391, 20400, 41898, 21566, 37885, 19246, 32909, 40405, 30103, 25909, 42009, 24232, 58567, 24231, 40113, 41352, 44147, 4455, 5428, 19086, 9603, 58589, 28729, 33790, 39735, 21488, 59270, 19365, 11923, 8746, 16564, 13476, 661, 822, 10451, 39168, 18162, 22755, 33475, 30167, 14054, 28338, 56485, 46535, 36376, 52465, 28691, 28348, 30436, 26483, 32947, 45650]
[Train] batch 509 GPA: 0x000000038da01400
[TS] batch509/input: write_done_realtime_ns=1787618979642006874
[GT] batch509 labels=[2, 2, 5, 1, 0, 9, 4, 9, 4, 9, 5, 4, 0, 2, 7, 4, 8, 4, 7, 1, 9, 5, 8, 3, 3, 1, 9, 9, 1, 8, 7, 1, 0, 8, 0, 7, 4, 1, 0, 8, 5, 4, 7, 3, 3, 1, 8, 1, 6, 2, 6, 3, 8, 2, 4, 8, 1, 3, 9, 3, 0, 8, 0, 9] indices=[11346, 47378, 58261, 36117, 14491, 33610, 35442, 32251, 6260, 52093, 14143, 42857, 50518, 39216, 37947, 37385, 59286, 36877, 29951, 11509, 30095, 30647, 41133, 12089, 52160, 10364, 5316, 44083, 25719, 26813, 2881, 59176, 4889, 43846, 16679, 40590, 39078, 4821, 3896, 12295, 24579, 43112, 39524, 13144, 54493, 41809, 35477, 24634, 45887, 30297, 1520, 22451, 34758, 57319, 54175, 54495, 23003, 45675, 23738, 29608, 31288, 21310, 48284, 44946]
[Train] batch 510 GPA: 0x000000038da18a00
[TS] batch510/input: write_done_realtime_ns=1787618979655487035
[GT] batch510 labels=[3, 4, 8, 0, 9, 2, 9, 2, 3, 7, 4, 2, 8, 0, 4, 5, 8, 8, 6, 9, 9, 0, 5, 0, 1, 0, 0, 7, 7, 7, 1, 8, 6, 4, 2, 8, 6, 8, 1, 7, 8, 7, 1, 2, 4, 0, 1, 3, 5, 8, 2, 6, 5, 6, 4, 9, 4, 4, 5, 4, 5, 4, 9, 1] indices=[28752, 7417, 16833, 20238, 4929, 4914, 3447, 44495, 5974, 18087, 57569, 51064, 50363, 22111, 18990, 45497, 17055, 58508, 6721, 59127, 24398, 8896, 52686, 25152, 251, 26262, 41443, 47859, 11798, 38291, 36811, 55234, 10813, 46577, 23038, 57481, 59770, 34011, 31169, 56096, 42478, 54155, 37635, 45332, 59589, 10188, 26421, 19977, 7739, 26385, 9542, 48539, 25711, 40019, 46886, 40809, 28121, 51018, 916, 28976, 12137, 42793, 53045, 40098]
Train Epoch: 1 [32640/60000 (54%)]	Loss: 0.128590
[Train] batch 511 GPA: 0x000000038da01400
[TS] batch511/input: write_done_realtime_ns=1787618979669089018
[GT] batch511 labels=[3, 5, 7, 4, 9, 6, 5, 0, 6, 6, 2, 5, 9, 1, 2, 9, 3, 0, 0, 7, 9, 8, 5, 1, 6, 1, 4, 3, 7, 9, 2, 8, 7, 9, 8, 7, 9, 0, 7, 1, 5, 7, 0, 2, 7, 1, 1, 4, 0, 0, 8, 5, 5, 6, 9, 2, 4, 9, 7, 9, 3, 7, 0, 9] indices=[39675, 53479, 31210, 41444, 38775, 25090, 21157, 40778, 48864, 2533, 20247, 15337, 5212, 36042, 3886, 48381, 59769, 5133, 13175, 39534, 19860, 2841, 9565, 31689, 46309, 40651, 42858, 4238, 8144, 11485, 52755, 5896, 16205, 16149, 31444, 52606, 39418, 17518, 16394, 20393, 49632, 34410, 40958, 56876, 2867, 8180, 3177, 15729, 3269, 18171, 42417, 48637, 17099, 57754, 8301, 40461, 38296, 33098, 36134, 57085, 1529, 17278, 11807, 48530]
[Train] batch 512 GPA: 0x000000038da18a00
[TS] batch512/input: write_done_realtime_ns=1787618979682405942
[GT] batch512 labels=[2, 8, 1, 8, 4, 3, 3, 8, 6, 8, 3, 8, 7, 2, 2, 3, 6, 0, 3, 8, 5, 9, 6, 8, 1, 7, 6, 8, 7, 1, 8, 8, 6, 4, 4, 4, 9, 2, 1, 6, 9, 8, 9, 7, 5, 1, 3, 5, 6, 2, 8, 5, 4, 0, 2, 5, 2, 4, 1, 3, 5, 2, 1, 6] indices=[26779, 57277, 15265, 19932, 3624, 27899, 20849, 51164, 56144, 15091, 58495, 11146, 35711, 37967, 5013, 17966, 34106, 11834, 19579, 48289, 20860, 15894, 41142, 12923, 44125, 44572, 40515, 2636, 33466, 25847, 22685, 37608, 7504, 8333, 35551, 12760, 34892, 43877, 23369, 40564, 22959, 25146, 54021, 44516, 31682, 34922, 14851, 42910, 39742, 23020, 51968, 10385, 57747, 56419, 39467, 12519, 4856, 53346, 10985, 43155, 14507, 29635, 58672, 3772]
[Train] batch 513 GPA: 0x000000038da01400
[TS] batch513/input: write_done_realtime_ns=1787618979695833105
[GT] batch513 labels=[9, 1, 8, 8, 6, 7, 3, 8, 4, 1, 5, 5, 5, 8, 0, 5, 0, 6, 2, 5, 4, 7, 6, 9, 8, 7, 9, 5, 9, 7, 2, 4, 4, 8, 1, 0, 0, 9, 9, 3, 7, 5, 2, 9, 9, 4, 6, 1, 9, 0, 0, 9, 9, 0, 0, 8, 9, 4, 2, 4, 5, 9, 6, 4] indices=[34496, 51048, 35265, 5949, 19426, 3798, 53987, 23316, 18519, 58427, 8459, 4529, 27648, 44514, 3015, 924, 22270, 23485, 28631, 36885, 57840, 21651, 10855, 28928, 49751, 46190, 20571, 31584, 34052, 33788, 57908, 15613, 46164, 38405, 16334, 58645, 51499, 16451, 14208, 43659, 48228, 29155, 36781, 46176, 11762, 48984, 33401, 48625, 59449, 13751, 36440, 7853, 41042, 40797, 24399, 39382, 14696, 36494, 49168, 7984, 40868, 26336, 14889, 53149]
[Train] batch 514 GPA: 0x000000038da18a00
[TS] batch514/input: write_done_realtime_ns=1787618979709179069
[GT] batch514 labels=[2, 3, 2, 5, 5, 2, 2, 7, 7, 1, 5, 1, 2, 0, 0, 9, 4, 6, 2, 3, 2, 1, 6, 7, 8, 2, 8, 0, 8, 9, 2, 2, 0, 0, 6, 4, 6, 8, 1, 8, 8, 2, 6, 6, 3, 7, 5, 5, 3, 2, 5, 8, 5, 9, 1, 7, 7, 8, 3, 6, 3, 8, 9, 5] indices=[57478, 50680, 5259, 29410, 15873, 55157, 23441, 42997, 37093, 43761, 42626, 4163, 57624, 5353, 51303, 50349, 15352, 18250, 5113, 44174, 47065, 12512, 7361, 10427, 7617, 31281, 20269, 23289, 30545, 3292, 14523, 4355, 36031, 9131, 54717, 53654, 13226, 3744, 15034, 25587, 12054, 20309, 7662, 27175, 21948, 20466, 145, 33602, 2029, 34252, 28949, 7908, 58119, 11992, 5779, 16524, 7730, 46223, 24867, 9760, 15261, 48280, 38395, 7699]
[Train] batch 515 GPA: 0x000000038da01400
[TS] batch515/input: write_done_realtime_ns=1787618979722534434
[GT] batch515 labels=[1, 6, 5, 9, 1, 1, 3, 9, 4, 1, 0, 2, 9, 4, 8, 3, 2, 3, 3, 2, 2, 9, 9, 5, 3, 7, 2, 2, 4, 6, 3, 1, 3, 5, 3, 8, 3, 8, 9, 4, 9, 3, 1, 7, 0, 6, 9, 2, 4, 4, 6, 4, 9, 7, 2, 2, 2, 7, 0, 8, 1, 3, 4, 6] indices=[31642, 5213, 35462, 1591, 2688, 47004, 17253, 44778, 39529, 11835, 3024, 10570, 36757, 38821, 23193, 57735, 33413, 33989, 32505, 35572, 49873, 9081, 27626, 24819, 2132, 2706, 37560, 49408, 55872, 45224, 4674, 28804, 22366, 33733, 26324, 58201, 44567, 34304, 17002, 2485, 29113, 23265, 45229, 57504, 33687, 44735, 49468, 21425, 53820, 16719, 48867, 41440, 32356, 53962, 49411, 32836, 14084, 3780, 50444, 17506, 52174, 41968, 13908, 30314]
[Train] batch 516 GPA: 0x000000038da18a00
[TS] batch516/input: write_done_realtime_ns=1787618979735998056
[GT] batch516 labels=[7, 5, 8, 2, 9, 6, 4, 7, 6, 8, 2, 3, 0, 2, 6, 2, 5, 4, 8, 1, 5, 6, 7, 4, 3, 5, 6, 2, 6, 8, 5, 8, 4, 1, 2, 3, 1, 1, 0, 7, 6, 0, 3, 3, 9, 2, 1, 2, 7, 6, 9, 9, 9, 5, 8, 6, 4, 9, 7, 3, 6, 3, 1, 0] indices=[33527, 42983, 28694, 57205, 20841, 13303, 55964, 44737, 39777, 20743, 13612, 56730, 25304, 41256, 47794, 34856, 16533, 21731, 57697, 46085, 48367, 42151, 51070, 12125, 50148, 52507, 37028, 45055, 47561, 3807, 5255, 53445, 33726, 37926, 57442, 540, 10365, 59787, 13726, 40730, 21900, 33330, 10876, 21795, 21924, 36485, 32096, 41121, 59554, 22592, 27601, 9846, 383, 56036, 29208, 38980, 39129, 5892, 9052, 26809, 25104, 44478, 29315, 34345]
[Train] batch 517 GPA: 0x000000038da01400
[TS] batch517/input: write_done_realtime_ns=1787618979749396891
[GT] batch517 labels=[1, 8, 2, 5, 9, 3, 3, 7, 8, 3, 4, 8, 2, 0, 6, 9, 0, 3, 8, 1, 1, 7, 1, 3, 7, 0, 5, 6, 8, 6, 4, 0, 6, 6, 6, 6, 2, 1, 4, 8, 9, 1, 2, 7, 8, 3, 4, 8, 0, 4, 9, 0, 8, 5, 0, 9, 5, 3, 9, 9, 2, 8, 8, 1] indices=[9856, 46699, 9923, 46700, 36035, 32157, 29894, 230, 49496, 18977, 59821, 54896, 55655, 55348, 54409, 8902, 39685, 54028, 17121, 14936, 24932, 730, 40878, 55698, 1833, 33538, 56127, 57065, 54437, 25068, 52823, 1590, 39177, 22716, 39067, 15441, 42336, 2047, 40919, 8666, 31961, 42765, 14108, 7470, 3581, 33609, 4798, 24150, 31995, 35822, 28194, 13911, 15723, 9807, 38696, 40666, 17742, 27047, 12495, 9838, 52208, 24123, 19242, 22475]
[Train] batch 518 GPA: 0x000000038da18a00
[TS] batch518/input: write_done_realtime_ns=1787618979762731005
[GT] batch518 labels=[0, 3, 0, 9, 2, 6, 9, 8, 5, 1, 3, 3, 8, 6, 3, 0, 4, 9, 8, 1, 3, 9, 4, 6, 3, 2, 2, 4, 0, 0, 3, 4, 2, 1, 3, 4, 8, 0, 7, 2, 4, 0, 6, 9, 7, 2, 4, 5, 6, 9, 1, 1, 3, 6, 9, 9, 6, 4, 2, 7, 5, 3, 5, 1] indices=[50434, 51106, 36447, 4, 23325, 17098, 52304, 53186, 58948, 57310, 56654, 51578, 39882, 50595, 22999, 38939, 34596, 29213, 30654, 5375, 15251, 9896, 43675, 17344, 40005, 7818, 16810, 47695, 44121, 46438, 27861, 56563, 19847, 46093, 30411, 46467, 1893, 23557, 28229, 27150, 36630, 29101, 31577, 41326, 6740, 23994, 46281, 35062, 9534, 48603, 14651, 10157, 11039, 49613, 35755, 10199, 39004, 40267, 7262, 18006, 42660, 5923, 41025, 12365]
[Train] batch 519 GPA: 0x000000038da01400
[TS] batch519/input: write_done_realtime_ns=1787618979776321876
[GT] batch519 labels=[8, 0, 4, 5, 2, 0, 9, 0, 3, 3, 9, 6, 0, 4, 5, 6, 6, 4, 4, 2, 6, 0, 2, 6, 8, 9, 5, 8, 1, 8, 3, 8, 1, 4, 6, 0, 0, 8, 3, 3, 3, 4, 2, 9, 7, 2, 1, 9, 3, 5, 2, 2, 0, 2, 6, 1, 1, 7, 2, 7, 8, 1, 9, 4] indices=[45798, 8116, 40885, 38626, 45077, 3286, 34227, 2218, 10668, 49300, 9933, 18267, 43631, 14449, 51473, 5290, 29543, 27676, 57524, 32809, 58940, 18881, 48926, 37033, 42635, 428, 44647, 45710, 5957, 43060, 59308, 25873, 36380, 20460, 36574, 17930, 56460, 44176, 59921, 57522, 41765, 15038, 41687, 8220, 30286, 38652, 3468, 45415, 39061, 55058, 7344, 21788, 21681, 38839, 39610, 44306, 18442, 6953, 44302, 12420, 46864, 41372, 6893, 56311]
[Train] batch 520 GPA: 0x000000038da18a00
[TS] batch520/input: write_done_realtime_ns=1787618979789666790
[GT] batch520 labels=[7, 2, 1, 3, 3, 7, 4, 0, 6, 6, 2, 0, 3, 5, 6, 0, 4, 3, 5, 8, 7, 6, 0, 1, 9, 3, 2, 4, 0, 6, 2, 2, 8, 8, 6, 3, 5, 3, 7, 7, 7, 4, 4, 1, 0, 2, 2, 6, 9, 4, 7, 9, 4, 4, 2, 0, 5, 2, 8, 2, 2, 1, 7, 0] indices=[48717, 29167, 43446, 12545, 41773, 33050, 9547, 35943, 26841, 17876, 47369, 29474, 16489, 15810, 57742, 52817, 57482, 33817, 33494, 21406, 18784, 37666, 31425, 12013, 5817, 12312, 25221, 25001, 29684, 2214, 40152, 16857, 33198, 44069, 20057, 38294, 4645, 20868, 16800, 22539, 51879, 47826, 9867, 37614, 22603, 47143, 54318, 30855, 11840, 1164, 10077, 14216, 35583, 58153, 9826, 22254, 25580, 19152, 47421, 33334, 55935, 57287, 37215, 53116]
Train Epoch: 1 [33280/60000 (55%)]	Loss: 0.100409
[Train] batch 521 GPA: 0x000000038da01400
[TS] batch521/input: write_done_realtime_ns=1787618979803151483
[GT] batch521 labels=[6, 9, 6, 6, 8, 3, 3, 1, 1, 1, 7, 1, 1, 3, 7, 5, 1, 8, 3, 8, 2, 7, 1, 3, 2, 1, 0, 3, 9, 0, 1, 6, 7, 7, 2, 5, 8, 1, 2, 3, 4, 1, 8, 2, 6, 7, 2, 0, 5, 0, 6, 8, 0, 3, 7, 1, 8, 1, 1, 2, 1, 3, 8, 4] indices=[28733, 14895, 46198, 29217, 7136, 15651, 25480, 41823, 6372, 36898, 49978, 25983, 1977, 13740, 9416, 53751, 41908, 18657, 47872, 3619, 58429, 39014, 37036, 40743, 49160, 14953, 25529, 1469, 27774, 8088, 2045, 57846, 25929, 12576, 12864, 12039, 27488, 50068, 17080, 10647, 30890, 31887, 50116, 12906, 45614, 51752, 46143, 22373, 36252, 17003, 12450, 45882, 56239, 58431, 2653, 833, 56891, 978, 8530, 28672, 36626, 16071, 53400, 22677]
[Train] batch 522 GPA: 0x000000038da18a00
[TS] batch522/input: write_done_realtime_ns=1787618979816550007
[GT] batch522 labels=[6, 4, 1, 3, 4, 2, 9, 1, 7, 6, 6, 7, 4, 0, 1, 9, 8, 7, 3, 3, 1, 7, 7, 4, 3, 9, 6, 7, 7, 4, 1, 6, 0, 1, 4, 4, 2, 6, 0, 0, 3, 2, 1, 8, 8, 0, 9, 2, 6, 6, 1, 3, 1, 0, 1, 5, 1, 7, 2, 7, 0, 1, 1, 1] indices=[46471, 34809, 38572, 53447, 36548, 5216, 50436, 57266, 29257, 49633, 6720, 30339, 53446, 44161, 32705, 5836, 24349, 35032, 42120, 47090, 43214, 41083, 59441, 45876, 41883, 4667, 19627, 52669, 560, 5989, 24329, 32320, 8289, 2663, 49513, 10209, 25148, 38576, 53101, 29469, 4276, 38078, 56836, 6795, 2845, 54865, 18874, 19999, 17011, 36267, 42039, 13894, 21002, 54800, 44473, 52399, 18758, 56846, 189, 28688, 11391, 27207, 49068, 17650]
[Train] batch 523 GPA: 0x000000038da01400
[TS] batch523/input: write_done_realtime_ns=1787618979829968540
[GT] batch523 labels=[5, 2, 6, 0, 1, 8, 8, 1, 9, 2, 9, 2, 0, 1, 1, 5, 7, 0, 3, 2, 2, 6, 1, 0, 0, 1, 6, 7, 3, 3, 4, 4, 8, 1, 8, 5, 6, 5, 2, 6, 1, 4, 8, 9, 4, 4, 5, 2, 1, 9, 6, 8, 3, 0, 4, 9, 7, 3, 1, 9, 2, 9, 3, 2] indices=[57593, 43338, 12101, 28824, 13392, 4383, 35309, 16483, 17612, 44401, 20677, 55373, 56686, 5051, 21682, 18929, 4946, 38543, 48667, 39147, 29017, 45127, 21052, 32293, 50534, 23921, 19562, 27059, 32753, 34143, 15981, 32049, 44812, 47702, 12934, 1402, 34697, 56363, 32508, 15324, 58307, 2236, 42051, 11190, 21152, 5982, 8104, 9377, 12441, 37359, 28594, 1543, 50262, 40829, 45424, 59761, 349, 52713, 59854, 4124, 3799, 46318, 43833, 20055]
[Train] batch 524 GPA: 0x000000038da18a00
[TS] batch524/input: write_done_realtime_ns=1787618979843278535
[GT] batch524 labels=[3, 1, 6, 8, 2, 4, 7, 0, 8, 8, 3, 6, 9, 1, 8, 8, 6, 2, 3, 7, 5, 6, 5, 2, 3, 3, 3, 8, 8, 7, 5, 0, 2, 4, 6, 4, 3, 3, 0, 1, 7, 5, 2, 7, 6, 8, 9, 1, 3, 1, 9, 9, 6, 6, 1, 9, 8, 9, 2, 8, 8, 0, 6, 7] indices=[33080, 51417, 38156, 41180, 30291, 1704, 9669, 58594, 15219, 56409, 49938, 2757, 59719, 13967, 24760, 57077, 28459, 23578, 4966, 56650, 28579, 29981, 9163, 49474, 57207, 52134, 27937, 37701, 17527, 24364, 36495, 14179, 17123, 15426, 1801, 47750, 23527, 46184, 15580, 19955, 15737, 14006, 21804, 56472, 27833, 11431, 19007, 13227, 30679, 2336, 16103, 49039, 49153, 22191, 31332, 38443, 49129, 59135, 27696, 41621, 4388, 24188, 25059, 35920]
[Train] batch 525 GPA: 0x000000038da01400
[TS] batch525/input: write_done_realtime_ns=1787618979856739388
[GT] batch525 labels=[4, 1, 1, 3, 6, 6, 9, 9, 1, 7, 3, 1, 1, 3, 2, 4, 6, 7, 3, 0, 9, 0, 4, 2, 8, 6, 5, 6, 6, 7, 7, 9, 2, 8, 3, 5, 7, 9, 5, 2, 6, 5, 2, 1, 4, 8, 1, 0, 1, 8, 1, 6, 6, 1, 7, 9, 2, 4, 0, 8, 9, 9, 6, 8] indices=[46939, 9331, 2356, 4681, 14500, 3366, 37688, 23224, 48390, 8735, 10635, 9161, 14366, 13778, 26157, 47589, 28978, 57905, 57426, 14089, 37779, 19439, 43622, 31146, 50238, 4943, 52364, 18, 25992, 24412, 12208, 59075, 11600, 54352, 54339, 42244, 41532, 52948, 11706, 9472, 29554, 51416, 15585, 40516, 28373, 53092, 34590, 59786, 41826, 19790, 12805, 36439, 21473, 39931, 45285, 3483, 12938, 40834, 21703, 5030, 1005, 20900, 55943, 44833]
[Train] batch 526 GPA: 0x000000038da18a00
[TS] batch526/input: write_done_realtime_ns=1787618979870154362
[GT] batch526 labels=[4, 3, 9, 3, 3, 6, 3, 7, 4, 2, 4, 2, 9, 7, 7, 1, 4, 0, 0, 1, 2, 7, 0, 3, 7, 2, 9, 1, 9, 6, 0, 3, 4, 6, 0, 2, 8, 2, 7, 2, 7, 0, 2, 6, 1, 4, 8, 4, 7, 6, 4, 8, 2, 2, 2, 7, 9, 1, 6, 3, 7, 0, 1, 6] indices=[51312, 39520, 54961, 7915, 20500, 10089, 51519, 387, 12122, 21053, 31433, 16812, 44600, 57867, 31542, 25397, 38737, 13589, 44551, 35345, 45561, 47181, 15637, 8643, 32185, 50543, 9118, 22349, 3847, 40616, 36362, 17731, 58992, 24585, 9834, 45832, 823, 55069, 2502, 15457, 9549, 2806, 30346, 38730, 48949, 4796, 25583, 14620, 49116, 15706, 35126, 23573, 28525, 53088, 46707, 15900, 17562, 20870, 50556, 11053, 50994, 30965, 25103, 15051]
[Train] batch 527 GPA: 0x000000038da01400
[TS] batch527/input: write_done_realtime_ns=1787618979883545584
[GT] batch527 labels=[5, 7, 9, 6, 7, 9, 7, 1, 1, 3, 1, 7, 3, 9, 7, 0, 9, 5, 9, 2, 8, 2, 9, 9, 8, 3, 4, 3, 8, 6, 8, 6, 9, 2, 9, 6, 1, 4, 8, 1, 1, 1, 6, 7, 1, 0, 8, 8, 3, 9, 2, 4, 6, 9, 9, 6, 4, 5, 7, 3, 3, 6, 3, 9] indices=[17414, 12149, 600, 8777, 44911, 12529, 38, 40921, 59354, 38283, 9910, 17440, 12063, 48577, 27321, 43961, 183, 27727, 11816, 56312, 25008, 24124, 45370, 19934, 44676, 21947, 8346, 11216, 19720, 13731, 8148, 28386, 9613, 31070, 32271, 2239, 51749, 40677, 38267, 10885, 20802, 37972, 51624, 44472, 12382, 3479, 48704, 21120, 57856, 25761, 24833, 5406, 34791, 28192, 56292, 25730, 38531, 35889, 37984, 56475, 47059, 10836, 41378, 31676]
[Train] batch 528 GPA: 0x000000038da18a00
[TS] batch528/input: write_done_realtime_ns=1787618979896940909
[GT] batch528 labels=[1, 6, 5, 4, 0, 7, 7, 3, 0, 2, 5, 1, 0, 0, 5, 4, 5, 3, 8, 0, 5, 3, 2, 0, 1, 3, 5, 6, 9, 7, 3, 8, 5, 7, 1, 4, 8, 2, 7, 7, 9, 0, 8, 2, 2, 2, 8, 5, 6, 3, 1, 9, 0, 3, 6, 4, 6, 6, 5, 8, 4, 7, 6, 7] indices=[4944, 9325, 18879, 36619, 7164, 17617, 55094, 23649, 59653, 36077, 21850, 29658, 52995, 21279, 59507, 44213, 5489, 45327, 1045, 2914, 20718, 47352, 13523, 34586, 42197, 30540, 23137, 42370, 22804, 11937, 25208, 36270, 53063, 7494, 45131, 49169, 18711, 50748, 23551, 37297, 15387, 2597, 31441, 6910, 38679, 48029, 23232, 46513, 10017, 33491, 9570, 7529, 57601, 37622, 42525, 13688, 41940, 48493, 18934, 11942, 26855, 15276, 20663, 43019]
[Train] batch 529 GPA: 0x000000038da01400
[TS] batch529/input: write_done_realtime_ns=1787618979910339202
[GT] batch529 labels=[9, 5, 7, 7, 3, 0, 2, 2, 4, 7, 9, 8, 1, 8, 0, 4, 8, 3, 9, 5, 7, 6, 5, 0, 6, 7, 5, 0, 6, 6, 1, 7, 8, 3, 1, 1, 8, 2, 0, 3, 0, 5, 0, 9, 2, 9, 6, 1, 3, 1, 1, 5, 5, 3, 4, 3, 5, 9, 3, 1, 3, 7, 6, 8] indices=[31275, 37448, 39544, 6304, 56197, 14589, 46849, 43479, 7366, 27098, 782, 14495, 53887, 38702, 13854, 13143, 36445, 12218, 45528, 15285, 21459, 18605, 41091, 28809, 46669, 5540, 39085, 14949, 46825, 48605, 25067, 39969, 20191, 16220, 52031, 25003, 53235, 29267, 53789, 3005, 43976, 27377, 22352, 5740, 57455, 9129, 43359, 20108, 15793, 44856, 45029, 17631, 4048, 46953, 21846, 28861, 32039, 44028, 13568, 35554, 57698, 23387, 39200, 43306]
[Train] batch 530 GPA: 0x000000038da18a00
[TS] batch530/input: write_done_realtime_ns=1787618979923706186
[GT] batch530 labels=[8, 4, 0, 0, 4, 8, 0, 2, 2, 0, 9, 7, 2, 0, 2, 3, 1, 0, 7, 7, 1, 7, 8, 2, 6, 1, 3, 8, 7, 9, 0, 7, 5, 7, 6, 2, 6, 2, 1, 7, 1, 7, 4, 8, 9, 4, 1, 8, 5, 7, 9, 5, 2, 6, 1, 0, 1, 7, 7, 8, 4, 2, 4, 9] indices=[5263, 164, 35056, 54404, 12795, 5116, 24807, 53218, 59974, 53030, 23673, 22651, 1165, 46763, 42969, 9278, 10048, 52045, 11247, 19448, 8053, 24561, 8645, 35110, 36308, 44648, 48302, 8680, 39088, 43663, 30709, 59812, 39253, 57540, 49484, 7916, 15839, 43546, 41536, 47182, 10129, 11399, 25194, 10515, 10577, 54906, 49768, 39291, 20033, 52216, 24817, 58894, 29050, 2850, 15790, 49097, 35285, 15824, 35450, 59034, 23135, 24546, 3101, 15151]
Train Epoch: 1 [33920/60000 (57%)]	Loss: 0.093830
[Train] batch 531 GPA: 0x000000038da01400
[TS] batch531/input: write_done_realtime_ns=1787618979937134739
[GT] batch531 labels=[2, 8, 2, 2, 6, 2, 9, 1, 6, 6, 7, 2, 8, 9, 1, 0, 4, 3, 7, 5, 4, 9, 1, 4, 9, 7, 0, 9, 6, 9, 2, 5, 7, 1, 3, 9, 5, 5, 2, 4, 4, 1, 6, 2, 0, 4, 9, 0, 4, 2, 7, 8, 5, 1, 8, 4, 1, 3, 8, 0, 9, 5, 2, 9] indices=[44710, 48973, 4474, 29287, 29987, 50840, 29137, 17965, 20775, 18177, 3894, 32726, 761, 45787, 1463, 12665, 12102, 57488, 1127, 37823, 58545, 23365, 59530, 17868, 40839, 15690, 56163, 7157, 35948, 38457, 21630, 41049, 7278, 8589, 25941, 57129, 47828, 7091, 39959, 5047, 24334, 24710, 17176, 27356, 37980, 49552, 20811, 22048, 18604, 49834, 14287, 34901, 31520, 43044, 35338, 25653, 48851, 24868, 35591, 20911, 18228, 26368, 57007, 38795]
[Train] batch 532 GPA: 0x000000038da18a00
[TS] batch532/input: write_done_realtime_ns=1787618979950622743
[GT] batch532 labels=[4, 3, 4, 9, 4, 4, 3, 2, 7, 4, 9, 0, 7, 4, 2, 5, 5, 6, 9, 3, 7, 3, 1, 1, 6, 0, 6, 2, 7, 7, 5, 4, 3, 5, 8, 4, 5, 3, 9, 8, 0, 1, 1, 3, 9, 8, 8, 6, 6, 9, 4, 4, 9, 0, 7, 3, 2, 7, 9, 3, 4, 8, 8, 9] indices=[9388, 51706, 52873, 22312, 25006, 15207, 29719, 53391, 25211, 10320, 11175, 13268, 11686, 54179, 25564, 44164, 16931, 41198, 56726, 20673, 45829, 27803, 24678, 43989, 55627, 15567, 21117, 35679, 6050, 1306, 23005, 53130, 18796, 25891, 56369, 38336, 23546, 11837, 18558, 17456, 46410, 33433, 49355, 16892, 31041, 25195, 25081, 1488, 13598, 33126, 52996, 15622, 1518, 293, 43723, 58700, 13693, 23220, 51644, 4988, 10736, 56170, 49822, 54584]
[Train] batch 533 GPA: 0x000000038da01400
[TS] batch533/input: write_done_realtime_ns=1787618979963975606
[GT] batch533 labels=[7, 2, 0, 5, 6, 6, 5, 3, 4, 6, 1, 6, 7, 4, 2, 5, 5, 9, 1, 2, 8, 9, 8, 8, 7, 3, 2, 9, 2, 2, 0, 5, 7, 9, 9, 4, 8, 8, 2, 1, 5, 3, 9, 9, 4, 4, 6, 6, 8, 1, 0, 5, 1, 4, 2, 7, 9, 3, 1, 1, 1, 9, 8, 4] indices=[46779, 6948, 18837, 15611, 53555, 13375, 15136, 33754, 14272, 4039, 27262, 33305, 48519, 4240, 30329, 37148, 25720, 36935, 11954, 44541, 55330, 12301, 50552, 37344, 18736, 18960, 25519, 51289, 41216, 28842, 59143, 31099, 22082, 3104, 36720, 18787, 18580, 42878, 50028, 3771, 43803, 32680, 59404, 51032, 38822, 58400, 53543, 54370, 37720, 16468, 7515, 57793, 27789, 23696, 48516, 9768, 14974, 27726, 34937, 12771, 30493, 54508, 54846, 54657]
[Train] batch 534 GPA: 0x000000038da18a00
[TS] batch534/input: write_done_realtime_ns=1787618979977403959
[GT] batch534 labels=[4, 3, 6, 1, 7, 2, 1, 4, 3, 1, 1, 7, 1, 0, 3, 3, 3, 4, 0, 8, 5, 5, 2, 1, 7, 0, 3, 4, 6, 7, 5, 0, 7, 2, 2, 4, 8, 4, 5, 9, 1, 7, 1, 3, 3, 2, 1, 4, 0, 1, 3, 1, 8, 0, 2, 4, 2, 0, 5, 4, 3, 7, 7, 7] indices=[6797, 20413, 27275, 47799, 28314, 18260, 2807, 53807, 59652, 28069, 24996, 45060, 20654, 9439, 57919, 31962, 38167, 25014, 32493, 41132, 26331, 36303, 18995, 27509, 43346, 2624, 53712, 1004, 36383, 17979, 403, 31020, 28790, 59575, 8609, 31517, 20621, 58730, 56962, 3704, 13433, 52525, 40861, 35354, 53619, 43360, 40482, 29435, 1049, 24555, 42024, 30854, 1170, 39755, 41427, 8380, 54432, 26686, 13262, 50282, 47979, 36611, 2666, 18950]
[Train] batch 535 GPA: 0x000000038da01400
[TS] batch535/input: write_done_realtime_ns=1787618979990843223
[GT] batch535 labels=[2, 7, 4, 0, 5, 6, 8, 9, 0, 5, 9, 2, 8, 1, 2, 4, 3, 7, 4, 5, 1, 3, 6, 1, 1, 4, 1, 9, 7, 6, 7, 0, 6, 4, 2, 5, 8, 1, 4, 3, 8, 9, 0, 7, 7, 3, 2, 8, 3, 6, 1, 0, 3, 8, 7, 2, 6, 5, 6, 1, 6, 5, 6, 1] indices=[42539, 11266, 19467, 24463, 55554, 8150, 58951, 49003, 29848, 48132, 38183, 32382, 2413, 33295, 25369, 14285, 50087, 16882, 25169, 20547, 309, 49864, 46045, 49260, 57305, 38284, 6365, 29710, 23704, 27249, 53097, 42091, 54150, 18686, 21691, 332, 51732, 19452, 26128, 51534, 11950, 24919, 5053, 9831, 35544, 5562, 53494, 12198, 14367, 37931, 52392, 49331, 33877, 43321, 53372, 2017, 4078, 26481, 47269, 47542, 13977, 2056, 54618, 54651]
[Train] batch 536 GPA: 0x000000038da18a00
[TS] batch536/input: write_done_realtime_ns=1787618980004263766
[GT] batch536 labels=[9, 2, 2, 4, 6, 4, 3, 8, 7, 1, 1, 5, 5, 1, 4, 2, 7, 4, 3, 8, 5, 2, 7, 9, 5, 5, 4, 5, 4, 4, 0, 3, 2, 4, 5, 6, 0, 7, 8, 0, 2, 4, 9, 1, 7, 7, 4, 2, 3, 4, 7, 7, 1, 7, 9, 2, 7, 7, 0, 1, 9, 6, 5, 1] indices=[12200, 18395, 15917, 15111, 24286, 59087, 48465, 58326, 51300, 3901, 51129, 27942, 65, 10257, 48314, 32709, 48861, 56280, 48725, 6803, 7583, 5845, 12524, 1352, 7374, 19083, 36280, 23633, 40334, 21849, 849, 21487, 37199, 49237, 19108, 59098, 53124, 17044, 51906, 50526, 36100, 7357, 51713, 39270, 14598, 33134, 48056, 30970, 45732, 32308, 24675, 48878, 12226, 8280, 15657, 8905, 1332, 33796, 42658, 27531, 40786, 1240, 26069, 3080]
[Train] batch 537 GPA: 0x000000038da01400
[TS] batch537/input: write_done_realtime_ns=1787618980017578140
[GT] batch537 labels=[0, 2, 1, 8, 5, 5, 9, 1, 4, 7, 2, 0, 1, 2, 5, 9, 1, 9, 0, 4, 7, 1, 9, 5, 0, 3, 8, 8, 0, 7, 1, 9, 2, 8, 5, 7, 2, 4, 5, 4, 9, 2, 8, 5, 8, 3, 2, 2, 0, 0, 6, 5, 4, 0, 2, 1, 9, 0, 8, 2, 6, 2, 6, 1] indices=[37653, 25442, 44317, 52285, 27699, 11484, 9941, 26944, 46925, 3788, 8707, 45905, 14463, 28269, 57805, 20421, 27064, 17571, 1386, 45982, 58177, 18987, 41128, 8748, 5884, 23206, 12275, 30559, 41041, 58095, 38985, 42124, 58512, 39315, 51674, 50370, 14468, 49251, 56113, 27055, 30804, 32288, 57434, 29329, 37810, 45601, 2648, 54877, 53424, 9753, 17326, 29077, 2036, 30391, 1385, 45921, 46066, 43404, 31880, 51273, 22904, 18097, 33604, 14309]
[Train] batch 538 GPA: 0x000000038da18a00
[TS] batch538/input: write_done_realtime_ns=1787618980030930394
[GT] batch538 labels=[6, 9, 1, 8, 5, 5, 3, 1, 6, 0, 0, 9, 6, 7, 3, 4, 6, 5, 5, 5, 9, 7, 8, 7, 9, 4, 3, 2, 1, 7, 7, 9, 4, 7, 2, 0, 4, 9, 8, 1, 1, 7, 8, 3, 4, 9, 0, 0, 3, 0, 7, 6, 3, 2, 7, 8, 9, 0, 0, 8, 9, 2, 4, 3] indices=[14129, 322, 19918, 41017, 37226, 25765, 43456, 59266, 829, 59103, 54004, 35191, 54086, 8805, 17929, 18596, 31619, 2258, 2272, 46640, 55856, 23782, 58293, 41088, 47958, 12187, 35869, 28266, 7729, 32294, 25511, 42437, 35966, 42292, 59011, 28452, 49144, 27479, 43793, 27013, 49623, 56416, 46793, 58955, 40168, 30138, 15662, 12020, 45619, 15103, 28812, 4143, 37223, 30227, 7783, 44007, 51716, 18989, 51029, 50035, 37127, 53388, 32487, 50000]
[Train] batch 539 GPA: 0x000000038da01400
[TS] batch539/input: write_done_realtime_ns=1787618980044503257
[GT] batch539 labels=[6, 6, 4, 9, 3, 2, 3, 4, 7, 8, 7, 1, 3, 6, 2, 1, 0, 1, 3, 8, 1, 9, 4, 8, 7, 5, 8, 2, 8, 4, 1, 5, 4, 4, 0, 8, 5, 5, 7, 9, 2, 8, 7, 7, 7, 6, 5, 5, 0, 5, 1, 0, 1, 8, 1, 9, 1, 9, 5, 0, 7, 0, 1, 5] indices=[43977, 4426, 49881, 50020, 28344, 52153, 16190, 10641, 15422, 6261, 49933, 2362, 26555, 35918, 54440, 51772, 5747, 53180, 4418, 55611, 26535, 20290, 9025, 40547, 26274, 7133, 19877, 58137, 24658, 31251, 16441, 53946, 52414, 43928, 55345, 29132, 29712, 13946, 46321, 19417, 10959, 22001, 2244, 51034, 3255, 47807, 45567, 19160, 47150, 44055, 3703, 27411, 22412, 45717, 24933, 31405, 32675, 1138, 4739, 12723, 4217, 40915, 3331, 31455]
[Train] batch 540 GPA: 0x000000038da18a00
[TS] batch540/input: write_done_realtime_ns=1787618980057791681
[GT] batch540 labels=[2, 3, 2, 6, 8, 7, 5, 3, 0, 5, 7, 3, 1, 1, 1, 1, 9, 4, 0, 4, 1, 5, 5, 7, 2, 4, 9, 4, 8, 4, 2, 6, 4, 9, 7, 4, 1, 1, 9, 1, 3, 1, 4, 9, 9, 6, 4, 3, 2, 3, 0, 3, 0, 4, 5, 4, 6, 2, 6, 5, 7, 7, 7, 9] indices=[39079, 31582, 47270, 38876, 52830, 46351, 28413, 30483, 16516, 20038, 29443, 10328, 37997, 31848, 33924, 47272, 22795, 10018, 54812, 45296, 17834, 2368, 45490, 39010, 44828, 17613, 42500, 53364, 28663, 16969, 31773, 47209, 39443, 10449, 5851, 1275, 42485, 47583, 55600, 54173, 16715, 49811, 5287, 48771, 49663, 7901, 30079, 49156, 28577, 40763, 860, 57625, 15471, 32769, 22801, 1705, 32999, 49515, 24569, 7592, 11056, 39314, 23002, 41895]
Train Epoch: 1 [34560/60000 (58%)]	Loss: 0.111989
[Train] batch 541 GPA: 0x000000038da01400
[TS] batch541/input: write_done_realtime_ns=1787618980071368503
[GT] batch541 labels=[3, 2, 1, 3, 2, 8, 7, 9, 6, 0, 0, 5, 6, 9, 1, 9, 5, 4, 8, 9, 2, 9, 4, 3, 2, 7, 1, 6, 9, 9, 8, 3, 3, 8, 1, 7, 8, 7, 7, 2, 6, 4, 4, 3, 8, 9, 7, 1, 9, 6, 7, 5, 8, 3, 2, 8, 0, 8, 2, 7, 3, 6, 0, 6] indices=[37789, 25246, 13782, 36862, 51849, 51450, 49846, 17384, 20154, 8926, 37854, 5061, 42847, 18666, 13003, 25303, 31230, 17406, 12663, 27904, 40027, 31697, 25347, 39127, 19815, 31550, 25202, 5145, 2060, 15602, 57501, 8120, 54798, 22119, 52562, 58346, 1344, 23661, 20583, 37040, 56441, 35312, 40450, 47455, 44532, 15309, 4042, 30978, 3998, 58166, 42790, 21016, 4501, 34315, 29893, 16828, 27822, 28306, 16235, 44257, 17553, 31588, 5202, 29835]
[Train] batch 542 GPA: 0x000000038da18a00
[TS] batch542/input: write_done_realtime_ns=1787618980084801076
[GT] batch542 labels=[0, 5, 7, 6, 7, 6, 5, 4, 1, 6, 3, 7, 2, 0, 9, 1, 4, 8, 2, 4, 3, 1, 2, 4, 4, 2, 9, 2, 1, 0, 4, 0, 1, 6, 3, 3, 8, 6, 8, 8, 6, 7, 6, 7, 0, 4, 3, 3, 4, 8, 4, 8, 2, 7, 9, 2, 4, 0, 1, 7, 1, 2, 2, 9] indices=[26799, 20922, 50943, 1503, 31319, 34198, 40021, 17767, 8664, 46898, 30733, 11473, 58215, 5697, 31131, 23493, 24607, 48617, 38033, 16912, 12677, 12038, 35901, 56440, 11653, 14694, 50177, 56465, 17213, 20681, 20908, 18543, 12824, 14525, 37135, 4233, 42130, 22609, 49579, 20491, 31268, 49242, 52688, 31643, 45165, 10177, 39189, 56420, 6804, 56956, 26111, 24823, 44248, 37098, 58641, 53668, 30773, 51573, 26188, 23760, 27354, 36979, 29244, 44182]
[Train] batch 543 GPA: 0x000000038da01400
[TS] batch543/input: write_done_realtime_ns=1787618980098243209
[GT] batch543 labels=[9, 9, 4, 8, 2, 1, 8, 0, 1, 7, 1, 2, 2, 5, 6, 2, 0, 8, 0, 8, 3, 4, 9, 2, 6, 0, 1, 6, 1, 0, 4, 0, 2, 9, 9, 2, 8, 4, 1, 4, 2, 6, 4, 2, 9, 0, 1, 9, 4, 3, 1, 4, 8, 6, 7, 0, 0, 7, 0, 3, 2, 5, 9, 6] indices=[8155, 46206, 49712, 5299, 39074, 4412, 39779, 20114, 27388, 14141, 25474, 8277, 11475, 7659, 39747, 25156, 48026, 36529, 41612, 25984, 7881, 11988, 31828, 16791, 2992, 41126, 21568, 10792, 30031, 43059, 53477, 8262, 5744, 30694, 57699, 570, 3293, 37372, 152, 10829, 51117, 2644, 46487, 37489, 21369, 32463, 14221, 33358, 23299, 42565, 37196, 33301, 12944, 29048, 19525, 7874, 36143, 11329, 22707, 10745, 24229, 10056, 29124, 54420]
[Train] batch 544 GPA: 0x000000038da18a00
[TS] batch544/input: write_done_realtime_ns=1787618980111546825
[GT] batch544 labels=[1, 7, 6, 9, 4, 2, 8, 7, 8, 7, 2, 6, 1, 6, 0, 7, 5, 4, 2, 2, 5, 8, 5, 4, 1, 1, 1, 1, 9, 8, 8, 1, 2, 1, 0, 5, 4, 9, 7, 9, 0, 1, 9, 9, 3, 3, 6, 9, 5, 1, 3, 8, 3, 1, 3, 9, 2, 1, 6, 6, 8, 9, 3, 1] indices=[38528, 21834, 45630, 52357, 25378, 33281, 48723, 14046, 37129, 39439, 30719, 55798, 11308, 52915, 42294, 12970, 15390, 50149, 14139, 57838, 0, 13917, 42338, 30792, 18659, 12314, 29909, 46452, 26064, 3570, 33517, 39684, 34217, 4942, 7548, 15362, 56122, 39569, 46717, 11215, 9055, 48368, 31326, 24891, 15227, 40636, 30024, 28113, 8668, 31198, 48557, 55537, 27946, 25524, 48482, 36827, 52023, 27790, 45309, 388, 20511, 17398, 46803, 32632]
[Train] batch 545 GPA: 0x000000038da01400
[TS] batch545/input: write_done_realtime_ns=1787618980124931608
[GT] batch545 labels=[0, 8, 2, 5, 1, 6, 4, 4, 5, 4, 5, 5, 6, 9, 2, 8, 6, 1, 4, 7, 7, 4, 5, 3, 4, 7, 2, 6, 0, 0, 0, 5, 3, 2, 6, 7, 0, 3, 1, 3, 2, 0, 2, 6, 0, 6, 5, 2, 5, 9, 0, 4, 2, 1, 3, 8, 9, 8, 2, 7, 0, 2, 8, 6] indices=[9456, 42079, 59833, 40059, 11047, 8720, 56143, 3018, 9770, 17390, 34448, 47414, 2723, 16770, 33688, 58996, 26521, 35514, 4379, 50884, 12395, 35830, 16364, 55091, 14335, 27219, 49029, 5721, 50684, 47488, 39028, 17645, 49324, 4599, 2863, 16052, 29869, 37626, 47773, 6340, 15013, 42084, 21121, 32082, 13779, 1986, 3832, 43794, 58403, 40167, 3369, 4613, 40881, 17418, 15872, 24160, 11669, 11908, 26863, 6889, 7728, 3791, 11351, 8726]
[Train] batch 546 GPA: 0x000000038da18a00
[TS] batch546/input: write_done_realtime_ns=1787618980138529999
[GT] batch546 labels=[8, 9, 8, 9, 1, 0, 7, 2, 0, 4, 7, 2, 3, 1, 1, 6, 9, 1, 9, 4, 1, 4, 4, 1, 5, 1, 5, 9, 6, 3, 1, 3, 8, 5, 6, 5, 4, 0, 4, 3, 5, 7, 5, 5, 2, 0, 5, 7, 4, 9, 9, 3, 5, 0, 5, 6, 3, 8, 9, 6, 3, 9, 1, 5] indices=[39344, 4771, 31206, 31074, 3197, 37411, 30260, 31837, 40888, 59515, 44626, 43407, 11138, 53001, 26495, 58686, 46137, 46801, 49163, 45560, 38682, 43700, 30326, 26598, 1210, 49932, 35267, 12708, 25424, 32764, 42189, 20561, 32453, 12816, 34993, 29555, 17573, 13896, 29761, 14878, 25521, 6088, 19590, 7443, 54110, 11957, 14074, 9224, 17451, 580, 7269, 20631, 514, 22886, 34720, 5587, 39469, 11211, 20825, 52759, 36032, 29513, 37139, 10961]
[Train] batch 547 GPA: 0x000000038da01400
[TS] batch547/input: write_done_realtime_ns=1787618980151923063
[GT] batch547 labels=[9, 7, 8, 5, 9, 0, 0, 4, 5, 9, 0, 4, 6, 8, 8, 8, 9, 9, 8, 2, 3, 2, 3, 8, 0, 2, 0, 1, 7, 4, 6, 8, 0, 2, 1, 9, 5, 3, 2, 0, 0, 8, 4, 1, 9, 5, 6, 4, 5, 6, 8, 9, 8, 5, 0, 4, 7, 4, 0, 0, 7, 4, 0, 3] indices=[14042, 18086, 43656, 59269, 46970, 38335, 32313, 4781, 37407, 57683, 46332, 53226, 53481, 16972, 15436, 53071, 1426, 30334, 25657, 21638, 35162, 27736, 23977, 42941, 12421, 2812, 3106, 36778, 11540, 19727, 1146, 50762, 33831, 45378, 56291, 11353, 14839, 32234, 22076, 17360, 49244, 34921, 22138, 53395, 39370, 41847, 4533, 32088, 46331, 41890, 35713, 36960, 12630, 57566, 17285, 23664, 39449, 19957, 42053, 5327, 1157, 48365, 1479, 33412]
[Train] batch 548 GPA: 0x000000038da18a00
[TS] batch548/input: write_done_realtime_ns=1787618980165391936
[GT] batch548 labels=[7, 2, 7, 1, 1, 9, 0, 7, 4, 2, 5, 8, 8, 0, 7, 1, 1, 5, 4, 7, 0, 8, 7, 6, 8, 0, 7, 5, 8, 7, 1, 0, 2, 0, 2, 2, 3, 8, 6, 8, 8, 3, 7, 0, 5, 7, 1, 3, 0, 2, 8, 9, 6, 3, 6, 5, 8, 0, 6, 6, 9, 0, 7, 6] indices=[6064, 11718, 39651, 22462, 25061, 54139, 50036, 55195, 18000, 46921, 37341, 45122, 22557, 4270, 8107, 27025, 8506, 48533, 44905, 8283, 9914, 11750, 20921, 7493, 20037, 57326, 33639, 39978, 4006, 48651, 587, 40251, 57388, 22605, 44140, 21528, 48965, 42737, 30444, 47309, 51943, 41136, 59025, 18779, 31352, 12659, 35698, 20800, 18868, 10082, 47312, 50145, 27682, 44799, 10299, 44662, 55586, 20947, 41912, 49258, 54389, 24541, 5676, 55483]
[Train] batch 549 GPA: 0x000000038da01400
[TS] batch549/input: write_done_realtime_ns=1787618980178778510
[GT] batch549 labels=[2, 8, 9, 5, 9, 6, 8, 6, 8, 0, 3, 4, 9, 3, 4, 0, 8, 7, 0, 6, 4, 3, 8, 7, 1, 9, 8, 5, 9, 2, 2, 7, 1, 2, 3, 1, 1, 3, 7, 5, 6, 6, 2, 3, 1, 7, 8, 0, 5, 6, 6, 0, 5, 3, 6, 4, 9, 3, 0, 8, 2, 0, 6, 2] indices=[33342, 47425, 56458, 9801, 14164, 15708, 18126, 40492, 10592, 57645, 40655, 12997, 26424, 59630, 18136, 12927, 39771, 27747, 9823, 8461, 57946, 24965, 20758, 48515, 26089, 24153, 51907, 40127, 17531, 1584, 17230, 44914, 35487, 5420, 17352, 28056, 39297, 1315, 3633, 9384, 19710, 17563, 55972, 18307, 58198, 24742, 6814, 14157, 47944, 51485, 20656, 48638, 21782, 37204, 44728, 12618, 42728, 32665, 22917, 17919, 40637, 4347, 29795, 9374]
[Train] batch 550 GPA: 0x000000038da18a00
[TS] batch550/input: write_done_realtime_ns=1787618980192163293
[GT] batch550 labels=[7, 4, 3, 5, 4, 4, 0, 4, 3, 4, 3, 5, 5, 4, 1, 7, 1, 6, 3, 6, 7, 2, 4, 1, 9, 7, 2, 5, 9, 7, 5, 3, 4, 9, 4, 6, 0, 1, 2, 0, 2, 7, 5, 4, 7, 1, 4, 5, 7, 2, 6, 3, 3, 8, 8, 7, 3, 3, 3, 4, 3, 9, 9, 2] indices=[9454, 3457, 51260, 13681, 1050, 6469, 23395, 37144, 58946, 45794, 41010, 45012, 41772, 6336, 39805, 27168, 2530, 15727, 33837, 39130, 15586, 13613, 49982, 55046, 11415, 46836, 5707, 6776, 53437, 52824, 35858, 30720, 6519, 34983, 6865, 40979, 45760, 16307, 25991, 42045, 31401, 5968, 4695, 25334, 567, 50850, 55673, 8062, 54011, 17548, 1297, 30105, 57336, 49831, 8496, 12841, 34092, 44388, 42841, 1808, 14283, 45980, 22895, 24786]
Train Epoch: 1 [35200/60000 (59%)]	Loss: 0.090823
[Train] batch 551 GPA: 0x000000038da01400
[TS] batch551/input: write_done_realtime_ns=1787618980205488658
[GT] batch551 labels=[1, 4, 4, 4, 0, 4, 3, 5, 7, 4, 5, 3, 8, 1, 8, 0, 7, 0, 5, 1, 3, 2, 9, 1, 1, 3, 7, 8, 2, 8, 1, 8, 7, 5, 5, 5, 7, 4, 0, 4, 1, 0, 5, 7, 0, 2, 4, 0, 6, 2, 2, 3, 0, 6, 3, 4, 2, 0, 7, 7, 1, 7, 2, 7] indices=[11445, 1765, 29645, 33952, 24985, 46806, 5812, 46924, 5349, 51360, 22186, 31021, 44944, 54683, 7051, 5192, 29440, 7338, 3563, 29517, 32275, 19750, 36499, 30100, 50219, 58065, 59802, 57133, 22010, 46767, 28837, 53036, 59560, 13784, 46180, 45261, 51203, 37156, 20392, 28253, 37038, 12477, 29310, 14829, 20936, 35885, 13870, 51235, 19986, 58884, 49775, 13579, 33492, 55977, 54436, 9795, 18010, 582, 30224, 33103, 51005, 30841, 12752, 9270]
[Train] batch 552 GPA: 0x000000038da18a00
[TS] batch552/input: write_done_realtime_ns=1787618980218809473
[GT] batch552 labels=[8, 4, 7, 7, 9, 8, 2, 9, 9, 2, 1, 0, 6, 1, 4, 1, 1, 8, 7, 0, 1, 1, 8, 3, 8, 2, 1, 5, 0, 8, 9, 2, 6, 1, 4, 7, 6, 5, 6, 5, 8, 0, 6, 5, 8, 8, 8, 0, 3, 8, 2, 8, 6, 9, 2, 0, 6, 1, 1, 5, 9, 1, 7, 1] indices=[58762, 18203, 57110, 13180, 3927, 43201, 54653, 48097, 30977, 3627, 43829, 7648, 23126, 47837, 882, 28017, 17771, 44115, 54890, 38501, 31384, 6371, 55331, 40247, 55107, 11738, 33326, 9336, 11584, 1289, 7180, 24381, 43582, 1051, 22034, 34916, 43673, 45334, 55824, 49100, 34286, 16997, 49426, 55287, 36275, 32000, 38588, 58036, 31249, 49114, 13705, 4287, 50645, 41058, 26329, 29421, 45478, 31406, 34483, 59193, 12061, 6003, 20501, 30043]
[Train] batch 553 GPA: 0x000000038da01400
[TS] batch553/input: write_done_realtime_ns=1787618980232168717
[GT] batch553 labels=[5, 9, 0, 9, 8, 1, 0, 5, 8, 1, 7, 7, 5, 5, 1, 2, 0, 2, 7, 8, 8, 1, 6, 6, 5, 8, 9, 2, 4, 4, 7, 2, 9, 8, 7, 7, 1, 3, 6, 4, 5, 1, 7, 0, 9, 0, 4, 0, 6, 4, 2, 5, 5, 5, 4, 3, 8, 7, 1, 1, 3, 8, 4, 4] indices=[32501, 45793, 14202, 38740, 18353, 59427, 51108, 47204, 9537, 18741, 6956, 9395, 19892, 7900, 24405, 44502, 5698, 49028, 21463, 31039, 51513, 11522, 26912, 40757, 4192, 33337, 45242, 50085, 54903, 29218, 39133, 3848, 6950, 44654, 32861, 41707, 53662, 36911, 22561, 5444, 51928, 12041, 22796, 48180, 35532, 6320, 48013, 25980, 3749, 30602, 36375, 45118, 3007, 20453, 10768, 57804, 15050, 51914, 44829, 59692, 9797, 41253, 14198, 45788]
[Train] batch 554 GPA: 0x000000038da18a00
[TS] batch554/input: write_done_realtime_ns=1787618980245628449
[GT] batch554 labels=[2, 1, 4, 0, 9, 9, 4, 3, 4, 7, 9, 7, 3, 2, 5, 0, 7, 8, 8, 0, 0, 7, 3, 6, 7, 6, 6, 0, 7, 6, 3, 7, 1, 2, 4, 2, 1, 4, 4, 1, 2, 6, 8, 8, 3, 8, 0, 3, 4, 3, 9, 9, 0, 5, 1, 4, 2, 1, 1, 1, 6, 1, 2, 0] indices=[6633, 46159, 17057, 7566, 52341, 55783, 56893, 26880, 4038, 45835, 20689, 24727, 3320, 32008, 38194, 56332, 54219, 29092, 26628, 55048, 38644, 40729, 26548, 16433, 5472, 30916, 29507, 31194, 43542, 20603, 37478, 22377, 16614, 25309, 53602, 35509, 33842, 8943, 16009, 37225, 32934, 29526, 56685, 13396, 19347, 137, 49500, 54242, 43858, 1583, 27692, 7541, 50523, 58731, 47642, 1461, 44412, 21944, 13835, 104, 40538, 29214, 9736, 30246]
[Train] batch 555 GPA: 0x000000038da01400
[TS] batch555/input: write_done_realtime_ns=1787618980259149781
[GT] batch555 labels=[3, 6, 0, 3, 8, 1, 9, 8, 3, 7, 9, 4, 1, 2, 0, 9, 7, 6, 8, 8, 7, 3, 6, 5, 2, 6, 4, 5, 5, 0, 3, 0, 2, 2, 9, 8, 5, 6, 4, 0, 1, 2, 4, 0, 5, 2, 6, 6, 9, 9, 8, 4, 3, 0, 1, 5, 6, 1, 7, 4, 8, 4, 1, 6] indices=[51211, 1731, 26507, 59588, 35843, 3545, 19766, 10201, 49254, 12364, 14358, 28683, 5429, 11436, 733, 53950, 46215, 39318, 32225, 34912, 6241, 4850, 49659, 46612, 53019, 53169, 21448, 46489, 26398, 38691, 47424, 45682, 38884, 18198, 28088, 27299, 43641, 6517, 59232, 31321, 25163, 7633, 34027, 45617, 30288, 18998, 44941, 46272, 59594, 3164, 736, 3978, 56029, 49013, 54213, 55839, 8848, 56991, 49187, 35665, 47498, 48959, 36382, 10698]
[Train] batch 556 GPA: 0x000000038da18a00
[TS] batch556/input: write_done_realtime_ns=1787618980272638624
[GT] batch556 labels=[1, 3, 1, 6, 3, 5, 0, 3, 3, 6, 0, 2, 3, 0, 0, 4, 7, 0, 2, 2, 2, 7, 5, 6, 5, 2, 0, 1, 3, 4, 7, 8, 7, 4, 5, 2, 3, 3, 6, 5, 9, 0, 0, 7, 3, 7, 9, 6, 9, 5, 6, 4, 7, 0, 9, 1, 6, 5, 8, 2, 7, 8, 7, 1] indices=[24424, 3812, 17802, 42007, 46937, 22746, 13233, 5679, 50378, 26101, 25542, 28210, 47975, 52294, 48641, 49646, 28309, 69, 16408, 55678, 38846, 28764, 14748, 4030, 19746, 46483, 23606, 40314, 49020, 58697, 44219, 35042, 48102, 31514, 36330, 46386, 45377, 43080, 30115, 17006, 6162, 13955, 17838, 11822, 33022, 26169, 13949, 13322, 48077, 17446, 36254, 8207, 53836, 19900, 9428, 28673, 35791, 15155, 7956, 17507, 6134, 34785, 44160, 58139]
[Train] batch 557 GPA: 0x000000038da01400
[TS] batch557/input: write_done_realtime_ns=1787618980285900509
[GT] batch557 labels=[8, 7, 6, 5, 9, 6, 4, 0, 4, 9, 8, 3, 7, 1, 3, 4, 3, 0, 5, 2, 2, 7, 0, 2, 3, 9, 7, 2, 5, 4, 9, 9, 9, 0, 8, 9, 6, 5, 7, 4, 4, 3, 6, 4, 3, 0, 9, 5, 2, 8, 7, 4, 0, 4, 6, 3, 3, 4, 4, 2, 6, 1, 7, 8] indices=[9832, 10593, 986, 6305, 44550, 29226, 22456, 31625, 7551, 33699, 59072, 1317, 33128, 1936, 4068, 44027, 16693, 52135, 59993, 44414, 10138, 27481, 38042, 39022, 35180, 29236, 52071, 29720, 14106, 48447, 23748, 4973, 36456, 1625, 42218, 11196, 36061, 26771, 49866, 29818, 27882, 890, 47778, 23359, 58660, 29364, 44097, 28261, 25017, 48021, 11164, 8644, 51866, 28863, 51069, 49312, 8164, 40066, 33740, 13249, 46587, 16686, 54632, 55132]
[Train] batch 558 GPA: 0x000000038da18a00
[TS] batch558/input: write_done_realtime_ns=1787618980299176365
[GT] batch558 labels=[1, 2, 3, 5, 9, 0, 3, 6, 8, 8, 3, 1, 4, 4, 8, 1, 0, 3, 4, 5, 5, 9, 3, 9, 8, 4, 9, 9, 7, 1, 8, 7, 9, 5, 2, 6, 1, 9, 0, 5, 4, 6, 1, 2, 0, 1, 2, 0, 8, 3, 2, 6, 3, 7, 8, 0, 4, 0, 8, 8, 1, 8, 5, 0] indices=[29274, 2790, 38670, 25747, 20918, 32869, 54707, 21485, 40410, 43907, 36021, 10638, 33991, 53988, 5460, 7345, 37981, 42434, 35951, 46824, 43716, 28941, 53223, 42035, 51645, 18823, 45174, 24759, 20162, 31045, 4669, 28270, 7474, 54203, 16298, 25435, 38398, 7264, 29405, 46999, 19789, 26765, 36814, 48401, 17048, 16371, 19802, 32793, 59361, 34605, 32523, 17528, 43135, 14719, 9528, 51215, 24506, 776, 58777, 45413, 31377, 16870, 39985, 9506]
[Train] batch 559 GPA: 0x000000038da01400
[TS] batch559/input: write_done_realtime_ns=1787618980312695887
[GT] batch559 labels=[5, 5, 4, 1, 6, 6, 0, 9, 7, 0, 6, 0, 6, 6, 3, 9, 9, 5, 7, 7, 3, 9, 7, 5, 1, 7, 5, 8, 1, 0, 6, 0, 6, 6, 0, 3, 2, 4, 5, 4, 9, 6, 4, 4, 1, 0, 3, 9, 4, 6, 9, 1, 5, 2, 4, 2, 9, 8, 9, 7, 9, 1, 9, 7] indices=[7865, 56499, 9626, 45900, 26946, 21844, 32092, 40270, 7236, 21141, 36293, 59155, 44533, 14051, 44416, 11293, 5645, 516, 1075, 37387, 47925, 15746, 868, 33773, 45989, 43489, 31053, 55761, 47141, 54620, 3671, 41907, 11870, 36002, 43554, 46882, 24623, 49998, 6171, 27398, 50659, 40775, 33177, 4721, 34074, 21721, 57765, 13596, 28109, 53775, 35444, 44046, 32943, 33951, 7560, 57755, 50186, 17275, 7755, 46260, 3465, 4311, 30395, 46356]
[Train] batch 560 GPA: 0x000000038da18a00
[TS] batch560/input: write_done_realtime_ns=1787618980325972351
[GT] batch560 labels=[0, 6, 6, 7, 3, 6, 2, 1, 7, 4, 8, 9, 1, 6, 4, 2, 2, 4, 6, 7, 7, 9, 0, 7, 8, 1, 4, 3, 8, 1, 7, 1, 2, 9, 3, 8, 2, 5, 4, 1, 8, 5, 9, 7, 8, 6, 0, 5, 3, 7, 5, 6, 3, 4, 8, 2, 5, 3, 1, 2, 0, 5, 1, 3] indices=[46069, 977, 55861, 35560, 43287, 53717, 54794, 23308, 40358, 47541, 29360, 4098, 7748, 23198, 22974, 35770, 47132, 18582, 51872, 30952, 17917, 27163, 43134, 7167, 5199, 17847, 742, 59904, 28935, 42769, 12067, 7421, 56973, 12496, 43672, 44144, 7431, 22272, 18279, 30261, 53417, 8766, 34591, 44943, 3163, 42256, 13013, 25342, 18847, 17866, 38592, 12728, 27160, 14703, 35295, 49421, 18329, 5717, 44679, 24997, 50944, 42836, 33865, 12416]
Train Epoch: 1 [35840/60000 (60%)]	Loss: 0.104248
[Train] batch 561 GPA: 0x000000038da01400
[TS] batch561/input: write_done_realtime_ns=1787618980339345855
[GT] batch561 labels=[6, 3, 3, 4, 2, 8, 9, 3, 8, 8, 5, 9, 8, 9, 5, 1, 6, 7, 1, 4, 2, 9, 1, 0, 2, 8, 5, 0, 1, 6, 5, 3, 2, 1, 7, 4, 6, 4, 9, 8, 8, 9, 3, 0, 0, 5, 6, 3, 2, 0, 8, 2, 1, 0, 9, 6, 7, 4, 4, 3, 9, 7, 1, 9] indices=[41889, 34481, 11618, 338, 21502, 48375, 1960, 14262, 46368, 57257, 58439, 19887, 5335, 16470, 15984, 42881, 42571, 30902, 28238, 38407, 26794, 58426, 56491, 46654, 30534, 59429, 49652, 48532, 35108, 6903, 31976, 17906, 43241, 29773, 48768, 17357, 46646, 23196, 22088, 49830, 55989, 3636, 13124, 54810, 17379, 6569, 29583, 25553, 58030, 16217, 43588, 47731, 49717, 25839, 28618, 22654, 43168, 30554, 24365, 13713, 2562, 5416, 22192, 9835]
[Train] batch 562 GPA: 0x000000038da18a00
[TS] batch562/input: write_done_realtime_ns=1787618980352743590
[GT] batch562 labels=[8, 1, 9, 6, 6, 6, 2, 0, 9, 3, 3, 9, 1, 4, 7, 5, 8, 1, 6, 0, 5, 1, 3, 3, 6, 6, 2, 7, 3, 0, 7, 3, 3, 6, 5, 4, 4, 7, 1, 9, 3, 6, 0, 4, 9, 4, 5, 1, 3, 0, 4, 6, 3, 3, 2, 5, 7, 4, 6, 1, 4, 3, 9, 0] indices=[25379, 17900, 34066, 48052, 15463, 37639, 55525, 40630, 21631, 22238, 41476, 28645, 37670, 12070, 15037, 47646, 15364, 10040, 25113, 4310, 6363, 46855, 10424, 13250, 52788, 9576, 8097, 59504, 2760, 15890, 54099, 8635, 26383, 57883, 7842, 3957, 18654, 56354, 455, 55240, 54397, 41086, 10025, 13553, 49121, 53093, 6217, 48913, 39909, 28505, 20650, 23558, 8771, 9006, 6861, 20000, 55553, 51694, 3841, 5882, 18200, 54406, 58127, 26685]
[Train] batch 563 GPA: 0x000000038da01400
[TS] batch563/input: write_done_realtime_ns=1787618980366075324
[GT] batch563 labels=[0, 2, 0, 1, 5, 8, 0, 3, 6, 2, 6, 3, 0, 2, 8, 0, 5, 0, 1, 7, 2, 8, 2, 8, 1, 2, 1, 1, 8, 9, 9, 4, 9, 0, 0, 7, 4, 4, 8, 3, 7, 3, 0, 9, 2, 1, 9, 5, 3, 3, 6, 9, 3, 8, 2, 9, 9, 3, 1, 9, 4, 8, 0, 3] indices=[5487, 38036, 19689, 3155, 9898, 27312, 18273, 21812, 34960, 14381, 26347, 20203, 49770, 2104, 35061, 46625, 29842, 4854, 16885, 39358, 15137, 43548, 22446, 40777, 51714, 23268, 2583, 6554, 25365, 44074, 11300, 54473, 54449, 32333, 57746, 21396, 3088, 41473, 55269, 34427, 24935, 52690, 30618, 24211, 24098, 22325, 55780, 7244, 31989, 16663, 51096, 41605, 50288, 14728, 35930, 41924, 59238, 28707, 59460, 5492, 49861, 16797, 1093, 46911]
[Train] batch 564 GPA: 0x000000038da18a00
[TS] batch564/input: write_done_realtime_ns=1787618980379465077
[GT] batch564 labels=[0, 2, 7, 6, 1, 6, 6, 7, 7, 8, 4, 9, 9, 6, 0, 8, 7, 7, 6, 6, 5, 9, 1, 9, 5, 3, 0, 3, 1, 8, 8, 3, 2, 4, 3, 3, 1, 6, 0, 5, 9, 6, 0, 1, 4, 1, 1, 7, 4, 1, 4, 3, 7, 2, 2, 4, 8, 1, 9, 6, 5, 8, 6, 0] indices=[33464, 33775, 33759, 4349, 12521, 36826, 59583, 4131, 23787, 57993, 41845, 4693, 49574, 25608, 7981, 54990, 14243, 31523, 6239, 27442, 12701, 4307, 59705, 56760, 39539, 42398, 25101, 12228, 637, 19362, 59265, 51153, 42918, 37074, 6297, 5011, 15575, 27090, 43884, 21489, 6479, 54572, 43243, 42339, 41950, 57193, 51836, 8699, 32512, 26002, 45670, 38238, 37057, 16140, 22062, 14700, 38142, 40896, 28523, 5671, 58723, 5296, 25374, 12880]
[Train] batch 565 GPA: 0x000000038da01400
[TS] batch565/input: write_done_realtime_ns=1787618980392922150
[GT] batch565 labels=[5, 2, 9, 8, 8, 2, 0, 7, 6, 5, 3, 3, 2, 4, 3, 0, 6, 4, 5, 5, 6, 9, 3, 7, 5, 6, 5, 1, 4, 3, 2, 4, 0, 8, 8, 9, 7, 9, 9, 6, 2, 6, 9, 4, 4, 1, 7, 5, 9, 4, 8, 0, 5, 5, 7, 4, 8, 2, 1, 7, 7, 5, 1, 8] indices=[27711, 48545, 38930, 23296, 30235, 21470, 7037, 25469, 25860, 27482, 54174, 15090, 23403, 5155, 35073, 30473, 26614, 10313, 38577, 8252, 41974, 3232, 16657, 57970, 37574, 39630, 32059, 59373, 48310, 3684, 28684, 15394, 49011, 43945, 3446, 23744, 16319, 12535, 13480, 49353, 10429, 58516, 59194, 717, 36202, 4933, 24172, 13796, 1103, 59900, 44436, 52289, 50624, 10353, 36563, 8270, 53191, 18117, 34796, 32104, 40368, 55775, 780, 19783]
[Train] batch 566 GPA: 0x000000038da18a00
[TS] batch566/input: write_done_realtime_ns=1787618980406299344
[GT] batch566 labels=[5, 8, 9, 5, 6, 2, 2, 2, 3, 4, 9, 6, 8, 9, 8, 7, 0, 6, 0, 1, 6, 1, 3, 5, 2, 4, 8, 6, 4, 9, 2, 8, 5, 6, 6, 4, 2, 2, 6, 0, 9, 9, 8, 4, 9, 5, 3, 5, 1, 7, 8, 4, 2, 1, 9, 7, 5, 5, 2, 0, 4, 8, 5, 3] indices=[23869, 28136, 19477, 20791, 13809, 35653, 1539, 18110, 3571, 36346, 55224, 42919, 8918, 43650, 12658, 6403, 55115, 547, 2403, 1839, 15914, 55222, 17154, 32001, 37120, 58764, 30322, 1202, 32851, 1441, 59476, 445, 5991, 21676, 34071, 59863, 26956, 48334, 21763, 56459, 43453, 25852, 56894, 5401, 59314, 14096, 38341, 15918, 48592, 34934, 1294, 22714, 40951, 48024, 56041, 29908, 22821, 43402, 25261, 1897, 18730, 15645, 55908, 35615]
[Train] batch 567 GPA: 0x000000038da01400
[TS] batch567/input: write_done_realtime_ns=1787618980419627819
[GT] batch567 labels=[7, 0, 8, 1, 4, 3, 4, 6, 2, 0, 5, 7, 0, 6, 8, 7, 7, 2, 0, 6, 7, 0, 1, 5, 8, 6, 9, 7, 0, 8, 6, 8, 6, 8, 1, 9, 6, 8, 5, 7, 8, 6, 8, 2, 0, 1, 4, 9, 1, 6, 3, 0, 1, 1, 5, 9, 0, 2, 3, 5, 8, 4, 7, 5] indices=[28641, 42764, 37620, 14417, 7611, 52864, 38803, 54907, 9891, 56362, 18151, 32150, 15042, 9917, 46876, 8499, 11821, 10687, 16540, 1070, 44378, 57707, 13625, 52192, 38842, 35079, 32342, 7769, 37043, 26200, 8692, 18150, 52626, 38742, 32462, 10381, 29163, 32349, 22907, 50360, 54040, 12231, 32093, 12621, 58306, 15763, 5134, 57545, 41193, 5566, 48521, 16105, 39661, 28906, 11310, 12096, 19504, 24012, 31229, 41390, 59163, 57582, 56196, 21484]
[Train] batch 568 GPA: 0x000000038da18a00
[TS] batch568/input: write_done_realtime_ns=1787618980433055692
[GT] batch568 labels=[1, 2, 1, 9, 8, 3, 2, 3, 3, 7, 2, 6, 1, 3, 4, 3, 8, 9, 8, 6, 3, 3, 8, 3, 5, 1, 8, 2, 6, 7, 1, 1, 2, 7, 3, 1, 2, 0, 7, 6, 9, 3, 1, 7, 9, 1, 2, 0, 1, 0, 7, 1, 7, 3, 0, 2, 7, 8, 7, 2, 8, 3, 9, 6] indices=[18830, 12213, 20131, 30096, 37428, 8241, 31233, 52771, 21647, 2319, 43449, 58998, 46291, 43209, 2407, 42966, 36598, 6149, 8067, 9997, 58379, 44385, 58195, 43883, 21754, 33508, 34567, 1299, 28070, 46672, 56252, 4561, 56847, 44920, 32688, 41554, 15699, 14712, 24884, 9174, 51271, 10734, 7324, 58681, 3069, 30214, 36942, 59878, 42171, 27200, 436, 17488, 57177, 40305, 49639, 12135, 26080, 16154, 15721, 44209, 6093, 38089, 28176, 48565]
[Train] batch 569 GPA: 0x000000038da01400
[TS] batch569/input: write_done_realtime_ns=1787618980446500074
[GT] batch569 labels=[3, 3, 5, 1, 1, 7, 0, 2, 1, 7, 3, 8, 7, 2, 3, 7, 4, 8, 2, 4, 8, 9, 4, 0, 3, 3, 1, 4, 4, 2, 0, 6, 1, 9, 5, 8, 1, 4, 6, 3, 6, 4, 7, 0, 0, 8, 4, 4, 0, 6, 3, 0, 8, 2, 1, 6, 6, 1, 5, 6, 8, 7, 6, 9] indices=[24931, 45727, 1276, 13892, 12375, 10295, 16139, 29408, 45366, 55603, 57877, 56617, 40222, 24303, 53385, 12363, 991, 23436, 50153, 115, 32076, 1282, 41838, 44768, 5683, 56791, 49840, 16600, 2827, 39644, 42446, 16728, 22370, 47082, 32702, 54626, 17607, 9541, 38511, 13560, 50635, 2737, 44896, 55254, 15770, 48997, 24120, 11145, 24075, 27491, 33208, 27512, 26474, 22516, 30848, 55975, 21025, 30117, 19487, 41538, 532, 13786, 50580, 51512]
[Train] batch 570 GPA: 0x000000038da18a00
[TS] batch570/input: write_done_realtime_ns=1787618980459787610
[GT] batch570 labels=[1, 2, 4, 9, 1, 3, 1, 4, 5, 9, 7, 1, 6, 1, 5, 4, 5, 1, 1, 0, 0, 8, 5, 6, 9, 3, 6, 9, 4, 8, 6, 5, 0, 5, 7, 4, 0, 9, 1, 6, 1, 9, 4, 5, 2, 3, 7, 2, 8, 7, 5, 4, 5, 1, 9, 3, 4, 9, 4, 2, 8, 5, 0, 3] indices=[2725, 58720, 49206, 22061, 30906, 13109, 9674, 46415, 36739, 31364, 21621, 57516, 31054, 23908, 24335, 18638, 2250, 18421, 22689, 28257, 10276, 46285, 53638, 36113, 26860, 53225, 26697, 7071, 40702, 9358, 41688, 4728, 6737, 59180, 48648, 17474, 45504, 10247, 8984, 14071, 50951, 24178, 19573, 41045, 55997, 46523, 4499, 58087, 1025, 33612, 7482, 29606, 26206, 36744, 58245, 58389, 27080, 12240, 10060, 11667, 29777, 48469, 43347, 33510]
Train Epoch: 1 [36480/60000 (61%)]	Loss: 0.156544
[Train] batch 571 GPA: 0x000000038da01400
[TS] batch571/input: write_done_realtime_ns=1787618980473273812
[GT] batch571 labels=[6, 1, 5, 7, 8, 5, 2, 0, 7, 9, 5, 4, 4, 9, 3, 9, 9, 7, 3, 2, 6, 3, 7, 1, 7, 8, 3, 9, 0, 9, 3, 1, 6, 0, 9, 3, 0, 6, 9, 0, 4, 1, 0, 1, 3, 8, 6, 8, 9, 2, 7, 2, 8, 1, 5, 3, 3, 4, 7, 7, 4, 0, 0, 3] indices=[5018, 43006, 53647, 1326, 19159, 1325, 40151, 24105, 56034, 17831, 24100, 2220, 18071, 47009, 22113, 24057, 23555, 4255, 29785, 19508, 38348, 22883, 23149, 28695, 50763, 34061, 20166, 53550, 59452, 1884, 47625, 54019, 4210, 41485, 44450, 48974, 40200, 23566, 59749, 15275, 50583, 38976, 48661, 54803, 6856, 39322, 41690, 10611, 42743, 51743, 586, 19926, 24460, 19898, 31424, 41407, 12437, 41625, 26750, 7059, 16389, 25051, 17625, 15052]
[Train] batch 572 GPA: 0x000000038da18a00
[TS] batch572/input: write_done_realtime_ns=1787618980486645736
[GT] batch572 labels=[4, 6, 0, 0, 2, 5, 8, 5, 8, 7, 5, 5, 7, 4, 1, 5, 8, 7, 3, 9, 9, 7, 9, 6, 2, 8, 0, 7, 8, 2, 6, 1, 9, 1, 9, 1, 4, 6, 8, 3, 8, 2, 3, 7, 1, 1, 0, 1, 4, 4, 8, 6, 2, 5, 6, 8, 9, 2, 6, 2, 7, 6, 7, 0] indices=[8174, 39495, 22444, 53533, 48008, 28231, 36708, 43244, 28054, 13337, 50954, 37507, 9434, 43947, 55317, 42760, 48684, 45530, 42254, 29406, 8111, 42722, 9950, 15348, 41830, 22308, 712, 23074, 53672, 58026, 20416, 56261, 26594, 20365, 52772, 397, 1079, 42475, 43215, 37860, 46827, 56795, 13225, 47544, 53484, 59207, 31059, 44131, 1922, 36659, 55578, 45580, 34432, 3216, 2397, 11191, 59695, 50897, 4268, 43935, 8286, 17867, 40378, 29055]
[Train] batch 573 GPA: 0x000000038da01400
[TS] batch573/input: write_done_realtime_ns=1787618980499943430
[GT] batch573 labels=[0, 9, 4, 2, 8, 8, 6, 1, 8, 1, 1, 3, 1, 2, 8, 1, 7, 8, 4, 9, 1, 8, 1, 2, 8, 7, 7, 6, 8, 3, 4, 5, 1, 9, 1, 4, 8, 7, 6, 6, 5, 5, 6, 5, 1, 0, 3, 2, 9, 3, 9, 4, 1, 4, 5, 0, 0, 3, 5, 3, 2, 7, 6, 9] indices=[30034, 3382, 36790, 53245, 45103, 34933, 4882, 34612, 15636, 5494, 44432, 15375, 43595, 27490, 12298, 23219, 50905, 40261, 1763, 12272, 9906, 22118, 16181, 30976, 2951, 20619, 53579, 35468, 50514, 21420, 12227, 13580, 38831, 13002, 50667, 31541, 50902, 6248, 1323, 49524, 29008, 40972, 37044, 7032, 30616, 38926, 34712, 24182, 34598, 37361, 15302, 39433, 33385, 46795, 42698, 59547, 1837, 31345, 53922, 18225, 35478, 35306, 19745, 12257]
[Train] batch 574 GPA: 0x000000038da18a00
[TS] batch574/input: write_done_realtime_ns=1787618980513253776
[GT] batch574 labels=[3, 2, 9, 4, 1, 3, 6, 1, 2, 5, 5, 3, 9, 0, 5, 8, 0, 6, 3, 2, 2, 9, 8, 8, 9, 1, 2, 7, 7, 6, 0, 3, 2, 7, 0, 8, 3, 6, 7, 2, 4, 6, 2, 6, 5, 1, 4, 8, 6, 9, 8, 4, 6, 9, 9, 3, 4, 7, 4, 2, 8, 1, 5, 3] indices=[45783, 7072, 58366, 49072, 21958, 57533, 7785, 55825, 54765, 46891, 53572, 24969, 12900, 7143, 6840, 47550, 55030, 8145, 58097, 13491, 18634, 33576, 40259, 30777, 43, 45516, 26782, 24141, 15340, 44057, 53936, 55628, 27537, 49523, 25518, 37595, 24789, 22298, 27158, 47255, 30269, 56863, 7823, 33564, 41278, 21090, 17561, 16417, 20480, 51012, 7575, 35840, 35846, 27074, 54599, 38346, 36384, 29212, 12639, 22579, 36386, 57223, 55208, 11710]
[Train] batch 575 GPA: 0x000000038da01400
[TS] batch575/input: write_done_realtime_ns=1787618980526582700
[GT] batch575 labels=[5, 3, 8, 1, 0, 0, 7, 4, 7, 7, 8, 7, 8, 8, 8, 9, 3, 5, 4, 7, 4, 7, 9, 7, 8, 6, 2, 9, 6, 6, 9, 6, 4, 6, 9, 6, 3, 1, 2, 0, 4, 1, 5, 3, 8, 9, 9, 7, 2, 3, 7, 4, 3, 4, 5, 4, 6, 4, 4, 5, 2, 9, 8, 9] indices=[56725, 45945, 32553, 39052, 114, 45442, 2949, 53157, 55750, 1772, 51078, 59360, 18109, 41464, 43455, 10219, 43192, 25357, 15059, 20600, 29941, 29983, 34482, 17961, 22054, 46558, 42535, 350, 51508, 21977, 20330, 26318, 20144, 44984, 28601, 28084, 51154, 37607, 44098, 44474, 13236, 15428, 26695, 8122, 36776, 4025, 42017, 2574, 3147, 5332, 34689, 52346, 7156, 59481, 25080, 30243, 37230, 19666, 34022, 13505, 57307, 11499, 19079, 14289]
[Train] batch 576 GPA: 0x000000038da18a00
[TS] batch576/input: write_done_realtime_ns=1787618980539846695
[GT] batch576 labels=[8, 1, 5, 0, 2, 8, 5, 6, 1, 3, 9, 0, 3, 2, 1, 1, 3, 9, 0, 8, 7, 0, 0, 5, 7, 7, 0, 0, 2, 2, 8, 5, 8, 8, 5, 3, 5, 5, 1, 4, 6, 6, 6, 4, 1, 2, 9, 3, 1, 1, 3, 0, 4, 8, 8, 5, 0, 5, 2, 5, 4, 6, 3, 7] indices=[38870, 41567, 43651, 6302, 46835, 54341, 50782, 59431, 53351, 36132, 1984, 2952, 35898, 56513, 52882, 43764, 40257, 26828, 2582, 35364, 51011, 59847, 41350, 49520, 12819, 40524, 18112, 30787, 17212, 20502, 16897, 41321, 41853, 32806, 38756, 31450, 45919, 8856, 49441, 29340, 58435, 58815, 8314, 22096, 39051, 50977, 36181, 3358, 40423, 14812, 47725, 192, 52344, 20580, 13680, 19868, 57364, 21416, 38275, 41486, 28243, 34350, 26871, 54623]
[Train] batch 577 GPA: 0x000000038da01400
[TS] batch577/input: write_done_realtime_ns=1787618980553211439
[GT] batch577 labels=[3, 0, 9, 2, 3, 6, 7, 3, 5, 4, 3, 3, 6, 5, 9, 1, 6, 0, 5, 8, 4, 0, 9, 0, 9, 5, 1, 4, 7, 2, 5, 0, 3, 2, 6, 0, 3, 4, 7, 0, 8, 1, 6, 2, 3, 8, 4, 7, 0, 9, 1, 6, 1, 3, 1, 2, 8, 2, 1, 3, 6, 8, 3, 5] indices=[19836, 26338, 23807, 26468, 55858, 39388, 43382, 24610, 41759, 28034, 54560, 54856, 24146, 46108, 33252, 42156, 43141, 49815, 33033, 41992, 38052, 38523, 19910, 2899, 39802, 48838, 57283, 13640, 4285, 38339, 28596, 11267, 43552, 37545, 39164, 46294, 17908, 21916, 27360, 24809, 30584, 1369, 42558, 55692, 5858, 48875, 19064, 10202, 44000, 6564, 37531, 36278, 20913, 47746, 38845, 21219, 13346, 20748, 35661, 50470, 21003, 57263, 40914, 52040]
[Train] batch 578 GPA: 0x000000038da18a00
[TS] batch578/input: write_done_realtime_ns=1787618980566656253
[GT] batch578 labels=[8, 5, 6, 8, 1, 9, 0, 7, 8, 8, 5, 7, 7, 1, 5, 6, 5, 5, 4, 0, 4, 8, 1, 2, 6, 4, 8, 7, 8, 3, 8, 5, 7, 5, 6, 3, 6, 8, 2, 7, 5, 6, 7, 5, 3, 2, 8, 0, 5, 8, 5, 2, 3, 1, 2, 1, 5, 6, 6, 8, 7, 1, 0, 6] indices=[40629, 27340, 39278, 33451, 45931, 7087, 5082, 26500, 12466, 19948, 55403, 38133, 56542, 16203, 12588, 43396, 10506, 37842, 53459, 58784, 39809, 15487, 45598, 52440, 58443, 49155, 17765, 55147, 27999, 46549, 3958, 11356, 13319, 6868, 53198, 20687, 39766, 51313, 51976, 12781, 2605, 28616, 28638, 19589, 1244, 25854, 43062, 40586, 16174, 27568, 8789, 16404, 12430, 50333, 16916, 53140, 47305, 3123, 28708, 45098, 24938, 14942, 13066, 50165]
[Train] batch 579 GPA: 0x000000038da01400
[TS] batch579/input: write_done_realtime_ns=1787618980580064835
[GT] batch579 labels=[7, 8, 6, 0, 3, 3, 1, 9, 2, 8, 4, 2, 9, 4, 6, 9, 1, 8, 7, 0, 6, 5, 5, 4, 9, 5, 8, 4, 6, 0, 0, 3, 0, 6, 7, 3, 8, 6, 4, 8, 5, 3, 2, 1, 2, 1, 2, 7, 8, 7, 6, 2, 2, 8, 7, 1, 0, 6, 4, 9, 3, 2, 5, 2] indices=[34997, 46330, 35935, 51286, 36684, 40570, 53004, 25280, 23520, 39149, 24047, 2601, 13247, 18937, 20572, 46889, 15578, 38745, 37930, 53350, 12489, 17514, 58846, 56646, 13194, 43056, 41758, 32101, 59907, 54104, 45386, 17041, 52821, 9723, 19780, 26284, 16036, 55016, 58840, 50740, 3062, 55292, 25804, 28516, 11844, 56338, 47710, 47303, 37600, 46132, 3387, 3006, 37974, 20127, 4759, 3375, 58659, 7008, 48660, 10480, 2203, 12844, 51551, 54676]
[Train] batch 580 GPA: 0x000000038da18a00
[TS] batch580/input: write_done_realtime_ns=1787618980593392040
[GT] batch580 labels=[4, 7, 9, 3, 5, 7, 4, 8, 7, 6, 5, 5, 3, 8, 6, 6, 4, 7, 5, 7, 7, 1, 8, 8, 0, 2, 1, 6, 9, 6, 8, 8, 5, 5, 6, 0, 9, 1, 1, 1, 8, 1, 5, 0, 4, 3, 7, 7, 0, 9, 3, 7, 1, 2, 3, 1, 1, 8, 6, 5, 7, 2, 8, 0] indices=[12285, 7001, 24967, 39761, 53759, 16840, 10618, 31075, 25060, 4572, 53529, 40175, 2740, 9564, 26418, 4770, 56596, 29202, 51072, 55238, 18857, 36098, 33490, 47635, 42664, 56762, 5552, 11905, 14554, 52877, 12482, 58024, 13699, 13829, 395, 12374, 37321, 2823, 40982, 52867, 31124, 17964, 3356, 6227, 22085, 36761, 56220, 46174, 22691, 46866, 2456, 14011, 35281, 39914, 5922, 15290, 1081, 29319, 38308, 57489, 6845, 31240, 17345, 58110]
Train Epoch: 1 [37120/60000 (62%)]	Loss: 0.104436
[Train] batch 581 GPA: 0x000000038da01400
[TS] batch581/input: write_done_realtime_ns=1787618980606846643
[GT] batch581 labels=[2, 1, 4, 3, 1, 9, 5, 6, 3, 5, 3, 1, 2, 1, 1, 7, 4, 7, 7, 8, 0, 5, 2, 6, 2, 2, 3, 3, 3, 5, 8, 5, 9, 1, 2, 0, 4, 0, 5, 2, 5, 9, 3, 2, 1, 3, 4, 3, 4, 0, 8, 2, 1, 2, 0, 6, 0, 3, 2, 3, 6, 1, 0, 6] indices=[25412, 32534, 21374, 45389, 53611, 6010, 58824, 48340, 55926, 51345, 27690, 46823, 52547, 45221, 23970, 37853, 21131, 33836, 5825, 2687, 21526, 614, 47573, 14423, 9383, 23826, 44557, 50834, 44282, 11118, 44072, 54913, 44973, 39912, 30211, 44589, 12267, 22749, 4134, 42138, 33876, 35019, 10141, 3712, 45572, 46595, 5581, 10322, 50183, 37647, 43848, 9830, 671, 52186, 34977, 18094, 40843, 57920, 57183, 39489, 35241, 34004, 14746, 536]
[Train] batch 582 GPA: 0x000000038da18a00
[TS] batch582/input: write_done_realtime_ns=1787618980620314986
[GT] batch582 labels=[4, 5, 0, 4, 7, 0, 3, 2, 1, 9, 2, 1, 2, 3, 7, 6, 0, 1, 1, 5, 0, 3, 5, 7, 8, 7, 0, 3, 4, 8, 1, 8, 3, 1, 5, 7, 4, 7, 6, 1, 1, 6, 5, 2, 4, 0, 4, 9, 8, 2, 6, 4, 6, 3, 2, 5, 4, 8, 5, 0, 0, 9, 8, 7] indices=[19840, 57743, 6958, 37112, 6487, 2839, 38549, 20395, 25595, 51783, 26011, 51436, 30881, 35649, 35978, 56022, 5398, 33266, 15962, 37597, 22473, 10676, 21543, 10253, 21118, 25979, 17349, 41165, 59809, 17751, 27924, 30203, 29042, 38125, 26736, 48333, 20617, 50668, 17150, 6419, 4960, 47562, 32214, 28268, 46691, 32800, 61, 38456, 9608, 9527, 32143, 18121, 41793, 29962, 23323, 23629, 36668, 19605, 38608, 57507, 11429, 12789, 56082, 16687]
[Train] batch 583 GPA: 0x000000038da01400
[TS] batch583/input: write_done_realtime_ns=1787618980633592060
[GT] batch583 labels=[7, 5, 8, 6, 0, 9, 7, 4, 2, 2, 3, 3, 9, 3, 7, 7, 2, 3, 4, 9, 6, 1, 6, 2, 7, 7, 0, 8, 9, 1, 6, 3, 6, 5, 7, 7, 4, 6, 7, 7, 6, 4, 3, 4, 0, 9, 3, 3, 4, 1, 1, 1, 6, 4, 3, 6, 7, 8, 3, 6, 6, 3, 3, 5] indices=[59516, 31649, 20387, 10654, 9790, 23638, 43707, 37251, 53434, 45852, 26391, 40404, 37906, 15760, 35668, 91, 45714, 1941, 7596, 12160, 26576, 10602, 46529, 23082, 38669, 54751, 4239, 6873, 47292, 4775, 36724, 21993, 55515, 5309, 3721, 51683, 6656, 39086, 58188, 22662, 48409, 47558, 16229, 1546, 58658, 55835, 7501, 10052, 10525, 26961, 15095, 39288, 17829, 21140, 37304, 50856, 10046, 36622, 45408, 14487, 15995, 48579, 53123, 8656]
[Train] batch 584 GPA: 0x000000038da18a00
[TS] batch584/input: write_done_realtime_ns=1787618980647020684
[GT] batch584 labels=[9, 1, 4, 1, 0, 9, 6, 9, 7, 4, 5, 6, 5, 0, 3, 9, 3, 1, 6, 5, 1, 9, 2, 0, 8, 4, 5, 6, 2, 0, 0, 3, 3, 3, 1, 4, 9, 9, 4, 7, 9, 1, 4, 6, 5, 4, 8, 3, 2, 9, 3, 6, 3, 9, 9, 3, 8, 7, 8, 6, 1, 6, 8, 3] indices=[14443, 36264, 14990, 5054, 39628, 12277, 4587, 50973, 35416, 45357, 38362, 22210, 13145, 40043, 23043, 13698, 28224, 58368, 8420, 29027, 40399, 8238, 37416, 27631, 57411, 30683, 26876, 6509, 20944, 53403, 13826, 46145, 44380, 6612, 33705, 14411, 3598, 7727, 23592, 47203, 11452, 20787, 21263, 29441, 19319, 39182, 5418, 25924, 9972, 482, 50181, 15826, 24017, 39227, 54048, 18227, 5819, 6333, 6816, 55615, 50350, 58191, 33778, 40254]
[Train] batch 585 GPA: 0x000000038da01400
[TS] batch585/input: write_done_realtime_ns=1787618980660515767
[GT] batch585 labels=[9, 7, 2, 5, 5, 5, 7, 8, 2, 5, 0, 5, 4, 8, 1, 1, 7, 8, 7, 9, 9, 3, 5, 0, 1, 4, 0, 0, 3, 6, 0, 6, 3, 9, 5, 1, 4, 6, 7, 0, 8, 5, 3, 1, 7, 1, 6, 2, 9, 9, 1, 9, 4, 3, 1, 7, 7, 5, 2, 2, 1, 6, 3, 1] indices=[34930, 49125, 8921, 11659, 38843, 51740, 28145, 49052, 19939, 49885, 27492, 36850, 16216, 1505, 30129, 21376, 37147, 56378, 19433, 17959, 26640, 50995, 55838, 53917, 15677, 19217, 8354, 58002, 40947, 26650, 35275, 38854, 28515, 14699, 26466, 48679, 31453, 11635, 6587, 48542, 39187, 5028, 57040, 14900, 18479, 46251, 28605, 58000, 59371, 18405, 5713, 56003, 53384, 11863, 21839, 34959, 22057, 26134, 34614, 4550, 12971, 31368, 53282, 19613]
[Train] batch 586 GPA: 0x000000038da18a00
[TS] batch586/input: write_done_realtime_ns=1787618980673825711
[GT] batch586 labels=[9, 4, 1, 3, 3, 1, 5, 2, 3, 7, 7, 1, 5, 4, 2, 2, 0, 1, 9, 2, 1, 0, 0, 9, 8, 3, 4, 7, 4, 3, 0, 0, 6, 2, 6, 2, 2, 3, 0, 9, 5, 9, 7, 5, 1, 1, 4, 6, 9, 1, 3, 7, 3, 1, 9, 1, 0, 1, 2, 7, 9, 6, 3, 9] indices=[28168, 48373, 9907, 37132, 48922, 58276, 24394, 30355, 54996, 47485, 45185, 29968, 46369, 48103, 4651, 52152, 44599, 13630, 23945, 24939, 46664, 30800, 787, 30257, 52884, 8888, 21738, 47733, 38175, 43043, 15825, 33020, 4905, 13022, 2777, 33233, 25787, 4638, 15480, 23772, 21309, 8356, 54522, 47629, 4903, 32559, 31305, 21901, 49130, 40373, 49410, 41470, 53382, 43813, 37060, 55596, 36484, 52530, 33297, 994, 53948, 19762, 59569, 19045]
[Train] batch 587 GPA: 0x000000038da01400
[TS] batch587/input: write_done_realtime_ns=1787618980687135556
[GT] batch587 labels=[4, 5, 7, 8, 9, 7, 2, 4, 4, 2, 6, 3, 0, 0, 7, 3, 9, 0, 0, 8, 8, 2, 7, 8, 3, 4, 9, 6, 7, 8, 9, 9, 4, 1, 0, 1, 9, 2, 4, 1, 1, 0, 2, 7, 2, 7, 9, 9, 6, 8, 7, 8, 3, 9, 9, 7, 2, 6, 5, 7, 8, 6, 7, 8] indices=[45069, 40518, 55078, 42533, 48618, 42621, 22548, 22660, 32182, 59903, 28320, 58503, 50628, 42136, 38890, 57983, 34176, 44314, 8223, 34734, 42479, 42708, 11517, 12831, 42088, 37785, 4032, 42541, 42164, 52944, 16561, 48344, 52919, 4014, 41138, 14293, 39229, 28958, 29922, 26225, 18072, 44704, 6161, 51363, 13952, 45937, 45034, 11150, 6726, 160, 14439, 47478, 15076, 6383, 42289, 16194, 54292, 55913, 30399, 23645, 36825, 57275, 55517, 33766]
[Train] batch 588 GPA: 0x000000038da18a00
[TS] batch588/input: write_done_realtime_ns=1787618980700632918
[GT] batch588 labels=[2, 0, 9, 2, 3, 3, 5, 9, 5, 8, 0, 6, 5, 5, 7, 1, 4, 3, 6, 6, 1, 6, 8, 2, 2, 5, 9, 1, 4, 1, 5, 2, 7, 4, 9, 7, 1, 4, 3, 6, 1, 7, 1, 3, 2, 2, 3, 2, 0, 5, 6, 6, 7, 8, 5, 1, 4, 7, 3, 1, 1, 6, 7, 6] indices=[23106, 41286, 48548, 1880, 3606, 15630, 19422, 58348, 1087, 56001, 15564, 29630, 43937, 55513, 51477, 27875, 19608, 44575, 16493, 42667, 9039, 4817, 3766, 11491, 44143, 28148, 9265, 31901, 35656, 28894, 29815, 37403, 36105, 38021, 47237, 24200, 23647, 23085, 38687, 12354, 8451, 17343, 40007, 13293, 17039, 59422, 56204, 25147, 46114, 49957, 30617, 42409, 32220, 12974, 16574, 25049, 21296, 36234, 56995, 59688, 12642, 55111, 5197, 49743]
[Train] batch 589 GPA: 0x000000038da01400
[TS] batch589/input: write_done_realtime_ns=1787618980713997543
[GT] batch589 labels=[4, 7, 6, 7, 7, 5, 6, 3, 5, 8, 3, 9, 4, 4, 9, 8, 0, 0, 8, 4, 4, 8, 9, 9, 0, 7, 7, 8, 7, 1, 2, 8, 3, 3, 9, 8, 1, 0, 1, 3, 0, 6, 3, 7, 4, 9, 6, 8, 7, 1, 5, 7, 1, 4, 1, 5, 7, 4, 2, 5, 4, 7, 1, 6] indices=[32032, 14073, 42405, 23433, 3368, 35394, 44237, 8709, 43098, 56313, 9621, 22576, 59716, 29485, 23423, 12782, 23828, 19902, 53181, 30953, 12830, 34098, 7702, 30497, 48523, 58574, 17282, 58666, 19987, 2177, 11899, 49295, 25257, 15930, 23349, 29531, 28405, 57068, 22794, 18915, 56454, 54537, 34366, 20857, 7285, 51807, 11787, 47392, 3428, 53427, 24004, 18358, 39485, 372, 747, 21455, 48315, 21817, 24249, 35287, 59614, 25615, 765, 58825]
[Train] batch 590 GPA: 0x000000038da18a00
[TS] batch590/input: write_done_realtime_ns=1787618980727282838
[GT] batch590 labels=[4, 4, 3, 6, 3, 9, 8, 7, 6, 0, 5, 1, 3, 2, 9, 4, 6, 4, 6, 7, 0, 5, 8, 0, 3, 1, 2, 2, 9, 3, 9, 7, 3, 9, 2, 5, 4, 1, 3, 3, 5, 8, 2, 0, 8, 5, 4, 2, 1, 6, 6, 4, 0, 1, 4, 3, 9, 6, 8, 0, 0, 2, 2, 8] indices=[30552, 46234, 37903, 54363, 10605, 30704, 1329, 3863, 48051, 43283, 17567, 32743, 2816, 55662, 57729, 26217, 47026, 48745, 32927, 10063, 5275, 59482, 18305, 21903, 26824, 48226, 54951, 30752, 58213, 16748, 11192, 12794, 47838, 9810, 22229, 39780, 27001, 26925, 22730, 12747, 50456, 1254, 24060, 30425, 14664, 16063, 10960, 39772, 53187, 5413, 42523, 13727, 19738, 29133, 41020, 19548, 20982, 37577, 57616, 59987, 889, 51870, 7257, 10981]
Train Epoch: 1 [37760/60000 (63%)]	Loss: 0.028671
[Train] batch 591 GPA: 0x000000038da01400
[TS] batch591/input: write_done_realtime_ns=1787618980740684820
[GT] batch591 labels=[0, 5, 4, 8, 7, 2, 2, 8, 1, 8, 1, 9, 9, 3, 9, 5, 8, 0, 2, 3, 2, 4, 2, 3, 1, 2, 5, 8, 9, 5, 6, 9, 9, 5, 1, 6, 2, 9, 0, 6, 8, 6, 3, 6, 5, 8, 1, 3, 1, 5, 1, 0, 2, 8, 1, 9, 6, 7, 4, 2, 2, 0, 3, 7] indices=[5147, 7989, 5356, 2030, 683, 1923, 45501, 13393, 1822, 51158, 29669, 21495, 12846, 4191, 707, 13253, 46346, 38461, 34479, 34327, 30669, 26798, 42861, 21328, 24175, 24203, 32303, 7836, 10132, 51972, 8627, 2471, 25267, 28854, 34329, 45010, 34310, 18916, 53788, 36769, 16158, 52253, 16344, 32736, 4104, 29618, 56575, 43573, 38141, 23874, 22093, 10167, 52602, 12010, 50447, 8005, 37235, 51204, 43713, 31827, 28560, 55817, 2430, 16401]
[Train] batch 592 GPA: 0x000000038da18a00
[TS] batch592/input: write_done_realtime_ns=1787618980753927926
[GT] batch592 labels=[7, 1, 2, 8, 1, 8, 1, 3, 3, 4, 8, 8, 6, 2, 1, 8, 2, 8, 3, 8, 8, 3, 9, 5, 2, 1, 0, 6, 6, 2, 7, 6, 1, 9, 0, 9, 6, 2, 3, 1, 0, 9, 1, 5, 8, 6, 5, 0, 7, 2, 8, 6, 9, 0, 5, 9, 0, 4, 0, 7, 1, 2, 1, 5] indices=[41240, 19724, 31740, 24641, 10519, 21183, 44864, 26130, 9089, 16913, 32766, 7026, 7544, 19833, 28482, 41947, 41581, 7763, 47795, 2444, 11035, 22906, 57148, 10589, 15588, 2188, 13989, 93, 50932, 52453, 22109, 51438, 40058, 41334, 58768, 5572, 10164, 21802, 1799, 16014, 9698, 9633, 52489, 38345, 42226, 10076, 37929, 45676, 10296, 30503, 32968, 55255, 35854, 21628, 45134, 8626, 25199, 54007, 33293, 37480, 27961, 18206, 54380, 57900]
[Train] batch 593 GPA: 0x000000038da01400
[TS] batch593/input: write_done_realtime_ns=1787618980767279240
[GT] batch593 labels=[0, 3, 5, 4, 8, 8, 3, 7, 3, 0, 2, 2, 5, 1, 7, 9, 9, 5, 8, 5, 7, 8, 8, 7, 2, 2, 4, 9, 5, 3, 2, 4, 1, 2, 5, 8, 5, 8, 3, 7, 3, 3, 8, 7, 4, 8, 7, 2, 1, 5, 5, 5, 1, 7, 7, 6, 6, 5, 4, 0, 4, 2, 1, 3] indices=[47289, 59014, 48449, 6596, 44173, 33289, 58983, 46724, 36852, 38062, 30492, 40044, 46597, 12949, 34378, 5701, 13526, 53795, 49323, 55148, 56780, 3872, 13792, 35176, 50546, 24971, 34000, 42838, 7144, 21182, 40556, 32340, 7819, 30032, 10665, 9805, 38414, 4698, 52590, 44252, 27828, 54655, 23448, 37399, 18081, 35308, 880, 10514, 44561, 27441, 24170, 12249, 46058, 56850, 14536, 48649, 11589, 26913, 49379, 33350, 38301, 40536, 17685, 57801]
[Train] batch 594 GPA: 0x000000038da18a00
[TS] batch594/input: write_done_realtime_ns=1787618980780728633
[GT] batch594 labels=[5, 6, 1, 3, 6, 6, 0, 4, 6, 7, 3, 0, 6, 2, 7, 3, 9, 5, 7, 4, 1, 7, 3, 3, 9, 3, 8, 9, 8, 8, 0, 4, 3, 6, 6, 3, 8, 6, 3, 9, 5, 0, 4, 1, 7, 4, 3, 5, 7, 8, 0, 0, 1, 0, 0, 9, 7, 8, 1, 7, 8, 7, 5, 7] indices=[32707, 59145, 54816, 19758, 58438, 9421, 26620, 7999, 1849, 3617, 7878, 33739, 11759, 9484, 7255, 5748, 41281, 31028, 50721, 12731, 37661, 41630, 11714, 57680, 22780, 27313, 16023, 33625, 49804, 6242, 29805, 51693, 48091, 20647, 27320, 44543, 55555, 29881, 45398, 6813, 56045, 47953, 38375, 53833, 28696, 48813, 37229, 8209, 28421, 13920, 53319, 45434, 19555, 45112, 6645, 33981, 40675, 44695, 56470, 37811, 43958, 14622, 40624, 4242]
[Train] batch 595 GPA: 0x000000038da01400
[TS] batch595/input: write_done_realtime_ns=1787618980794103197
[GT] batch595 labels=[3, 7, 0, 7, 8, 8, 5, 8, 9, 6, 6, 3, 3, 7, 6, 0, 8, 5, 9, 6, 4, 1, 9, 3, 3, 1, 6, 1, 7, 1, 2, 9, 1, 1, 8, 0, 5, 0, 0, 8, 0, 1, 9, 8, 5, 0, 5, 6, 0, 4, 1, 2, 1, 2, 0, 3, 8, 9, 2, 6, 9, 1, 6, 6] indices=[43775, 55887, 57924, 59710, 36747, 28045, 34137, 43363, 11376, 6930, 11316, 45809, 43783, 3267, 40230, 40312, 22166, 44820, 9132, 944, 12915, 6783, 27725, 53412, 56515, 59297, 42570, 44857, 53164, 24279, 44847, 18187, 59419, 9525, 35809, 52865, 52798, 27414, 16354, 32309, 34623, 15264, 13437, 58674, 54461, 22877, 23923, 59310, 57525, 59780, 21794, 46606, 14758, 56335, 33042, 2263, 12026, 20026, 30064, 19218, 44641, 59781, 54539, 24905]
[Train] batch 596 GPA: 0x000000038da18a00
[TS] batch596/input: write_done_realtime_ns=1787618980807447002
[GT] batch596 labels=[4, 3, 3, 0, 8, 4, 6, 9, 4, 5, 5, 1, 5, 2, 4, 7, 1, 5, 7, 7, 5, 2, 6, 2, 1, 7, 4, 8, 3, 8, 2, 0, 4, 5, 1, 7, 5, 0, 2, 9, 7, 5, 0, 6, 1, 1, 5, 9, 3, 4, 4, 5, 9, 5, 3, 9, 3, 8, 0, 3, 5, 6, 0, 7] indices=[46388, 46932, 45239, 36331, 50048, 5046, 22550, 51708, 45214, 1039, 51433, 3345, 35766, 45620, 43219, 11829, 49035, 14689, 35637, 58393, 15193, 12608, 56936, 33662, 12394, 15485, 25938, 33018, 20243, 40016, 31947, 54967, 1171, 25198, 52262, 32613, 53050, 56735, 38024, 41102, 4332, 54184, 39811, 37370, 31093, 10842, 29790, 13461, 21221, 28190, 47368, 27526, 15414, 22779, 17624, 38205, 42070, 43687, 52079, 31925, 26407, 15317, 53881, 12296]
[Train] batch 597 GPA: 0x000000038da01400
[TS] batch597/input: write_done_realtime_ns=1787618980820802425
[GT] batch597 labels=[8, 1, 3, 9, 1, 3, 3, 7, 3, 2, 2, 0, 3, 3, 2, 7, 9, 8, 1, 8, 9, 9, 0, 2, 0, 0, 7, 0, 3, 0, 5, 3, 8, 6, 0, 1, 2, 7, 2, 7, 3, 0, 4, 3, 2, 1, 2, 1, 0, 2, 1, 3, 8, 8, 0, 2, 9, 5, 8, 2, 3, 9, 2, 7] indices=[17667, 53761, 50969, 56092, 40918, 26831, 31108, 38098, 56448, 21254, 15569, 47405, 27651, 3655, 32318, 51141, 25371, 37267, 35565, 1279, 27968, 57539, 21215, 6547, 34054, 36524, 38015, 36689, 12012, 26645, 57511, 6912, 56322, 35305, 16606, 7349, 2877, 57083, 32170, 59209, 54147, 12872, 51814, 40532, 29043, 58789, 2053, 15940, 42771, 15461, 406, 5270, 19665, 14706, 68, 43184, 28737, 31158, 972, 3199, 11708, 23816, 7555, 18333]
[Train] batch 598 GPA: 0x000000038da18a00
[TS] batch598/input: write_done_realtime_ns=1787618980834085520
[GT] batch598 labels=[7, 7, 7, 3, 8, 9, 7, 8, 0, 1, 2, 4, 1, 8, 4, 4, 6, 9, 6, 6, 3, 0, 7, 5, 1, 3, 2, 7, 6, 4, 5, 4, 3, 8, 0, 1, 8, 9, 9, 0, 1, 7, 5, 3, 3, 0, 2, 1, 2, 3, 8, 8, 5, 0, 0, 2, 3, 8, 1, 5, 8, 3, 0, 8] indices=[9711, 22090, 31553, 18766, 25870, 41738, 34702, 46397, 48613, 48456, 23961, 29503, 43267, 24187, 31471, 3370, 23258, 43966, 34342, 35729, 48798, 29386, 22527, 51027, 26539, 53039, 29990, 4211, 12959, 47276, 55042, 43949, 34987, 10973, 34037, 24617, 29702, 31917, 45785, 11036, 24163, 34069, 28384, 26267, 43126, 27023, 12366, 58886, 35092, 29958, 34452, 42495, 26978, 38660, 59288, 50496, 12761, 1247, 7440, 29845, 53659, 22003, 23095, 41115]
[Train] batch 599 GPA: 0x000000038da01400
[TS] batch599/input: write_done_realtime_ns=1787618980847400024
[GT] batch599 labels=[8, 5, 4, 0, 6, 1, 4, 8, 4, 3, 1, 4, 8, 0, 9, 2, 9, 8, 7, 7, 7, 9, 0, 2, 8, 1, 7, 6, 7, 1, 7, 7, 9, 9, 8, 0, 0, 1, 9, 7, 7, 4, 7, 6, 6, 9, 3, 9, 5, 9, 4, 2, 6, 8, 8, 9, 9, 3, 1, 4, 2, 3, 7, 9] indices=[58556, 52043, 43375, 28565, 1957, 59199, 44998, 2425, 3450, 16927, 40909, 54455, 2781, 14472, 8671, 46586, 4158, 57217, 17809, 9263, 40338, 1826, 54649, 27426, 40275, 14571, 42016, 1540, 5302, 14359, 38550, 46031, 33531, 52903, 22924, 18893, 25757, 26087, 2997, 42200, 4130, 46995, 15062, 11684, 36980, 14182, 12086, 14816, 11359, 18669, 21491, 42522, 24165, 31540, 32355, 11464, 58263, 4335, 21767, 17916, 36006, 21893, 29756, 7023]
[Train] batch 600 GPA: 0x000000038da18a00
[TS] batch600/input: write_done_realtime_ns=1787618980860869867
[GT] batch600 labels=[9, 6, 7, 4, 9, 7, 1, 9, 1, 5, 0, 0, 2, 0, 3, 3, 2, 5, 1, 4, 1, 4, 3, 4, 5, 7, 6, 9, 3, 4, 2, 3, 0, 3, 9, 0, 2, 3, 6, 8, 3, 9, 0, 6, 3, 2, 7, 4, 8, 1, 7, 8, 9, 7, 6, 7, 7, 3, 9, 7, 3, 0, 5, 2] indices=[22501, 24474, 26272, 24033, 58294, 55659, 51051, 46161, 33095, 4600, 11577, 20608, 54240, 40895, 30423, 52464, 40985, 36059, 12798, 59852, 58685, 24669, 21831, 25173, 6849, 467, 27046, 30452, 26208, 19121, 18662, 43509, 47389, 10730, 12120, 26937, 56100, 17104, 17589, 58643, 45959, 18415, 57542, 53359, 13703, 26046, 40470, 50937, 46816, 1458, 42418, 19317, 49495, 10388, 32803, 37068, 39477, 19238, 55092, 52969, 37373, 43811, 43523, 9604]
Train Epoch: 1 [38400/60000 (64%)]	Loss: 0.069452
[Train] batch 601 GPA: 0x000000038da01400
[TS] batch601/input: write_done_realtime_ns=1787618980874277631
[GT] batch601 labels=[2, 9, 7, 5, 4, 0, 3, 5, 0, 9, 3, 8, 2, 4, 6, 6, 7, 0, 7, 1, 1, 7, 4, 1, 2, 1, 0, 3, 6, 1, 9, 1, 4, 3, 2, 3, 4, 2, 5, 6, 5, 9, 3, 1, 9, 2, 2, 5, 2, 6, 8, 2, 2, 6, 6, 3, 5, 2, 3, 3, 4, 7, 8, 2] indices=[51575, 25019, 30672, 57383, 18571, 51052, 38989, 51385, 49848, 2137, 15388, 4803, 45405, 40955, 42611, 16695, 41062, 18028, 23141, 50918, 47729, 31189, 30283, 55621, 17269, 50914, 33219, 30824, 27887, 54719, 34637, 19753, 18054, 15743, 21151, 57990, 16863, 12861, 13991, 48907, 30233, 40065, 5139, 53168, 31141, 5258, 14617, 8927, 2684, 23139, 14225, 26245, 37145, 15211, 15527, 21515, 7238, 35599, 51613, 14450, 45137, 15081, 8951, 59897]
[Train] batch 602 GPA: 0x000000038da18a00
[TS] batch602/input: write_done_realtime_ns=1787618980887539216
[GT] batch602 labels=[3, 4, 9, 2, 8, 5, 5, 0, 2, 3, 1, 8, 8, 5, 8, 0, 0, 0, 8, 3, 8, 8, 8, 1, 3, 2, 3, 7, 7, 7, 7, 9, 0, 2, 0, 9, 7, 7, 0, 0, 9, 4, 2, 1, 3, 3, 9, 6, 2, 0, 6, 7, 4, 7, 7, 3, 7, 0, 3, 8, 5, 6, 4, 7] indices=[3314, 44528, 46741, 18946, 9088, 24890, 23640, 57693, 49148, 55035, 30901, 26362, 48149, 10255, 2682, 27893, 6708, 48337, 11890, 549, 8031, 31507, 41153, 44370, 29602, 6056, 37928, 37348, 44836, 41725, 15215, 26906, 29985, 13818, 58160, 59633, 56131, 1746, 29540, 9890, 38333, 22276, 49070, 14998, 32193, 53104, 59992, 33056, 51241, 58116, 35238, 26004, 50080, 25200, 12185, 38241, 47809, 42674, 22631, 43004, 17651, 20940, 18877, 31912]
[Train] batch 603 GPA: 0x000000038da01400
[TS] batch603/input: write_done_realtime_ns=1787618980900950670
[GT] batch603 labels=[1, 1, 0, 7, 7, 5, 9, 7, 1, 9, 2, 5, 0, 4, 1, 6, 9, 7, 5, 2, 8, 2, 0, 0, 3, 1, 2, 3, 7, 4, 5, 8, 8, 4, 4, 3, 9, 8, 0, 8, 6, 5, 7, 9, 7, 6, 1, 3, 9, 2, 1, 3, 4, 8, 5, 3, 6, 7, 2, 2, 9, 5, 7, 3] indices=[38897, 40884, 48322, 41788, 25862, 49316, 43888, 44774, 38538, 24998, 39002, 43159, 9966, 50737, 39819, 37091, 30446, 36178, 56119, 16027, 40942, 47164, 26775, 6923, 5710, 47035, 32035, 34183, 3618, 22504, 42387, 59294, 36192, 12098, 38496, 37266, 18859, 43501, 32789, 13620, 47045, 16980, 58099, 39924, 28514, 2167, 23604, 2241, 40608, 59316, 11360, 11476, 8840, 28010, 1929, 42097, 12402, 6525, 19721, 8977, 45575, 44781, 56410, 27518]
[Train] batch 604 GPA: 0x000000038da18a00
[TS] batch604/input: write_done_realtime_ns=1787618980914225404
[GT] batch604 labels=[6, 2, 4, 1, 8, 1, 0, 7, 8, 9, 6, 7, 9, 8, 6, 7, 0, 5, 8, 9, 6, 7, 2, 0, 5, 9, 0, 7, 8, 6, 7, 1, 1, 9, 5, 5, 5, 7, 4, 3, 8, 9, 1, 9, 5, 4, 4, 6, 2, 4, 6, 9, 5, 7, 2, 3, 7, 6, 9, 4, 2, 5, 8, 3] indices=[42207, 55589, 12870, 1627, 53131, 55671, 156, 20404, 23510, 35002, 48301, 12403, 13752, 23383, 36390, 36843, 18371, 12962, 54757, 5341, 31572, 1821, 29351, 41425, 3669, 30944, 8687, 5014, 12778, 20745, 28620, 27071, 33902, 26870, 38090, 45947, 27117, 27184, 55285, 12333, 11555, 24387, 19966, 22165, 9539, 18294, 12505, 2638, 26333, 54399, 14676, 39576, 24765, 50963, 25507, 361, 23883, 46869, 2274, 51712, 25827, 18123, 8136, 45272]
[Train] batch 605 GPA: 0x000000038da01400
[TS] batch605/input: write_done_realtime_ns=1787618980927457800
[GT] batch605 labels=[1, 2, 3, 8, 1, 2, 1, 5, 4, 4, 3, 8, 8, 8, 1, 2, 7, 1, 5, 0, 1, 2, 0, 1, 4, 9, 6, 5, 1, 2, 2, 5, 0, 7, 4, 4, 4, 8, 9, 5, 2, 8, 3, 1, 9, 5, 8, 9, 0, 0, 1, 8, 4, 2, 5, 4, 3, 5, 4, 3, 8, 2, 5, 3] indices=[11432, 4241, 2961, 43519, 871, 3679, 38629, 9849, 46150, 29228, 33772, 58734, 18466, 8234, 38413, 19784, 27709, 59979, 26592, 11945, 29098, 12549, 36569, 18940, 5533, 36162, 55447, 30864, 6070, 27700, 51448, 45667, 3128, 24709, 57209, 6536, 48282, 9490, 35623, 10536, 30055, 27348, 23888, 59044, 32878, 15462, 32615, 26005, 51758, 30828, 8219, 53721, 55124, 15853, 30842, 40343, 22185, 14918, 28217, 43100, 18835, 54551, 2209, 40256]
[Train] batch 606 GPA: 0x000000038da18a00
[TS] batch606/input: write_done_realtime_ns=1787618980940820853
[GT] batch606 labels=[3, 8, 9, 1, 2, 0, 5, 1, 5, 3, 5, 9, 6, 5, 8, 0, 3, 9, 9, 9, 3, 7, 0, 2, 5, 2, 2, 0, 4, 0, 0, 6, 7, 8, 3, 3, 2, 6, 8, 7, 5, 9, 8, 2, 9, 6, 3, 5, 5, 5, 3, 5, 3, 0, 6, 6, 0, 2, 8, 7, 6, 7, 7, 0] indices=[10887, 37456, 26845, 4089, 10406, 9524, 23336, 22466, 59351, 7672, 14917, 14943, 16616, 34843, 57212, 36789, 27173, 26609, 2764, 57047, 45946, 14770, 46680, 41512, 50422, 24602, 28811, 16642, 50704, 25650, 58353, 52005, 17615, 33839, 5396, 21026, 50211, 54390, 10818, 26589, 2993, 15592, 59989, 1874, 30319, 56641, 14864, 4177, 4376, 19958, 54977, 15421, 20544, 30370, 46632, 50355, 24828, 53984, 30248, 27667, 33782, 12292, 38639, 56397]
[Train] batch 607 GPA: 0x000000038da01400
[TS] batch607/input: write_done_realtime_ns=1787618980954125719
[GT] batch607 labels=[2, 5, 3, 8, 6, 6, 3, 2, 1, 3, 2, 8, 2, 1, 6, 5, 3, 3, 6, 8, 3, 5, 2, 0, 7, 9, 2, 2, 9, 6, 9, 1, 3, 4, 9, 6, 3, 5, 3, 2, 7, 8, 4, 2, 6, 0, 6, 4, 0, 8, 8, 8, 7, 0, 7, 8, 0, 3, 1, 1, 8, 9, 8, 6] indices=[36833, 36253, 20989, 19148, 46536, 19532, 30591, 39510, 35360, 36093, 41708, 20025, 50966, 5425, 59132, 9646, 20437, 20756, 18221, 53161, 57527, 22973, 5529, 14329, 13802, 59341, 54981, 30589, 48718, 30004, 17437, 10878, 6059, 33473, 40522, 52544, 2734, 25539, 16867, 46694, 34564, 32638, 44110, 24865, 5654, 5541, 22068, 48436, 28692, 56004, 15775, 47765, 9954, 42499, 40451, 38069, 10245, 26463, 26780, 4300, 817, 51020, 9285, 40527]
[Train] batch 608 GPA: 0x000000038da18a00
[TS] batch608/input: write_done_realtime_ns=1787618980967435393
[GT] batch608 labels=[0, 2, 2, 3, 4, 8, 3, 8, 1, 8, 3, 0, 0, 6, 3, 9, 8, 5, 9, 1, 8, 2, 9, 1, 1, 0, 5, 1, 3, 9, 1, 3, 0, 1, 5, 9, 2, 3, 1, 4, 0, 8, 4, 6, 7, 9, 5, 2, 6, 0, 5, 7, 1, 8, 4, 6, 5, 6, 7, 6, 4, 3, 7, 8] indices=[33118, 57086, 34907, 2707, 33346, 41952, 58324, 57348, 35197, 32206, 8948, 11026, 16518, 29362, 48396, 4594, 42662, 15197, 41270, 8679, 51709, 38366, 5391, 49852, 58995, 19072, 34817, 42113, 55649, 17737, 21555, 49188, 56101, 7752, 3860, 35598, 3329, 34018, 53049, 48172, 4485, 20102, 38898, 59470, 24025, 154, 37662, 46408, 10503, 13117, 58414, 1353, 32129, 29829, 25056, 58303, 38071, 26393, 19270, 9946, 23432, 37118, 51113, 30803]
[Train] batch 609 GPA: 0x000000038da01400
[TS] batch609/input: write_done_realtime_ns=1787618980980862066
[GT] batch609 labels=[5, 7, 1, 6, 6, 2, 1, 8, 0, 1, 5, 6, 4, 1, 9, 4, 6, 5, 2, 2, 8, 2, 1, 4, 0, 2, 0, 7, 8, 9, 9, 2, 5, 2, 6, 9, 0, 6, 7, 3, 4, 2, 1, 1, 2, 2, 7, 4, 0, 6, 0, 9, 4, 9, 9, 1, 8, 4, 3, 2, 7, 9, 4, 7] indices=[5177, 44042, 59616, 25405, 8532, 34256, 41487, 40011, 48176, 48027, 48769, 32692, 37840, 33446, 2860, 36552, 24957, 33448, 42821, 51317, 22439, 40749, 52411, 27514, 25921, 23895, 23060, 56832, 7117, 30505, 8030, 36914, 38902, 33203, 52504, 1950, 57575, 16746, 33809, 54697, 10350, 38326, 9550, 29479, 52224, 650, 6818, 30593, 34177, 49526, 52323, 4093, 20894, 56018, 37369, 6570, 28065, 18913, 34622, 15328, 13978, 40855, 54567, 30941]
[Train] batch 610 GPA: 0x000000038da18a00
[TS] batch610/input: write_done_realtime_ns=1787618980994164922
[GT] batch610 labels=[0, 8, 7, 6, 5, 6, 4, 9, 6, 7, 6, 2, 6, 1, 0, 9, 9, 5, 9, 8, 5, 2, 6, 3, 7, 1, 1, 2, 8, 0, 5, 8, 3, 0, 3, 8, 9, 7, 0, 9, 5, 7, 2, 2, 9, 2, 0, 5, 7, 4, 6, 2, 8, 2, 5, 4, 9, 1, 6, 3, 2, 6, 7, 6] indices=[18324, 21399, 28991, 5419, 38059, 16769, 15100, 6376, 38535, 10474, 50598, 28998, 5279, 13315, 52409, 59464, 34834, 52962, 42497, 31851, 15812, 47393, 49931, 37792, 969, 43708, 2843, 51682, 33569, 11072, 8435, 46175, 3550, 53503, 47628, 4947, 28564, 29799, 34486, 32417, 34021, 22314, 29171, 15475, 53645, 39343, 29034, 12484, 39880, 17074, 21745, 29735, 4992, 53224, 54159, 30876, 49451, 20373, 52000, 4246, 29667, 23707, 48893, 27402]
Train Epoch: 1 [39040/60000 (65%)]	Loss: 0.076370
[Train] batch 611 GPA: 0x000000038da01400
[TS] batch611/input: write_done_realtime_ns=1787618981007495636
[GT] batch611 labels=[4, 0, 1, 8, 9, 2, 2, 8, 9, 4, 5, 1, 9, 3, 4, 2, 8, 7, 2, 8, 4, 1, 7, 3, 1, 4, 1, 0, 8, 9, 9, 3, 6, 2, 1, 7, 5, 3, 8, 0, 3, 0, 4, 7, 5, 3, 8, 4, 8, 3, 4, 4, 5, 4, 7, 4, 8, 0, 3, 2, 8, 2, 3, 4] indices=[32813, 13764, 47904, 20709, 29495, 27680, 17372, 55801, 38467, 5639, 31472, 7089, 17445, 50403, 16652, 4819, 28662, 23951, 8446, 24534, 21743, 112, 50351, 49287, 57385, 14602, 1012, 23739, 48110, 26108, 47489, 29304, 12523, 56263, 17587, 52666, 49928, 1234, 33101, 35432, 58640, 26597, 50319, 11987, 45604, 10093, 59916, 2772, 15749, 17082, 43781, 38047, 50675, 314, 42468, 37262, 7638, 7932, 6362, 2499, 41560, 56372, 3415, 34497]
[Train] batch 612 GPA: 0x000000038da18a00
[TS] batch612/input: write_done_realtime_ns=1787618981020822990
[GT] batch612 labels=[4, 4, 8, 8, 1, 1, 4, 6, 1, 8, 3, 0, 0, 9, 6, 4, 4, 5, 3, 7, 5, 1, 2, 3, 2, 8, 5, 7, 1, 9, 9, 9, 7, 1, 0, 1, 3, 5, 1, 4, 3, 7, 8, 3, 3, 1, 2, 3, 3, 6, 2, 0, 0, 6, 7, 3, 6, 9, 2, 2, 8, 0, 1, 7] indices=[31436, 27487, 12353, 20204, 14584, 10067, 47996, 39908, 53899, 51720, 59815, 11948, 28186, 58034, 23949, 4473, 43395, 12232, 26123, 58788, 54381, 12539, 6190, 37996, 1972, 33765, 17610, 23153, 18293, 5726, 19212, 42152, 33957, 26104, 25159, 54310, 39312, 26676, 36315, 22580, 45758, 47613, 13990, 59195, 12700, 9697, 27770, 23851, 32087, 14634, 50826, 29860, 21898, 19206, 24325, 1436, 32546, 50698, 3722, 45799, 50715, 53814, 8275, 15200]
[Train] batch 613 GPA: 0x000000038da01400
[TS] batch613/input: write_done_realtime_ns=1787618981034109744
[GT] batch613 labels=[3, 0, 5, 1, 1, 2, 3, 1, 0, 2, 5, 2, 7, 1, 2, 4, 4, 8, 7, 1, 2, 6, 7, 7, 3, 2, 5, 4, 3, 8, 3, 3, 9, 1, 3, 6, 5, 9, 7, 4, 3, 4, 5, 0, 5, 3, 9, 7, 2, 4, 8, 4, 1, 9, 1, 7, 6, 8, 2, 6, 3, 9, 2, 7] indices=[44181, 37937, 16780, 4333, 57473, 45251, 20016, 17135, 34887, 57999, 40255, 16697, 2985, 36265, 10073, 48240, 30815, 24587, 29920, 27330, 21577, 22215, 25895, 51441, 12702, 46219, 7457, 13252, 53995, 24768, 3220, 24575, 18959, 50237, 57415, 3229, 8623, 44915, 37871, 33312, 51522, 29942, 28606, 51121, 27760, 36057, 2398, 30674, 1074, 41925, 32452, 54046, 58155, 16444, 38707, 4876, 39273, 9364, 52634, 46735, 59500, 44882, 43220, 38502]
[Train] batch 614 GPA: 0x000000038da18a00
[TS] batch614/input: write_done_realtime_ns=1787618981047417499
[GT] batch614 labels=[8, 9, 3, 6, 0, 5, 7, 1, 2, 9, 3, 3, 6, 2, 3, 3, 5, 0, 7, 3, 8, 1, 2, 0, 2, 4, 9, 5, 4, 0, 5, 2, 7, 4, 5, 5, 6, 2, 4, 4, 1, 3, 2, 4, 4, 4, 7, 9, 2, 3, 2, 1, 2, 3, 3, 1, 8, 2, 3, 3, 1, 9, 3, 0] indices=[55623, 47103, 135, 3814, 33257, 47060, 18825, 26556, 19210, 19254, 57401, 54084, 41828, 4714, 4823, 20285, 50919, 55993, 48452, 56391, 31023, 38056, 13486, 32950, 7612, 43022, 35368, 29120, 49753, 37790, 45616, 11339, 48988, 28907, 43510, 18550, 59359, 24290, 42822, 39024, 14353, 15022, 29698, 46431, 52631, 2874, 46133, 4026, 14798, 3013, 3176, 25336, 10113, 23227, 28653, 36738, 21105, 58267, 29294, 8936, 34162, 52814, 59886, 526]
[Train] batch 615 GPA: 0x000000038da01400
[TS] batch615/input: write_done_realtime_ns=1787618981060811413
[GT] batch615 labels=[3, 7, 9, 2, 5, 3, 9, 1, 1, 9, 5, 0, 3, 9, 0, 1, 7, 8, 0, 6, 7, 1, 5, 4, 8, 2, 6, 6, 1, 6, 0, 0, 9, 5, 2, 7, 9, 2, 4, 0, 1, 7, 2, 7, 0, 9, 3, 4, 7, 8, 4, 0, 4, 3, 2, 6, 1, 7, 2, 0, 8, 4, 7, 9] indices=[49450, 12278, 49798, 29681, 33137, 31011, 12203, 19782, 52586, 50030, 6501, 7203, 21998, 43385, 41534, 45795, 9444, 12190, 35660, 28255, 41099, 40220, 49202, 5085, 5333, 30724, 42996, 59709, 20691, 11327, 39620, 41490, 13465, 40207, 8883, 30380, 31107, 50986, 7883, 15120, 47668, 40768, 3680, 17007, 14545, 13768, 57974, 22694, 962, 26520, 31111, 9881, 25534, 37163, 38563, 21074, 31250, 28117, 59253, 56050, 27251, 7319, 10640, 19310]
[Train] batch 616 GPA: 0x000000038da18a00
[TS] batch616/input: write_done_realtime_ns=1787618981074127956
[GT] batch616 labels=[8, 1, 9, 0, 9, 6, 1, 3, 4, 3, 3, 8, 8, 2, 9, 4, 7, 5, 5, 4, 3, 7, 7, 1, 4, 4, 0, 4, 6, 6, 0, 9, 2, 9, 5, 3, 6, 7, 6, 8, 5, 6, 0, 1, 0, 9, 9, 9, 5, 0, 0, 1, 6, 1, 6, 0, 6, 4, 7, 4, 2, 7, 6, 8] indices=[51291, 8291, 52311, 14102, 43863, 49233, 24352, 5354, 27948, 16156, 27671, 15616, 34770, 56027, 48245, 55320, 38705, 32902, 679, 29992, 22663, 16852, 19904, 58691, 41648, 26763, 32514, 11886, 23394, 17910, 8093, 3146, 12707, 48171, 48269, 8259, 47106, 46106, 40625, 44968, 47757, 20152, 42250, 870, 9459, 37654, 27230, 17347, 29915, 33403, 39839, 41585, 29096, 34091, 19984, 38008, 26065, 43010, 5784, 42139, 47578, 11455, 26301, 6111]
[Train] batch 617 GPA: 0x000000038da01400
[TS] batch617/input: write_done_realtime_ns=1787618981087359373
[GT] batch617 labels=[2, 5, 6, 4, 9, 9, 8, 1, 0, 5, 3, 0, 9, 6, 2, 4, 1, 3, 1, 7, 1, 0, 4, 8, 2, 4, 9, 4, 2, 2, 7, 3, 7, 6, 0, 7, 8, 1, 7, 1, 6, 0, 2, 7, 4, 8, 8, 8, 8, 7, 3, 4, 0, 8, 0, 3, 9, 3, 9, 6, 1, 6, 5, 5] indices=[51922, 32961, 38045, 22311, 59650, 48265, 53663, 14541, 37252, 28637, 55393, 56908, 53683, 9798, 18356, 53192, 51112, 3656, 52654, 53666, 9875, 55721, 18496, 17999, 6012, 27088, 54451, 58209, 1096, 14490, 49584, 46187, 21021, 3245, 22646, 13405, 29863, 15809, 13789, 2012, 41167, 44266, 43806, 12751, 44100, 33150, 27399, 30844, 59949, 2427, 35434, 31580, 5583, 34209, 32298, 1843, 18146, 34684, 9893, 58506, 6613, 53127, 16692, 7321]
[Train] batch 618 GPA: 0x000000038da18a00
[TS] batch618/input: write_done_realtime_ns=1787618981100691527
[GT] batch618 labels=[0, 8, 6, 1, 7, 6, 8, 8, 0, 1, 9, 9, 5, 1, 3, 7, 3, 4, 1, 1, 2, 1, 9, 8, 8, 9, 1, 8, 1, 3, 9, 2, 9, 3, 4, 9, 5, 3, 4, 8, 0, 6, 6, 9, 3, 7, 6, 4, 2, 5, 0, 4, 4, 0, 5, 6, 0, 4, 8, 1, 9, 7, 6, 1] indices=[745, 40265, 22889, 19804, 26266, 52620, 1223, 27678, 43045, 30368, 5704, 5860, 18090, 24487, 14394, 5407, 16849, 47313, 31846, 15271, 59985, 2366, 52372, 4967, 13420, 16815, 21884, 19570, 24848, 40100, 36679, 40851, 24009, 24672, 41192, 21317, 47968, 22271, 30006, 48739, 16585, 41459, 23261, 46662, 11083, 27574, 34840, 46798, 5843, 57942, 56404, 369, 53031, 59911, 5828, 9719, 51478, 52580, 27072, 2326, 17551, 46297, 13085, 33069]
[Train] batch 619 GPA: 0x000000038da01400
[TS] batch619/input: write_done_realtime_ns=1787618981113909753
[GT] batch619 labels=[6, 5, 8, 1, 5, 8, 9, 2, 3, 2, 6, 3, 5, 4, 8, 7, 5, 2, 3, 9, 8, 0, 5, 6, 2, 1, 7, 3, 7, 1, 0, 0, 1, 1, 8, 1, 1, 9, 3, 2, 4, 0, 9, 9, 3, 2, 7, 5, 8, 9, 4, 3, 5, 4, 9, 5, 9, 0, 7, 3, 2, 2, 7, 1] indices=[14232, 50650, 29989, 58072, 44907, 15341, 17235, 7760, 4429, 16677, 9280, 53453, 9515, 47771, 26085, 31899, 7165, 15039, 15533, 30814, 3432, 21970, 36026, 39736, 7933, 23554, 23427, 19695, 31671, 38465, 40099, 36874, 58745, 52002, 50112, 49194, 40377, 42696, 44906, 26974, 24668, 27050, 48036, 37046, 2541, 58945, 13053, 57812, 12719, 21087, 2832, 54603, 22193, 38789, 18111, 15444, 56733, 34025, 34415, 34710, 31789, 42413, 39847, 22419]
[Train] batch 620 GPA: 0x000000038da18a00
[TS] batch620/input: write_done_realtime_ns=1787618981127236127
[GT] batch620 labels=[9, 9, 5, 6, 4, 4, 1, 5, 2, 9, 3, 2, 3, 7, 3, 4, 6, 7, 9, 6, 5, 4, 9, 0, 2, 6, 0, 0, 4, 1, 2, 3, 7, 5, 9, 8, 1, 6, 0, 5, 9, 0, 8, 9, 8, 0, 6, 1, 8, 6, 6, 5, 1, 1, 5, 8, 6, 8, 5, 8, 4, 0, 6, 2] indices=[4816, 29978, 45360, 10213, 50531, 57279, 27662, 54260, 49702, 9176, 16676, 34182, 59070, 17261, 12483, 37257, 11282, 34118, 53216, 55770, 11572, 26627, 42492, 50061, 20568, 9144, 24419, 51331, 576, 1287, 16269, 39798, 2238, 9328, 29475, 5725, 38774, 42160, 22897, 55818, 34844, 15530, 40274, 12651, 36681, 21759, 59442, 5114, 51715, 14453, 17168, 31007, 17012, 37816, 1635, 27048, 9468, 30092, 42049, 21863, 38498, 30929, 50294, 27232]
Train Epoch: 1 [39680/60000 (66%)]	Loss: 0.407112
[Train] batch 621 GPA: 0x000000038da01400
[TS] batch621/input: write_done_realtime_ns=1787618981140670629
[GT] batch621 labels=[5, 9, 9, 1, 7, 8, 2, 3, 0, 5, 3, 9, 3, 8, 2, 7, 0, 3, 8, 7, 6, 0, 7, 3, 0, 7, 3, 4, 1, 4, 4, 0, 3, 2, 6, 9, 1, 1, 7, 3, 1, 2, 3, 8, 9, 3, 5, 6, 5, 2, 1, 2, 3, 0, 9, 4, 2, 1, 7, 1, 9, 6, 8, 7] indices=[42232, 34753, 43950, 58017, 43528, 51440, 19443, 39641, 40313, 47661, 39108, 42214, 17088, 54082, 30133, 27468, 7373, 5399, 17170, 36472, 46323, 52204, 59003, 56966, 51365, 17798, 53209, 30367, 9705, 5117, 39875, 47476, 111, 4662, 21185, 26223, 38432, 38751, 32662, 22492, 7536, 53733, 36872, 49046, 35836, 46211, 6829, 28554, 13886, 40841, 19381, 56049, 49135, 14717, 56930, 4787, 45498, 3592, 9878, 39185, 50997, 28400, 12892, 14586]
[Train] batch 622 GPA: 0x000000038da18a00
[TS] batch622/input: write_done_realtime_ns=1787618981153942505
[GT] batch622 labels=[0, 4, 8, 1, 1, 0, 9, 5, 0, 3, 4, 7, 3, 7, 7, 8, 1, 4, 3, 5, 4, 8, 6, 1, 4, 9, 5, 4, 1, 0, 4, 5, 1, 7, 9, 3, 8, 1, 2, 9, 4, 3, 3, 9, 8, 6, 7, 2, 3, 3, 3, 9, 3, 7, 1, 7, 6, 1, 9, 4, 6, 6, 6, 2] indices=[1927, 11144, 31738, 58260, 39193, 6325, 3076, 52947, 32237, 8693, 131, 10727, 14856, 17033, 32432, 49851, 11968, 53925, 28075, 51086, 23083, 34328, 59206, 59060, 40013, 15049, 21629, 13520, 276, 9688, 29024, 46203, 54027, 12253, 59109, 10585, 20157, 46107, 56785, 20636, 46324, 33432, 52545, 17972, 47051, 48380, 24975, 57632, 6185, 21596, 29613, 29009, 20606, 36365, 40635, 24692, 3043, 11663, 50490, 3092, 39045, 46581, 25108, 54375]
[Train] batch 623 GPA: 0x000000038da01400
[TS] batch623/input: write_done_realtime_ns=1787618981167399298
[GT] batch623 labels=[1, 8, 9, 1, 7, 2, 3, 2, 2, 8, 9, 4, 3, 1, 2, 3, 1, 4, 8, 2, 4, 3, 0, 1, 3, 0, 0, 6, 9, 6, 4, 5, 5, 9, 4, 4, 3, 0, 3, 8, 5, 2, 4, 9, 6, 6, 7, 1, 9, 7, 9, 3, 4, 2, 1, 4, 8, 5, 1, 8, 7, 8, 2, 3] indices=[54506, 34001, 47010, 17942, 45680, 42958, 36242, 46259, 807, 13578, 4045, 10371, 28796, 11793, 45085, 35401, 23176, 18898, 38858, 3333, 24601, 30226, 997, 7563, 33828, 31509, 24861, 36070, 59287, 5098, 54042, 38250, 3859, 48257, 9148, 194, 43865, 32952, 58333, 42712, 36089, 59641, 54745, 9357, 11571, 33102, 44117, 42666, 17061, 25868, 53317, 36707, 40379, 17884, 25857, 3708, 43698, 11375, 40823, 58305, 20048, 53506, 42675, 55383]
[Train] batch 624 GPA: 0x000000038da18a00
[TS] batch624/input: write_done_realtime_ns=1787618981180889200
[GT] batch624 labels=[5, 3, 6, 8, 4, 0, 2, 2, 5, 1, 0, 8, 9, 7, 0, 5, 3, 4, 0, 1, 8, 5, 1, 2, 4, 8, 1, 0, 7, 8, 1, 8, 5, 9, 7, 7, 4, 0, 0, 2, 3, 6, 2, 9, 8, 4, 9, 8, 0, 3, 8, 0, 1, 5, 5, 6, 2, 2, 9, 3, 1, 2, 2, 5] indices=[43776, 17526, 24224, 2057, 12332, 25181, 53709, 6649, 22102, 40568, 10849, 33382, 47345, 14313, 28221, 50540, 41515, 15841, 49429, 38357, 23669, 16910, 52648, 18230, 11967, 12623, 39785, 3143, 19574, 27085, 11387, 59622, 47554, 116, 14242, 48250, 38583, 33111, 59241, 19191, 30057, 49049, 51810, 13462, 42868, 58225, 38230, 9873, 51809, 52966, 24926, 40336, 14992, 37364, 47381, 35614, 29290, 1301, 26683, 32091, 357, 20240, 23716, 25223]
[Train] batch 625 GPA: 0x000000038da01400
[TS] batch625/input: write_done_realtime_ns=1787618981194238475
[GT] batch625 labels=[5, 7, 0, 6, 2, 2, 6, 2, 9, 8, 7, 9, 9, 7, 8, 2, 5, 8, 1, 7, 4, 4, 3, 4, 2, 9, 4, 5, 1, 4, 0, 8, 9, 5, 6, 8, 8, 6, 9, 8, 6, 4, 1, 8, 1, 0, 2, 9, 0, 8, 1, 7, 6, 3, 1, 9, 1, 9, 0, 6, 3, 8, 1, 3] indices=[47256, 3728, 50435, 28115, 18684, 38618, 23107, 40863, 27387, 31479, 47879, 6993, 38353, 40784, 18642, 57889, 50887, 10126, 5648, 10002, 3905, 23641, 47493, 15852, 4322, 30049, 41671, 19019, 5507, 36577, 2144, 20062, 22216, 23734, 40871, 55697, 42397, 58605, 47645, 25843, 24963, 22670, 23413, 51183, 57322, 27445, 49021, 50128, 41320, 54093, 4486, 10965, 22360, 22460, 11249, 45828, 6998, 38947, 52558, 50961, 9739, 35783, 41266, 35195]
[Train] batch 626 GPA: 0x000000038da18a00
[TS] batch626/input: write_done_realtime_ns=1787618981208879795
[GT] batch626 labels=[2, 2, 1, 6, 8, 1, 1, 8, 7, 6, 2, 4, 6, 1, 0, 4, 1, 8, 8, 8, 5, 0, 9, 6, 9, 0, 9, 2, 6, 3, 3, 8, 9, 3, 4, 9, 8, 4, 5, 7, 8, 1, 5, 3, 0, 4, 1, 0, 6, 3, 2, 5, 0, 6, 3, 6, 0, 2, 2, 5, 2, 1, 7, 1] indices=[25591, 15262, 51900, 19828, 6288, 54438, 40714, 26100, 48691, 759, 3042, 40299, 32230, 5477, 10259, 53582, 59658, 2421, 58220, 913, 53316, 14412, 43253, 23600, 21876, 37059, 48388, 3077, 54994, 5358, 41110, 8045, 35065, 4328, 47347, 8563, 13386, 56799, 52326, 43354, 51243, 56737, 35515, 33194, 7629, 6798, 32465, 12357, 41413, 25867, 40321, 12689, 41557, 6236, 20213, 7593, 34244, 13694, 11521, 18481, 50457, 6328, 47849, 29976]
[Train] batch 627 GPA: 0x000000038da01400
[TS] batch627/input: write_done_realtime_ns=1787618981221767684
[GT] batch627 labels=[8, 5, 0, 1, 8, 9, 0, 1, 6, 4, 9, 2, 9, 2, 7, 0, 5, 0, 6, 1, 2, 9, 2, 7, 3, 9, 4, 9, 2, 3, 4, 2, 3, 5, 6, 4, 7, 2, 2, 4, 5, 1, 9, 6, 2, 6, 4, 6, 9, 7, 1, 0, 7, 8, 6, 2, 8, 1, 8, 7, 4, 4, 4, 2] indices=[26523, 44706, 42010, 16287, 31622, 36945, 4047, 14967, 19947, 9029, 37318, 9748, 11970, 35031, 16696, 45467, 1575, 12765, 43744, 35244, 59499, 6078, 46377, 50664, 50337, 14780, 34991, 6042, 16690, 11296, 8706, 59218, 50728, 47348, 26606, 12028, 29333, 27384, 34643, 24274, 28589, 46178, 27661, 10174, 18164, 28039, 24032, 23937, 39613, 40214, 7938, 12324, 38506, 18104, 59673, 8474, 14055, 12356, 17194, 12007, 4494, 18637, 35402, 31794]
[Train] batch 628 GPA: 0x000000038da18a00
[TS] batch628/input: write_done_realtime_ns=1787618981235132328
[GT] batch628 labels=[8, 1, 3, 7, 8, 8, 7, 7, 5, 8, 9, 6, 2, 5, 6, 4, 4, 8, 4, 6, 5, 6, 0, 1, 7, 2, 3, 5, 3, 5, 7, 7, 2, 1, 0, 0, 8, 0, 2, 3, 4, 7, 3, 0, 9, 1, 4, 2, 1, 2, 7, 6, 2, 4, 4, 9, 6, 8, 9, 8, 4, 7, 3, 0] indices=[9521, 47327, 9400, 17267, 188, 16322, 55426, 8637, 2091, 21249, 14459, 13759, 3023, 58117, 55904, 2392, 37884, 12111, 34430, 2259, 20976, 53981, 54985, 33092, 49918, 47534, 38602, 20151, 58048, 19959, 59469, 21265, 47508, 16345, 37914, 5938, 55811, 49218, 37925, 46280, 12077, 50665, 57308, 11027, 22842, 14849, 32328, 2585, 27629, 27229, 26829, 592, 43351, 52522, 59766, 16261, 52557, 17302, 8492, 24190, 40156, 49906, 33529, 56023]
[Train] batch 629 GPA: 0x000000038da01400
[TS] batch629/input: write_done_realtime_ns=1787618981249372242
[GT] batch629 labels=[6, 4, 7, 5, 0, 2, 0, 4, 7, 4, 7, 1, 0, 9, 5, 0, 8, 3, 1, 2, 8, 6, 1, 7, 2, 7, 3, 3, 4, 1, 3, 0, 7, 4, 7, 7, 7, 7, 1, 7, 4, 4, 2, 4, 4, 7, 9, 9, 3, 1, 4, 2, 2, 2, 2, 4, 0, 6, 8, 0, 3, 3, 0, 9] indices=[331, 53618, 26528, 31772, 12516, 19587, 55646, 50154, 18367, 41569, 22862, 23532, 29498, 4060, 43459, 8961, 29229, 22488, 25704, 36901, 54346, 30230, 36071, 20588, 10497, 21313, 59229, 1336, 20585, 25227, 55527, 20161, 32197, 28509, 11703, 22971, 45715, 16771, 17101, 40430, 8101, 35673, 22807, 38622, 29122, 53635, 80, 26612, 15201, 26993, 37562, 21283, 45350, 50802, 2454, 58416, 48167, 55754, 3866, 55556, 6762, 6601, 49278, 50462]
[Train] batch 630 GPA: 0x000000038da18a00
[TS] batch630/input: write_done_realtime_ns=1787618981262962533
[GT] batch630 labels=[6, 7, 4, 5, 2, 4, 6, 0, 5, 2, 5, 0, 6, 9, 5, 2, 9, 0, 0, 9, 0, 5, 0, 9, 8, 6, 4, 9, 3, 9, 8, 4, 5, 4, 0, 3, 5, 2, 3, 2, 7, 3, 4, 3, 3, 9, 4, 9, 0, 4, 0, 1, 5, 2, 5, 8, 1, 4, 3, 8, 6, 3, 0, 4] indices=[41778, 28670, 40913, 34829, 57503, 1379, 41361, 42277, 51887, 56289, 32697, 48815, 40661, 55102, 49094, 48531, 25478, 50930, 13044, 53676, 55656, 16011, 39564, 59164, 12335, 42172, 44689, 16981, 17901, 18554, 18129, 52945, 17217, 39204, 20487, 20903, 6011, 44133, 42477, 46163, 17557, 15681, 7804, 32137, 19655, 40781, 23781, 12432, 8754, 31977, 24777, 36822, 14150, 2409, 29029, 41935, 7693, 47285, 56275, 58334, 27496, 37940, 30748, 42272]
Train Epoch: 1 [40320/60000 (67%)]	Loss: 0.141044
[Train] batch 631 GPA: 0x000000038da01400
[TS] batch631/input: write_done_realtime_ns=1787618981276625295
[GT] batch631 labels=[5, 3, 6, 1, 3, 1, 1, 3, 5, 6, 1, 2, 6, 7, 3, 4, 1, 5, 2, 3, 1, 6, 3, 8, 7, 1, 8, 2, 7, 0, 1, 7, 3, 9, 4, 6, 7, 1, 3, 1, 7, 0, 7, 4, 5, 6, 7, 3, 2, 1, 3, 7, 5, 9, 7, 4, 0, 5, 4, 6, 8, 6, 1, 5] indices=[56765, 15339, 33154, 47213, 28826, 18074, 21972, 56073, 832, 5451, 42175, 22864, 19197, 16528, 38218, 28584, 42578, 36981, 5890, 58800, 31181, 21290, 5911, 5781, 38257, 37008, 6744, 32263, 41717, 24510, 9653, 39523, 22049, 31353, 35392, 59801, 47423, 52780, 10405, 30938, 23173, 37511, 35728, 3074, 11638, 47524, 16299, 32984, 11503, 1681, 1428, 53003, 54566, 55702, 58367, 25644, 7954, 54828, 58984, 40176, 42147, 24385, 2015, 55161]
[Train] batch 632 GPA: 0x000000038da18a00
[TS] batch632/input: write_done_realtime_ns=1787618981289766641
[GT] batch632 labels=[6, 3, 4, 5, 9, 6, 6, 3, 3, 8, 6, 8, 0, 8, 6, 9, 7, 8, 2, 6, 3, 7, 2, 6, 5, 2, 3, 4, 7, 8, 4, 6, 6, 7, 4, 9, 1, 6, 0, 6, 6, 4, 0, 6, 5, 7, 9, 6, 8, 6, 9, 6, 1, 7, 4, 9, 6, 5, 8, 9, 4, 8, 4, 4] indices=[44189, 27274, 57985, 56982, 50285, 42904, 54547, 59315, 9302, 33338, 56673, 31205, 33442, 25207, 58695, 34665, 37508, 48037, 51119, 51805, 57195, 34861, 31890, 32994, 54091, 40221, 18588, 37076, 57570, 56613, 29141, 13020, 25834, 26699, 17701, 10681, 44453, 31371, 14513, 3139, 31670, 53990, 11605, 48858, 21013, 43187, 46492, 39394, 52689, 47415, 31213, 50590, 45588, 32888, 32419, 3770, 19916, 16671, 21177, 19030, 1865, 32509, 31860, 3290]
[Train] batch 633 GPA: 0x000000038da01400
[TS] batch633/input: write_done_realtime_ns=1787618981303053106
[GT] batch633 labels=[0, 7, 0, 6, 3, 9, 6, 4, 3, 2, 6, 3, 5, 7, 3, 6, 2, 9, 4, 8, 9, 6, 1, 3, 4, 2, 8, 1, 7, 9, 7, 5, 8, 8, 9, 8, 1, 3, 7, 0, 0, 5, 3, 7, 7, 2, 7, 7, 4, 1, 8, 1, 5, 9, 5, 4, 1, 8, 6, 2, 9, 2, 7, 6] indices=[14722, 32145, 43847, 25889, 50007, 58187, 31754, 46766, 27573, 1549, 13712, 1185, 32386, 27592, 45015, 30289, 7187, 25643, 13430, 12963, 7518, 14989, 44887, 29483, 44668, 49098, 9014, 50842, 56844, 34196, 21758, 41001, 19582, 21188, 52535, 15343, 52657, 45801, 6378, 3195, 36116, 49481, 7192, 55167, 634, 54286, 11426, 32004, 55981, 17875, 51576, 53176, 27193, 35763, 37749, 8412, 41332, 24691, 24392, 25318, 21277, 51869, 15792, 38400]
[Train] batch 634 GPA: 0x000000038da18a00
[TS] batch634/input: write_done_realtime_ns=1787618981316389061
[GT] batch634 labels=[1, 6, 5, 7, 4, 1, 6, 9, 5, 5, 2, 3, 8, 5, 2, 0, 6, 2, 7, 5, 1, 2, 2, 0, 8, 7, 6, 7, 3, 3, 0, 4, 3, 1, 6, 4, 4, 6, 3, 7, 0, 2, 8, 3, 3, 0, 9, 0, 7, 9, 7, 1, 3, 9, 3, 0, 6, 7, 9, 4, 3, 7, 6, 8] indices=[128, 49418, 30900, 46156, 20794, 21248, 2178, 58470, 18639, 15538, 38409, 23819, 37075, 24903, 26669, 52179, 29317, 46997, 31712, 23824, 24663, 3166, 8211, 5662, 29729, 30294, 52145, 28138, 36912, 34316, 9197, 45936, 16626, 16348, 11819, 4386, 42956, 52645, 44280, 7033, 53657, 20382, 21280, 31759, 35379, 209, 23420, 57720, 33571, 601, 38096, 59932, 54700, 25501, 7626, 55177, 939, 47374, 41434, 19026, 52828, 5057, 6807, 35353]
[Train] batch 635 GPA: 0x000000038da01400
[TS] batch635/input: write_done_realtime_ns=1787618981329615676
[GT] batch635 labels=[9, 4, 7, 6, 3, 3, 2, 8, 1, 5, 0, 5, 6, 7, 3, 6, 1, 7, 8, 5, 6, 7, 1, 8, 7, 1, 3, 1, 4, 3, 3, 3, 8, 6, 0, 7, 3, 8, 4, 7, 2, 5, 9, 9, 1, 1, 7, 1, 7, 9, 0, 8, 8, 3, 5, 9, 4, 1, 3, 0, 6, 2, 6, 6] indices=[33336, 57630, 11623, 18063, 2531, 6543, 25663, 46252, 30639, 54491, 27290, 43766, 33829, 25319, 18785, 36144, 47243, 49755, 7190, 18594, 33595, 20310, 58913, 11213, 446, 648, 39851, 39232, 47805, 21606, 39741, 38445, 50117, 5141, 59859, 36530, 4898, 7199, 4954, 7445, 56682, 51955, 51140, 4459, 4554, 33319, 1302, 49205, 50903, 40235, 34440, 37479, 25736, 26148, 22235, 10524, 10396, 23727, 25245, 32009, 256, 53207, 41785, 37535]
[Train] batch 636 GPA: 0x000000038da18a00
[TS] batch636/input: write_done_realtime_ns=1787618981342804142
[GT] batch636 labels=[2, 3, 5, 0, 7, 6, 6, 1, 4, 9, 0, 6, 9, 0, 8, 1, 5, 7, 1, 7, 6, 0, 3, 1, 8, 7, 8, 2, 4, 4, 4, 5, 8, 6, 1, 6, 0, 2, 4, 8, 1, 2, 8, 1, 9, 1, 3, 9, 8, 8, 6, 7, 5, 0, 3, 7, 2, 1, 8, 7, 7, 6, 0, 0] indices=[14024, 17330, 2554, 13816, 4061, 11401, 26962, 41289, 3439, 43845, 29311, 30671, 28047, 41880, 56978, 35527, 41815, 7608, 5610, 9356, 37018, 42945, 12214, 49628, 34108, 36188, 31355, 51835, 27056, 28096, 54041, 48826, 39479, 23963, 58051, 37509, 54391, 35721, 25180, 11808, 52693, 54553, 50535, 14759, 49640, 7237, 22011, 22437, 11365, 10837, 25098, 31742, 28080, 14052, 49018, 24221, 15495, 43490, 46338, 50426, 27635, 14610, 6008, 35655]
[Train] batch 637 GPA: 0x000000038da01400
[TS] batch637/input: write_done_realtime_ns=1787618981356076177
[GT] batch637 labels=[4, 4, 7, 3, 6, 0, 7, 2, 5, 8, 4, 0, 9, 8, 3, 9, 4, 2, 3, 2, 3, 4, 0, 0, 0, 2, 7, 9, 5, 1, 9, 4, 0, 3, 3, 6, 4, 1, 2, 8, 3, 9, 0, 1, 7, 2, 0, 2, 0, 3, 4, 8, 8, 7, 1, 9, 6, 4, 1, 6, 6, 1, 5, 4] indices=[18098, 2050, 54066, 29610, 18903, 18759, 53023, 36170, 39114, 45317, 6716, 28992, 52478, 49238, 39565, 37538, 27221, 45306, 36566, 38815, 9226, 57229, 16244, 33608, 30668, 52959, 49694, 57428, 41521, 25443, 57145, 53631, 20139, 56225, 13212, 26670, 1762, 42102, 46414, 54870, 51909, 24553, 6406, 31787, 11510, 13774, 32098, 21147, 24952, 43200, 36235, 57316, 28144, 2271, 36794, 38760, 48032, 33761, 2301, 53153, 39496, 6311, 54934, 9026]
[Train] batch 638 GPA: 0x000000038da18a00
[TS] batch638/input: write_done_realtime_ns=1787618981369303712
[GT] batch638 labels=[9, 1, 3, 8, 3, 4, 4, 3, 4, 2, 8, 1, 2, 5, 3, 0, 7, 9, 0, 8, 6, 6, 1, 2, 7, 2, 4, 3, 1, 0, 2, 6, 8, 3, 8, 7, 2, 8, 8, 5, 9, 8, 8, 7, 4, 7, 5, 1, 9, 9, 9, 2, 0, 6, 5, 0, 7, 0, 5, 1, 1, 2, 6, 0] indices=[59147, 48896, 35542, 25607, 20570, 56855, 8677, 46652, 29484, 31047, 47959, 43389, 2847, 29759, 25172, 29211, 24655, 31094, 29471, 5574, 48810, 28339, 27582, 21527, 26945, 4697, 52063, 18249, 32296, 5244, 38208, 37829, 28785, 57107, 2958, 17795, 9725, 17233, 10649, 8519, 56303, 10187, 30781, 41972, 30542, 50681, 1245, 16545, 50947, 30693, 1112, 24968, 43728, 1257, 9291, 54873, 39649, 15700, 20374, 29284, 27681, 52942, 55252, 15325]
[Train] batch 639 GPA: 0x000000038da01400
[TS] batch639/input: write_done_realtime_ns=1787618981382615237
[GT] batch639 labels=[9, 7, 1, 0, 8, 9, 5, 0, 6, 7, 6, 6, 7, 4, 2, 4, 9, 8, 7, 8, 8, 8, 0, 2, 8, 2, 2, 1, 3, 5, 3, 4, 4, 8, 7, 0, 2, 4, 4, 0, 9, 1, 1, 8, 1, 5, 6, 0, 2, 4, 6, 3, 9, 9, 5, 0, 5, 3, 9, 5, 7, 0, 7, 6] indices=[44421, 4366, 6913, 40266, 32061, 33599, 44390, 6928, 8121, 31589, 42978, 18168, 12571, 54588, 11299, 2596, 39732, 41431, 6623, 6563, 55165, 32636, 54284, 53727, 1749, 22083, 13585, 18942, 5328, 14471, 4236, 48393, 54324, 55530, 243, 10975, 24633, 2294, 31777, 46192, 13359, 25970, 29952, 12455, 6226, 20428, 29454, 30087, 53072, 17300, 30312, 37848, 19178, 58696, 39065, 35982, 30622, 36592, 47517, 13863, 41345, 24615, 7386, 44635]
[Train] batch 640 GPA: 0x000000038da18a00
[TS] batch640/input: write_done_realtime_ns=1787618981395863632
[GT] batch640 labels=[2, 2, 1, 0, 8, 2, 5, 7, 6, 0, 4, 7, 5, 8, 9, 4, 7, 0, 3, 9, 4, 9, 7, 1, 0, 9, 2, 0, 9, 2, 4, 9, 1, 6, 2, 4, 0, 8, 6, 4, 1, 6, 0, 7, 4, 0, 5, 2, 1, 0, 9, 1, 3, 4, 4, 3, 1, 8, 2, 1, 4, 1, 4, 4] indices=[47258, 45125, 41146, 6332, 18311, 50271, 6836, 8991, 18904, 22634, 3222, 38191, 35567, 14830, 29865, 47028, 36748, 17741, 50213, 30221, 36664, 18756, 26549, 40468, 49243, 46602, 57394, 51327, 44534, 41860, 20702, 23682, 22168, 50122, 44166, 54911, 30707, 37488, 4301, 56825, 12932, 22157, 2257, 44954, 17717, 2873, 43055, 59365, 48844, 6045, 46020, 4872, 37652, 30066, 1630, 16074, 50788, 32018, 33967, 21594, 5366, 57960, 29946, 7248]
Train Epoch: 1 [40960/60000 (68%)]	Loss: 0.097521
[Train] batch 641 GPA: 0x000000038da01400
[TS] batch641/input: write_done_realtime_ns=1787618981409226636
[GT] batch641 labels=[3, 1, 3, 1, 4, 1, 2, 1, 8, 9, 6, 7, 7, 1, 6, 0, 0, 6, 3, 4, 4, 7, 0, 6, 4, 9, 7, 1, 4, 0, 9, 8, 6, 4, 8, 5, 8, 8, 9, 1, 0, 4, 7, 2, 5, 6, 6, 9, 9, 3, 9, 5, 8, 5, 0, 9, 7, 4, 3, 2, 1, 3, 8, 8] indices=[40298, 8063, 59550, 37719, 33262, 57607, 2342, 30035, 56387, 38020, 46096, 42892, 15909, 23889, 15431, 14959, 26475, 56240, 36990, 29166, 45778, 47988, 41056, 32592, 4837, 44776, 19479, 30408, 48018, 52318, 31088, 59393, 11253, 56031, 36300, 6086, 43290, 59260, 54081, 26133, 29862, 45404, 41300, 21742, 58989, 51518, 44082, 24914, 525, 23218, 930, 21093, 57918, 59196, 29446, 59027, 18773, 40309, 40572, 8886, 53531, 2771, 2768, 32591]
[Train] batch 642 GPA: 0x000000038da18a00
[TS] batch642/input: write_done_realtime_ns=1787618981422486281
[GT] batch642 labels=[3, 0, 7, 5, 8, 2, 3, 6, 2, 2, 3, 3, 9, 1, 3, 2, 4, 3, 2, 2, 5, 3, 6, 1, 1, 1, 7, 7, 6, 9, 8, 8, 8, 5, 5, 1, 4, 1, 2, 7, 5, 0, 3, 4, 3, 8, 4, 5, 8, 2, 2, 3, 6, 7, 5, 3, 8, 9, 5, 7, 8, 0, 4, 9] indices=[10511, 30923, 7054, 48733, 40687, 35014, 18615, 33585, 10200, 28067, 41085, 42585, 1147, 46181, 31428, 58563, 53551, 1178, 37941, 28135, 14233, 31775, 34703, 48254, 38016, 23399, 24830, 40700, 25906, 18680, 47753, 59013, 42778, 49788, 56200, 40848, 50981, 10293, 52684, 18855, 20799, 58934, 32421, 32911, 4762, 8661, 45749, 30572, 13378, 13804, 52433, 16003, 13133, 56920, 41063, 30673, 26719, 43550, 35608, 53589, 6774, 47324, 36455, 52340]
[Train] batch 643 GPA: 0x000000038da01400
[TS] batch643/input: write_done_realtime_ns=1787618981436026803
[GT] batch643 labels=[6, 9, 7, 9, 1, 1, 7, 0, 4, 4, 3, 7, 5, 4, 3, 8, 9, 2, 3, 8, 8, 5, 5, 2, 4, 6, 7, 6, 0, 7, 4, 8, 1, 9, 2, 7, 7, 6, 3, 3, 0, 2, 7, 1, 1, 7, 5, 7, 0, 1, 0, 4, 5, 8, 8, 1, 1, 6, 9, 1, 8, 7, 5, 1] indices=[59540, 45065, 38598, 33701, 43887, 49943, 5786, 30948, 51449, 45121, 36604, 19809, 7081, 57708, 30048, 21656, 54965, 2075, 2183, 7231, 17818, 12638, 42864, 3569, 56331, 40862, 38943, 3952, 216, 14750, 33626, 29678, 45499, 51981, 22368, 52925, 6315, 43311, 24336, 26305, 11071, 16060, 36395, 48468, 45197, 50579, 31302, 40795, 6768, 53177, 12095, 50267, 36528, 42107, 36121, 23333, 52444, 54067, 52510, 51190, 769, 18122, 53054, 13080]
[Train] batch 644 GPA: 0x000000038da18a00
[TS] batch644/input: write_done_realtime_ns=1787618981449330608
[GT] batch644 labels=[4, 2, 9, 2, 3, 3, 7, 1, 8, 0, 3, 2, 7, 6, 3, 8, 7, 4, 1, 0, 9, 6, 9, 2, 0, 3, 6, 5, 8, 2, 7, 3, 2, 2, 9, 2, 0, 9, 6, 8, 4, 1, 2, 3, 2, 8, 9, 3, 0, 3, 0, 1, 9, 4, 9, 3, 0, 1, 6, 1, 7, 8, 4, 3] indices=[15617, 1492, 47657, 50348, 37927, 18079, 2133, 25448, 14203, 17534, 46856, 49580, 18793, 56411, 9300, 12943, 17946, 34611, 38918, 35634, 31004, 54153, 30910, 4111, 26176, 17324, 26392, 5591, 50429, 23468, 54022, 23860, 48784, 2019, 52570, 35347, 39527, 3346, 3363, 44686, 29123, 46012, 48248, 28900, 37615, 38420, 36991, 17790, 59704, 49494, 55242, 34337, 52500, 15942, 19576, 48163, 19308, 16932, 49047, 43469, 9115, 22568, 16302, 5567]
[Train] batch 645 GPA: 0x000000038da01400
[TS] batch645/input: write_done_realtime_ns=1787618981462687811
[GT] batch645 labels=[1, 0, 7, 1, 7, 9, 8, 3, 1, 7, 4, 7, 9, 5, 1, 1, 0, 2, 9, 3, 1, 4, 1, 0, 7, 9, 9, 5, 7, 2, 1, 8, 2, 5, 1, 3, 0, 7, 4, 4, 4, 7, 1, 1, 6, 7, 6, 6, 6, 0, 8, 5, 7, 7, 4, 4, 7, 0, 4, 1, 4, 9, 3, 5] indices=[2166, 35994, 52466, 23960, 48969, 12076, 7436, 1158, 26789, 11020, 49542, 21672, 36920, 12016, 28130, 49927, 40613, 17691, 21213, 19195, 36408, 5891, 40525, 18718, 39500, 12989, 53998, 48905, 31690, 2939, 59559, 14305, 19654, 12714, 33440, 8338, 50586, 55276, 7864, 52417, 14260, 43774, 21446, 39451, 35607, 47286, 14565, 22665, 2156, 27427, 35706, 52896, 52463, 1946, 32139, 31552, 8559, 51314, 22699, 9415, 9597, 27383, 50107, 38698]
[Train] batch 646 GPA: 0x000000038da18a00
[TS] batch646/input: write_done_realtime_ns=1787618981476029226
[GT] batch646 labels=[3, 0, 5, 1, 1, 4, 8, 6, 1, 8, 1, 7, 7, 5, 8, 8, 3, 1, 6, 3, 4, 8, 5, 7, 2, 9, 6, 7, 9, 5, 6, 6, 1, 7, 5, 3, 4, 3, 4, 4, 7, 0, 6, 8, 6, 7, 7, 3, 5, 1, 6, 9, 8, 1, 8, 3, 9, 4, 5, 1, 7, 6, 1, 0] indices=[27443, 17606, 10543, 31498, 42911, 39269, 17547, 15908, 5691, 53686, 22644, 44139, 32363, 18696, 21085, 51302, 23101, 54543, 3288, 4138, 57938, 31236, 3126, 2575, 22278, 24164, 47509, 38621, 35991, 22680, 24023, 59217, 8542, 5441, 13040, 15336, 37858, 25225, 11496, 51076, 20576, 29368, 3821, 33546, 24739, 41700, 6843, 7332, 39962, 23303, 29639, 30698, 35940, 8176, 33447, 27866, 20360, 10594, 18470, 10868, 1208, 23415, 58120, 56469]
[Train] batch 647 GPA: 0x000000038da01400
[TS] batch647/input: write_done_realtime_ns=1787618981489307341
[GT] batch647 labels=[4, 6, 0, 8, 1, 9, 3, 6, 0, 3, 4, 3, 5, 2, 2, 5, 4, 0, 2, 7, 0, 6, 6, 7, 7, 1, 1, 3, 2, 8, 7, 4, 5, 0, 2, 1, 7, 2, 2, 8, 8, 7, 1, 2, 0, 5, 8, 5, 4, 1, 0, 3, 1, 1, 9, 3, 1, 2, 1, 2, 7, 8, 5, 3] indices=[54710, 26180, 58102, 6364, 18179, 5282, 30273, 38642, 43273, 28881, 34102, 40517, 35207, 39282, 14596, 30278, 35259, 29067, 31757, 44485, 37946, 40411, 22909, 29296, 51858, 9299, 29499, 11234, 3200, 29545, 6528, 45928, 59406, 2621, 32991, 50264, 24515, 31449, 53343, 57179, 44866, 17687, 49113, 4935, 53880, 36173, 11989, 20837, 55098, 42348, 33947, 26928, 5950, 53870, 16799, 8880, 58466, 49773, 57440, 21135, 29964, 41611, 25508, 56974]
[Train] batch 648 GPA: 0x000000038da18a00
[TS] batch648/input: write_done_realtime_ns=1787618981502502328
[GT] batch648 labels=[6, 1, 2, 1, 8, 8, 8, 0, 7, 5, 2, 5, 6, 0, 7, 4, 6, 9, 2, 3, 3, 6, 3, 5, 1, 2, 2, 2, 2, 5, 1, 3, 8, 0, 4, 1, 0, 4, 3, 6, 5, 1, 8, 8, 2, 5, 0, 2, 1, 3, 2, 5, 4, 9, 2, 6, 1, 4, 3, 9, 3, 6, 0, 2] indices=[42591, 31871, 11319, 2906, 59649, 33519, 8722, 3514, 40701, 19318, 48463, 38888, 48276, 46041, 43598, 877, 13444, 20207, 9600, 8188, 20192, 59032, 29269, 49890, 46520, 14267, 56175, 46286, 5438, 33340, 39077, 47027, 22151, 33023, 7120, 8891, 53255, 14740, 28936, 28728, 3301, 7084, 53128, 56842, 28289, 42372, 46328, 19886, 32765, 28820, 44727, 12561, 33671, 36050, 38667, 1204, 18993, 53144, 7250, 56906, 35165, 44428, 59433, 11420]
[Train] batch 649 GPA: 0x000000038da01400
[TS] batch649/input: write_done_realtime_ns=1787618981515802331
[GT] batch649 labels=[0, 9, 8, 1, 4, 5, 3, 9, 9, 7, 4, 0, 0, 2, 3, 5, 2, 3, 1, 1, 7, 0, 7, 5, 4, 8, 3, 4, 6, 0, 1, 0, 6, 2, 3, 2, 2, 6, 0, 5, 3, 7, 8, 7, 4, 0, 1, 5, 8, 5, 4, 5, 3, 5, 3, 0, 5, 0, 8, 7, 3, 6, 1, 0] indices=[4906, 43310, 6214, 10601, 44593, 39910, 30354, 59748, 2559, 8068, 38524, 12339, 47887, 9737, 30131, 13345, 22624, 33969, 25496, 11439, 44175, 47815, 57380, 53696, 34742, 19275, 48868, 33359, 38915, 54214, 16946, 48574, 2153, 7337, 10450, 7292, 49041, 9828, 58866, 42589, 46208, 59107, 22241, 32649, 7817, 45966, 34749, 53641, 52303, 39965, 28492, 28097, 57341, 54465, 14431, 57161, 35867, 25166, 9762, 55467, 53758, 6355, 18583, 33392]
[Train] batch 650 GPA: 0x000000038da18a00
[TS] batch650/input: write_done_realtime_ns=1787618981529059667
[GT] batch650 labels=[0, 1, 6, 2, 7, 8, 0, 0, 8, 7, 1, 6, 0, 8, 3, 3, 0, 3, 9, 0, 3, 9, 6, 5, 5, 7, 8, 1, 8, 1, 8, 7, 9, 3, 3, 6, 7, 8, 9, 4, 3, 0, 4, 6, 1, 5, 2, 4, 3, 1, 9, 8, 9, 7, 3, 8, 9, 9, 9, 2, 3, 5, 8, 2] indices=[25694, 27737, 20288, 7870, 4785, 53580, 5298, 59595, 54178, 12252, 36240, 14909, 43497, 42820, 12775, 33760, 42801, 4937, 44001, 15583, 14115, 25375, 14813, 46152, 41970, 950, 52091, 18261, 53605, 5994, 21733, 45930, 26973, 30090, 10678, 53993, 55113, 1780, 49956, 10033, 58721, 3309, 34146, 15303, 28099, 22426, 51379, 33958, 12334, 39603, 28288, 23680, 38121, 52077, 31805, 37316, 52017, 54793, 41084, 55137, 3201, 3275, 26043, 27347]
Train Epoch: 1 [41600/60000 (69%)]	Loss: 0.201777
[Train] batch 651 GPA: 0x000000038da01400
[TS] batch651/input: write_done_realtime_ns=1787618981542325072
[GT] batch651 labels=[5, 3, 4, 8, 7, 4, 0, 0, 9, 9, 8, 5, 4, 3, 7, 1, 1, 7, 7, 6, 0, 4, 3, 3, 4, 3, 5, 5, 5, 6, 7, 8, 4, 6, 7, 9, 8, 4, 7, 2, 5, 9, 5, 2, 5, 0, 4, 1, 3, 8, 1, 2, 0, 8, 3, 5, 7, 3, 0, 3, 0, 7, 1, 1] indices=[12986, 34893, 13861, 7405, 24540, 20813, 32086, 42448, 22246, 28604, 16752, 13708, 937, 479, 30531, 39403, 26096, 5741, 55494, 42021, 40188, 56190, 45610, 14558, 55753, 8115, 4416, 3638, 36256, 816, 9432, 43843, 19827, 45965, 38557, 1555, 12494, 58634, 11407, 39256, 11707, 43667, 27043, 57808, 57947, 19258, 26435, 20348, 48788, 58837, 27091, 43899, 10340, 43741, 53037, 26700, 2173, 38116, 30992, 23810, 24348, 24502, 33108, 21127]
[Train] batch 652 GPA: 0x000000038da18a00
[TS] batch652/input: write_done_realtime_ns=1787618981555606336
[GT] batch652 labels=[9, 1, 5, 2, 8, 9, 2, 3, 3, 9, 6, 1, 8, 6, 6, 9, 4, 4, 2, 4, 9, 3, 7, 1, 0, 4, 3, 4, 9, 1, 3, 2, 4, 4, 1, 1, 7, 7, 5, 2, 6, 1, 7, 0, 7, 4, 1, 5, 5, 5, 1, 7, 7, 8, 8, 9, 1, 9, 4, 0, 2, 8, 2, 2] indices=[37088, 10624, 37592, 44186, 32962, 44878, 28937, 15053, 37689, 16034, 38032, 40819, 16883, 23958, 32576, 13116, 13223, 22563, 31688, 41825, 17983, 50560, 42594, 20961, 27035, 18592, 3057, 39404, 29938, 1211, 53889, 36568, 27476, 24262, 14929, 28000, 56112, 20971, 17543, 4915, 498, 11205, 39345, 50839, 54696, 10459, 46601, 28345, 58318, 54051, 21474, 34230, 6250, 7799, 47013, 3583, 44986, 58509, 30725, 22912, 57930, 8759, 4717, 29059]
[Train] batch 653 GPA: 0x000000038da01400
[TS] batch653/input: write_done_realtime_ns=1787618981568965150
[GT] batch653 labels=[4, 8, 9, 2, 1, 7, 5, 3, 8, 8, 8, 7, 6, 8, 0, 3, 2, 2, 4, 8, 3, 7, 4, 5, 4, 6, 4, 6, 7, 7, 6, 9, 6, 7, 1, 5, 9, 7, 4, 2, 4, 8, 0, 3, 1, 7, 8, 1, 1, 7, 0, 4, 3, 5, 0, 1, 3, 6, 3, 8, 2, 3, 4, 6] indices=[57114, 32982, 22316, 16328, 961, 51500, 56327, 17131, 42987, 23650, 22266, 41472, 11731, 57665, 54003, 56198, 52358, 25752, 2829, 24757, 39941, 28053, 58847, 7820, 54801, 881, 1992, 11691, 56679, 26679, 24377, 46261, 38681, 42527, 15697, 37606, 12237, 50359, 40606, 44095, 16571, 3168, 4855, 39617, 28656, 45361, 3066, 17605, 29396, 52052, 31243, 14957, 25187, 49152, 20420, 37179, 15342, 21298, 13524, 47506, 44707, 51196, 40990, 40642]
[Train] batch 654 GPA: 0x000000038da18a00
[TS] batch654/input: write_done_realtime_ns=1787618981582266145
[GT] batch654 labels=[6, 2, 7, 0, 6, 1, 6, 0, 6, 8, 3, 4, 0, 5, 2, 8, 9, 3, 0, 7, 3, 6, 9, 4, 5, 5, 5, 8, 3, 4, 1, 1, 8, 5, 6, 9, 4, 5, 6, 0, 6, 7, 3, 0, 6, 1, 0, 2, 9, 1, 3, 4, 6, 2, 4, 9, 3, 8, 7, 6, 3, 9, 7, 7] indices=[12468, 9396, 9214, 15600, 8942, 4137, 21599, 57727, 27940, 34814, 24400, 51077, 26055, 964, 30816, 39478, 7676, 22733, 4505, 8444, 23997, 43655, 58422, 38227, 44634, 13237, 55455, 2237, 55051, 14066, 47875, 32079, 16040, 39513, 28876, 52315, 43819, 49291, 44498, 9744, 41059, 3223, 25431, 27720, 41829, 49395, 33657, 40929, 43551, 30567, 12349, 10153, 6635, 36950, 8317, 18437, 20439, 44913, 48909, 9818, 43014, 26380, 42067, 20403]
[Train] batch 655 GPA: 0x000000038da01400
[TS] batch655/input: write_done_realtime_ns=1787618981595431962
[GT] batch655 labels=[5, 3, 3, 1, 7, 8, 4, 3, 4, 2, 9, 5, 2, 9, 1, 9, 4, 3, 0, 6, 5, 9, 6, 4, 6, 2, 6, 3, 9, 4, 4, 5, 9, 5, 2, 5, 6, 6, 9, 9, 5, 3, 2, 6, 4, 8, 4, 6, 3, 7, 2, 9, 3, 9, 1, 9, 9, 0, 5, 3, 3, 7, 1, 1] indices=[41582, 11441, 32786, 43227, 53232, 22893, 7045, 22126, 10560, 12950, 48597, 14029, 55209, 39593, 35538, 46490, 32776, 45850, 48479, 5910, 31944, 32745, 6971, 8695, 52806, 24050, 40980, 23634, 12380, 9189, 16225, 52314, 50358, 17811, 23564, 41737, 18154, 50002, 1569, 11626, 32488, 51947, 38288, 21929, 10899, 53110, 23529, 39154, 33114, 54940, 55304, 57444, 45774, 49096, 26310, 27304, 14815, 44445, 53718, 2127, 25695, 51958, 19446, 49246]
[Train] batch 656 GPA: 0x000000038da18a00
[TS] batch656/input: write_done_realtime_ns=1787618981608696427
[GT] batch656 labels=[9, 8, 4, 8, 9, 0, 3, 4, 9, 8, 2, 7, 1, 3, 1, 1, 4, 8, 7, 6, 5, 3, 5, 0, 1, 5, 0, 8, 4, 4, 3, 6, 6, 6, 3, 0, 4, 4, 7, 3, 0, 4, 6, 8, 0, 0, 1, 9, 9, 4, 9, 1, 2, 4, 6, 6, 6, 6, 0, 9, 7, 9, 4, 6] indices=[17166, 17358, 40723, 35038, 31524, 58584, 15907, 47607, 43259, 8780, 45347, 36951, 8529, 53376, 34272, 31729, 10639, 27849, 8297, 52768, 58663, 4881, 24847, 35739, 27068, 52231, 46740, 32935, 2548, 37302, 54014, 50863, 21337, 23110, 27084, 31263, 59708, 25401, 28012, 6489, 32383, 48885, 36363, 57021, 7004, 57091, 13390, 22648, 38048, 55983, 23102, 56810, 13972, 15299, 38260, 32183, 33615, 35433, 23301, 50701, 33838, 51095, 14433, 19135]
[Train] batch 657 GPA: 0x000000038da01400
[TS] batch657/input: write_done_realtime_ns=1787618981621871603
[GT] batch657 labels=[4, 7, 5, 0, 4, 6, 1, 0, 4, 4, 0, 3, 0, 9, 0, 0, 1, 0, 5, 7, 4, 7, 1, 9, 9, 5, 1, 7, 8, 7, 9, 0, 4, 8, 5, 0, 6, 1, 0, 5, 8, 3, 5, 7, 4, 3, 9, 4, 2, 6, 4, 0, 9, 9, 2, 2, 8, 8, 7, 2, 3, 0, 1, 0] indices=[30863, 55119, 44329, 16634, 45485, 13318, 22045, 22046, 14781, 39558, 6065, 59660, 1578, 55884, 22882, 54689, 7622, 29903, 1278, 55291, 50005, 13482, 30457, 34103, 4425, 778, 47169, 10487, 50448, 20295, 57239, 21533, 48286, 15724, 25283, 21, 36660, 10416, 8050, 6300, 44061, 57833, 32492, 41760, 4346, 31178, 26950, 49707, 2641, 17075, 16464, 5711, 10613, 18057, 19632, 26012, 44203, 28495, 50877, 6307, 24095, 26881, 13574, 35488]
[Train] batch 658 GPA: 0x000000038da18a00
[TS] batch658/input: write_done_realtime_ns=1787618981635089288
[GT] batch658 labels=[4, 2, 8, 0, 2, 6, 1, 1, 9, 5, 4, 7, 0, 9, 1, 2, 6, 2, 9, 6, 4, 6, 8, 3, 8, 1, 5, 0, 9, 8, 4, 2, 9, 7, 0, 2, 3, 4, 3, 0, 5, 5, 5, 1, 0, 8, 6, 6, 1, 0, 8, 7, 3, 9, 4, 2, 3, 2, 3, 9, 4, 6, 3, 6] indices=[49015, 49819, 43334, 1040, 20721, 42080, 7491, 46916, 48234, 10811, 49858, 5437, 37841, 55295, 58309, 21597, 37973, 28140, 42246, 6392, 22970, 28552, 9408, 48355, 26022, 55478, 59676, 7930, 3653, 18635, 20294, 6515, 11912, 18834, 47572, 24790, 52924, 37019, 58759, 9717, 34370, 43957, 56712, 48993, 3778, 16321, 30812, 59347, 51603, 28519, 27608, 29452, 53358, 16628, 23595, 11519, 2252, 21917, 29352, 17591, 46734, 25963, 16678, 20137]
[Train] batch 659 GPA: 0x000000038da01400
[TS] batch659/input: write_done_realtime_ns=1787618981648404183
[GT] batch659 labels=[0, 6, 8, 5, 8, 4, 1, 2, 0, 2, 3, 3, 6, 7, 6, 5, 6, 2, 4, 0, 0, 7, 3, 0, 1, 9, 0, 7, 6, 1, 9, 9, 2, 6, 2, 8, 4, 3, 5, 7, 2, 2, 3, 0, 3, 2, 9, 3, 7, 0, 5, 2, 4, 2, 7, 7, 7, 0, 8, 5, 7, 7, 2, 2] indices=[23821, 41746, 20217, 239, 55357, 21262, 55587, 32485, 13286, 42341, 17389, 11921, 57253, 19434, 45881, 56063, 42647, 18622, 20484, 54804, 22829, 18969, 49234, 6857, 59806, 423, 296, 31055, 27685, 21460, 9655, 16568, 51435, 901, 30191, 36672, 30745, 43762, 55322, 25782, 36123, 39059, 18739, 48755, 40789, 16650, 37352, 37604, 59953, 10107, 40688, 917, 48782, 49875, 214, 34267, 57748, 45401, 49165, 48567, 36688, 21547, 16754, 36904]
[Train] batch 660 GPA: 0x000000038da18a00
[TS] batch660/input: write_done_realtime_ns=1787618981661636158
[GT] batch660 labels=[4, 9, 5, 5, 8, 1, 1, 3, 3, 9, 4, 0, 6, 2, 8, 7, 9, 4, 6, 8, 8, 7, 6, 5, 8, 0, 4, 9, 4, 7, 0, 4, 9, 7, 0, 0, 8, 1, 7, 0, 1, 1, 5, 6, 9, 3, 9, 5, 8, 2, 1, 2, 5, 6, 9, 4, 5, 6, 2, 7, 1, 1, 8, 2] indices=[41511, 45654, 4167, 53507, 57773, 20231, 3373, 12920, 29882, 3030, 34860, 13075, 58682, 17600, 36210, 51004, 34063, 906, 44605, 25132, 34669, 56233, 40349, 33909, 49509, 58769, 55421, 52712, 25662, 20335, 55259, 57249, 10284, 21240, 59730, 34562, 29629, 31990, 18160, 17009, 11607, 38163, 26891, 43720, 36029, 33795, 57776, 7216, 53133, 2838, 49787, 35902, 55748, 38431, 36521, 55776, 34274, 37315, 54956, 15750, 41418, 35792, 35576, 28324]
Train Epoch: 1 [42240/60000 (70%)]	Loss: 0.221222
[Train] batch 661 GPA: 0x000000038da01400
[TS] batch661/input: write_done_realtime_ns=1787618981675133311
[GT] batch661 labels=[0, 1, 3, 4, 5, 6, 4, 6, 6, 2, 8, 8, 5, 7, 1, 2, 5, 2, 4, 5, 9, 0, 3, 9, 0, 7, 9, 0, 8, 3, 2, 3, 4, 3, 8, 0, 4, 8, 3, 9, 0, 6, 5, 6, 4, 5, 9, 2, 6, 9, 8, 1, 2, 7, 8, 1, 6, 0, 2, 2, 2, 0, 8, 3] indices=[7816, 46547, 53570, 14882, 18968, 33410, 49005, 47840, 3597, 50575, 57532, 5536, 53015, 2609, 15240, 20414, 50352, 36001, 28310, 6177, 34886, 41288, 27804, 31244, 53404, 11898, 46100, 37656, 39355, 53488, 4542, 1737, 17822, 48352, 37539, 28607, 59434, 41013, 28026, 14925, 42915, 10224, 32758, 46392, 54129, 27499, 22148, 30865, 49772, 48457, 1193, 41526, 17070, 608, 2285, 2730, 50125, 48631, 6505, 31429, 14771, 48742, 28856, 574]
[Train] batch 662 GPA: 0x000000038da18a00
[TS] batch662/input: write_done_realtime_ns=1787618981688400245
[GT] batch662 labels=[7, 5, 0, 9, 3, 7, 9, 4, 3, 3, 5, 3, 3, 5, 3, 4, 2, 4, 8, 2, 5, 2, 3, 1, 0, 9, 5, 8, 6, 9, 9, 2, 2, 6, 8, 7, 9, 0, 8, 3, 5, 4, 6, 1, 1, 2, 9, 0, 5, 0, 2, 1, 7, 8, 0, 0, 6, 1, 6, 6, 5, 7, 5, 2] indices=[22497, 55894, 9451, 2702, 867, 47596, 33606, 54410, 33049, 49602, 44009, 56207, 28409, 24353, 2803, 17976, 28185, 329, 15033, 50691, 20716, 35571, 46525, 45037, 6179, 13932, 6884, 34437, 19385, 44851, 24459, 8390, 47667, 39121, 58593, 24181, 30342, 27170, 50532, 10882, 16959, 42710, 35204, 50273, 43779, 25923, 10722, 43527, 14907, 41117, 42654, 39138, 20385, 39350, 46111, 58313, 17004, 43980, 41039, 26107, 15819, 21123, 8126, 15751]
[Train] batch 663 GPA: 0x000000038da01400
[TS] batch663/input: write_done_realtime_ns=1787618981701592132
[GT] batch663 labels=[0, 2, 8, 0, 3, 3, 8, 2, 4, 0, 9, 0, 6, 9, 3, 9, 4, 3, 2, 9, 6, 4, 2, 5, 8, 5, 4, 1, 6, 2, 0, 8, 3, 6, 5, 4, 7, 9, 0, 3, 1, 6, 0, 1, 3, 7, 3, 6, 4, 7, 5, 9, 7, 3, 1, 4, 6, 2, 3, 3, 9, 6, 5, 3] indices=[56388, 39919, 1943, 36953, 5252, 16649, 47525, 28651, 14939, 34172, 21757, 12150, 5218, 25698, 14177, 22332, 697, 37691, 20021, 36349, 10980, 9573, 42328, 26131, 6158, 41674, 19794, 47229, 25142, 37214, 46166, 8662, 11171, 48328, 7232, 34781, 49012, 12945, 55873, 33966, 54979, 25271, 14229, 33498, 36180, 12597, 50184, 17524, 41173, 10324, 27471, 53265, 31239, 39706, 50632, 20258, 1694, 11601, 44312, 41385, 23719, 45566, 32567, 21092]
[Train] batch 664 GPA: 0x000000038da18a00
[TS] batch664/input: write_done_realtime_ns=1787618981714779028
[GT] batch664 labels=[0, 7, 4, 6, 6, 9, 0, 3, 5, 0, 3, 2, 2, 9, 1, 0, 2, 4, 4, 2, 9, 1, 1, 2, 9, 2, 4, 3, 2, 2, 1, 6, 6, 0, 0, 7, 3, 5, 3, 7, 4, 0, 4, 8, 2, 4, 4, 5, 6, 6, 6, 8, 1, 8, 5, 8, 3, 8, 1, 6, 8, 1, 6, 3] indices=[15590, 46095, 47843, 6157, 33984, 2956, 7875, 55715, 56344, 1107, 53482, 23584, 51931, 35440, 13711, 57186, 11563, 44499, 10990, 5227, 43478, 46046, 8194, 19524, 34321, 44841, 14103, 25398, 13059, 8632, 3996, 14660, 48740, 58609, 34839, 34149, 28983, 7172, 55017, 39535, 3783, 23589, 56080, 46025, 55443, 9139, 42616, 4015, 1562, 24750, 32978, 6284, 49145, 22849, 59160, 6523, 4552, 40727, 52376, 1309, 17056, 39796, 11174, 19883]
[Train] batch 665 GPA: 0x000000038da01400
[TS] batch665/input: write_done_realtime_ns=1787618981728029563
[GT] batch665 labels=[0, 1, 4, 4, 2, 5, 4, 6, 4, 8, 5, 4, 8, 3, 6, 6, 6, 0, 0, 0, 5, 6, 5, 9, 6, 8, 5, 8, 2, 0, 0, 6, 9, 4, 0, 3, 1, 2, 5, 0, 0, 2, 9, 8, 0, 8, 2, 3, 2, 5, 1, 2, 4, 2, 1, 6, 7, 8, 6, 4, 8, 4, 4, 7] indices=[58053, 54824, 43150, 46677, 41189, 20890, 2439, 7063, 49745, 25149, 4299, 12001, 3689, 40401, 33486, 38996, 3127, 46488, 20929, 30071, 52737, 958, 20854, 27087, 41050, 51725, 5526, 7218, 57363, 51045, 59342, 41262, 13356, 59407, 8249, 19063, 12883, 57716, 11587, 34014, 29736, 11795, 20594, 33202, 45833, 21778, 6212, 6826, 3244, 21976, 43197, 24841, 18385, 22199, 13947, 21418, 1126, 50044, 9580, 21746, 47283, 35884, 57585, 49159]
[Train] batch 666 GPA: 0x000000038da18a00
[TS] batch666/input: write_done_realtime_ns=1787618981741261608
[GT] batch666 labels=[6, 0, 7, 6, 0, 0, 0, 7, 3, 6, 2, 3, 6, 4, 9, 1, 7, 7, 7, 4, 6, 1, 8, 1, 0, 8, 6, 4, 3, 8, 9, 6, 1, 0, 2, 4, 2, 7, 2, 3, 4, 8, 0, 9, 6, 5, 9, 9, 7, 2, 4, 6, 6, 0, 9, 0, 0, 4, 5, 5, 4, 2, 8, 4] indices=[46218, 3667, 44194, 52502, 37192, 8003, 26219, 17177, 20147, 9517, 34717, 42493, 55226, 6323, 49544, 17637, 57282, 40436, 39026, 19202, 43564, 34705, 28931, 57673, 16777, 43724, 16161, 4616, 25820, 13186, 33144, 16245, 46913, 13738, 24552, 23339, 365, 53441, 15030, 15226, 16443, 55853, 20292, 19933, 53793, 28040, 35647, 6765, 6707, 13837, 19375, 24037, 672, 37752, 20248, 31195, 42795, 41886, 24504, 29307, 55641, 5928, 13639, 15891]
[Train] batch 667 GPA: 0x000000038da01400
[TS] batch667/input: write_done_realtime_ns=1787618981754533323
[GT] batch667 labels=[5, 9, 3, 7, 2, 7, 1, 2, 9, 6, 9, 4, 6, 4, 1, 6, 5, 2, 8, 9, 2, 9, 2, 7, 7, 9, 5, 1, 0, 6, 5, 7, 9, 7, 5, 7, 6, 7, 9, 4, 1, 9, 1, 3, 8, 1, 2, 2, 9, 7, 8, 6, 1, 6, 7, 5, 0, 6, 1, 7, 7, 4, 4, 4] indices=[47016, 9728, 40540, 56066, 21006, 46688, 54259, 24570, 8315, 12518, 22125, 37429, 22323, 8603, 36968, 3706, 25966, 36978, 41529, 52406, 15153, 58013, 31247, 15953, 17113, 14568, 4113, 58387, 24495, 45839, 18172, 45457, 18374, 33164, 29940, 9373, 45664, 34560, 48927, 11008, 6384, 10839, 15730, 17063, 39442, 42716, 55906, 34371, 12074, 4551, 14697, 16604, 55371, 36590, 24254, 1263, 27806, 18134, 31265, 12737, 4266, 4959, 42181, 53476]
[Train] batch 668 GPA: 0x000000038da18a00
[TS] batch668/input: write_done_realtime_ns=1787618981767766829
[GT] batch668 labels=[2, 0, 6, 1, 6, 1, 3, 8, 9, 2, 6, 6, 8, 2, 6, 2, 9, 8, 4, 5, 5, 1, 0, 7, 6, 3, 8, 7, 2, 1, 9, 6, 0, 9, 4, 0, 7, 8, 4, 2, 2, 2, 6, 3, 0, 0, 2, 4, 5, 9, 9, 3, 3, 4, 1, 7, 0, 8, 0, 8, 1, 3, 4, 5] indices=[907, 59148, 18096, 46792, 58392, 48862, 39961, 56193, 23431, 48391, 7562, 29140, 13781, 20077, 37371, 29019, 48566, 20986, 38236, 13284, 22205, 40537, 12799, 22941, 41346, 12377, 41154, 51802, 26577, 2462, 20050, 38555, 27070, 49030, 15298, 1000, 19844, 53996, 17182, 15994, 44881, 33727, 2967, 21570, 41987, 27603, 16033, 25490, 28048, 26837, 14984, 7065, 2905, 6268, 17413, 17443, 8369, 41463, 28946, 59303, 19640, 27589, 1273, 39482]
[Train] batch 669 GPA: 0x000000038da01400
[TS] batch669/input: write_done_realtime_ns=1787618981781127343
[GT] batch669 labels=[5, 6, 4, 4, 4, 7, 4, 9, 3, 8, 8, 7, 6, 4, 7, 8, 7, 2, 0, 4, 8, 0, 2, 9, 3, 6, 3, 7, 6, 5, 4, 3, 1, 1, 8, 7, 3, 6, 6, 0, 8, 5, 1, 4, 6, 8, 3, 3, 0, 9, 7, 7, 0, 1, 5, 3, 9, 2, 0, 6, 7, 3, 2, 5] indices=[38612, 40209, 44977, 2808, 28599, 49209, 50606, 23285, 7980, 21295, 45050, 3915, 35566, 33411, 29689, 47577, 7869, 14050, 44560, 16996, 2388, 17941, 9246, 54382, 7655, 43581, 17435, 5223, 42714, 10653, 47089, 50935, 41392, 33658, 8675, 51591, 24597, 42922, 35284, 57117, 49276, 19430, 39717, 48819, 9967, 9611, 17077, 35022, 54232, 20410, 54441, 14642, 39054, 24895, 6026, 40926, 39096, 9625, 31535, 23450, 52471, 50369, 50290, 9009]
[Train] batch 670 GPA: 0x000000038da18a00
[TS] batch670/input: write_done_realtime_ns=1787618981794438347
[GT] batch670 labels=[2, 0, 6, 3, 4, 1, 7, 6, 1, 6, 8, 1, 8, 6, 6, 1, 2, 7, 1, 6, 7, 6, 3, 3, 6, 8, 2, 7, 3, 9, 9, 7, 1, 5, 4, 1, 7, 9, 8, 4, 4, 7, 2, 9, 7, 7, 1, 2, 3, 0, 2, 0, 7, 4, 8, 6, 9, 1, 1, 2, 7, 0, 7, 7] indices=[36166, 49229, 6265, 659, 21814, 48273, 30979, 42992, 7454, 35184, 38844, 24904, 57655, 59998, 59754, 31129, 36662, 10170, 32378, 24522, 54115, 8282, 28709, 12901, 48071, 19685, 58071, 44080, 33283, 41254, 24538, 39348, 36992, 23832, 32993, 27558, 57672, 2779, 439, 20197, 15274, 4591, 8428, 32410, 12081, 5253, 38764, 4183, 37944, 2904, 42050, 27257, 18391, 38253, 11413, 274, 56341, 1658, 14615, 24055, 36713, 14559, 47495, 23230]
Train Epoch: 1 [42880/60000 (71%)]	Loss: 0.034765
[Train] batch 671 GPA: 0x000000038da01400
[TS] batch671/input: write_done_realtime_ns=1787618981807674473
[GT] batch671 labels=[8, 5, 1, 4, 5, 8, 9, 3, 0, 0, 3, 6, 5, 5, 9, 4, 3, 1, 4, 9, 1, 1, 1, 2, 1, 3, 9, 1, 3, 2, 4, 7, 5, 3, 6, 8, 9, 8, 7, 6, 0, 2, 6, 4, 1, 2, 2, 9, 4, 3, 8, 3, 5, 0, 7, 5, 4, 4, 3, 0, 2, 7, 8, 5] indices=[27118, 34527, 11228, 44291, 25466, 55015, 39829, 53938, 44603, 2079, 20708, 18068, 32757, 23209, 40994, 33805, 53958, 47785, 9108, 33931, 49534, 35236, 49473, 32135, 18906, 38321, 7070, 11561, 28276, 52659, 33731, 54317, 13404, 8830, 21180, 27030, 4456, 59648, 46426, 623, 32843, 57506, 36714, 14220, 22267, 41730, 9712, 37520, 8995, 42794, 5257, 11570, 11599, 51210, 45258, 19676, 7965, 45860, 52565, 9699, 1550, 5325, 39104, 7481]
[Train] batch 672 GPA: 0x000000038da18a00
[TS] batch672/input: write_done_realtime_ns=1787618981821210065
[GT] batch672 labels=[1, 4, 5, 0, 1, 2, 6, 5, 2, 9, 5, 8, 1, 8, 8, 5, 6, 3, 6, 2, 9, 1, 7, 3, 5, 6, 1, 8, 1, 7, 6, 7, 3, 4, 8, 4, 4, 2, 4, 2, 4, 8, 1, 3, 4, 7, 0, 4, 3, 1, 7, 6, 3, 7, 6, 1, 4, 2, 4, 4, 5, 7, 2, 3] indices=[10907, 40600, 30983, 8612, 31829, 43211, 5230, 25315, 37143, 28313, 19706, 51058, 32540, 26414, 13195, 22089, 56526, 26662, 28727, 41766, 43392, 56326, 30465, 33587, 36407, 16160, 24086, 31801, 35000, 30504, 31645, 35580, 37439, 2277, 295, 8711, 2800, 1920, 32917, 4414, 7958, 51747, 38159, 58544, 9030, 40663, 5830, 56826, 21607, 29522, 3854, 14783, 11011, 23068, 57770, 13785, 16180, 47499, 2943, 35635, 40172, 2115, 56188, 32484]
[Train] batch 673 GPA: 0x000000038da01400
[TS] batch673/input: write_done_realtime_ns=1787618981834520070
[GT] batch673 labels=[0, 4, 7, 3, 1, 3, 0, 2, 7, 5, 0, 9, 2, 5, 8, 5, 6, 2, 5, 1, 5, 8, 2, 3, 2, 4, 5, 0, 1, 2, 9, 1, 5, 5, 7, 7, 7, 2, 3, 1, 2, 2, 9, 5, 1, 6, 1, 8, 9, 1, 9, 0, 9, 9, 1, 4, 1, 7, 1, 4, 2, 0, 3, 0] indices=[8533, 14390, 4799, 46138, 37849, 9386, 34999, 6143, 4081, 54189, 50924, 49653, 3341, 36354, 6677, 57944, 49802, 3660, 41263, 41805, 53634, 39391, 7646, 36716, 58929, 22905, 42287, 32966, 53348, 49757, 30778, 57272, 59329, 58040, 35321, 33582, 22534, 52118, 30011, 18235, 17431, 39476, 3316, 28658, 55609, 16118, 26182, 25766, 34954, 29746, 27908, 11860, 45178, 24556, 56221, 17730, 18761, 11831, 25485, 11965, 27470, 31430, 43967, 38035]
[Train] batch 674 GPA: 0x000000038da18a00
[TS] batch674/input: write_done_realtime_ns=1787618981847784304
[GT] batch674 labels=[5, 1, 7, 6, 7, 7, 0, 5, 3, 1, 8, 4, 3, 4, 1, 5, 7, 8, 3, 2, 9, 5, 3, 3, 3, 1, 0, 9, 7, 0, 3, 0, 0, 0, 9, 1, 9, 7, 7, 2, 9, 1, 9, 7, 1, 2, 1, 3, 4, 1, 8, 9, 5, 2, 9, 9, 6, 9, 3, 4, 4, 1, 7, 3] indices=[3637, 17459, 49184, 38022, 27723, 33123, 42324, 22156, 29650, 52888, 2942, 28501, 50025, 2809, 1148, 16406, 32700, 27563, 14297, 3564, 31443, 39671, 5412, 59262, 5799, 46326, 28202, 16035, 45663, 63, 25768, 39309, 30555, 25022, 43544, 15356, 55401, 23140, 49361, 5638, 31337, 43007, 30069, 15209, 52309, 47804, 24070, 36488, 8775, 55169, 7909, 9876, 45212, 7895, 16253, 9825, 15006, 520, 13181, 43173, 59893, 25268, 20504, 6416]
[Train] batch 675 GPA: 0x000000038da01400
[TS] batch675/input: write_done_realtime_ns=1787618981861070659
[GT] batch675 labels=[0, 2, 9, 4, 4, 7, 9, 4, 8, 9, 2, 1, 0, 0, 1, 2, 1, 6, 9, 8, 3, 5, 6, 4, 6, 1, 7, 7, 1, 1, 7, 0, 6, 6, 0, 1, 3, 2, 7, 1, 8, 0, 7, 1, 3, 7, 8, 7, 7, 6, 6, 2, 5, 3, 3, 8, 4, 1, 1, 0, 0, 1, 9, 3] indices=[52154, 43789, 28114, 5175, 30186, 56111, 55493, 3037, 56536, 31834, 9371, 7558, 59651, 26731, 56336, 29784, 13674, 5682, 7893, 11546, 35929, 35618, 34589, 26573, 34466, 30389, 29470, 1832, 48131, 738, 28624, 30651, 26377, 17773, 28328, 54876, 7030, 18158, 49372, 9240, 23524, 38835, 14095, 32824, 13142, 36465, 777, 4254, 6375, 30033, 151, 17660, 48814, 45814, 28957, 10551, 31814, 26812, 12952, 18247, 2353, 58022, 25168, 44848]
[Train] batch 676 GPA: 0x000000038da18a00
[TS] batch676/input: write_done_realtime_ns=1787618981874492503
[GT] batch676 labels=[7, 7, 1, 3, 0, 9, 7, 7, 1, 4, 5, 0, 3, 7, 3, 9, 0, 5, 6, 8, 9, 8, 0, 5, 8, 2, 4, 3, 8, 8, 1, 7, 2, 9, 9, 0, 4, 6, 2, 3, 4, 9, 8, 5, 7, 9, 7, 7, 9, 5, 5, 5, 6, 0, 9, 6, 4, 3, 8, 9, 9, 6, 3, 2] indices=[57621, 13192, 22972, 14261, 57261, 37326, 44805, 34459, 36532, 16331, 21883, 15753, 12968, 30245, 629, 22549, 25065, 59906, 55670, 59636, 24197, 18369, 14919, 10566, 8047, 25069, 20176, 1476, 48382, 38866, 8689, 59138, 47114, 21471, 24911, 15864, 2204, 55019, 43566, 58881, 38011, 37935, 30581, 44760, 46875, 55473, 23443, 17497, 58499, 25967, 57256, 32822, 3327, 29039, 6263, 32050, 39990, 36931, 4348, 33746, 19641, 28576, 38827, 51399]
[Train] batch 677 GPA: 0x000000038da01400
[TS] batch677/input: write_done_realtime_ns=1787618981887766948
[GT] batch677 labels=[5, 0, 5, 7, 0, 6, 1, 7, 9, 1, 5, 9, 5, 8, 3, 3, 2, 0, 4, 9, 5, 9, 2, 2, 4, 4, 1, 3, 0, 7, 6, 1, 0, 7, 3, 4, 4, 4, 0, 3, 1, 9, 3, 6, 0, 5, 3, 3, 6, 1, 2, 4, 6, 4, 2, 2, 3, 6, 1, 2, 0, 7, 1, 0] indices=[48345, 41729, 26286, 10302, 30373, 57143, 23462, 35549, 27226, 11214, 496, 53396, 55442, 30919, 55093, 4956, 39862, 48196, 48410, 304, 6644, 36083, 9105, 55919, 54374, 37171, 41031, 4373, 56347, 56895, 54383, 1375, 24840, 36547, 9959, 20490, 10918, 26365, 11794, 57173, 9562, 45605, 49137, 21934, 19594, 47856, 24733, 55054, 15960, 54417, 38937, 47477, 35297, 34303, 12551, 56394, 49082, 5996, 22343, 37632, 50390, 32095, 19841, 35659]
[Train] batch 678 GPA: 0x000000038da18a00
[TS] batch678/input: write_done_realtime_ns=1787618981901056873
[GT] batch678 labels=[1, 7, 2, 3, 7, 0, 3, 8, 1, 4, 0, 6, 5, 1, 7, 9, 8, 0, 9, 3, 4, 3, 0, 5, 2, 6, 0, 3, 2, 3, 0, 5, 6, 8, 4, 2, 4, 1, 8, 6, 5, 9, 3, 8, 6, 9, 7, 9, 1, 4, 2, 0, 6, 1, 6, 3, 8, 6, 8, 4, 4, 3, 1, 6] indices=[11236, 38374, 58114, 40932, 32906, 23616, 42908, 3737, 41269, 34572, 34356, 53499, 36588, 30898, 7686, 47332, 24875, 59336, 51757, 20249, 27857, 44440, 6648, 1285, 28844, 26810, 13492, 18463, 52801, 6658, 1606, 10954, 12023, 35120, 1633, 59110, 8747, 47977, 3517, 16590, 625, 42890, 8169, 57031, 9254, 52151, 6722, 14442, 26390, 39080, 53901, 23793, 40157, 13985, 14524, 16029, 51754, 48219, 34414, 10870, 15429, 56492, 57903, 27390]
[Train] batch 679 GPA: 0x000000038da01400
[TS] batch679/input: write_done_realtime_ns=1787618981914257798
[GT] batch679 labels=[3, 9, 9, 1, 8, 7, 1, 5, 9, 5, 4, 2, 7, 2, 0, 5, 0, 6, 4, 5, 0, 6, 3, 2, 8, 7, 3, 1, 9, 4, 9, 8, 2, 1, 8, 1, 0, 2, 3, 5, 3, 2, 8, 6, 5, 7, 3, 2, 9, 0, 5, 4, 9, 0, 5, 1, 5, 1, 2, 8, 5, 0, 1, 9] indices=[32267, 56317, 13530, 42849, 22281, 59664, 25473, 15886, 51521, 14078, 48418, 46863, 123, 55199, 48267, 23972, 46339, 24955, 9436, 43867, 18253, 59073, 53374, 7554, 13934, 10178, 50644, 27585, 54677, 23855, 52618, 17688, 19903, 19528, 32105, 42406, 26427, 24485, 44408, 45390, 19829, 5065, 7539, 5026, 9647, 20669, 48761, 24690, 1850, 9703, 39808, 13458, 57309, 32165, 49455, 20212, 33200, 56834, 35887, 27562, 48586, 7882, 30209, 13871]
[Train] batch 680 GPA: 0x000000038da18a00
[TS] batch680/input: write_done_realtime_ns=1787618981927458865
[GT] batch680 labels=[4, 0, 8, 5, 1, 2, 5, 8, 9, 9, 7, 9, 7, 8, 1, 9, 5, 1, 3, 4, 1, 2, 7, 7, 5, 7, 5, 2, 4, 7, 6, 0, 3, 9, 2, 0, 7, 5, 7, 8, 4, 0, 6, 4, 9, 9, 9, 6, 4, 8, 2, 9, 6, 5, 7, 3, 4, 4, 7, 8, 8, 9, 5, 3] indices=[38966, 9985, 45802, 15481, 59527, 26888, 10904, 20607, 45873, 45142, 15808, 10094, 33107, 38476, 43025, 15195, 31702, 28235, 50140, 43274, 13113, 4574, 24928, 1770, 4704, 36479, 6274, 54511, 54672, 10763, 9635, 10237, 22695, 7627, 18845, 47079, 52707, 15116, 45170, 19600, 41655, 28945, 9389, 44798, 40293, 10047, 14239, 37892, 38515, 1593, 55044, 55570, 14764, 17219, 51707, 51268, 17238, 13766, 46404, 59495, 32073, 43786, 29359, 7800]
Train Epoch: 1 [43520/60000 (72%)]	Loss: 0.057083
[Train] batch 681 GPA: 0x000000038da01400
[TS] batch681/input: write_done_realtime_ns=1787618981940864878
[GT] batch681 labels=[9, 1, 4, 1, 1, 2, 1, 0, 4, 3, 2, 4, 4, 2, 3, 8, 5, 1, 2, 2, 1, 5, 2, 3, 7, 1, 3, 1, 4, 3, 4, 7, 0, 7, 3, 4, 7, 8, 1, 0, 0, 3, 7, 3, 6, 1, 1, 3, 8, 5, 7, 4, 1, 9, 0, 0, 0, 6, 8, 9, 0, 0, 8, 2] indices=[5829, 58965, 3203, 28196, 28970, 3710, 2623, 36393, 54770, 46480, 31056, 3261, 35716, 28404, 45903, 35939, 6527, 1640, 53744, 4437, 1002, 13724, 58801, 15322, 28926, 30007, 48500, 12434, 46993, 32652, 23658, 59082, 25818, 18494, 37161, 9100, 301, 41751, 22735, 57634, 27148, 6291, 25817, 29889, 48590, 23755, 27895, 13629, 18373, 41731, 23978, 33320, 37190, 21138, 23013, 52934, 11422, 7741, 34375, 33236, 6446, 4159, 46428, 43116]
[Train] batch 682 GPA: 0x000000038da18a00
[TS] batch682/input: write_done_realtime_ns=1787618981954031494
[GT] batch682 labels=[8, 5, 0, 5, 0, 4, 5, 0, 9, 1, 3, 1, 3, 2, 4, 6, 0, 5, 2, 0, 1, 9, 2, 9, 5, 4, 2, 0, 3, 2, 4, 8, 7, 6, 1, 8, 3, 1, 9, 1, 7, 2, 3, 6, 6, 4, 4, 6, 0, 8, 6, 9, 4, 7, 2, 5, 2, 0, 7, 5, 8, 7, 5, 1] indices=[58636, 52739, 35209, 13234, 49583, 6215, 53244, 32925, 20573, 52416, 41171, 5789, 30780, 59444, 43433, 8817, 2615, 36663, 14868, 4686, 13610, 43167, 23800, 48616, 15884, 58023, 7394, 43778, 49648, 14510, 40672, 29722, 44972, 10786, 48720, 33979, 49968, 22859, 16330, 54164, 46501, 24467, 55104, 40707, 8481, 22786, 39435, 43054, 56989, 16044, 51354, 58006, 1667, 38517, 43257, 43587, 50695, 45230, 26707, 55498, 47387, 51138, 24166, 55505]
[Train] batch 683 GPA: 0x000000038da01400
[TS] batch683/input: write_done_realtime_ns=1787618981967285289
[GT] batch683 labels=[7, 9, 4, 8, 4, 2, 8, 1, 7, 1, 9, 8, 3, 5, 7, 9, 6, 8, 6, 7, 3, 7, 1, 0, 1, 5, 7, 8, 0, 4, 2, 4, 4, 7, 9, 4, 1, 7, 9, 7, 3, 2, 6, 2, 4, 1, 0, 9, 9, 7, 6, 0, 1, 9, 4, 2, 6, 9, 4, 0, 7, 0, 5, 1] indices=[52217, 35732, 2452, 24598, 53693, 9036, 56357, 29586, 6510, 6247, 10794, 2265, 10161, 21338, 51825, 43223, 13838, 50886, 53068, 50760, 19014, 28661, 24288, 50909, 23473, 7962, 55826, 51208, 19117, 35335, 37151, 11930, 14105, 12293, 176, 38906, 54416, 22259, 18738, 37784, 48139, 6755, 49133, 21164, 4707, 37393, 28612, 7468, 27876, 3448, 367, 59952, 58689, 39724, 41355, 1896, 15714, 51531, 15359, 41259, 24505, 19419, 43560, 7761]
[Train] batch 684 GPA: 0x000000038da18a00
[TS] batch684/input: write_done_realtime_ns=1787618981980614653
[GT] batch684 labels=[0, 0, 1, 6, 2, 5, 5, 1, 1, 6, 0, 8, 5, 8, 7, 7, 9, 0, 2, 7, 3, 7, 5, 6, 0, 9, 7, 6, 5, 6, 1, 2, 6, 7, 8, 4, 8, 7, 8, 0, 0, 5, 4, 0, 6, 1, 0, 6, 8, 6, 0, 2, 9, 1, 4, 7, 6, 8, 0, 3, 4, 6, 5, 3] indices=[30080, 5048, 6254, 34956, 21493, 50759, 53067, 13399, 51390, 34433, 4539, 31938, 42407, 46018, 50021, 34487, 44884, 11973, 44371, 25525, 22322, 56077, 48564, 6486, 8253, 2199, 55699, 9123, 11839, 32357, 28649, 13415, 50866, 52391, 51864, 19564, 54180, 30290, 48588, 40521, 58765, 5752, 32094, 30424, 6574, 15722, 20128, 52275, 15610, 34915, 23113, 13550, 26045, 29239, 21886, 57609, 16599, 51207, 10992, 39907, 10634, 8001, 31222, 58421]
[Train] batch 685 GPA: 0x000000038da01400
[TS] batch685/input: write_done_realtime_ns=1787618981993874539
[GT] batch685 labels=[5, 3, 2, 6, 4, 8, 3, 5, 4, 5, 0, 3, 1, 6, 9, 1, 4, 3, 0, 9, 9, 1, 3, 5, 0, 8, 9, 9, 7, 7, 0, 6, 0, 2, 0, 2, 6, 9, 2, 2, 4, 4, 0, 1, 0, 8, 6, 0, 0, 5, 8, 5, 4, 3, 0, 0, 6, 5, 8, 1, 8, 7, 3, 9] indices=[58632, 17371, 13914, 14372, 3724, 17950, 34721, 12181, 17865, 23668, 18515, 30072, 46213, 38460, 50029, 5073, 38147, 44782, 8935, 42668, 793, 57780, 235, 25997, 41667, 23243, 42566, 56788, 49742, 29051, 54997, 50118, 11845, 51660, 2864, 9333, 53095, 29400, 46690, 4843, 30016, 10351, 7855, 54468, 13216, 34165, 36523, 32708, 20482, 52122, 5343, 50430, 43302, 17040, 18658, 52238, 19208, 16353, 11858, 13137, 39902, 16099, 35221, 27361]
[Train] batch 686 GPA: 0x000000038da18a00
[TS] batch686/input: write_done_realtime_ns=1787618982007158713
[GT] batch686 labels=[7, 1, 2, 2, 4, 0, 0, 7, 6, 3, 6, 9, 9, 2, 2, 6, 7, 5, 8, 4, 3, 1, 2, 3, 6, 0, 3, 8, 4, 1, 7, 3, 7, 6, 2, 8, 1, 3, 2, 6, 6, 0, 3, 1, 9, 2, 1, 1, 4, 0, 0, 3, 1, 7, 1, 1, 9, 2, 7, 2, 2, 1, 0, 8] indices=[58925, 7838, 18216, 38430, 42239, 7948, 27865, 35919, 37231, 40940, 16782, 51956, 33353, 57859, 20160, 44843, 18962, 13843, 35981, 22590, 23820, 24139, 11727, 57351, 24475, 10488, 5926, 7704, 56400, 56768, 33280, 29094, 22955, 57260, 53340, 5597, 30194, 10830, 46129, 11263, 31457, 17210, 7765, 40348, 33696, 39853, 41959, 11433, 47764, 41713, 43445, 24780, 28522, 522, 58189, 26914, 14796, 44591, 7423, 42741, 4398, 23862, 39850, 38878]
[Train] batch 687 GPA: 0x000000038da01400
[TS] batch687/input: write_done_realtime_ns=1787618982020495348
[GT] batch687 labels=[4, 5, 1, 1, 0, 2, 3, 8, 7, 7, 3, 7, 1, 0, 7, 5, 8, 5, 3, 3, 3, 9, 0, 3, 5, 9, 6, 0, 4, 6, 7, 0, 0, 6, 5, 9, 1, 5, 7, 8, 7, 7, 6, 6, 2, 7, 0, 4, 0, 0, 7, 9, 8, 6, 0, 0, 3, 2, 3, 7, 5, 2, 1, 4] indices=[14207, 2000, 37011, 28828, 42342, 53650, 5173, 43880, 15923, 9157, 29528, 24088, 36892, 47917, 17306, 55394, 18690, 51886, 39231, 28132, 54430, 36486, 22294, 52676, 34276, 38600, 9058, 4108, 6462, 31892, 51839, 18208, 37377, 59986, 1913, 14146, 45556, 6399, 10131, 38391, 29324, 17424, 58301, 30036, 12858, 10715, 30331, 15568, 23753, 47513, 44185, 15837, 2383, 57565, 31575, 39093, 32209, 55391, 59038, 31678, 17016, 3902, 41750, 41298]
[Train] batch 688 GPA: 0x000000038da18a00
[TS] batch688/input: write_done_realtime_ns=1787618982033707173
[GT] batch688 labels=[1, 4, 4, 5, 9, 0, 3, 6, 5, 4, 2, 5, 7, 4, 0, 0, 4, 9, 9, 5, 4, 1, 0, 1, 4, 9, 0, 2, 0, 1, 1, 5, 4, 3, 4, 1, 4, 2, 3, 1, 2, 0, 8, 8, 2, 3, 4, 1, 1, 2, 4, 5, 2, 5, 8, 5, 6, 4, 7, 0, 3, 1, 2, 1] indices=[7656, 41574, 20040, 7888, 409, 3612, 44295, 48772, 51736, 8006, 56961, 49655, 7362, 16431, 34086, 22706, 17744, 18722, 29492, 51659, 24642, 3560, 25914, 30171, 59620, 31256, 52639, 22731, 13734, 52334, 838, 38314, 48635, 45150, 5636, 51397, 50819, 26740, 57300, 8112, 13257, 24480, 7514, 46222, 18632, 26629, 34994, 6709, 52498, 34462, 54918, 46358, 57981, 54659, 11796, 16586, 22074, 35482, 21429, 21242, 13676, 5149, 26632, 10134]
[Train] batch 689 GPA: 0x000000038da01400
[TS] batch689/input: write_done_realtime_ns=1787618982046989468
[GT] batch689 labels=[3, 1, 0, 6, 0, 2, 9, 7, 6, 1, 2, 5, 3, 4, 9, 4, 1, 4, 9, 6, 1, 7, 9, 4, 6, 4, 1, 7, 8, 5, 4, 4, 8, 5, 4, 9, 5, 3, 2, 3, 9, 3, 3, 6, 2, 5, 1, 9, 5, 8, 6, 2, 3, 5, 9, 5, 5, 2, 9, 9, 4, 6, 1, 2] indices=[33229, 55995, 29056, 46411, 48727, 4080, 23329, 56591, 50275, 51666, 43617, 30280, 2926, 22537, 3904, 51396, 52291, 17823, 58616, 10617, 58719, 16143, 3173, 50134, 4360, 33322, 42393, 26189, 28687, 23676, 12460, 4406, 4043, 59880, 58813, 49388, 42964, 25809, 27413, 12750, 50119, 54248, 19326, 21838, 410, 14670, 57378, 35421, 31979, 16114, 27850, 43331, 9466, 4940, 48384, 39903, 45716, 54262, 47457, 42643, 25182, 6572, 46542, 43975]
[Train] batch 690 GPA: 0x000000038da18a00
[TS] batch690/input: write_done_realtime_ns=1787618982060251393
[GT] batch690 labels=[9, 6, 9, 1, 3, 0, 3, 5, 8, 2, 1, 7, 4, 3, 1, 6, 0, 9, 3, 2, 9, 4, 9, 4, 8, 9, 5, 1, 2, 9, 6, 0, 8, 5, 7, 6, 6, 9, 4, 1, 3, 7, 6, 7, 9, 7, 9, 1, 4, 4, 7, 3, 9, 0, 8, 4, 0, 8, 0, 4, 7, 3, 6, 9] indices=[46065, 53311, 15709, 27345, 21153, 3720, 23866, 53971, 45649, 8617, 47776, 4020, 26890, 1533, 34241, 5782, 45235, 59814, 42251, 3470, 43358, 14326, 50703, 4874, 333, 44890, 24001, 17845, 36463, 32759, 33728, 57115, 628, 19752, 39399, 22282, 46611, 17447, 23587, 24, 56761, 43471, 48283, 33635, 35194, 56451, 14762, 31663, 45231, 17801, 44772, 57909, 32311, 33148, 39756, 32661, 16083, 59280, 56005, 20529, 49691, 29232, 21565, 4399]
Train Epoch: 1 [44160/60000 (74%)]	Loss: 0.134059
[Train] batch 691 GPA: 0x000000038da01400
[TS] batch691/input: write_done_realtime_ns=1787618982073665247
[GT] batch691 labels=[2, 8, 5, 6, 9, 7, 7, 0, 4, 1, 4, 1, 7, 3, 2, 2, 1, 4, 7, 5, 0, 8, 7, 1, 3, 1, 3, 1, 1, 6, 7, 4, 5, 6, 1, 8, 6, 0, 2, 7, 6, 6, 4, 5, 3, 6, 7, 3, 6, 0, 4, 0, 5, 0, 3, 5, 5, 5, 5, 8, 3, 1, 8, 3] indices=[21507, 33059, 4312, 56186, 8745, 31362, 53465, 24698, 45318, 10886, 43152, 53143, 29509, 2359, 50334, 38785, 18958, 8458, 28120, 41258, 21028, 23768, 4338, 1860, 29153, 24216, 10493, 31001, 24606, 53009, 18346, 3315, 41610, 13912, 20848, 59018, 34621, 24440, 27535, 39371, 50086, 10553, 49299, 43676, 21720, 13364, 148, 53035, 11964, 24445, 12398, 7892, 19609, 32221, 41003, 28654, 26251, 47138, 504, 57054, 22477, 56046, 24048, 27741]
[Train] batch 692 GPA: 0x000000038da18a00
[TS] batch692/input: write_done_realtime_ns=1787618982086828053
[GT] batch692 labels=[7, 7, 1, 2, 1, 8, 8, 7, 3, 3, 1, 8, 9, 4, 0, 5, 9, 7, 1, 4, 6, 8, 2, 4, 7, 3, 4, 5, 2, 6, 1, 9, 0, 0, 8, 4, 2, 4, 8, 2, 6, 9, 0, 6, 4, 5, 6, 5, 8, 1, 0, 8, 4, 0, 0, 3, 5, 9, 6, 6, 6, 5, 2, 0] indices=[48001, 31799, 39237, 53879, 5543, 21569, 58817, 3206, 10483, 34058, 52454, 25849, 17785, 26567, 50357, 10498, 32443, 27103, 16923, 50416, 26129, 30162, 54161, 2276, 43378, 59282, 46503, 21734, 45819, 44925, 47928, 37331, 3492, 36371, 46154, 4133, 17821, 25894, 48329, 44347, 44697, 17720, 57650, 35205, 15931, 39120, 59570, 48424, 6199, 43336, 40454, 41078, 41096, 2483, 15955, 31379, 39380, 55730, 41018, 34046, 24058, 47683, 32981, 34051]
[Train] batch 693 GPA: 0x000000038da01400
[TS] batch693/input: write_done_realtime_ns=1787618982100001999
[GT] batch693 labels=[7, 8, 5, 8, 0, 8, 2, 3, 2, 6, 2, 5, 9, 7, 6, 7, 8, 9, 5, 4, 0, 7, 6, 3, 2, 9, 0, 8, 4, 3, 3, 2, 9, 9, 5, 3, 1, 4, 4, 1, 7, 3, 5, 1, 4, 9, 6, 7, 3, 9, 5, 4, 7, 9, 4, 2, 2, 8, 8, 2, 8, 5, 3, 0] indices=[58941, 29192, 2080, 4909, 32905, 44202, 40936, 41283, 15418, 2496, 32418, 915, 43661, 16809, 58522, 57980, 858, 17226, 49023, 1176, 4642, 37684, 25141, 10091, 34450, 13936, 1349, 43828, 2222, 48901, 49868, 55723, 22263, 21162, 49820, 51998, 55767, 29767, 1149, 45320, 19929, 19675, 15304, 26444, 605, 38747, 58246, 30357, 22417, 3063, 45933, 24244, 9787, 33249, 35178, 19373, 2959, 55973, 57580, 47842, 31474, 51963, 7106, 979]
[Train] batch 694 GPA: 0x000000038da18a00
[TS] batch694/input: write_done_realtime_ns=1787618982113237044
[GT] batch694 labels=[2, 9, 3, 8, 7, 1, 2, 7, 5, 2, 5, 8, 2, 8, 7, 7, 3, 6, 1, 2, 1, 7, 9, 1, 1, 8, 2, 2, 1, 1, 7, 9, 9, 7, 1, 3, 7, 9, 8, 6, 9, 8, 1, 4, 4, 3, 7, 4, 4, 0, 3, 3, 9, 4, 4, 3, 4, 3, 8, 0, 3, 0, 5, 4] indices=[49381, 8776, 12463, 46505, 32584, 54809, 26626, 36302, 12405, 18567, 36493, 43629, 30690, 55772, 5446, 25808, 46449, 26126, 12128, 50011, 42803, 6878, 54181, 31751, 49860, 15911, 48550, 7780, 17030, 31174, 57839, 43611, 19244, 52752, 55574, 8946, 21725, 50854, 45207, 38514, 1939, 17721, 12362, 12052, 22409, 1218, 43763, 50591, 31536, 28855, 30754, 8054, 52148, 15787, 25410, 11034, 3340, 53402, 10572, 58146, 53595, 34238, 27255, 15615]
[Train] batch 695 GPA: 0x000000038da01400
[TS] batch695/input: write_done_realtime_ns=1787618982126495530
[GT] batch695 labels=[2, 1, 4, 4, 8, 5, 6, 6, 7, 6, 5, 2, 7, 0, 1, 2, 5, 4, 0, 2, 6, 8, 1, 5, 8, 3, 2, 6, 8, 0, 2, 9, 1, 5, 8, 3, 5, 1, 0, 9, 2, 8, 1, 9, 8, 2, 8, 4, 9, 0, 3, 9, 7, 5, 1, 5, 5, 5, 3, 7, 7, 8, 7, 8] indices=[52403, 30789, 53426, 19404, 12118, 49428, 40229, 28127, 13754, 19331, 51461, 26635, 49119, 35063, 50857, 33060, 9160, 38188, 39446, 28074, 13536, 22873, 14725, 19610, 15629, 54797, 19569, 48319, 28802, 26436, 45977, 10184, 49118, 36638, 41901, 6230, 11025, 678, 55302, 28240, 14996, 32046, 21811, 13695, 56716, 43317, 25256, 20999, 42738, 52202, 50922, 23919, 52842, 35224, 32229, 45155, 58870, 50881, 21866, 8556, 6435, 25362, 14898, 42900]
[Train] batch 696 GPA: 0x000000038da18a00
[TS] batch696/input: write_done_realtime_ns=1787618982139760734
[GT] batch696 labels=[0, 4, 0, 8, 5, 7, 1, 9, 6, 5, 6, 2, 1, 7, 5, 4, 6, 9, 8, 0, 9, 4, 7, 4, 1, 6, 2, 9, 8, 3, 5, 6, 9, 7, 4, 2, 5, 9, 3, 0, 2, 3, 6, 9, 8, 2, 6, 6, 6, 2, 2, 8, 1, 9, 9, 6, 8, 5, 6, 9, 5, 7, 6, 7] indices=[9485, 20447, 12584, 48472, 26363, 13205, 21168, 37123, 32043, 2912, 5553, 18841, 44210, 51292, 34288, 28426, 17023, 52324, 44467, 38850, 27773, 3072, 27061, 32448, 47234, 27190, 2693, 36670, 25097, 8967, 13602, 44666, 43421, 798, 53295, 19502, 11324, 42645, 37913, 37837, 25476, 255, 39406, 59817, 52719, 47342, 42166, 6869, 55456, 10472, 2322, 20858, 1909, 53845, 8409, 13306, 4448, 41202, 29035, 43416, 21519, 12206, 12866, 29412]
[Train] batch 697 GPA: 0x000000038da01400
[TS] batch697/input: write_done_realtime_ns=1787618982153141808
[GT] batch697 labels=[6, 5, 1, 7, 3, 7, 0, 7, 9, 3, 3, 7, 1, 0, 1, 2, 0, 6, 8, 5, 9, 1, 7, 0, 9, 3, 0, 2, 1, 0, 3, 6, 9, 0, 9, 1, 1, 4, 2, 1, 7, 0, 9, 1, 9, 9, 8, 7, 5, 7, 3, 9, 1, 0, 4, 9, 4, 8, 5, 5, 6, 6, 3, 5] indices=[42530, 36900, 3045, 35696, 14028, 58272, 14019, 57792, 35387, 2489, 58785, 2014, 47490, 41647, 48989, 25381, 58743, 57036, 32426, 29781, 23275, 41909, 3405, 46436, 15741, 26194, 29341, 34521, 44725, 31356, 33400, 38695, 19785, 56639, 172, 49198, 5732, 33824, 16057, 52223, 56095, 46479, 4368, 49588, 54850, 36148, 21315, 24044, 13078, 54287, 22542, 36567, 30550, 18425, 10789, 51082, 31416, 3513, 48016, 4562, 42960, 30839, 24783, 16393]
[Train] batch 698 GPA: 0x000000038da18a00
[TS] batch698/input: write_done_realtime_ns=1787618982166467293
[GT] batch698 labels=[4, 0, 8, 1, 7, 6, 8, 0, 0, 8, 1, 4, 5, 6, 4, 5, 5, 2, 9, 4, 1, 5, 0, 4, 1, 5, 8, 4, 7, 0, 7, 8, 2, 1, 2, 0, 5, 2, 0, 2, 0, 7, 2, 8, 5, 9, 1, 9, 3, 7, 1, 7, 1, 9, 5, 2, 1, 4, 7, 9, 8, 9, 9, 9] indices=[33888, 10343, 7586, 49538, 1586, 9863, 31726, 781, 24877, 6697, 21928, 36940, 18932, 30142, 9091, 27263, 8734, 50669, 41377, 20574, 4715, 51254, 28305, 42233, 23213, 52767, 58448, 26249, 53102, 3698, 46327, 5783, 43077, 13790, 32985, 14840, 27814, 23894, 1304, 25907, 38949, 11080, 10825, 29886, 35611, 15693, 45373, 30085, 31469, 31383, 28355, 18539, 44296, 1855, 19353, 48757, 48916, 13271, 41584, 59344, 33956, 1905, 53349, 11814]
[Train] batch 699 GPA: 0x000000038da01400
[TS] batch699/input: write_done_realtime_ns=1787618982179845676
[GT] batch699 labels=[5, 9, 6, 0, 8, 4, 7, 3, 1, 5, 1, 9, 6, 3, 7, 2, 5, 2, 3, 9, 7, 8, 6, 2, 4, 2, 9, 1, 5, 7, 3, 9, 7, 9, 7, 5, 6, 7, 2, 1, 6, 6, 2, 0, 3, 6, 5, 9, 8, 2, 0, 5, 9, 2, 1, 4, 6, 4, 2, 8, 6, 1, 4, 5] indices=[15306, 2119, 147, 3603, 39266, 9071, 59646, 47173, 59071, 51639, 23762, 17529, 22145, 58874, 51859, 13370, 39225, 39840, 22002, 5532, 59348, 47074, 1726, 59396, 37722, 43495, 20054, 10139, 19909, 3556, 10921, 21870, 3498, 58859, 10510, 43603, 18517, 32877, 28555, 5527, 54333, 44452, 38403, 49394, 38797, 36792, 44852, 35672, 40953, 45348, 29488, 6660, 13270, 20289, 44582, 26296, 1889, 52704, 801, 56141, 16032, 9734, 28799, 45519]
[Train] batch 700 GPA: 0x000000038da18a00
[TS] batch700/input: write_done_realtime_ns=1787618982193128181
[GT] batch700 labels=[6, 2, 7, 4, 1, 7, 9, 3, 9, 3, 4, 1, 3, 4, 4, 1, 5, 1, 8, 1, 0, 7, 6, 7, 1, 6, 9, 0, 3, 7, 8, 4, 4, 9, 6, 6, 2, 3, 6, 3, 9, 1, 5, 1, 5, 4, 3, 2, 8, 7, 5, 1, 6, 8, 6, 6, 0, 6, 1, 3, 0, 6, 7, 5] indices=[15652, 25618, 3276, 15432, 1879, 19842, 14058, 24299, 31089, 55566, 38392, 58772, 23281, 53834, 43600, 14169, 5210, 16779, 8310, 28568, 33496, 13651, 15448, 3252, 20070, 51700, 5803, 54833, 52785, 52497, 52483, 28588, 3625, 49747, 39824, 3908, 52189, 25106, 2910, 58525, 20826, 4657, 1887, 47501, 51364, 10724, 31723, 54709, 43342, 3992, 49253, 29603, 27156, 6620, 7179, 34918, 30123, 14747, 51905, 2379, 18645, 4054, 35633, 10173]
Train Epoch: 1 [44800/60000 (75%)]	Loss: 0.061055
[Train] batch 701 GPA: 0x000000038da01400
[TS] batch701/input: write_done_realtime_ns=1787618982206401126
[GT] batch701 labels=[4, 1, 8, 1, 7, 7, 9, 5, 5, 8, 9, 5, 2, 7, 5, 3, 8, 0, 7, 8, 2, 7, 0, 6, 9, 4, 6, 1, 7, 3, 6, 5, 0, 2, 7, 7, 8, 4, 2, 7, 8, 2, 2, 1, 7, 7, 4, 8, 7, 0, 6, 3, 6, 7, 7, 7, 4, 6, 6, 4, 0, 5, 0, 5] indices=[14440, 15316, 31293, 46934, 58885, 51384, 13178, 14251, 59546, 17375, 22072, 58957, 32297, 13637, 173, 392, 56396, 47957, 58425, 38092, 31467, 51537, 45307, 55057, 59362, 59922, 44420, 23444, 45844, 53252, 57254, 22509, 10334, 31852, 10716, 46765, 51347, 6552, 4846, 47206, 24410, 52643, 23545, 42440, 22498, 53624, 25903, 30843, 41250, 13215, 1669, 36076, 47133, 8804, 11564, 50129, 127, 27858, 47713, 34550, 3376, 19849, 34394, 35172]
[Train] batch 702 GPA: 0x000000038da18a00
[TS] batch702/input: write_done_realtime_ns=1787618982219665812
[GT] batch702 labels=[4, 9, 5, 9, 0, 2, 0, 6, 6, 4, 3, 2, 2, 7, 0, 3, 1, 1, 5, 6, 4, 4, 1, 2, 1, 9, 9, 4, 0, 1, 7, 9, 3, 6, 7, 4, 9, 6, 0, 4, 6, 7, 0, 3, 5, 7, 2, 6, 4, 4, 5, 8, 1, 0, 5, 3, 3, 3, 9, 7, 6, 3, 9, 8] indices=[35546, 12305, 5839, 15666, 11559, 9211, 25408, 45447, 52420, 47336, 26625, 49598, 24897, 29730, 21350, 58288, 13537, 14870, 45870, 21004, 19657, 11627, 35370, 46293, 33652, 2793, 42173, 17870, 39898, 10565, 14795, 6769, 18426, 43413, 51304, 14539, 26025, 9438, 49883, 26634, 50266, 26579, 39740, 42707, 21919, 27837, 49643, 2158, 24327, 40719, 48369, 31706, 56603, 49059, 54750, 53711, 9638, 29458, 11550, 16984, 58922, 38193, 5386, 6957]
[Train] batch 703 GPA: 0x000000038da01400
[TS] batch703/input: write_done_realtime_ns=1787618982233096485
[GT] batch703 labels=[9, 8, 6, 4, 8, 0, 2, 7, 8, 4, 9, 0, 7, 4, 0, 3, 4, 3, 1, 3, 4, 4, 1, 5, 2, 3, 1, 7, 0, 0, 9, 2, 4, 0, 3, 8, 9, 8, 3, 3, 9, 2, 8, 5, 0, 0, 5, 1, 3, 0, 7, 1, 0, 3, 8, 5, 2, 4, 9, 0, 0, 9, 0, 1] indices=[36392, 43504, 50113, 42377, 29601, 59197, 2510, 2778, 24979, 53363, 55992, 30170, 8138, 24195, 59840, 47469, 9558, 12967, 38974, 4156, 47571, 44960, 17472, 50320, 45904, 17442, 5020, 31882, 38212, 23754, 29195, 37671, 28551, 23380, 58892, 32747, 12294, 58283, 14135, 37454, 37651, 15055, 41973, 1691, 44606, 44130, 43148, 25302, 356, 23362, 8741, 53804, 38355, 39884, 36008, 39230, 18620, 34468, 34335, 21945, 14334, 17427, 41384, 8987]
[Train] batch 704 GPA: 0x000000038da18a00
[TS] batch704/input: write_done_realtime_ns=1787618982246449059
[GT] batch704 labels=[1, 8, 1, 8, 9, 6, 8, 3, 8, 0, 4, 6, 9, 7, 2, 5, 8, 3, 1, 8, 8, 8, 3, 6, 7, 2, 1, 0, 9, 4, 1, 0, 5, 7, 1, 5, 5, 5, 4, 8, 9, 7, 0, 2, 1, 1, 5, 0, 8, 8, 9, 3, 9, 0, 5, 3, 6, 5, 6, 5, 6, 7, 4, 1] indices=[7837, 48406, 25394, 17222, 4117, 24592, 29402, 856, 43091, 58014, 40842, 50719, 2521, 41328, 19694, 7740, 33533, 43922, 573, 43464, 37617, 30267, 21505, 13999, 37963, 17566, 54269, 30932, 1383, 22394, 16835, 38411, 33245, 8069, 31237, 24516, 27813, 41322, 20835, 35841, 31358, 53418, 11281, 38124, 57049, 20438, 9845, 45354, 23163, 7307, 36474, 40452, 22390, 57064, 1104, 10042, 52198, 19173, 41654, 55804, 42174, 27155, 8580, 38928]
[Train] batch 705 GPA: 0x000000038da01400
[TS] batch705/input: write_done_realtime_ns=1787618982259612745
[GT] batch705 labels=[6, 8, 7, 1, 5, 8, 9, 0, 6, 3, 9, 4, 0, 6, 1, 7, 2, 7, 6, 3, 3, 8, 9, 4, 7, 3, 9, 1, 3, 1, 1, 4, 4, 1, 5, 1, 5, 0, 0, 4, 1, 2, 0, 0, 8, 6, 6, 5, 1, 0, 8, 6, 5, 7, 1, 3, 2, 8, 9, 8, 7, 9, 0, 5] indices=[53818, 34154, 52964, 16660, 49687, 31915, 38137, 4756, 12520, 28735, 58284, 29631, 48808, 21311, 42927, 21388, 47467, 2540, 17161, 35486, 40375, 725, 41706, 32602, 55759, 43140, 42306, 31209, 49294, 51169, 48650, 22933, 4438, 18886, 32277, 24208, 11094, 31369, 48295, 12316, 7221, 28370, 6681, 50727, 26122, 56210, 37982, 9947, 30126, 40690, 53756, 49346, 57345, 21095, 21697, 35949, 50674, 7825, 34476, 47315, 25426, 22684, 20088, 39722]
[Train] batch 706 GPA: 0x000000038da18a00
[TS] batch706/input: write_done_realtime_ns=1787618982272939659
[GT] batch706 labels=[3, 7, 1, 5, 1, 7, 9, 7, 7, 8, 8, 7, 1, 5, 8, 4, 8, 8, 7, 1, 3, 4, 7, 4, 5, 3, 5, 3, 9, 1, 3, 3, 8, 0, 2, 2, 3, 7, 8, 2, 6, 9, 5, 1, 5, 4, 4, 9, 1, 9, 5, 4, 3, 0, 5, 0, 4, 9, 4, 5, 8, 5, 8, 6] indices=[58465, 33335, 10897, 40704, 59686, 33616, 44825, 39557, 42782, 59128, 22494, 45489, 32055, 5606, 18242, 26494, 30111, 30631, 33885, 27104, 11169, 53, 38186, 48216, 47357, 55472, 5452, 8163, 24319, 18407, 55190, 35132, 125, 41856, 45972, 3924, 11524, 58836, 47152, 58060, 36527, 7683, 49025, 29587, 38240, 52935, 10967, 52576, 1597, 53369, 1482, 34138, 50803, 52797, 17172, 51587, 48470, 42020, 31106, 4974, 16785, 38675, 26147, 18354]
[Train] batch 707 GPA: 0x000000038da01400
[TS] batch707/input: write_done_realtime_ns=1787618982286207305
[GT] batch707 labels=[5, 2, 7, 8, 3, 7, 5, 1, 6, 7, 7, 0, 9, 4, 9, 8, 4, 7, 0, 2, 4, 6, 8, 7, 0, 4, 8, 2, 1, 4, 0, 8, 9, 4, 0, 7, 3, 8, 5, 0, 8, 7, 8, 2, 6, 5, 7, 0, 0, 6, 3, 9, 9, 8, 9, 3, 9, 0, 9, 8, 1, 9, 4, 3] indices=[11198, 50971, 511, 13065, 12222, 26322, 39400, 51206, 1504, 28437, 31991, 12115, 20307, 31340, 34764, 45673, 17774, 14519, 44363, 19519, 25668, 59637, 9234, 26162, 7281, 49967, 34382, 37063, 35925, 51026, 39968, 9208, 44429, 48520, 28079, 55431, 9991, 40466, 2193, 59605, 27236, 50783, 10115, 36718, 12759, 41072, 25681, 42599, 9458, 59437, 25409, 18382, 49226, 18434, 1272, 21466, 44892, 10407, 8073, 7570, 14756, 8308, 43137, 24142]
[Train] batch 708 GPA: 0x000000038da18a00
[TS] batch708/input: write_done_realtime_ns=1787618982299431429
[GT] batch708 labels=[5, 1, 6, 7, 5, 8, 0, 1, 0, 7, 8, 5, 8, 4, 4, 8, 7, 9, 8, 7, 6, 2, 6, 5, 4, 3, 8, 2, 7, 1, 5, 6, 3, 9, 7, 4, 8, 4, 3, 5, 2, 0, 6, 5, 4, 7, 2, 1, 9, 4, 3, 3, 5, 4, 4, 0, 1, 9, 8, 5, 0, 4, 6, 0] indices=[17598, 48900, 39515, 49024, 48687, 48372, 55398, 25734, 42131, 11430, 17290, 58706, 57090, 52729, 55424, 16042, 19823, 8244, 42155, 42573, 47260, 53491, 33328, 56185, 1498, 9670, 44391, 2201, 13815, 57109, 44869, 35993, 37188, 51281, 10086, 25575, 39653, 42567, 29791, 11983, 35104, 15904, 31955, 55396, 44284, 12850, 39299, 4128, 5924, 17218, 26692, 6906, 21276, 3477, 54778, 39306, 15557, 35812, 23081, 43328, 37425, 5195, 31343, 25214]
[Train] batch 709 GPA: 0x000000038da01400
[TS] batch709/input: write_done_realtime_ns=1787618982312803854
[GT] batch709 labels=[3, 8, 1, 6, 0, 1, 7, 5, 8, 3, 5, 8, 5, 4, 3, 1, 2, 4, 9, 0, 1, 9, 3, 5, 3, 7, 4, 7, 5, 7, 9, 5, 5, 8, 5, 1, 9, 3, 3, 4, 6, 4, 3, 1, 9, 5, 0, 3, 7, 8, 7, 2, 7, 7, 2, 2, 0, 7, 7, 2, 9, 8, 1, 7] indices=[49673, 32480, 38683, 10435, 32810, 52552, 56555, 7444, 766, 24333, 32686, 6792, 41387, 41482, 22162, 59, 54075, 37958, 29201, 4748, 32958, 11891, 17967, 44099, 24442, 44387, 30861, 46462, 35247, 27830, 25215, 12467, 19870, 7441, 22805, 22748, 13265, 44684, 31719, 48514, 5920, 27713, 4808, 3464, 48429, 57180, 39775, 27135, 46673, 53953, 55848, 50096, 14954, 48122, 4341, 24862, 12686, 45978, 23451, 59152, 50144, 43692, 7253, 45735]
[Train] batch 710 GPA: 0x000000038da18a00
[TS] batch710/input: write_done_realtime_ns=1787618982325942100
[GT] batch710 labels=[1, 2, 4, 2, 2, 7, 7, 5, 7, 9, 5, 4, 8, 3, 1, 6, 9, 3, 7, 4, 5, 9, 6, 5, 3, 5, 1, 2, 9, 9, 6, 8, 7, 5, 1, 2, 4, 5, 2, 2, 6, 2, 2, 6, 5, 1, 9, 4, 2, 7, 4, 8, 5, 2, 8, 6, 1, 3, 4, 0, 2, 2, 5, 5] indices=[56605, 37660, 46384, 40279, 47171, 10392, 57836, 16010, 46565, 1221, 16737, 42216, 57618, 9706, 14685, 57023, 58129, 38991, 37834, 6608, 35707, 28547, 23195, 9352, 34006, 48512, 43705, 55220, 19143, 18598, 38302, 44360, 8463, 17264, 45723, 14807, 14156, 32233, 45672, 47246, 16077, 51748, 26330, 27134, 38818, 993, 10414, 6724, 31304, 41597, 12397, 34500, 46667, 23757, 54367, 39947, 16259, 9779, 342, 21191, 50368, 45206, 55356, 51503]
Train Epoch: 1 [45440/60000 (76%)]	Loss: 0.230108
[Train] batch 711 GPA: 0x000000038da01400
[TS] batch711/input: write_done_realtime_ns=1787618982339243705
[GT] batch711 labels=[7, 1, 7, 6, 6, 7, 8, 5, 4, 0, 2, 1, 6, 4, 3, 4, 2, 1, 7, 2, 1, 8, 5, 1, 1, 3, 0, 7, 8, 6, 9, 1, 6, 4, 4, 4, 4, 3, 5, 8, 6, 8, 9, 9, 3, 5, 6, 7, 3, 4, 0, 0, 9, 1, 4, 9, 4, 5, 4, 1, 1, 1, 4, 8] indices=[38723, 56123, 50375, 50159, 31948, 34207, 50530, 44691, 33894, 29420, 15845, 44628, 30715, 49138, 12729, 28449, 7207, 35212, 12065, 47231, 21409, 55221, 52086, 55583, 56576, 49080, 54475, 17356, 38581, 421, 47403, 45290, 2954, 48357, 14811, 51652, 35952, 53419, 31554, 18078, 34003, 20261, 1751, 50806, 58678, 53769, 52897, 33406, 33000, 20599, 52720, 33136, 24496, 33841, 7919, 57681, 44694, 7927, 31407, 31420, 29825, 55787, 53731, 3883]
[Train] batch 712 GPA: 0x000000038da18a00
[TS] batch712/input: write_done_realtime_ns=1787618982352541409
[GT] batch712 labels=[3, 9, 8, 4, 5, 6, 1, 1, 8, 5, 6, 3, 1, 4, 3, 2, 6, 7, 4, 5, 7, 9, 3, 3, 4, 6, 5, 4, 6, 1, 7, 8, 5, 9, 9, 3, 9, 1, 6, 6, 6, 0, 7, 3, 5, 8, 0, 9, 7, 6, 0, 0, 0, 1, 6, 3, 7, 9, 1, 0, 5, 8, 8, 0] indices=[47653, 17190, 45458, 59522, 43318, 51109, 53471, 19068, 3976, 16358, 49693, 43782, 4766, 13052, 36449, 20761, 26032, 41339, 36322, 33077, 30538, 51647, 28778, 46134, 52402, 3268, 53567, 47937, 30582, 22956, 39925, 34297, 2928, 48654, 2033, 39704, 27581, 18640, 42325, 56358, 56421, 31466, 37573, 29158, 12569, 51769, 52847, 4989, 11810, 38885, 19811, 4325, 41807, 26238, 4112, 8236, 6986, 424, 13449, 56608, 23226, 9661, 2117, 22405]
[Train] batch 713 GPA: 0x000000038da01400
[TS] batch713/input: write_done_realtime_ns=1787618982365699216
[GT] batch713 labels=[4, 7, 3, 6, 2, 9, 5, 8, 2, 6, 1, 5, 3, 7, 5, 9, 7, 7, 6, 5, 1, 4, 0, 9, 2, 3, 7, 7, 1, 8, 3, 3, 3, 8, 0, 3, 8, 4, 1, 9, 3, 8, 1, 4, 2, 8, 9, 8, 4, 8, 4, 1, 1, 1, 9, 7, 2, 1, 6, 3, 3, 0, 6, 4] indices=[50486, 10718, 10210, 37859, 55186, 17410, 49991, 22099, 11257, 35844, 54533, 59446, 50775, 37389, 43591, 21869, 32853, 1899, 59578, 25295, 18792, 26693, 55682, 43425, 37613, 22728, 45691, 14841, 24143, 5916, 37890, 56053, 10900, 35924, 39463, 23873, 54162, 3351, 54716, 36886, 41436, 32072, 23910, 1030, 48698, 49990, 26428, 40192, 8415, 20198, 8887, 56020, 57412, 52615, 19667, 52013, 32561, 21391, 33314, 8708, 38712, 29190, 49305, 10693]
[Train] batch 714 GPA: 0x000000038da18a00
[TS] batch714/input: write_done_realtime_ns=1787618982379162008
[GT] batch714 labels=[3, 3, 1, 0, 0, 8, 2, 9, 8, 3, 6, 0, 1, 5, 3, 5, 0, 6, 9, 2, 5, 8, 1, 6, 5, 9, 2, 0, 3, 9, 9, 5, 4, 9, 1, 1, 3, 5, 9, 1, 2, 7, 7, 8, 7, 6, 4, 9, 7, 7, 2, 6, 0, 3, 8, 7, 3, 9, 2, 3, 2, 4, 6, 7] indices=[19855, 7433, 46077, 21454, 48920, 46631, 46951, 15607, 31781, 41233, 10879, 34737, 49154, 43048, 48770, 42141, 1956, 45750, 6155, 47249, 43021, 52808, 48629, 31898, 56407, 43785, 38307, 40122, 56875, 13720, 59910, 4590, 12711, 3746, 42422, 40178, 24132, 52026, 15357, 11051, 23764, 11294, 48095, 24959, 20255, 39098, 32191, 9114, 44640, 55309, 21443, 37356, 35431, 34203, 18089, 55486, 4403, 50309, 11621, 50206, 9203, 29252, 58798, 49301]
[Train] batch 715 GPA: 0x000000038da01400
[TS] batch715/input: write_done_realtime_ns=1787618982392418083
[GT] batch715 labels=[5, 6, 6, 8, 8, 2, 4, 7, 6, 6, 5, 4, 7, 9, 1, 6, 3, 9, 3, 4, 1, 3, 7, 5, 7, 6, 0, 4, 5, 6, 8, 7, 9, 6, 5, 3, 9, 2, 6, 3, 8, 1, 3, 4, 0, 0, 9, 4, 8, 3, 6, 2, 5, 1, 2, 6, 2, 8, 5, 7, 4, 4, 9, 3] indices=[30476, 34905, 43620, 43755, 11161, 47012, 564, 11894, 39336, 56805, 9958, 24039, 9522, 2385, 5714, 401, 38970, 10706, 41747, 28020, 45820, 22231, 34231, 1752, 25733, 7049, 26178, 31052, 56155, 32522, 25228, 19023, 59656, 39987, 17920, 55008, 20126, 1714, 27505, 47533, 7508, 13956, 22000, 585, 42157, 7038, 35893, 8832, 50008, 22717, 54503, 26121, 41186, 4010, 10846, 37445, 2846, 47505, 20120, 47906, 23486, 57892, 51597, 53875]
[Train] batch 716 GPA: 0x000000038da18a00
[TS] batch716/input: write_done_realtime_ns=1787618982405515850
[GT] batch716 labels=[2, 0, 3, 6, 7, 4, 0, 3, 2, 6, 6, 8, 1, 8, 2, 5, 8, 8, 9, 4, 0, 6, 0, 6, 4, 6, 4, 8, 5, 3, 4, 6, 8, 1, 3, 6, 7, 6, 8, 3, 7, 7, 4, 8, 8, 1, 9, 5, 1, 8, 9, 1, 0, 5, 1, 9, 0, 2, 5, 9, 9, 1, 1, 5] indices=[31148, 7409, 32881, 5554, 18729, 25811, 20388, 10415, 42982, 26723, 56098, 55581, 51083, 58776, 14373, 3839, 43096, 45660, 1612, 44447, 12703, 31437, 13450, 5374, 30059, 24214, 30830, 9359, 40695, 46971, 43688, 22240, 34691, 2122, 26929, 18655, 15811, 16430, 29417, 35640, 24878, 44434, 47569, 28233, 22484, 10783, 15827, 12087, 44724, 15282, 49489, 41638, 23389, 13324, 15182, 53044, 9750, 48181, 6680, 35239, 50851, 25651, 27549, 11643]
[Train] batch 717 GPA: 0x000000038da01400
[TS] batch717/input: write_done_realtime_ns=1787618982418768376
[GT] batch717 labels=[9, 3, 9, 1, 0, 7, 2, 9, 3, 4, 2, 9, 0, 5, 7, 2, 7, 7, 6, 5, 1, 4, 5, 2, 7, 9, 7, 1, 5, 6, 4, 5, 0, 8, 1, 6, 6, 0, 3, 9, 8, 7, 1, 1, 7, 7, 8, 4, 6, 8, 6, 6, 3, 0, 2, 2, 3, 8, 1, 9, 0, 5, 4, 4] indices=[31261, 4735, 5224, 17541, 462, 26499, 21713, 38646, 15245, 58938, 55319, 55364, 10380, 16499, 56218, 39170, 49571, 19073, 42103, 2916, 22812, 17898, 51367, 18763, 34687, 32066, 7348, 14041, 44488, 1466, 7077, 44752, 4106, 9019, 6885, 4712, 43973, 37052, 24899, 32706, 16611, 7446, 44207, 28488, 32589, 56167, 54120, 40236, 23900, 37910, 55077, 40952, 30883, 21358, 23481, 31096, 32371, 33325, 50313, 1683, 3409, 56370, 57076, 12817]
[Train] batch 718 GPA: 0x000000038da18a00
[TS] batch718/input: write_done_realtime_ns=1787618982432010571
[GT] batch718 labels=[3, 6, 6, 9, 9, 9, 6, 0, 5, 6, 1, 9, 3, 3, 6, 9, 0, 7, 6, 9, 6, 0, 9, 2, 9, 8, 4, 0, 1, 0, 7, 2, 4, 0, 7, 2, 1, 7, 9, 1, 1, 0, 4, 3, 1, 1, 6, 2, 3, 8, 6, 7, 2, 0, 5, 4, 3, 0, 4, 5, 6, 1, 4, 8] indices=[17010, 15978, 25219, 33764, 20915, 11186, 1830, 34246, 47528, 26584, 44682, 57636, 21654, 21939, 28850, 41905, 35782, 43722, 17796, 48708, 56148, 58275, 34743, 45779, 11151, 56907, 48582, 30891, 23656, 42038, 1673, 23457, 14616, 11501, 35451, 12079, 7240, 33950, 12832, 33648, 24974, 46412, 38786, 10807, 38677, 18852, 2296, 19402, 1872, 12710, 54802, 48151, 34636, 27466, 59800, 43123, 41391, 4316, 42033, 34270, 34009, 45140, 59759, 54132]
[Train] batch 719 GPA: 0x000000038da01400
[TS] batch719/input: write_done_realtime_ns=1787618982445251896
[GT] batch719 labels=[1, 5, 8, 4, 9, 8, 7, 7, 0, 3, 6, 8, 5, 0, 2, 6, 8, 1, 1, 8, 2, 7, 6, 3, 4, 0, 2, 0, 4, 7, 1, 2, 5, 9, 9, 8, 6, 6, 0, 3, 1, 7, 4, 0, 6, 2, 5, 7, 9, 1, 7, 6, 3, 0, 2, 1, 3, 2, 5, 3, 3, 7, 4, 6] indices=[29957, 9033, 36648, 9147, 32256, 58100, 22858, 49320, 34213, 57265, 7289, 51128, 26636, 24627, 59113, 41976, 52983, 52916, 4913, 5435, 57509, 41615, 25030, 19337, 31102, 52221, 34425, 24993, 20303, 1229, 32886, 15368, 58130, 55464, 25298, 9936, 43955, 6526, 11974, 53156, 25057, 55928, 27044, 16705, 15036, 43632, 57251, 4984, 17211, 29125, 31571, 2480, 14514, 49086, 17595, 47908, 12, 45319, 49508, 38383, 41537, 38836, 13856, 26958]
[Train] batch 720 GPA: 0x000000038da18a00
[TS] batch720/input: write_done_realtime_ns=1787618982458397683
[GT] batch720 labels=[3, 0, 4, 3, 9, 1, 5, 4, 1, 1, 5, 8, 5, 7, 3, 7, 4, 9, 3, 4, 7, 6, 6, 8, 5, 9, 7, 1, 0, 9, 3, 5, 4, 4, 2, 4, 1, 4, 6, 4, 1, 7, 8, 8, 1, 0, 5, 8, 9, 1, 0, 2, 0, 4, 2, 4, 9, 7, 0, 5, 0, 4, 6, 9] indices=[46051, 21975, 57873, 14810, 30922, 1483, 44476, 11255, 18781, 25724, 32052, 13608, 53200, 22454, 9424, 6686, 11955, 48713, 17403, 13986, 9548, 28326, 24488, 16440, 34610, 28445, 12994, 34625, 39363, 45308, 59964, 52266, 10558, 39396, 36051, 10175, 42852, 20379, 32752, 5138, 30441, 19703, 50765, 24925, 26745, 54080, 34811, 35776, 45, 52738, 25953, 25041, 14165, 56886, 24881, 53300, 32555, 49635, 34, 9690, 7286, 29429, 7581, 13652]
Train Epoch: 1 [46080/60000 (77%)]	Loss: 0.032334
[Train] batch 721 GPA: 0x000000038da01400
[TS] batch721/input: write_done_realtime_ns=1787618982471584329
[GT] batch721 labels=[1, 3, 7, 3, 8, 3, 8, 1, 4, 7, 8, 4, 3, 0, 8, 8, 1, 0, 1, 5, 6, 6, 0, 4, 0, 8, 1, 2, 0, 9, 5, 2, 2, 2, 1, 0, 1, 1, 5, 5, 9, 3, 3, 1, 6, 8, 1, 8, 1, 6, 9, 6, 6, 7, 7, 6, 6, 8, 6, 8, 1, 7, 7, 1] indices=[16278, 35415, 43427, 3402, 38453, 29991, 21189, 26335, 29854, 13169, 865, 58956, 40619, 52039, 45057, 47597, 29609, 33848, 20772, 14737, 1708, 58115, 46748, 1345, 28814, 54137, 53178, 54758, 42634, 16846, 6255, 53132, 58964, 9668, 52020, 11588, 16447, 35399, 51794, 18018, 50758, 45836, 48930, 30731, 19788, 37039, 2667, 11741, 7553, 43800, 58338, 24380, 5879, 16756, 57292, 50027, 23168, 10720, 15159, 55618, 35404, 5387, 25161, 20465]
[Train] batch 722 GPA: 0x000000038da18a00
[TS] batch722/input: write_done_realtime_ns=1787618982484966503
[GT] batch722 labels=[5, 7, 2, 4, 1, 4, 7, 1, 9, 9, 0, 7, 3, 4, 4, 8, 8, 6, 9, 7, 9, 8, 0, 3, 6, 5, 9, 5, 4, 0, 6, 0, 1, 8, 2, 7, 0, 5, 0, 7, 2, 2, 5, 5, 9, 8, 6, 4, 6, 0, 6, 5, 5, 3, 3, 4, 0, 7, 9, 8, 6, 4, 0, 3] indices=[46675, 16990, 34864, 55532, 19552, 4791, 58912, 43339, 2600, 8322, 32520, 51636, 24358, 11434, 45611, 5695, 14751, 10307, 24413, 1166, 32857, 38112, 11361, 34076, 5556, 42252, 5765, 57403, 35946, 55663, 57791, 44619, 22916, 35629, 13857, 33710, 40813, 554, 36564, 36972, 16482, 33540, 26460, 1468, 36880, 20408, 54196, 22253, 973, 34580, 56706, 48069, 45753, 44138, 24667, 57713, 21573, 56873, 33232, 57513, 53892, 55074, 13459, 57056]
[Train] batch 723 GPA: 0x000000038da01400
[TS] batch723/input: write_done_realtime_ns=1787618982498212228
[GT] batch723 labels=[9, 6, 1, 3, 9, 2, 2, 9, 5, 6, 1, 7, 3, 7, 7, 0, 1, 4, 5, 6, 6, 6, 2, 6, 3, 6, 7, 0, 0, 3, 0, 2, 6, 7, 6, 4, 1, 7, 9, 6, 4, 1, 5, 6, 2, 2, 7, 5, 2, 3, 0, 9, 5, 1, 7, 6, 5, 4, 8, 4, 6, 8, 4, 2] indices=[11593, 46074, 11342, 4449, 44855, 36133, 7653, 8487, 16908, 1637, 33623, 26778, 19518, 14891, 57325, 8724, 33086, 12543, 11393, 23765, 59369, 52578, 50251, 39679, 53457, 37282, 58094, 4773, 38614, 17911, 21137, 9962, 43697, 51068, 9281, 56281, 15002, 6650, 40938, 30192, 33872, 42276, 56938, 38782, 14230, 27864, 51074, 11260, 23677, 14236, 36304, 44228, 284, 19735, 30501, 46991, 12829, 44515, 31313, 41455, 5956, 41130, 9781, 39008]
[Train] batch 724 GPA: 0x000000038da18a00
[TS] batch724/input: write_done_realtime_ns=1787618982511422084
[GT] batch724 labels=[4, 3, 1, 1, 2, 4, 5, 9, 6, 8, 1, 3, 9, 0, 4, 3, 8, 6, 5, 2, 1, 8, 8, 1, 6, 8, 2, 7, 0, 2, 3, 3, 9, 1, 7, 6, 7, 7, 7, 9, 1, 6, 8, 9, 6, 5, 5, 6, 9, 6, 0, 7, 5, 5, 8, 1, 4, 1, 7, 7, 9, 8, 0, 1] indices=[22098, 46500, 6209, 37138, 48665, 24637, 26387, 40448, 25520, 39178, 7876, 53083, 12131, 29560, 39886, 48264, 48203, 16297, 43432, 27739, 54223, 13485, 18902, 50827, 8822, 40549, 33088, 16369, 37787, 4603, 25055, 21001, 58004, 22398, 53783, 21084, 21318, 25449, 31009, 9631, 13501, 34628, 4305, 18885, 28659, 52608, 52459, 59785, 25589, 20957, 1090, 59830, 16655, 34882, 45019, 9643, 38834, 35357, 2982, 7945, 4671, 34929, 9032, 40769]
[Train] batch 725 GPA: 0x000000038da01400
[TS] batch725/input: write_done_realtime_ns=1787618982524688439
[GT] batch725 labels=[1, 3, 0, 2, 6, 7, 5, 4, 2, 8, 1, 1, 0, 2, 1, 2, 5, 2, 3, 3, 5, 1, 6, 6, 3, 7, 0, 8, 9, 0, 3, 0, 1, 0, 8, 2, 1, 7, 5, 6, 2, 3, 8, 0, 9, 3, 4, 0, 6, 7, 2, 2, 1, 5, 0, 7, 7, 8, 2, 2, 6, 8, 9, 1] indices=[55386, 5152, 35632, 56759, 53472, 42427, 18949, 55280, 47101, 25731, 21680, 30829, 48963, 10122, 46747, 35288, 16242, 35529, 54706, 39686, 21433, 38263, 23475, 2293, 5738, 56931, 34262, 19313, 46698, 9287, 42201, 53117, 49902, 27089, 53737, 41429, 10555, 24171, 25023, 58554, 31092, 43492, 31135, 44583, 49227, 43460, 9667, 40922, 26677, 4024, 24238, 21197, 32741, 30030, 43701, 47570, 25121, 14093, 646, 44229, 9533, 47512, 5746, 32439]
[Train] batch 726 GPA: 0x000000038da18a00
[TS] batch726/input: write_done_realtime_ns=1787618982537910634
[GT] batch726 labels=[6, 1, 6, 1, 9, 1, 4, 8, 2, 9, 7, 9, 7, 2, 6, 9, 9, 1, 3, 3, 4, 1, 7, 1, 9, 5, 8, 5, 9, 5, 8, 3, 7, 4, 1, 7, 9, 2, 6, 1, 8, 3, 6, 1, 2, 3, 7, 7, 1, 3, 4, 4, 8, 5, 8, 1, 0, 8, 7, 2, 1, 3, 2, 6] indices=[29643, 57715, 106, 42133, 28062, 49099, 54171, 43110, 14113, 35695, 34200, 3303, 25972, 55540, 30387, 42311, 15728, 13273, 58760, 34587, 20665, 7764, 52787, 38305, 38426, 899, 58933, 26102, 38087, 57902, 13951, 19736, 9470, 3038, 23340, 26047, 40799, 24794, 34271, 57968, 25879, 14350, 30279, 48663, 3339, 37174, 18025, 47536, 5708, 18727, 17857, 20399, 11720, 17747, 52468, 10448, 37856, 59423, 51558, 12461, 23492, 17139, 27385, 31118]
[Train] batch 727 GPA: 0x000000038da01400
[TS] batch727/input: write_done_realtime_ns=1787618982551117349
[GT] batch727 labels=[9, 3, 7, 5, 2, 0, 6, 7, 4, 5, 4, 7, 9, 3, 5, 7, 3, 5, 0, 6, 4, 6, 3, 7, 6, 7, 7, 5, 2, 3, 3, 0, 0, 8, 6, 3, 6, 1, 7, 1, 0, 3, 4, 5, 3, 7, 2, 2, 0, 8, 7, 4, 5, 0, 7, 1, 3, 5, 5, 2, 0, 1, 2, 6] indices=[17899, 45088, 31064, 31266, 59061, 49800, 9512, 703, 47092, 837, 48020, 422, 47745, 5578, 49190, 31477, 21250, 27042, 39263, 4871, 27272, 37803, 23955, 37706, 53179, 33870, 28930, 18340, 50446, 34407, 38109, 58229, 49471, 18114, 25076, 26644, 47715, 54239, 48801, 23134, 35667, 28527, 50419, 35545, 10743, 22797, 57976, 21881, 8343, 42944, 43719, 50916, 56804, 36589, 46769, 52381, 4461, 58713, 58165, 2418, 29623, 14498, 40497, 6854]
[Train] batch 728 GPA: 0x000000038da18a00
[TS] batch728/input: write_done_realtime_ns=1787618982564412885
[GT] batch728 labels=[7, 2, 7, 0, 2, 0, 1, 5, 9, 7, 4, 4, 6, 5, 3, 4, 9, 3, 1, 8, 8, 8, 1, 9, 9, 3, 7, 0, 6, 1, 5, 6, 6, 6, 6, 3, 5, 8, 1, 7, 3, 9, 2, 2, 1, 7, 1, 1, 8, 6, 7, 4, 7, 2, 7, 6, 2, 1, 5, 8, 0, 2, 8, 3] indices=[54494, 57284, 42036, 50723, 56664, 31628, 6931, 1467, 29322, 46278, 706, 8179, 37804, 47769, 26651, 29444, 24999, 26739, 44220, 31655, 36944, 45082, 45754, 19437, 34301, 15848, 39047, 13685, 23983, 19622, 53968, 21752, 16436, 54124, 55185, 26209, 5027, 2139, 47986, 16041, 35801, 48968, 8843, 31483, 8836, 25133, 53233, 34759, 14791, 45479, 37064, 23871, 31137, 23330, 8801, 13309, 28212, 31843, 52213, 51218, 34057, 30420, 15807, 32115]
[Train] batch 729 GPA: 0x000000038da01400
[TS] batch729/input: write_done_realtime_ns=1787618982577687108
[GT] batch729 labels=[1, 2, 0, 1, 8, 2, 5, 6, 3, 1, 2, 0, 1, 6, 4, 5, 6, 4, 0, 2, 7, 3, 9, 1, 9, 2, 7, 3, 4, 6, 4, 9, 8, 9, 3, 2, 4, 5, 8, 8, 8, 8, 9, 8, 6, 7, 5, 3, 9, 8, 8, 0, 6, 0, 2, 3, 9, 8, 8, 4, 6, 2, 0, 5] indices=[57101, 11384, 2586, 35900, 39005, 45792, 39197, 51152, 6522, 20852, 14081, 17381, 21143, 6201, 30765, 19996, 18575, 59580, 13280, 10688, 52705, 3258, 17902, 18545, 14082, 32250, 39107, 14636, 5513, 9574, 6314, 16617, 29194, 2140, 44162, 32169, 18202, 56630, 33270, 31014, 55436, 59183, 11333, 25012, 24764, 19341, 13509, 30282, 20073, 23063, 47099, 14092, 41261, 20060, 18651, 16249, 23548, 38587, 21065, 32112, 17546, 34746, 18572, 132]
[Train] batch 730 GPA: 0x000000038da18a00
[TS] batch730/input: write_done_realtime_ns=1787618982590928734
[GT] batch730 labels=[3, 8, 0, 1, 6, 4, 9, 4, 1, 2, 8, 0, 6, 4, 9, 5, 5, 5, 2, 1, 1, 9, 4, 0, 1, 8, 7, 6, 7, 2, 8, 0, 5, 6, 1, 2, 8, 7, 2, 8, 7, 6, 0, 7, 3, 6, 5, 5, 6, 9, 3, 8, 2, 4, 3, 4, 2, 8, 6, 5, 2, 7, 3, 3] indices=[6428, 18383, 8540, 6232, 15896, 41930, 41033, 59943, 8725, 30120, 3338, 42559, 17542, 6833, 40300, 21027, 6169, 29049, 34441, 36864, 40024, 14037, 25073, 6245, 50830, 30219, 37279, 22616, 36281, 58494, 3554, 14160, 10777, 28702, 41858, 45047, 21286, 56888, 35279, 5042, 2054, 55638, 2147, 56274, 21187, 53318, 36514, 8521, 52066, 39640, 21176, 30994, 25672, 3417, 19536, 47431, 830, 16266, 59035, 2945, 7107, 13975, 16411, 39116]
Train Epoch: 1 [46720/60000 (78%)]	Loss: 0.036590
[Train] batch 731 GPA: 0x000000038da01400
[TS] batch731/input: write_done_realtime_ns=1787618982604159230
[GT] batch731 labels=[4, 4, 9, 1, 0, 3, 8, 7, 5, 1, 3, 2, 3, 4, 4, 3, 1, 0, 0, 3, 3, 5, 3, 5, 8, 3, 3, 2, 5, 0, 9, 7, 5, 9, 5, 9, 6, 9, 0, 6, 7, 5, 8, 4, 7, 1, 1, 8, 8, 8, 2, 7, 0, 3, 3, 7, 9, 3, 4, 6, 0, 2, 8, 1] indices=[4464, 9, 53915, 11735, 13918, 39820, 44834, 48866, 42543, 14821, 20869, 50991, 26364, 11981, 55522, 21285, 8781, 43020, 21789, 58664, 58144, 24107, 35643, 35602, 17244, 2820, 41513, 12951, 41566, 7846, 53616, 3916, 33553, 3238, 56748, 45120, 32624, 51280, 3534, 26016, 19409, 2165, 41495, 34875, 40118, 1859, 37237, 47926, 9543, 32722, 3879, 14600, 25386, 57141, 7336, 6319, 42048, 15947, 31858, 7868, 20283, 40886, 59215, 2830]
[Train] batch 732 GPA: 0x000000038da18a00
[TS] batch732/input: write_done_realtime_ns=1787618982617272407
[GT] batch732 labels=[8, 4, 3, 1, 7, 1, 1, 7, 2, 9, 0, 7, 1, 5, 5, 8, 7, 0, 7, 3, 6, 6, 5, 2, 8, 8, 8, 3, 9, 7, 9, 7, 3, 5, 8, 5, 7, 3, 7, 3, 2, 2, 7, 9, 5, 2, 0, 4, 4, 8, 0, 9, 3, 1, 6, 7, 7, 4, 7, 7, 2, 0, 0, 1] indices=[18689, 54807, 24787, 44693, 42811, 56010, 17839, 36758, 27215, 35024, 37714, 19327, 33458, 53920, 9387, 38641, 42672, 37220, 45014, 42476, 19228, 35910, 9261, 46447, 6938, 10064, 34075, 54858, 20644, 24917, 50384, 22313, 20926, 47301, 5140, 30797, 31731, 26909, 40684, 405, 40815, 25, 9588, 45925, 30615, 19097, 18055, 24703, 48546, 6136, 4624, 28833, 3855, 29883, 47963, 43802, 6381, 10737, 16836, 40060, 20284, 51434, 42871, 21716]
[Train] batch 733 GPA: 0x000000038da01400
[TS] batch733/input: write_done_realtime_ns=1787618982630481472
[GT] batch733 labels=[3, 7, 6, 3, 2, 7, 6, 7, 8, 8, 0, 7, 7, 1, 9, 5, 2, 2, 4, 7, 9, 1, 1, 0, 0, 3, 5, 9, 5, 9, 6, 5, 4, 3, 2, 0, 6, 6, 9, 1, 9, 7, 6, 0, 4, 7, 9, 3, 2, 4, 5, 4, 0, 1, 8, 7, 5, 8, 0, 8, 6, 4, 6, 2] indices=[21531, 31879, 18838, 47461, 11531, 13718, 25165, 55363, 18317, 49439, 24268, 58648, 34825, 10290, 25667, 4969, 20442, 21274, 15668, 2701, 29084, 10362, 8382, 25629, 2269, 30675, 40194, 9070, 23928, 37376, 55213, 44773, 32802, 18108, 45341, 50344, 23667, 44319, 22762, 11868, 3834, 48125, 43822, 12653, 36759, 6015, 32047, 53182, 54973, 8925, 38689, 2856, 34502, 45767, 8441, 56132, 43680, 54550, 45061, 38387, 1117, 50725, 19155, 38542]
[Train] batch 734 GPA: 0x000000038da18a00
[TS] batch734/input: write_done_realtime_ns=1787618982643653098
[GT] batch734 labels=[6, 8, 3, 3, 0, 8, 2, 7, 8, 5, 9, 7, 0, 2, 4, 2, 4, 3, 1, 6, 7, 2, 8, 2, 1, 9, 5, 8, 4, 3, 9, 1, 3, 4, 4, 9, 3, 7, 5, 7, 6, 3, 1, 6, 8, 5, 3, 7, 6, 6, 4, 7, 2, 1, 3, 8, 7, 2, 8, 9, 4, 8, 0, 4] indices=[4079, 18439, 13516, 3941, 6094, 29276, 17895, 36859, 6534, 24666, 21072, 55444, 57214, 50441, 39287, 53656, 48730, 26048, 30524, 46590, 3372, 39228, 28241, 32797, 57849, 31226, 7535, 9020, 24052, 17308, 2321, 6062, 38593, 56247, 24822, 25640, 5041, 18532, 41094, 13834, 302, 37470, 33942, 41572, 53064, 42663, 22114, 56701, 56545, 12411, 55954, 36964, 27878, 8166, 45196, 58405, 20582, 38790, 15956, 52577, 19907, 15757, 3943, 2520]
[Train] batch 735 GPA: 0x000000038da01400
[TS] batch735/input: write_done_realtime_ns=1787618982656900783
[GT] batch735 labels=[2, 1, 8, 5, 1, 3, 7, 9, 5, 2, 7, 3, 4, 8, 9, 0, 4, 1, 8, 2, 4, 8, 2, 1, 4, 9, 5, 6, 9, 5, 0, 3, 1, 0, 4, 7, 9, 7, 8, 3, 5, 7, 8, 3, 0, 0, 2, 1, 5, 7, 5, 7, 9, 0, 0, 8, 4, 8, 1, 1, 2, 7, 3, 0] indices=[51320, 38466, 40106, 22379, 5479, 4584, 42648, 24620, 2412, 3054, 39013, 23488, 4132, 54741, 29591, 33963, 26808, 53425, 45985, 25138, 1098, 18775, 26083, 11604, 3110, 16881, 27317, 12567, 55847, 42590, 34073, 50330, 2393, 1512, 19795, 45188, 6295, 21148, 27469, 7123, 7595, 49806, 49332, 47618, 13126, 13808, 53835, 38570, 57167, 42831, 17495, 35980, 40507, 22317, 58782, 46730, 29339, 26720, 45893, 27336, 5965, 50942, 7701, 31857]
[Train] batch 736 GPA: 0x000000038da18a00
[TS] batch736/input: write_done_realtime_ns=1787618982670052130
[GT] batch736 labels=[7, 0, 1, 1, 2, 6, 0, 8, 7, 7, 4, 7, 1, 2, 3, 9, 8, 5, 7, 0, 9, 1, 0, 3, 8, 0, 7, 2, 6, 6, 8, 9, 1, 1, 6, 1, 0, 1, 4, 6, 6, 3, 2, 1, 6, 3, 2, 5, 8, 7, 6, 9, 3, 2, 4, 1, 6, 1, 3, 0, 6, 8, 5, 4] indices=[24652, 41789, 54607, 16300, 54924, 26453, 27628, 3191, 23802, 42748, 23409, 29159, 12885, 50933, 50955, 14127, 57701, 30390, 39821, 19060, 6734, 38823, 54597, 26943, 53885, 44205, 42416, 45929, 59531, 55900, 47484, 17463, 18768, 37742, 26759, 53780, 75, 26986, 59789, 19563, 14400, 19445, 21674, 4387, 33549, 7618, 45099, 7964, 53743, 11534, 57490, 42529, 24906, 29060, 40496, 56734, 48153, 33377, 30574, 49322, 50817, 45891, 10373, 21619]
[Train] batch 737 GPA: 0x000000038da01400
[TS] batch737/input: write_done_realtime_ns=1787618982683267056
[GT] batch737 labels=[6, 3, 2, 7, 8, 0, 3, 4, 4, 8, 4, 2, 7, 9, 3, 8, 4, 7, 4, 3, 7, 1, 2, 1, 4, 7, 0, 0, 3, 1, 2, 7, 7, 4, 0, 4, 4, 4, 1, 1, 0, 1, 9, 1, 8, 2, 6, 9, 4, 8, 6, 0, 2, 4, 5, 8, 1, 3, 4, 3, 7, 1, 5, 1] indices=[12853, 27031, 47023, 37665, 22724, 40240, 41411, 36897, 50450, 21146, 37623, 674, 29210, 47766, 8048, 49766, 31246, 37612, 2753, 5547, 27485, 32979, 2078, 21230, 1073, 34935, 8108, 31505, 57399, 4012, 10106, 8571, 30109, 40123, 49110, 57208, 28706, 58218, 33418, 41744, 37113, 9618, 45756, 1238, 52352, 31338, 9926, 14479, 26109, 37219, 39260, 34639, 50504, 46884, 34431, 23129, 40664, 15497, 52517, 21864, 14741, 25696, 7917, 40610]
[Train] batch 738 GPA: 0x000000038da18a00
[TS] batch738/input: write_done_realtime_ns=1787618982696601180
[GT] batch738 labels=[8, 0, 0, 3, 4, 4, 8, 9, 9, 2, 2, 2, 6, 5, 4, 0, 6, 1, 5, 2, 0, 5, 1, 5, 0, 8, 7, 9, 7, 5, 6, 9, 2, 0, 6, 4, 6, 3, 4, 1, 2, 1, 7, 1, 5, 0, 3, 9, 2, 8, 2, 2, 3, 3, 8, 7, 6, 8, 3, 8, 4, 3, 3, 5] indices=[41363, 20843, 29378, 11949, 39670, 31458, 28648, 1355, 41918, 11869, 58398, 39171, 57591, 47951, 52909, 50311, 47808, 13950, 32598, 2377, 22337, 26113, 10267, 10492, 11694, 28915, 14284, 29737, 57828, 15206, 54316, 8674, 6815, 56606, 17510, 8634, 8898, 38627, 48486, 59645, 22133, 57197, 38954, 58909, 54131, 15524, 54481, 29018, 11163, 23966, 50962, 37989, 34351, 55844, 39519, 8302, 34924, 13632, 46329, 22653, 55774, 52307, 7397, 3188]
[Train] batch 739 GPA: 0x000000038da01400
[TS] batch739/input: write_done_realtime_ns=1787618982709769416
[GT] batch739 labels=[8, 5, 1, 8, 3, 8, 2, 5, 2, 8, 7, 1, 7, 0, 5, 1, 2, 4, 7, 2, 8, 1, 8, 5, 5, 4, 9, 4, 1, 6, 3, 2, 1, 0, 6, 1, 7, 9, 4, 8, 6, 3, 6, 4, 5, 0, 1, 5, 3, 7, 2, 6, 7, 4, 3, 7, 2, 0, 5, 1, 3, 5, 3, 0] indices=[56235, 37216, 20384, 4637, 27261, 38382, 39688, 32141, 59040, 19951, 10946, 15231, 39863, 47791, 4077, 36765, 13527, 2317, 24228, 36505, 16223, 447, 34787, 52792, 38628, 24527, 57039, 48854, 50222, 23699, 46136, 42583, 45559, 16961, 56904, 18389, 29867, 11925, 53411, 22059, 12528, 14619, 25102, 3911, 58145, 40494, 40604, 28720, 23962, 58061, 27880, 57860, 16712, 34571, 46072, 17109, 7576, 43662, 34868, 12106, 56136, 16834, 23022, 33230]
[Train] batch 740 GPA: 0x000000038da18a00
[TS] batch740/input: write_done_realtime_ns=1787618982722877913
[GT] batch740 labels=[3, 7, 4, 4, 1, 0, 2, 8, 9, 8, 9, 7, 8, 1, 2, 8, 5, 3, 1, 5, 8, 2, 1, 2, 2, 5, 9, 9, 1, 3, 3, 6, 1, 8, 7, 7, 4, 3, 9, 7, 3, 3, 9, 0, 4, 3, 2, 9, 5, 8, 1, 5, 8, 2, 0, 2, 2, 7, 2, 0, 0, 6, 1, 5] indices=[38410, 16548, 57228, 17321, 10404, 58396, 33068, 5431, 27519, 7891, 22174, 18170, 25592, 56912, 8154, 54842, 40731, 24584, 14464, 8712, 8359, 5815, 19598, 20100, 2721, 49842, 25648, 38292, 58887, 32042, 24042, 43668, 51882, 46927, 48432, 521, 38812, 51675, 27730, 25775, 28171, 21390, 10883, 41331, 33565, 2705, 5908, 44948, 42379, 49661, 52220, 43139, 58716, 30443, 4535, 12302, 24591, 49391, 7093, 35651, 9934, 40355, 34173, 17277]
Train Epoch: 1 [47360/60000 (79%)]	Loss: 0.102183
[Train] batch 741 GPA: 0x000000038da01400
[TS] batch741/input: write_done_realtime_ns=1787618982736263687
[GT] batch741 labels=[6, 7, 1, 6, 8, 2, 4, 1, 8, 7, 4, 3, 0, 8, 4, 4, 9, 0, 2, 5, 8, 5, 0, 6, 6, 2, 3, 2, 1, 1, 8, 5, 4, 6, 3, 7, 6, 9, 9, 0, 4, 1, 1, 4, 3, 0, 5, 9, 8, 6, 7, 2, 5, 9, 2, 3, 1, 9, 8, 9, 4, 9, 7, 2] indices=[14328, 11944, 9298, 8004, 46616, 30826, 29115, 45186, 37979, 26151, 41426, 20965, 15934, 48658, 402, 4097, 3020, 59536, 23355, 46808, 49543, 50533, 55481, 39475, 4392, 42754, 39415, 52874, 42380, 13487, 15149, 6691, 29617, 31612, 50308, 43075, 14347, 47540, 23257, 25092, 6490, 24800, 52081, 42330, 14080, 20827, 49470, 11245, 1519, 56767, 33104, 36335, 58193, 32732, 48129, 56645, 40999, 36013, 50442, 47398, 47961, 43248, 27516, 37172]
[Train] batch 742 GPA: 0x000000038da18a00
[TS] batch742/input: write_done_realtime_ns=1787618982749449622
[GT] batch742 labels=[6, 2, 1, 9, 8, 2, 5, 7, 7, 6, 7, 0, 0, 2, 8, 3, 7, 4, 4, 4, 9, 9, 6, 8, 5, 6, 3, 9, 3, 4, 1, 0, 0, 3, 0, 0, 7, 8, 6, 6, 2, 5, 4, 7, 9, 7, 9, 5, 6, 9, 4, 9, 0, 5, 1, 5, 1, 4, 3, 0, 9, 8, 5, 8] indices=[30818, 52796, 36185, 49945, 25482, 54160, 24490, 55518, 53291, 28967, 942, 44225, 35028, 27189, 16066, 36671, 26668, 31006, 24161, 53633, 29923, 2821, 26490, 1141, 22033, 1890, 7771, 52230, 33589, 13841, 32921, 14944, 46516, 46548, 49351, 44208, 19235, 50421, 1761, 48387, 40782, 58740, 22367, 30935, 33041, 41280, 51472, 16487, 41190, 23090, 58795, 4222, 28076, 20668, 29810, 17716, 23844, 5064, 42140, 16975, 52646, 38044, 3137, 10513]
[Train] batch 743 GPA: 0x000000038da01400
[TS] batch743/input: write_done_realtime_ns=1787618982762662758
[GT] batch743 labels=[1, 8, 1, 4, 5, 2, 6, 1, 7, 6, 6, 7, 2, 4, 8, 6, 6, 7, 6, 0, 4, 3, 1, 1, 1, 7, 9, 8, 5, 5, 2, 3, 3, 8, 5, 3, 2, 9, 9, 2, 7, 4, 9, 6, 5, 4, 9, 5, 9, 2, 5, 4, 4, 2, 6, 3, 3, 7, 4, 5, 9, 5, 1, 8] indices=[59796, 5430, 18647, 31750, 27801, 268, 955, 30337, 36767, 28216, 39528, 46906, 47409, 18088, 38832, 51728, 39369, 29796, 37888, 54941, 43721, 18827, 19071, 20888, 32892, 33362, 1500, 9369, 48966, 42317, 46910, 27167, 51890, 49701, 54581, 1068, 34136, 31132, 26060, 39739, 10179, 24590, 39713, 50276, 55685, 237, 8525, 14854, 32457, 17110, 11674, 45325, 51264, 2936, 52986, 1836, 51903, 29888, 3973, 30566, 37934, 31301, 29080, 22591]
[Train] batch 744 GPA: 0x000000038da18a00
[TS] batch744/input: write_done_realtime_ns=1787618982775902134
[GT] batch744 labels=[1, 2, 5, 3, 2, 8, 9, 4, 7, 7, 7, 2, 3, 2, 9, 7, 0, 1, 6, 7, 5, 8, 3, 8, 3, 3, 2, 5, 8, 5, 1, 7, 6, 2, 0, 4, 7, 8, 0, 3, 0, 8, 3, 2, 5, 2, 5, 1, 4, 2, 8, 6, 9, 4, 2, 6, 6, 9, 2, 4, 1, 7, 1, 1] indices=[24631, 36879, 513, 47592, 57626, 58122, 12425, 30180, 52937, 41026, 4991, 42278, 9059, 18386, 14436, 52147, 59249, 47681, 34748, 44169, 31022, 20873, 8816, 1464, 48498, 35248, 48107, 26413, 10054, 18749, 19297, 8361, 58473, 43576, 43276, 53439, 5161, 26605, 19241, 33276, 20175, 27889, 58021, 42596, 17312, 4650, 33825, 24834, 13267, 48681, 26786, 32903, 10867, 2, 22414, 30168, 18432, 20084, 41438, 44283, 30667, 15877, 3149, 51247]
[Train] batch 745 GPA: 0x000000038da01400
[TS] batch745/input: write_done_realtime_ns=1787618982789107119
[GT] batch745 labels=[1, 9, 5, 9, 5, 6, 0, 1, 5, 4, 9, 9, 3, 1, 9, 3, 5, 2, 3, 1, 6, 8, 5, 4, 3, 5, 9, 7, 7, 5, 3, 6, 2, 3, 3, 8, 2, 0, 1, 6, 8, 0, 4, 8, 7, 9, 1, 1, 0, 1, 1, 2, 5, 4, 2, 5, 1, 2, 7, 9, 8, 2, 9, 6] indices=[57437, 52094, 3634, 57079, 22428, 43682, 12573, 11004, 56476, 36640, 22081, 36438, 34120, 7469, 35996, 3347, 59234, 28068, 25601, 33706, 238, 41359, 27378, 9348, 40883, 921, 52383, 24049, 34245, 24403, 34740, 21316, 21073, 53542, 44435, 42076, 10535, 53360, 37058, 38390, 46270, 46917, 34133, 20089, 16949, 57333, 16904, 58675, 59762, 23203, 34359, 11344, 13783, 39486, 29674, 53461, 21744, 52630, 54194, 34824, 48743, 12679, 529, 36079]
[Train] batch 746 GPA: 0x000000038da18a00
[TS] batch746/input: write_done_realtime_ns=1787618982802296335
[GT] batch746 labels=[8, 0, 4, 8, 2, 1, 2, 0, 1, 3, 9, 6, 1, 7, 1, 1, 0, 1, 1, 5, 7, 7, 2, 3, 2, 5, 8, 1, 1, 9, 6, 1, 0, 8, 5, 3, 4, 0, 2, 0, 7, 9, 0, 7, 8, 0, 1, 2, 4, 0, 0, 0, 1, 3, 8, 1, 0, 7, 7, 4, 5, 2, 7, 2] indices=[43329, 44777, 41206, 55762, 14508, 47758, 844, 7687, 42058, 31136, 7208, 4231, 57464, 51862, 42268, 45105, 52130, 45237, 55855, 59923, 14114, 7331, 27571, 38911, 54857, 36454, 34696, 14945, 58052, 54955, 23228, 2889, 17449, 47462, 48850, 51222, 16214, 30605, 584, 8703, 26560, 6166, 29456, 9886, 29634, 20602, 35009, 28189, 25635, 31297, 23331, 4343, 50771, 49081, 19777, 32189, 34662, 7525, 42064, 41098, 24045, 42159, 58844, 45462]
[Train] batch 747 GPA: 0x000000038da01400
[TS] batch747/input: write_done_realtime_ns=1787618982815509360
[GT] batch747 labels=[9, 1, 2, 9, 6, 0, 7, 2, 2, 4, 6, 4, 2, 6, 0, 2, 7, 3, 3, 9, 5, 2, 0, 4, 8, 1, 2, 6, 1, 7, 6, 1, 1, 9, 5, 5, 3, 0, 1, 0, 1, 0, 3, 0, 7, 7, 1, 6, 4, 3, 6, 4, 0, 4, 9, 5, 7, 6, 2, 0, 1, 8, 0, 1] indices=[13041, 56283, 49567, 27615, 37751, 59901, 26642, 15823, 25732, 44386, 16054, 56951, 24746, 34456, 21066, 35290, 12724, 25536, 27067, 57236, 53796, 33821, 28818, 26963, 18795, 47709, 46011, 42785, 6488, 56074, 14437, 27028, 36045, 55510, 50649, 15071, 10787, 15060, 20824, 43463, 48099, 45371, 13352, 38746, 43645, 15260, 7496, 49959, 54347, 12080, 56988, 8208, 2974, 39458, 35330, 42121, 10309, 15061, 42926, 56352, 31739, 38539, 56950, 6458]
[Train] batch 748 GPA: 0x000000038da18a00
[TS] batch748/input: write_done_realtime_ns=1787618982828739137
[GT] batch748 labels=[5, 1, 0, 9, 0, 4, 1, 9, 5, 4, 0, 2, 7, 1, 4, 1, 6, 4, 4, 0, 6, 8, 1, 6, 4, 3, 8, 0, 1, 8, 9, 7, 7, 3, 5, 2, 1, 6, 8, 5, 1, 6, 2, 6, 8, 6, 8, 6, 6, 9, 8, 5, 5, 4, 3, 6, 1, 1, 4, 5, 2, 3, 5, 5] indices=[47641, 17711, 27985, 48843, 44335, 47500, 50261, 3528, 19170, 20008, 47786, 54125, 8248, 20678, 49341, 17748, 17852, 23623, 59139, 45503, 5766, 38309, 29939, 29330, 55690, 36525, 5670, 7391, 450, 27195, 46831, 1019, 9885, 57879, 52665, 3224, 38303, 53230, 11087, 13328, 58082, 12283, 52574, 36601, 17128, 17484, 58849, 27350, 16936, 2797, 29145, 799, 9814, 20149, 8014, 46013, 51287, 7020, 20776, 10652, 16046, 22741, 19945, 42889]
[Train] batch 749 GPA: 0x000000038da01400
[TS] batch749/input: write_done_realtime_ns=1787618982841940122
[GT] batch749 labels=[6, 6, 2, 0, 3, 2, 8, 4, 5, 6, 9, 0, 4, 5, 6, 4, 1, 6, 6, 3, 4, 0, 1, 9, 4, 2, 6, 7, 7, 0, 4, 4, 3, 5, 2, 0, 1, 4, 8, 9, 5, 4, 1, 7, 3, 2, 0, 9, 9, 5, 0, 4, 4, 6, 9, 1, 9, 5, 1, 0, 2, 5, 4, 0] indices=[30638, 47404, 31884, 36994, 16831, 10078, 53786, 1818, 8945, 2479, 17848, 35857, 48466, 39468, 42942, 13263, 37461, 24030, 8376, 27784, 20172, 23991, 13157, 12614, 37945, 20224, 10833, 40204, 45187, 31683, 54197, 45590, 34685, 21481, 11033, 46797, 49499, 39584, 20880, 38809, 47098, 45429, 8156, 45496, 34862, 56612, 51395, 19832, 30470, 23938, 54703, 53032, 12589, 57125, 55347, 28545, 20698, 36065, 13474, 9478, 50527, 35787, 46038, 24024]
[Train] batch 750 GPA: 0x000000038da18a00
[TS] batch750/input: write_done_realtime_ns=1787618982855172297
[GT] batch750 labels=[1, 6, 8, 1, 6, 7, 8, 4, 9, 7, 4, 6, 3, 7, 4, 3, 7, 4, 2, 9, 1, 4, 1, 0, 9, 5, 7, 5, 7, 2, 7, 2, 8, 5, 5, 4, 2, 5, 5, 3, 5, 1, 7, 3, 5, 9, 3, 7, 5, 1, 2, 2, 3, 7, 3, 2, 8, 4, 0, 3, 1, 6, 6, 2] indices=[17759, 26551, 45988, 47268, 4249, 32028, 30568, 26105, 42149, 14053, 26864, 48083, 30681, 27554, 9465, 53755, 15192, 19055, 20305, 1794, 37915, 48919, 5128, 27322, 54321, 52195, 27872, 19497, 53242, 8691, 56253, 44195, 52201, 23912, 2343, 13775, 1199, 35500, 32616, 42082, 59726, 59248, 21258, 55336, 56002, 33, 1429, 34583, 21184, 17337, 36326, 46656, 50936, 17833, 23419, 47767, 9594, 18999, 18124, 55151, 19997, 299, 25368, 5307]
Train Epoch: 1 [48000/60000 (80%)]	Loss: 0.060634
[Train] batch 751 GPA: 0x000000038da01400
[TS] batch751/input: write_done_realtime_ns=1787618982868525031
[GT] batch751 labels=[3, 9, 6, 0, 9, 7, 8, 4, 1, 2, 2, 4, 0, 4, 7, 1, 9, 2, 0, 7, 3, 9, 6, 2, 1, 9, 8, 3, 7, 7, 2, 3, 7, 7, 3, 6, 1, 2, 3, 9, 5, 1, 4, 7, 6, 0, 2, 3, 6, 1, 9, 9, 5, 9, 0, 8, 8, 6, 9, 0, 4, 1, 8, 7] indices=[12151, 18786, 44300, 10914, 12852, 24815, 5800, 14976, 22247, 50576, 15887, 20262, 3888, 46920, 20370, 49512, 19748, 2840, 49306, 50371, 45321, 19185, 48749, 47924, 47233, 30696, 51705, 41143, 18408, 17490, 6549, 19075, 30154, 38215, 39099, 27405, 8678, 53819, 33099, 16968, 1965, 7234, 59126, 34344, 43166, 36163, 12784, 37443, 52441, 23030, 45461, 54311, 8569, 53565, 2112, 20364, 36913, 43161, 55568, 15491, 17842, 23142, 55741, 45114]
[Train] batch 752 GPA: 0x000000038da18a00
[TS] batch752/input: write_done_realtime_ns=1787618982881704278
[GT] batch752 labels=[4, 3, 1, 0, 1, 3, 5, 8, 9, 4, 5, 3, 3, 1, 0, 7, 4, 6, 7, 2, 9, 8, 6, 0, 3, 5, 9, 9, 8, 9, 6, 1, 9, 3, 8, 9, 5, 4, 2, 4, 3, 7, 8, 1, 5, 5, 9, 8, 1, 1, 6, 4, 7, 1, 2, 3, 1, 3, 4, 2, 0, 1, 3, 6] indices=[51723, 47654, 57973, 53894, 54855, 12836, 45036, 21965, 18166, 48313, 54024, 32409, 16569, 18286, 59934, 57978, 4498, 29843, 29002, 13330, 13028, 54594, 34894, 19990, 56925, 37056, 22687, 4315, 12886, 8953, 26181, 41641, 5093, 28299, 58860, 37575, 16219, 749, 27928, 58780, 32811, 25115, 6580, 6654, 2775, 39700, 11224, 54954, 36591, 8203, 12191, 25471, 34982, 20361, 35691, 28757, 57816, 52700, 30708, 4371, 44096, 6851, 59062, 8881]
[Train] batch 753 GPA: 0x000000038da01400
[TS] batch753/input: write_done_realtime_ns=1787618982894930982
[GT] batch753 labels=[3, 9, 0, 7, 7, 5, 5, 4, 8, 8, 3, 8, 4, 8, 4, 3, 8, 1, 5, 5, 7, 6, 6, 3, 2, 9, 1, 5, 9, 7, 3, 2, 2, 8, 2, 0, 6, 1, 9, 6, 5, 0, 1, 0, 5, 6, 1, 6, 0, 0, 0, 0, 8, 2, 1, 0, 1, 5, 7, 8, 6, 3, 6, 6] indices=[25346, 26536, 38873, 5427, 1636, 22431, 29316, 9385, 55868, 27126, 52607, 3816, 27227, 27891, 34537, 47280, 23750, 1548, 18167, 48731, 42824, 50938, 32325, 50946, 6921, 23771, 2876, 6374, 20358, 32955, 13969, 42310, 1881, 45016, 5377, 52599, 52434, 35328, 3786, 17426, 42984, 48947, 23818, 359, 39945, 37310, 22066, 58807, 1310, 45953, 45021, 43685, 28093, 13508, 29567, 58647, 32721, 13182, 36954, 4797, 48673, 55947, 36176, 2422]
[Train] batch 754 GPA: 0x000000038da18a00
[TS] batch754/input: write_done_realtime_ns=1787618982908101539
[GT] batch754 labels=[1, 3, 1, 5, 0, 7, 5, 0, 8, 2, 6, 3, 7, 7, 5, 3, 7, 0, 2, 2, 3, 7, 9, 6, 1, 7, 5, 8, 5, 9, 0, 8, 1, 8, 9, 2, 0, 9, 9, 0, 4, 5, 2, 6, 4, 3, 0, 0, 6, 1, 1, 1, 4, 7, 4, 1, 0, 7, 6, 1, 9, 6, 3, 4] indices=[7877, 2023, 5582, 5939, 24717, 10893, 18209, 30807, 48544, 13820, 4314, 20430, 45081, 39826, 1420, 52585, 16721, 21985, 22236, 39810, 15990, 53771, 37754, 35968, 13006, 25286, 15140, 13888, 27602, 38051, 34097, 16880, 3800, 3407, 20376, 4016, 41406, 20282, 13891, 59337, 11767, 36599, 2738, 38050, 8956, 40811, 7018, 30434, 44410, 29715, 32179, 34388, 34290, 58899, 57368, 23576, 6316, 43178, 42937, 5235, 39694, 46432, 8923, 9392]
[Train] batch 755 GPA: 0x000000038da01400
[TS] batch755/input: write_done_realtime_ns=1787618982921359494
[GT] batch755 labels=[6, 3, 1, 1, 3, 1, 9, 3, 4, 9, 0, 1, 1, 0, 1, 2, 6, 7, 2, 7, 9, 7, 2, 0, 7, 6, 0, 3, 6, 9, 3, 1, 7, 8, 5, 7, 5, 5, 0, 9, 6, 3, 0, 6, 9, 4, 2, 3, 1, 1, 5, 9, 1, 7, 8, 9, 3, 9, 1, 3, 4, 8, 6, 1] indices=[59640, 44426, 2858, 26698, 23939, 43286, 56242, 23700, 17511, 26834, 6593, 52254, 52741, 49974, 21402, 24844, 58598, 43917, 41284, 44526, 57258, 1343, 35235, 40180, 44443, 47774, 59267, 33507, 996, 56464, 40374, 21498, 46429, 54117, 5417, 4303, 20185, 16558, 58665, 46773, 30341, 279, 3884, 41160, 6345, 28049, 45505, 47207, 18683, 10136, 652, 19395, 12693, 20452, 26153, 49801, 52281, 49844, 27707, 16191, 59465, 3584, 27905, 56435]
[Train] batch 756 GPA: 0x000000038da18a00
[TS] batch756/input: write_done_realtime_ns=1787618982934742179
[GT] batch756 labels=[9, 7, 7, 1, 3, 8, 1, 8, 8, 0, 6, 9, 9, 7, 6, 8, 9, 3, 4, 5, 4, 7, 6, 1, 8, 9, 2, 7, 7, 9, 9, 5, 8, 3, 2, 0, 0, 0, 3, 1, 9, 0, 9, 1, 1, 9, 7, 6, 8, 6, 5, 3, 5, 9, 0, 4, 7, 2, 5, 9, 7, 8, 1, 0] indices=[170, 33395, 1451, 47770, 49732, 6493, 14874, 59402, 17975, 28489, 27796, 27843, 31707, 37288, 11972, 39647, 16201, 26593, 13653, 54904, 24929, 40506, 16889, 45962, 35541, 5664, 38962, 57255, 38282, 10906, 11582, 28209, 14553, 47760, 21857, 37758, 38211, 59017, 34145, 51739, 24053, 26308, 40762, 55963, 13470, 39192, 47640, 1782, 15355, 58430, 28175, 36732, 138, 1364, 54927, 22992, 29186, 16989, 57768, 12280, 1803, 6321, 19917, 19369]
[Train] batch 757 GPA: 0x000000038da01400
[TS] batch757/input: write_done_realtime_ns=1787618982947940214
[GT] batch757 labels=[8, 9, 6, 5, 2, 8, 2, 4, 9, 6, 0, 5, 3, 7, 2, 1, 4, 5, 3, 7, 3, 7, 6, 9, 9, 3, 0, 9, 3, 6, 8, 5, 6, 7, 9, 3, 1, 2, 7, 3, 7, 4, 0, 5, 1, 3, 4, 0, 8, 8, 0, 6, 2, 2, 9, 6, 6, 6, 1, 1, 0, 8, 1, 7] indices=[12130, 19268, 1642, 43638, 50052, 35471, 32450, 58504, 50927, 38833, 429, 37830, 14383, 27225, 10228, 15933, 38402, 27053, 21539, 42976, 52853, 21386, 36220, 37951, 32713, 23657, 19216, 12342, 43816, 1266, 52968, 51039, 1617, 13024, 51595, 8710, 24930, 34964, 11204, 13673, 31284, 35413, 45402, 27557, 28167, 8455, 6733, 15619, 4634, 17499, 49027, 14661, 32435, 21504, 14331, 11959, 1844, 8947, 31494, 35826, 16921, 12513, 48361, 26851]
[Train] batch 758 GPA: 0x000000038da18a00
[TS] batch758/input: write_done_realtime_ns=1787618982961194429
[GT] batch758 labels=[8, 1, 3, 2, 7, 6, 2, 1, 8, 6, 2, 3, 7, 9, 8, 2, 7, 2, 7, 8, 2, 2, 2, 1, 1, 2, 1, 5, 6, 9, 3, 0, 0, 7, 3, 4, 3, 2, 8, 4, 5, 5, 8, 6, 2, 5, 7, 9, 4, 9, 0, 5, 0, 8, 5, 8, 7, 1, 2, 3, 0, 0, 8, 3] indices=[51773, 54664, 52035, 35437, 41414, 57557, 20265, 7429, 17530, 2913, 48933, 38166, 212, 54517, 21375, 16001, 15074, 47658, 31396, 58394, 33160, 6114, 36081, 11312, 51631, 57496, 18482, 44802, 28177, 29996, 29671, 37970, 13135, 30166, 22204, 6308, 35093, 42472, 51189, 17913, 38648, 12684, 14730, 32464, 45281, 59096, 31576, 18731, 44013, 52843, 669, 29534, 4142, 12085, 32755, 30026, 14961, 46275, 41946, 35890, 58952, 53785, 48003, 13607]
[Train] batch 759 GPA: 0x000000038da01400
[TS] batch759/input: write_done_realtime_ns=1787618982974437574
[GT] batch759 labels=[6, 4, 5, 2, 0, 9, 3, 7, 9, 6, 1, 3, 3, 9, 3, 7, 1, 3, 8, 1, 2, 0, 6, 2, 6, 8, 3, 3, 9, 8, 4, 3, 6, 3, 4, 2, 7, 7, 9, 3, 3, 3, 1, 4, 2, 1, 1, 9, 1, 1, 0, 8, 1, 8, 9, 0, 3, 2, 2, 6, 0, 4, 9, 6] indices=[8074, 438, 54507, 20655, 7254, 56133, 27977, 45054, 18211, 54348, 57250, 33444, 23517, 12248, 40765, 49315, 4751, 12783, 24130, 31963, 27810, 927, 56727, 16952, 26252, 58607, 3609, 52904, 56090, 43993, 43626, 37422, 10968, 42755, 29538, 19129, 8205, 57066, 53142, 34551, 56474, 54208, 39560, 40164, 53799, 38276, 18707, 23447, 3132, 8543, 2919, 38158, 22158, 35375, 34615, 32867, 32227, 19693, 38469, 38933, 9204, 43835, 30498, 50890]
[Train] batch 760 GPA: 0x000000038da18a00
[TS] batch760/input: write_done_realtime_ns=1787618982987571741
[GT] batch760 labels=[0, 2, 0, 1, 4, 6, 4, 2, 0, 6, 8, 4, 5, 6, 8, 8, 9, 9, 9, 4, 2, 8, 6, 1, 3, 3, 6, 4, 0, 6, 7, 4, 2, 7, 2, 2, 0, 9, 9, 3, 1, 7, 3, 5, 0, 2, 0, 4, 3, 6, 2, 8, 9, 5, 8, 8, 9, 3, 1, 1, 4, 5, 9, 3] indices=[47186, 9964, 12662, 2419, 6810, 4841, 38630, 30655, 36549, 50503, 48296, 36092, 12574, 49026, 56145, 25582, 25532, 12868, 10443, 1261, 45638, 29342, 38761, 10325, 50043, 17116, 38185, 13443, 52832, 19349, 13933, 30682, 31512, 44865, 2802, 40198, 33149, 9122, 22855, 11545, 22214, 32580, 47587, 11721, 30097, 41832, 44979, 52343, 41015, 33629, 30561, 43372, 43873, 17819, 45399, 57392, 5522, 5970, 22831, 28583, 37295, 32566, 19567, 35086]
Train Epoch: 1 [48640/60000 (81%)]	Loss: 0.347140
[Train] batch 761 GPA: 0x000000038da01400
[TS] batch761/input: write_done_realtime_ns=1787618983000957944
[GT] batch761 labels=[4, 9, 9, 1, 0, 5, 2, 5, 7, 6, 4, 0, 5, 7, 2, 7, 4, 3, 1, 0, 6, 9, 7, 3, 7, 2, 6, 8, 2, 7, 2, 0, 4, 1, 7, 6, 2, 4, 2, 7, 0, 0, 5, 4, 0, 2, 1, 5, 2, 7, 0, 2, 2, 6, 1, 0, 7, 8, 2, 9, 2, 3, 3, 1] indices=[15400, 4209, 9304, 43933, 17709, 44845, 8058, 51405, 34941, 1456, 33852, 51265, 37313, 52687, 12481, 59963, 39361, 52974, 38779, 577, 19722, 9066, 13867, 18752, 25506, 27852, 18220, 54337, 45041, 36643, 59327, 44883, 44751, 19420, 46671, 58133, 37957, 48194, 48118, 934, 22761, 21380, 57106, 46960, 34016, 159, 23749, 41618, 38354, 15577, 19127, 55657, 9583, 27285, 835, 7243, 59626, 34594, 51118, 16090, 25530, 49882, 50067, 27821]
[Train] batch 762 GPA: 0x000000038da18a00
[TS] batch762/input: write_done_realtime_ns=1787618983014159320
[GT] batch762 labels=[0, 7, 5, 0, 2, 3, 6, 9, 5, 5, 4, 9, 3, 2, 2, 1, 5, 9, 2, 0, 1, 2, 5, 9, 4, 7, 5, 2, 6, 2, 7, 5, 9, 5, 9, 9, 4, 3, 0, 0, 8, 8, 5, 2, 5, 5, 5, 0, 6, 3, 7, 5, 2, 5, 3, 2, 5, 8, 7, 9, 2, 2, 6, 4] indices=[38412, 23752, 29344, 16286, 42563, 6282, 50135, 26949, 27314, 36516, 11567, 32351, 36262, 22554, 2866, 779, 21206, 49335, 27600, 36223, 53842, 59579, 28280, 49690, 15525, 18753, 23690, 43974, 57075, 44273, 38776, 44804, 7873, 56999, 10780, 29078, 40835, 20649, 14991, 30484, 28511, 1783, 44991, 8983, 42428, 40347, 52458, 25567, 35470, 57278, 27827, 22363, 44549, 39923, 33169, 17047, 22015, 33074, 24131, 14842, 57936, 17374, 36821, 24493]
[Train] batch 763 GPA: 0x000000038da01400
[TS] batch763/input: write_done_realtime_ns=1787618983027333746
[GT] batch763 labels=[0, 5, 4, 0, 0, 5, 1, 8, 9, 3, 5, 4, 6, 6, 6, 7, 7, 0, 4, 5, 5, 7, 7, 8, 9, 9, 2, 1, 5, 1, 4, 2, 5, 1, 2, 2, 6, 3, 6, 2, 9, 5, 8, 4, 5, 1, 9, 8, 3, 2, 4, 0, 8, 1, 6, 3, 4, 5, 5, 8, 9, 4, 8, 0] indices=[35853, 417, 35904, 7499, 7364, 14534, 4953, 41996, 45071, 33009, 23544, 30613, 33264, 5222, 51687, 25300, 52301, 40844, 27825, 33537, 42827, 5300, 46737, 18685, 55465, 43565, 31506, 7472, 23235, 58944, 46757, 17786, 16257, 53199, 28868, 47113, 892, 4342, 1536, 47650, 15912, 59278, 59220, 39590, 26034, 31033, 32504, 9165, 12490, 45342, 49514, 8157, 19566, 18546, 40894, 28264, 1568, 49445, 43368, 58156, 39754, 10928, 54394, 47997]
[Train] batch 764 GPA: 0x000000038da18a00
[TS] batch764/input: write_done_realtime_ns=1787618983040539291
[GT] batch764 labels=[1, 8, 8, 0, 9, 3, 1, 5, 1, 0, 0, 3, 6, 0, 0, 2, 2, 5, 7, 9, 3, 0, 3, 4, 9, 9, 3, 2, 9, 0, 0, 7, 7, 3, 3, 6, 2, 3, 0, 6, 2, 8, 4, 2, 5, 1, 3, 3, 0, 6, 7, 6, 3, 9, 4, 0, 6, 6, 5, 8, 6, 0, 9, 1] indices=[35313, 47967, 24600, 10069, 42052, 23986, 25352, 19390, 49339, 4444, 44744, 12035, 24453, 13483, 10230, 11084, 42394, 42101, 38350, 18628, 12617, 49996, 21690, 10172, 46839, 15503, 14535, 28059, 31803, 25919, 5905, 56638, 54405, 29237, 49859, 48630, 49914, 21035, 35999, 34783, 53017, 52329, 37516, 12409, 33409, 20536, 25282, 12661, 26095, 26641, 20789, 55512, 43067, 40197, 55773, 14668, 50623, 50289, 1109, 50900, 5877, 11541, 6964, 44113]
[Train] batch 765 GPA: 0x000000038da01400
[TS] batch765/input: write_done_realtime_ns=1787618983053667208
[GT] batch765 labels=[5, 6, 9, 1, 1, 6, 7, 7, 2, 1, 1, 1, 4, 1, 0, 8, 2, 3, 8, 8, 2, 8, 4, 0, 9, 3, 3, 9, 9, 9, 9, 6, 2, 0, 4, 4, 9, 7, 4, 1, 9, 6, 1, 5, 3, 3, 2, 0, 1, 9, 2, 7, 9, 3, 0, 9, 7, 7, 4, 7, 6, 8, 3, 9] indices=[55376, 21126, 3935, 3068, 56717, 51378, 21761, 52744, 16664, 33600, 19768, 31945, 12786, 6463, 48729, 39144, 45868, 675, 33636, 58178, 57619, 16340, 3732, 11240, 8503, 43875, 4632, 41979, 26426, 11367, 11280, 24031, 19891, 51122, 12577, 31448, 14294, 38783, 42742, 2335, 25044, 5517, 5570, 11873, 59054, 9141, 33541, 9720, 25322, 29868, 55308, 46744, 53752, 54930, 43610, 16953, 16594, 11907, 24437, 24571, 32817, 36489, 59375, 59050]
[Train] batch 766 GPA: 0x000000038da18a00
[TS] batch766/input: write_done_realtime_ns=1787618983066867914
[GT] batch766 labels=[3, 5, 1, 6, 8, 7, 5, 0, 1, 2, 7, 7, 9, 0, 7, 3, 4, 9, 2, 6, 7, 6, 1, 8, 0, 1, 4, 7, 6, 8, 9, 0, 1, 6, 7, 7, 6, 1, 3, 5, 4, 9, 3, 4, 9, 8, 0, 0, 4, 3, 8, 1, 5, 5, 6, 7, 2, 3, 5, 7, 3, 8, 2, 6] indices=[35582, 2948, 35395, 55379, 17179, 46248, 14955, 8272, 30852, 50676, 18322, 47402, 43343, 30088, 48639, 42758, 35472, 49371, 44950, 6194, 4928, 40514, 13636, 26515, 50407, 39462, 38568, 31062, 19799, 47648, 30623, 54808, 8625, 14136, 32988, 59935, 15788, 23132, 20222, 22255, 22652, 16877, 58237, 54187, 26839, 35997, 18042, 50123, 46777, 6706, 3273, 28862, 26823, 11850, 19754, 39605, 7029, 32900, 14806, 33627, 10011, 29700, 3574, 8462]
[Train] batch 767 GPA: 0x000000038da01400
[TS] batch767/input: write_done_realtime_ns=1787618983080272148
[GT] batch767 labels=[2, 8, 0, 6, 2, 6, 9, 1, 5, 5, 1, 2, 4, 1, 0, 3, 2, 3, 5, 6, 9, 4, 3, 6, 5, 7, 4, 7, 7, 6, 8, 7, 3, 1, 5, 0, 4, 4, 9, 1, 0, 8, 2, 4, 2, 2, 3, 9, 7, 2, 5, 2, 8, 7, 9, 6, 5, 7, 6, 8, 3, 7, 7, 4] indices=[28920, 59962, 3198, 14265, 57890, 51664, 56062, 41055, 22827, 4304, 23204, 58098, 32301, 12078, 28317, 21610, 30762, 53325, 50615, 18555, 21748, 21729, 17000, 38290, 14562, 59908, 48962, 54966, 27647, 10355, 24223, 17136, 49054, 12241, 24473, 26422, 54998, 22838, 47355, 35396, 7355, 42365, 41469, 40523, 43040, 27598, 15701, 50747, 52997, 684, 41719, 12161, 11398, 7513, 36194, 15673, 56433, 54176, 30249, 7928, 10389, 34506, 23155, 45391]
[Train] batch 768 GPA: 0x000000038da18a00
[TS] batch768/input: write_done_realtime_ns=1787618983093531112
[GT] batch768 labels=[2, 7, 6, 0, 8, 2, 9, 0, 5, 9, 5, 6, 8, 1, 1, 2, 9, 3, 4, 2, 0, 6, 9, 4, 6, 0, 2, 0, 0, 1, 9, 8, 9, 4, 3, 6, 8, 5, 3, 1, 6, 1, 3, 8, 5, 4, 1, 1, 2, 1, 3, 7, 9, 8, 1, 3, 3, 9, 9, 9, 8, 2, 2, 9] indices=[9836, 22781, 21291, 55576, 19931, 6124, 59058, 52885, 50778, 50752, 13058, 8042, 30539, 52887, 56728, 52335, 30646, 2941, 41531, 6391, 26184, 51446, 26822, 59753, 3985, 34541, 50640, 19669, 20928, 17846, 36122, 24769, 10717, 36434, 40866, 66, 59729, 19364, 31724, 35352, 35627, 40716, 14255, 17596, 4424, 17536, 23290, 52811, 31133, 29514, 24264, 59682, 56883, 4419, 572, 10994, 11075, 37108, 18277, 26885, 3281, 27458, 22353, 43814]
[Train] batch 769 GPA: 0x000000038da01400
[TS] batch769/input: write_done_realtime_ns=1787618983106696028
[GT] batch769 labels=[9, 7, 7, 2, 8, 9, 4, 6, 5, 2, 9, 5, 2, 1, 2, 1, 4, 8, 8, 4, 6, 5, 9, 1, 4, 8, 2, 2, 2, 1, 4, 2, 8, 8, 5, 1, 5, 2, 9, 6, 5, 6, 5, 5, 7, 3, 1, 2, 5, 0, 5, 4, 1, 1, 9, 7, 9, 1, 1, 5, 6, 5, 8, 0] indices=[39000, 47362, 8377, 252, 2170, 23868, 33347, 42452, 54914, 5156, 17475, 11935, 24695, 39716, 22067, 19070, 2406, 52567, 56447, 30234, 9860, 6004, 58854, 34402, 48000, 26003, 33489, 2251, 48915, 9480, 3091, 35378, 21926, 55405, 47281, 13090, 10111, 23472, 38887, 29944, 5378, 48591, 35784, 40546, 51080, 32563, 53018, 34134, 36683, 50539, 29955, 20932, 12212, 14853, 8127, 31648, 51165, 23036, 16110, 27452, 49969, 52388, 54636, 40582]
[Train] batch 770 GPA: 0x000000038da18a00
[TS] batch770/input: write_done_realtime_ns=1787618983119889095
[GT] batch770 labels=[4, 6, 8, 4, 4, 0, 7, 8, 6, 5, 3, 5, 8, 8, 0, 3, 3, 1, 8, 9, 6, 0, 0, 5, 9, 2, 6, 2, 8, 9, 2, 5, 0, 4, 1, 2, 6, 8, 1, 9, 1, 0, 8, 9, 2, 3, 3, 8, 8, 7, 8, 2, 6, 7, 3, 6, 0, 6, 3, 5, 5, 6, 1, 6] indices=[31539, 32228, 52764, 22885, 47884, 39233, 19453, 23008, 47451, 26572, 50260, 10434, 43579, 3690, 1596, 22946, 21018, 40045, 32218, 19403, 56455, 41158, 18599, 32354, 5390, 46122, 83, 38107, 10398, 11909, 10616, 44564, 22209, 17412, 32718, 58388, 33063, 18884, 2432, 34878, 34017, 11791, 45923, 44769, 35785, 5642, 51237, 34794, 35083, 54478, 32078, 50733, 1506, 1983, 56191, 28549, 47752, 28066, 55937, 32831, 40840, 23125, 16076, 39455]
Train Epoch: 1 [49280/60000 (82%)]	Loss: 0.078452
[Train] batch 771 GPA: 0x000000038da01400
[TS] batch771/input: write_done_realtime_ns=1787618983133190249
[GT] batch771 labels=[0, 4, 3, 4, 5, 8, 1, 1, 8, 8, 0, 6, 5, 0, 7, 1, 8, 6, 8, 5, 8, 6, 7, 4, 3, 1, 2, 4, 7, 6, 2, 3, 3, 9, 2, 1, 0, 9, 1, 0, 3, 1, 1, 4, 8, 0, 7, 3, 5, 9, 6, 9, 1, 7, 2, 1, 3, 5, 4, 1, 9, 2, 0, 4] indices=[42612, 2235, 46588, 22645, 9462, 12633, 1807, 42719, 46191, 48657, 20584, 23654, 20210, 37183, 41697, 51784, 45849, 11065, 37278, 23763, 57668, 25475, 42283, 3157, 34235, 6565, 20624, 54628, 16795, 19431, 13743, 46729, 38755, 46435, 53239, 39041, 19786, 30629, 22455, 10599, 42257, 27489, 52521, 56334, 11067, 24121, 9022, 25883, 8260, 36782, 43061, 38519, 13825, 23811, 20432, 13855, 43991, 45731, 41022, 54329, 2284, 31658, 2581, 17231]
[Train] batch 772 GPA: 0x000000038da18a00
[TS] batch772/input: write_done_realtime_ns=1787618983146311687
[GT] batch772 labels=[3, 8, 9, 4, 1, 6, 6, 7, 1, 4, 3, 4, 0, 6, 6, 7, 9, 5, 9, 4, 3, 2, 5, 1, 8, 1, 5, 8, 1, 2, 0, 2, 4, 5, 4, 6, 8, 3, 5, 0, 7, 1, 1, 0, 8, 3, 9, 2, 7, 5, 4, 2, 2, 6, 5, 2, 4, 5, 3, 4, 5, 8, 4, 0] indices=[59480, 52901, 4912, 41145, 57243, 58016, 21347, 37694, 20394, 6532, 27435, 14188, 47096, 1557, 56678, 26756, 31986, 51157, 29553, 34205, 52059, 9572, 2592, 42194, 55979, 34874, 35274, 21855, 24368, 41668, 46868, 56168, 59905, 55910, 25484, 24779, 6196, 6233, 51342, 38310, 55413, 33279, 14860, 56181, 9925, 43739, 58363, 55100, 11548, 37164, 54881, 15217, 34228, 25541, 11305, 14355, 46140, 44819, 42954, 12726, 17094, 11602, 2665, 527]
[Train] batch 773 GPA: 0x000000038da01400
[TS] batch773/input: write_done_realtime_ns=1787618983159731740
[GT] batch773 labels=[1, 6, 8, 2, 7, 1, 1, 5, 8, 0, 2, 4, 3, 1, 0, 4, 8, 7, 7, 0, 9, 1, 9, 5, 6, 7, 5, 5, 9, 7, 6, 1, 2, 3, 1, 9, 4, 4, 8, 1, 7, 6, 0, 9, 7, 3, 1, 5, 5, 6, 9, 5, 9, 1, 1, 9, 3, 3, 2, 7, 2, 5, 4, 3] indices=[8351, 16002, 42688, 39518, 43039, 13631, 48183, 23105, 13812, 41447, 16320, 22614, 54648, 16670, 14723, 10191, 59380, 1156, 57357, 8233, 51123, 23835, 10105, 46713, 42305, 26967, 32287, 5887, 14790, 43277, 6631, 5814, 33686, 6894, 3561, 59948, 60, 34249, 22290, 1044, 9188, 26344, 28896, 32668, 16557, 36046, 34383, 5678, 24492, 35497, 27130, 12476, 36420, 43972, 29215, 21718, 32703, 16556, 5345, 14391, 862, 39214, 58875, 46902]
[Train] batch 774 GPA: 0x000000038da18a00
[TS] batch774/input: write_done_realtime_ns=1787618983172995065
[GT] batch774 labels=[5, 4, 6, 1, 6, 6, 2, 9, 1, 2, 6, 8, 1, 3, 1, 6, 3, 3, 0, 2, 0, 3, 1, 2, 2, 9, 0, 4, 6, 5, 7, 8, 9, 7, 2, 8, 8, 3, 2, 8, 0, 8, 2, 1, 1, 6, 1, 2, 0, 5, 3, 1, 8, 0, 4, 1, 0, 5, 1, 1, 7, 0, 0, 2] indices=[59683, 834, 29169, 22899, 17309, 3856, 34604, 31605, 13556, 28640, 30597, 55614, 32756, 42114, 28718, 44337, 48258, 43076, 54351, 1175, 25743, 20939, 15967, 3308, 5076, 25502, 17603, 50427, 45523, 27099, 41448, 27177, 43419, 6173, 52109, 28182, 19792, 21038, 59157, 37106, 39483, 30494, 45358, 56637, 4750, 28083, 36558, 21880, 8763, 18399, 46027, 7205, 23205, 14356, 48478, 24436, 12219, 20635, 7658, 8383, 53600, 43309, 4181, 52649]
[Train] batch 775 GPA: 0x000000038da01400
[TS] batch775/input: write_done_realtime_ns=1787618983186291549
[GT] batch775 labels=[7, 4, 6, 2, 5, 9, 2, 1, 6, 2, 1, 8, 5, 5, 5, 7, 5, 3, 3, 7, 1, 8, 2, 2, 8, 4, 8, 0, 1, 3, 3, 2, 2, 0, 0, 2, 1, 0, 3, 5, 5, 3, 8, 5, 9, 5, 6, 7, 8, 4, 0, 6, 0, 0, 1, 9, 0, 0, 3, 7, 8, 0, 3, 9] indices=[4726, 44731, 36698, 37669, 14659, 13173, 5985, 14123, 14399, 17892, 6736, 26532, 10943, 36602, 9232, 24518, 38655, 46241, 5432, 41325, 45385, 7290, 18803, 17241, 26660, 59179, 10222, 54502, 45665, 47539, 341, 57112, 37427, 39715, 55911, 21453, 44680, 52520, 38982, 47609, 21005, 31032, 27762, 59701, 39974, 23736, 59463, 25452, 12984, 55197, 39279, 25646, 50852, 57963, 42243, 22514, 21560, 30849, 28193, 35199, 29511, 15704, 48164, 14985]
[Train] batch 776 GPA: 0x000000038da18a00
[TS] batch776/input: write_done_realtime_ns=1787618983199530584
[GT] batch776 labels=[6, 2, 2, 0, 1, 6, 2, 8, 5, 0, 0, 0, 8, 3, 8, 7, 9, 7, 7, 8, 2, 5, 8, 6, 2, 8, 5, 7, 5, 8, 6, 1, 0, 3, 7, 2, 0, 9, 2, 8, 1, 0, 3, 1, 3, 1, 8, 7, 0, 0, 6, 2, 6, 5, 7, 8, 5, 2, 9, 8, 6, 2, 7, 4] indices=[38661, 39342, 7879, 29564, 35436, 34343, 39042, 21549, 25440, 33647, 57053, 8385, 55430, 36324, 36915, 56694, 49466, 3769, 49399, 37122, 49573, 19759, 22483, 34896, 10528, 46904, 21011, 27057, 3648, 35484, 10540, 6531, 10119, 32913, 36613, 52656, 118, 39532, 14343, 32735, 8648, 54642, 51655, 21740, 41863, 28925, 13518, 5723, 36882, 38874, 50160, 28882, 12258, 52717, 41779, 6223, 3922, 4880, 6174, 43731, 25010, 55950, 28956, 6058]
[Train] batch 777 GPA: 0x000000038da01400
[TS] batch777/input: write_done_realtime_ns=1787618983212857748
[GT] batch777 labels=[9, 0, 4, 9, 1, 5, 0, 6, 3, 0, 1, 3, 9, 0, 6, 6, 4, 9, 1, 1, 2, 0, 5, 4, 3, 2, 2, 3, 7, 2, 0, 2, 0, 1, 3, 8, 4, 7, 0, 0, 9, 1, 0, 9, 6, 1, 4, 9, 0, 6, 6, 1, 0, 8, 4, 0, 9, 1, 9, 4, 3, 6, 8, 4] indices=[19715, 39202, 35254, 10478, 36469, 56108, 12926, 31606, 24417, 25725, 49002, 15007, 37682, 37921, 56211, 20272, 33119, 39889, 6423, 34849, 20473, 10140, 57330, 56793, 52972, 1034, 32606, 254, 29801, 28832, 8838, 38435, 26408, 38462, 18735, 39389, 58579, 56815, 8159, 6279, 39932, 6834, 24265, 29332, 47631, 21166, 24734, 13072, 57067, 5913, 6267, 4861, 37495, 41575, 29688, 29664, 14580, 16204, 57531, 38428, 33028, 7126, 18901, 12972]
[Train] batch 778 GPA: 0x000000038da18a00
[TS] batch778/input: write_done_realtime_ns=1787618983226080134
[GT] batch778 labels=[8, 2, 5, 4, 3, 3, 2, 2, 5, 4, 7, 8, 8, 9, 3, 8, 4, 9, 8, 8, 5, 7, 0, 0, 7, 7, 9, 3, 5, 5, 6, 6, 5, 2, 3, 0, 0, 8, 0, 4, 4, 7, 0, 4, 3, 7, 0, 9, 1, 2, 4, 8, 1, 9, 0, 0, 4, 6, 7, 6, 8, 6, 7, 9] indices=[51850, 45439, 33071, 22434, 38529, 32663, 12740, 23040, 31838, 10133, 23442, 21110, 53294, 36538, 11031, 27524, 55927, 6036, 16824, 35772, 33811, 6091, 51618, 12550, 30259, 57526, 55803, 59416, 44976, 9514, 29997, 44755, 51130, 29064, 31897, 9342, 59450, 3114, 54089, 25613, 22518, 25242, 24371, 58212, 12990, 59276, 33327, 6918, 1069, 20779, 53596, 13327, 15121, 45236, 9222, 56651, 15556, 51427, 38329, 25798, 33770, 2291, 47929, 59573]
[Train] batch 779 GPA: 0x000000038da01400
[TS] batch779/input: write_done_realtime_ns=1787618983239326569
[GT] batch779 labels=[4, 9, 2, 0, 1, 6, 0, 3, 0, 6, 3, 3, 6, 7, 2, 2, 5, 0, 0, 9, 6, 2, 3, 5, 0, 4, 3, 0, 8, 7, 7, 3, 9, 5, 5, 0, 9, 7, 1, 1, 3, 3, 1, 0, 8, 6, 8, 7, 3, 0, 6, 0, 4, 8, 4, 4, 8, 3, 0, 2, 4, 1, 4, 7] indices=[56316, 16515, 21366, 36692, 9579, 1113, 59331, 8230, 18936, 35206, 13146, 43702, 49104, 47003, 20145, 54838, 9339, 42262, 51889, 44328, 25317, 9575, 966, 9376, 8323, 42787, 4121, 16081, 39865, 3640, 28921, 59828, 21827, 2279, 4259, 19861, 43792, 4661, 27111, 54005, 12593, 40078, 15669, 33087, 8299, 47593, 39575, 44323, 17777, 49872, 23905, 1725, 26847, 7645, 36218, 40226, 55241, 52111, 49853, 44054, 57126, 34617, 2338, 32620]
[Train] batch 780 GPA: 0x000000038da18a00
[TS] batch780/input: write_done_realtime_ns=1787618983252561605
[GT] batch780 labels=[1, 2, 5, 7, 4, 9, 7, 5, 5, 5, 5, 5, 3, 0, 2, 5, 7, 4, 3, 9, 4, 8, 5, 8, 3, 6, 7, 0, 2, 5, 3, 0, 3, 6, 5, 2, 1, 3, 7, 0, 9, 2, 3, 2, 0, 8, 4, 9, 7, 2, 2, 4, 0, 3, 6, 4, 1, 1, 1, 9, 0, 4, 7, 0] indices=[59200, 22661, 15571, 28986, 7442, 30758, 38814, 52540, 55728, 50939, 44506, 58871, 37797, 14613, 56590, 51731, 1958, 25419, 18039, 8066, 11459, 49215, 51822, 30738, 8295, 36895, 42125, 38200, 38720, 55060, 39928, 51491, 27856, 1779, 6418, 6627, 49796, 36018, 25756, 41570, 38312, 12372, 54322, 54043, 3809, 1439, 14047, 42564, 47893, 22713, 29413, 3573, 53800, 31559, 52667, 4180, 53160, 41784, 42834, 53324, 20463, 47814, 5663, 40002]
Train Epoch: 1 [49920/60000 (83%)]	Loss: 0.095207
[Train] batch 781 GPA: 0x000000038da01400
[TS] batch781/input: write_done_realtime_ns=1787618983265869300
[GT] batch781 labels=[8, 3, 5, 9, 2, 5, 1, 4, 3, 9, 1, 3, 5, 7, 1, 9, 2, 1, 0, 1, 9, 5, 6, 0, 5, 0, 2, 4, 1, 7, 7, 7, 1, 4, 6, 3, 0, 4, 9, 0, 1, 7, 3, 4, 3, 8, 4, 9, 0, 9, 7, 6, 2, 8, 7, 0, 2, 6, 1, 0, 8, 0, 5, 7] indices=[50860, 26694, 41904, 21032, 1391, 16629, 19176, 13132, 12355, 58075, 10803, 24104, 28410, 13753, 9011, 1757, 52370, 57644, 21273, 17422, 32714, 57470, 22693, 20478, 26547, 32609, 57669, 21887, 7747, 40193, 8090, 58383, 31766, 4114, 47486, 47841, 2955, 9821, 54257, 51415, 21984, 20304, 3466, 32369, 9053, 42034, 46314, 17092, 33536, 10038, 640, 53929, 16025, 28587, 10263, 10204, 24198, 43498, 57785, 4556, 4675, 8863, 37049, 57204]
[Train] batch 782 GPA: 0x000000038da18a00
[TS] batch782/input: write_done_realtime_ns=1787618983279105855
[GT] batch782 labels=[4, 0, 1, 9, 0, 0, 2, 1, 0, 5, 0, 8, 7, 9, 9, 2, 7, 3, 7, 7, 7, 4, 5, 6, 7, 0, 6, 2, 8, 4, 9, 3, 4, 6, 1, 7, 1, 9, 1, 9, 6, 6, 2, 6, 1, 1, 4, 1, 8, 5, 1, 4, 6, 7, 8, 0, 1, 1, 8, 8, 0, 6, 5, 8] indices=[27824, 48287, 34166, 20462, 51352, 55297, 19466, 28250, 21097, 57232, 56176, 14226, 33995, 5142, 27112, 7467, 824, 9153, 22077, 26854, 2024, 53945, 3907, 33379, 196, 12652, 24486, 29219, 28401, 34294, 16775, 4001, 52958, 46441, 30292, 16049, 5933, 3544, 40148, 19577, 37621, 51457, 40203, 18330, 32536, 44108, 52756, 17925, 28989, 29487, 12136, 17568, 49550, 47149, 16465, 57769, 48931, 46304, 22526, 3029, 7894, 4612, 50399, 10395]
[Train] batch 783 GPA: 0x000000038da01400
[TS] batch783/input: write_done_realtime_ns=1787618983292322511
[GT] batch783 labels=[0, 6, 3, 7, 7, 8, 0, 7, 2, 6, 4, 6, 1, 0, 8, 5, 2, 6, 0, 8, 2, 8, 1, 0, 6, 7, 9, 1, 7, 5, 7, 9, 4, 7, 9, 1, 1, 2, 9, 6, 5, 1, 2, 0, 9, 2, 0, 5, 4, 4, 0, 8, 2, 7, 2, 9, 2, 9, 5, 2, 6, 9, 6, 5] indices=[9455, 17933, 44142, 17114, 45992, 46320, 15046, 48944, 23675, 48656, 37793, 36259, 43653, 52048, 30521, 28372, 11271, 24428, 10705, 1419, 51398, 3032, 32612, 39321, 59567, 53334, 36402, 3411, 28071, 3527, 30307, 4830, 48596, 11763, 29281, 51563, 14314, 54573, 19359, 8829, 55414, 42000, 36958, 44811, 23681, 13374, 53219, 16347, 36190, 6037, 37529, 29198, 14760, 1023, 59333, 3083, 5900, 2434, 13387, 25029, 3629, 5898, 44250, 23418]
[Train] batch 784 GPA: 0x000000038da18a00
[TS] batch784/input: write_done_realtime_ns=1787618983305590135
[GT] batch784 labels=[0, 9, 9, 6, 6, 9, 1, 2, 3, 1, 8, 5, 7, 4, 4, 8, 7, 5, 8, 9, 7, 2, 6, 7, 0, 6, 7, 5, 6, 6, 3, 7, 3, 4, 5, 3, 1, 2, 8, 1, 7, 9, 0, 7, 0, 9, 1, 0, 2, 7, 1, 8, 2, 4, 4, 9, 3, 4, 2, 7, 5, 5, 3, 7] indices=[28451, 43999, 12315, 57943, 59493, 7886, 46850, 41082, 9812, 25596, 15104, 25935, 31558, 57035, 4439, 23843, 19611, 4168, 24241, 46701, 1054, 8403, 15478, 41535, 55355, 33076, 3795, 42274, 49900, 19571, 50960, 38672, 54008, 36726, 57165, 11645, 23302, 17500, 27599, 9012, 53781, 14884, 43468, 38688, 39055, 25706, 58056, 22013, 2792, 11421, 3714, 11885, 32202, 21417, 6812, 19320, 33655, 414, 26431, 17340, 11644, 18404, 16491, 16226]
[Train] batch 785 GPA: 0x000000038da01400
[TS] batch785/input: write_done_realtime_ns=1787618983318794691
[GT] batch785 labels=[6, 8, 2, 8, 6, 1, 9, 0, 8, 2, 9, 4, 7, 5, 0, 1, 3, 0, 2, 4, 6, 3, 0, 8, 6, 6, 0, 7, 4, 7, 1, 9, 2, 0, 1, 1, 6, 2, 2, 9, 2, 4, 3, 4, 4, 7, 9, 4, 5, 4, 6, 3, 7, 3, 9, 6, 7, 7, 6, 7, 6, 8, 2, 1] indices=[19471, 40945, 14422, 1964, 56501, 17907, 460, 54209, 51964, 31928, 58081, 56375, 48787, 37072, 42579, 40273, 12983, 53509, 37880, 17926, 17985, 39855, 30480, 18491, 31998, 22448, 40833, 38921, 3862, 12982, 35985, 57688, 25920, 26298, 17262, 22065, 9113, 31492, 8844, 23467, 3975, 15141, 6447, 53141, 851, 19658, 10597, 48288, 13021, 41568, 39188, 27467, 54135, 16291, 44678, 32826, 651, 32346, 39466, 8803, 18788, 13549, 22998, 29812]
[Train] batch 786 GPA: 0x000000038da18a00
[TS] batch786/input: write_done_realtime_ns=1787618983332231804
[GT] batch786 labels=[2, 9, 6, 1, 9, 0, 1, 4, 4, 7, 6, 1, 4, 6, 3, 7, 1, 2, 4, 0, 1, 2, 3, 2, 8, 2, 0, 5, 6, 3, 0, 9, 5, 5, 7, 9, 8, 8, 4, 3, 9, 3, 2, 7, 7, 4, 7, 3, 7, 1, 5, 2, 5, 9, 3, 0, 7, 4, 7, 9, 6, 4, 8, 4] indices=[7920, 31733, 36036, 15574, 56201, 33078, 4202, 12485, 8875, 22346, 21538, 40924, 51873, 49828, 5660, 22326, 32406, 59410, 2859, 2642, 39878, 55158, 35874, 36858, 1759, 32243, 5203, 58025, 28798, 54250, 427, 501, 24361, 26570, 41892, 39692, 18595, 44206, 55546, 149, 35182, 39774, 3536, 40465, 58221, 35964, 17368, 4792, 23666, 47880, 9919, 13299, 19862, 47813, 59825, 33277, 1480, 57537, 30722, 19757, 27298, 18345, 34968, 10241]
[Train] batch 787 GPA: 0x000000038da01400
[TS] batch787/input: write_done_realtime_ns=1787618983345426170
[GT] batch787 labels=[7, 3, 8, 1, 1, 4, 8, 2, 0, 5, 4, 1, 8, 5, 6, 8, 0, 5, 2, 0, 1, 9, 0, 9, 9, 0, 4, 5, 9, 5, 7, 2, 5, 8, 8, 5, 1, 3, 8, 9, 4, 8, 0, 6, 5, 4, 0, 8, 0, 7, 4, 8, 1, 5, 9, 9, 9, 1, 5, 3, 5, 9, 7, 5] indices=[26441, 20937, 15626, 5169, 25767, 49754, 56593, 38127, 9869, 11980, 18297, 21889, 39131, 22147, 12887, 55471, 46398, 14048, 54078, 3568, 17938, 40297, 57020, 17310, 13563, 24189, 15822, 52439, 9167, 41887, 26234, 46710, 9824, 34422, 30324, 50138, 50207, 50683, 19253, 1720, 59386, 57562, 7944, 44879, 59492, 7399, 28714, 20905, 53014, 29954, 22747, 45245, 47910, 20266, 11862, 21786, 26748, 5123, 24995, 52191, 11695, 16185, 16823, 13940]
[Train] batch 788 GPA: 0x000000038da18a00
[TS] batch788/input: write_done_realtime_ns=1787618983358612276
[GT] batch788 labels=[8, 4, 7, 7, 6, 3, 2, 7, 8, 2, 2, 2, 6, 0, 9, 6, 1, 8, 7, 9, 1, 0, 2, 6, 5, 9, 1, 2, 9, 0, 6, 7, 1, 2, 1, 2, 2, 2, 7, 6, 1, 3, 6, 1, 1, 2, 1, 9, 5, 4, 6, 7, 9, 9, 7, 6, 7, 4, 3, 5, 5, 6, 5, 3] indices=[36347, 58548, 42695, 40627, 28870, 42807, 55982, 15449, 144, 713, 11203, 5094, 6373, 14890, 28215, 43586, 22179, 34986, 48298, 57206, 26317, 21766, 8082, 13290, 43837, 18842, 20556, 14836, 50908, 9440, 16575, 31849, 25981, 58962, 2497, 54682, 1183, 35134, 25009, 785, 30179, 6855, 26469, 53823, 35508, 12954, 53687, 56507, 16120, 52128, 44168, 25610, 1292, 41932, 4331, 41477, 20032, 8587, 179, 22194, 23550, 7452, 56366, 7556]
[Train] batch 789 GPA: 0x000000038da01400
[TS] batch789/input: write_done_realtime_ns=1787618983371862861
[GT] batch789 labels=[2, 3, 5, 0, 8, 2, 4, 0, 2, 6, 3, 7, 9, 1, 9, 9, 7, 7, 0, 2, 9, 0, 6, 2, 9, 7, 0, 8, 9, 3, 0, 4, 1, 3, 8, 4, 5, 7, 1, 9, 4, 7, 1, 6, 1, 5, 5, 7, 6, 9, 2, 1, 2, 0, 2, 1, 6, 0, 9, 2, 0, 5, 7, 8] indices=[45818, 5184, 32074, 59929, 49400, 9477, 2484, 46375, 59167, 5311, 30859, 12391, 12127, 14858, 7171, 12172, 57098, 38220, 59059, 46056, 26259, 29438, 37071, 40569, 17903, 54937, 9857, 34779, 34838, 29383, 56351, 13071, 46372, 20615, 51424, 51454, 31402, 29633, 20475, 8318, 21269, 39401, 14345, 33032, 23097, 22756, 14171, 45533, 24945, 41787, 28021, 54946, 46277, 36848, 28278, 34754, 49718, 39236, 4788, 18077, 52336, 45295, 21518, 55392]
[Train] batch 790 GPA: 0x000000038da18a00
[TS] batch790/input: write_done_realtime_ns=1787618983385206396
[GT] batch790 labels=[2, 8, 8, 4, 7, 7, 5, 5, 1, 4, 8, 7, 2, 9, 3, 7, 2, 9, 9, 8, 9, 5, 4, 2, 8, 4, 1, 0, 2, 7, 2, 6, 4, 7, 0, 5, 8, 5, 2, 6, 5, 6, 6, 1, 4, 6, 0, 6, 4, 5, 7, 3, 1, 3, 2, 1, 3, 6, 8, 3, 9, 0, 4, 5] indices=[8470, 31749, 1745, 5482, 34633, 29931, 57234, 52610, 6380, 35852, 2243, 54186, 13275, 26276, 19620, 20090, 22688, 13428, 38005, 15406, 32235, 4443, 55990, 38401, 26936, 31359, 32153, 11615, 6344, 55779, 53772, 55936, 33282, 48050, 24842, 27100, 34236, 20190, 48699, 35537, 34139, 19272, 59791, 59247, 12790, 11390, 22023, 35517, 57733, 57320, 37878, 56524, 23348, 613, 42443, 20875, 58774, 40137, 53236, 48193, 33061, 12575, 21181, 53410]
Train Epoch: 1 [50560/60000 (84%)]	Loss: 0.053569
[Train] batch 791 GPA: 0x000000038da01400
[TS] batch791/input: write_done_realtime_ns=1787618983398480420
[GT] batch791 labels=[7, 6, 7, 0, 7, 6, 8, 1, 2, 8, 0, 6, 0, 9, 3, 3, 2, 6, 1, 2, 3, 8, 4, 3, 6, 4, 5, 6, 1, 9, 1, 1, 4, 1, 6, 4, 6, 7, 0, 2, 6, 5, 2, 3, 9, 1, 9, 1, 9, 9, 3, 6, 1, 0, 7, 7, 1, 4, 2, 9, 8, 9, 6, 1] indices=[26709, 49886, 40838, 28414, 50162, 35411, 27606, 27018, 43649, 57869, 42063, 18849, 50729, 18458, 2074, 46182, 35652, 58488, 23953, 6273, 44729, 48925, 12384, 40202, 20433, 21561, 36361, 25505, 16960, 37283, 6244, 5174, 37640, 25434, 51310, 40793, 8621, 3751, 33302, 673, 40356, 25778, 3890, 32799, 18820, 58891, 12840, 45284, 33643, 56230, 4836, 51525, 22170, 13411, 52886, 42030, 21818, 2323, 33832, 26110, 9764, 39148, 5003, 6640]
[Train] batch 792 GPA: 0x000000038da18a00
[TS] batch792/input: write_done_realtime_ns=1787618983411774065
[GT] batch792 labels=[8, 5, 0, 6, 3, 7, 1, 4, 0, 5, 3, 7, 1, 6, 1, 5, 4, 0, 7, 2, 5, 1, 1, 6, 2, 1, 8, 8, 6, 5, 9, 1, 4, 3, 9, 3, 9, 7, 6, 6, 9, 5, 7, 9, 0, 9, 4, 6, 3, 9, 9, 9, 9, 4, 3, 0, 8, 1, 6, 0, 6, 4, 7, 8] indices=[10281, 23927, 15442, 3098, 2981, 49327, 13923, 10778, 44871, 27228, 12124, 42202, 8985, 6690, 50477, 14628, 35363, 17648, 56653, 28630, 19551, 40561, 13882, 28438, 55836, 16381, 50180, 3775, 54237, 50766, 55063, 36956, 37645, 52375, 11617, 40079, 7098, 22626, 34654, 25467, 49010, 24173, 41527, 10341, 8019, 41589, 20741, 33450, 16861, 51827, 13304, 19546, 5404, 32565, 26830, 14749, 33631, 24824, 48133, 15675, 27807, 37585, 42011, 16274]
[Train] batch 793 GPA: 0x000000038da01400
[TS] batch793/input: write_done_realtime_ns=1787618983425092440
[GT] batch793 labels=[8, 6, 7, 5, 2, 6, 9, 5, 3, 6, 1, 7, 3, 1, 8, 3, 6, 2, 6, 3, 6, 1, 5, 4, 2, 9, 9, 1, 0, 2, 7, 5, 9, 1, 0, 0, 3, 3, 9, 6, 5, 8, 2, 6, 9, 3, 8, 4, 2, 2, 4, 7, 5, 9, 2, 3, 9, 3, 2, 5, 1, 0, 3, 8] indices=[27386, 22618, 52911, 20885, 54134, 10930, 52447, 44135, 27675, 25031, 1989, 50891, 35010, 6277, 54593, 45911, 55820, 36715, 54345, 31538, 43154, 49706, 21895, 14469, 34436, 39538, 7756, 43567, 41285, 24152, 52791, 9159, 6872, 4420, 5608, 24858, 19941, 43962, 20700, 39372, 34453, 16554, 25220, 58007, 22299, 47311, 29223, 12525, 22792, 41878, 34015, 18966, 59349, 28530, 13200, 54535, 36963, 1320, 40272, 3580, 36517, 53407, 16134, 40295]
[Train] batch 794 GPA: 0x000000038da18a00
[TS] batch794/input: write_done_realtime_ns=1787618983438340424
[GT] batch794 labels=[4, 0, 0, 4, 5, 4, 8, 0, 5, 5, 4, 4, 7, 9, 1, 4, 3, 9, 9, 3, 9, 7, 1, 5, 2, 6, 7, 4, 9, 3, 1, 0, 6, 0, 7, 5, 2, 0, 8, 2, 4, 1, 9, 1, 5, 1, 1, 1, 0, 7, 8, 3, 5, 2, 7, 1, 4, 1, 3, 3, 5, 5, 6, 7] indices=[55337, 35243, 45557, 55860, 51994, 26172, 29172, 17620, 22638, 9368, 38072, 2689, 29032, 39998, 4569, 55788, 42441, 14434, 5592, 46242, 46589, 55244, 53341, 30285, 15476, 16187, 3868, 1693, 2221, 50312, 6395, 57154, 54224, 53502, 9545, 57528, 43176, 43536, 35021, 10029, 48376, 19749, 40446, 55417, 38883, 25774, 48236, 57436, 39801, 9426, 42682, 47411, 39280, 38080, 839, 31894, 31235, 18304, 50033, 59119, 32684, 35326, 50241, 33920]
[Train] batch 795 GPA: 0x000000038da01400
[TS] batch795/input: write_done_realtime_ns=1787618983451588250
[GT] batch795 labels=[1, 7, 6, 9, 5, 9, 2, 7, 7, 7, 3, 7, 9, 2, 1, 1, 2, 0, 1, 5, 6, 0, 2, 2, 1, 0, 5, 2, 1, 2, 4, 6, 1, 7, 2, 2, 1, 4, 3, 2, 6, 9, 2, 2, 9, 6, 7, 1, 5, 0, 5, 9, 4, 8, 0, 5, 9, 2, 2, 8, 1, 7, 5, 1] indices=[27793, 4548, 58055, 55573, 5771, 18091, 35882, 3065, 29436, 58299, 20685, 56880, 27116, 32792, 29974, 41591, 19324, 55624, 10085, 30125, 29776, 58858, 16361, 9777, 45001, 666, 48400, 59555, 49697, 48502, 59933, 15627, 54254, 15801, 12263, 24517, 49232, 45299, 36802, 53692, 17556, 20861, 15596, 10957, 23791, 9206, 19416, 51556, 28116, 38332, 1288, 58838, 18941, 15321, 9151, 56661, 44721, 8864, 39691, 12045, 9354, 50730, 51079, 36535]
[Train] batch 796 GPA: 0x000000038da18a00
[TS] batch796/input: write_done_realtime_ns=1787618983464968684
[GT] batch796 labels=[3, 5, 1, 8, 6, 9, 7, 9, 4, 9, 1, 7, 9, 3, 2, 1, 6, 5, 8, 0, 8, 4, 4, 6, 2, 6, 5, 0, 8, 4, 3, 3, 9, 0, 8, 3, 3, 4, 0, 6, 1, 8, 2, 4, 3, 7, 8, 8, 4, 1, 0, 4, 2, 6, 6, 3, 9, 9, 2, 7, 6, 4, 0, 8] indices=[27183, 59311, 14038, 35561, 48086, 18552, 4164, 36735, 50471, 54144, 9803, 18161, 20519, 35891, 27456, 14521, 41547, 56128, 4621, 7219, 11881, 24295, 45316, 44336, 23222, 1671, 28570, 3541, 22079, 92, 24248, 20096, 19120, 41795, 3497, 2339, 18802, 39083, 27082, 5804, 19099, 25563, 34745, 14426, 17207, 4394, 43968, 52090, 21644, 47434, 3881, 28963, 21793, 34529, 21684, 13658, 50807, 36282, 19248, 57927, 21434, 51604, 34451, 46478]
[Train] batch 797 GPA: 0x000000038da01400
[TS] batch797/input: write_done_realtime_ns=1787618983478305458
[GT] batch797 labels=[1, 8, 5, 9, 1, 7, 5, 8, 7, 9, 6, 8, 7, 3, 9, 7, 5, 9, 8, 3, 3, 6, 1, 1, 7, 0, 4, 7, 9, 2, 7, 3, 9, 4, 9, 7, 1, 0, 8, 0, 9, 8, 8, 4, 9, 7, 8, 0, 4, 8, 8, 8, 1, 7, 1, 5, 3, 3, 0, 1, 4, 0, 1, 8] indices=[59382, 23848, 54442, 16973, 2894, 9598, 49107, 51665, 32099, 47048, 12735, 53653, 43628, 19803, 9390, 21050, 16276, 13235, 47111, 14529, 8700, 22121, 50158, 59958, 9433, 29490, 6128, 25363, 16740, 18764, 22220, 44058, 35455, 59367, 50174, 59733, 29897, 10168, 4982, 57408, 51545, 21723, 59838, 36641, 45084, 20795, 46629, 17877, 39703, 20966, 58960, 34020, 58830, 4074, 1259, 23392, 47356, 6959, 12666, 37728, 45353, 17124, 22914, 4308]
[Train] batch 798 GPA: 0x000000038da18a00
[TS] batch798/input: write_done_realtime_ns=1787618983491748181
[GT] batch798 labels=[4, 8, 8, 2, 4, 7, 8, 4, 4, 3, 1, 2, 0, 6, 4, 8, 8, 2, 0, 7, 5, 8, 0, 7, 8, 4, 1, 1, 1, 8, 5, 5, 3, 1, 5, 3, 6, 5, 6, 6, 7, 6, 6, 4, 6, 2, 1, 1, 1, 3, 6, 8, 0, 8, 3, 5, 5, 2, 3, 6, 3, 1, 1, 0] indices=[41714, 47066, 54909, 33333, 34949, 23798, 23935, 18854, 32020, 27480, 6870, 49605, 11712, 16648, 6689, 53286, 50513, 4646, 2709, 47110, 42337, 41106, 11320, 6696, 44267, 12121, 18321, 14346, 26401, 26135, 48161, 13394, 37271, 52395, 14979, 34556, 53534, 21548, 50941, 23453, 6224, 16890, 24079, 57637, 7096, 53878, 2692, 2619, 41732, 30468, 46421, 43824, 35192, 7636, 19101, 37160, 21819, 37083, 23047, 28847, 33854, 52569, 16308, 25892]
[Train] batch 799 GPA: 0x000000038da01400
[TS] batch799/input: write_done_realtime_ns=1787618983505066486
[GT] batch799 labels=[3, 3, 5, 1, 3, 9, 6, 8, 3, 4, 1, 0, 0, 3, 0, 9, 0, 4, 1, 0, 5, 9, 0, 2, 5, 3, 2, 7, 8, 1, 0, 5, 8, 3, 3, 4, 1, 2, 6, 0, 1, 8, 2, 0, 3, 9, 0, 6, 6, 2, 9, 2, 7, 9, 3, 5, 4, 9, 7, 4, 2, 0, 1, 5] indices=[28613, 38735, 22329, 40696, 29270, 46474, 46845, 50604, 55796, 54130, 18692, 46603, 22440, 10155, 45830, 50329, 33823, 54109, 4186, 39935, 37413, 11603, 40441, 9471, 3384, 36216, 49101, 44417, 11273, 33781, 13155, 50800, 33895, 18527, 17745, 2891, 8456, 30746, 29537, 43102, 18352, 29026, 44274, 55805, 24784, 1882, 17905, 41963, 18058, 6038, 31653, 49486, 6109, 38358, 8568, 47115, 4135, 6518, 48610, 41499, 28950, 14775, 52051, 28259]
[Train] batch 800 GPA: 0x000000038da18a00
[TS] batch800/input: write_done_realtime_ns=1787618983518282791
[GT] batch800 labels=[3, 1, 0, 9, 4, 9, 3, 2, 6, 7, 1, 6, 3, 7, 8, 2, 0, 7, 6, 3, 6, 9, 7, 4, 5, 0, 3, 7, 1, 4, 7, 2, 8, 3, 5, 6, 4, 6, 9, 8, 2, 7, 0, 1, 2, 6, 2, 8, 7, 1, 6, 8, 0, 7, 3, 1, 9, 1, 3, 2, 8, 4, 8, 5] indices=[9168, 58440, 1916, 2989, 26067, 13573, 23730, 8922, 59181, 19141, 51876, 7516, 14030, 57884, 197, 59732, 2718, 40891, 13770, 53704, 36838, 32729, 8437, 36399, 51137, 39023, 32284, 32529, 34470, 54991, 47266, 37763, 29711, 7721, 18839, 19656, 16802, 5935, 38470, 43938, 28502, 58988, 46010, 26350, 6805, 3454, 25533, 49414, 54761, 29041, 4367, 57030, 20814, 13469, 31044, 27639, 31057, 44324, 22374, 20446, 29179, 9410, 49630, 48004]
Train Epoch: 1 [51200/60000 (85%)]	Loss: 0.129993
[Train] batch 801 GPA: 0x000000038da01400
[TS] batch801/input: write_done_realtime_ns=1787618983531543636
[GT] batch801 labels=[3, 3, 9, 0, 4, 3, 4, 7, 7, 7, 8, 3, 8, 0, 5, 1, 5, 5, 4, 3, 8, 3, 2, 4, 0, 1, 4, 5, 9, 2, 3, 4, 3, 7, 6, 6, 5, 7, 4, 1, 6, 5, 5, 5, 5, 8, 4, 2, 2, 4, 2, 0, 9, 7, 6, 5, 7, 3, 9, 6, 9, 7, 1, 4] indices=[48499, 52939, 35296, 17051, 56853, 27214, 38343, 17206, 497, 20039, 49225, 17673, 55683, 54108, 35369, 41419, 7591, 5066, 27694, 43943, 37735, 59120, 14837, 55282, 53077, 26604, 52074, 4760, 31841, 4687, 45658, 12064, 32071, 20866, 5600, 38318, 29648, 37536, 29046, 5256, 32381, 22470, 53309, 44263, 36332, 24359, 54419, 29106, 58287, 914, 4427, 27092, 58978, 26742, 51355, 2461, 17683, 53136, 51552, 846, 16342, 7605, 54059, 21858]
[Train] batch 802 GPA: 0x000000038da18a00
[TS] batch802/input: write_done_realtime_ns=1787618983544780632
[GT] batch802 labels=[6, 6, 1, 9, 6, 5, 0, 6, 4, 2, 5, 9, 4, 9, 0, 8, 4, 2, 8, 1, 7, 9, 0, 8, 9, 8, 3, 7, 2, 5, 1, 5, 8, 0, 6, 6, 9, 4, 4, 1, 5, 0, 5, 9, 5, 2, 2, 9, 3, 2, 2, 4, 0, 5, 7, 0, 3, 8, 7, 2, 4, 2, 7, 0] indices=[50034, 38472, 9616, 56486, 59320, 25178, 5641, 37003, 17325, 26788, 18553, 59455, 4493, 14687, 59497, 10233, 25960, 52726, 53640, 24970, 28542, 55201, 58521, 31414, 3186, 37924, 57967, 6882, 53323, 15771, 8992, 58646, 40339, 40322, 21755, 55713, 48504, 5324, 27346, 32496, 46635, 234, 57269, 7890, 12856, 19028, 51100, 26400, 45636, 54424, 5421, 47981, 17365, 31651, 14573, 34508, 16922, 52469, 52591, 11095, 27689, 37307, 5855, 39612]
[Train] batch 803 GPA: 0x000000038da01400
[TS] batch803/input: write_done_realtime_ns=1787618983558146235
[GT] batch803 labels=[9, 1, 6, 4, 2, 8, 8, 3, 5, 6, 1, 1, 5, 2, 1, 8, 0, 3, 9, 3, 4, 3, 7, 4, 6, 3, 3, 1, 8, 1, 5, 0, 2, 4, 4, 1, 0, 9, 4, 0, 3, 1, 3, 7, 8, 4, 7, 7, 8, 2, 7, 3, 3, 2, 0, 3, 6, 8, 7, 7, 4, 6, 8, 2] indices=[52718, 3587, 37993, 54276, 18643, 5346, 57042, 25949, 44293, 852, 12590, 41360, 18440, 8493, 36388, 3968, 13497, 35049, 43107, 42534, 45025, 12720, 10548, 4318, 38754, 55751, 54270, 2495, 7182, 55502, 35350, 46344, 12727, 16738, 13128, 43535, 19969, 6535, 31940, 15566, 44101, 15684, 35806, 37034, 6203, 43278, 57137, 6361, 13562, 2270, 1570, 50554, 32414, 44316, 21747, 56006, 28678, 48796, 58167, 48874, 41163, 41631, 56386, 6144]
[Train] batch 804 GPA: 0x000000038da18a00
[TS] batch804/input: write_done_realtime_ns=1787618983571263663
[GT] batch804 labels=[1, 6, 5, 0, 9, 0, 7, 2, 6, 3, 8, 1, 1, 4, 3, 2, 2, 9, 0, 9, 5, 4, 9, 6, 9, 4, 6, 3, 1, 4, 7, 8, 1, 4, 5, 6, 4, 5, 1, 3, 9, 2, 0, 8, 0, 2, 7, 9, 9, 6, 9, 6, 5, 9, 5, 4, 9, 7, 0, 6, 9, 7, 3, 0] indices=[29679, 38988, 22822, 59541, 37265, 31476, 22131, 39726, 59928, 5067, 54787, 28909, 52451, 20069, 18059, 59122, 26595, 57299, 12142, 50228, 17132, 12675, 40440, 26119, 29565, 40285, 24622, 9759, 29403, 54960, 4393, 26248, 56423, 20211, 33376, 54490, 14134, 8767, 35507, 48064, 48157, 1531, 50949, 13944, 8449, 28282, 45518, 55369, 44559, 12167, 42855, 7571, 47449, 22672, 28657, 590, 32891, 58977, 12387, 37175, 7447, 33499, 18120, 55278]
[Train] batch 805 GPA: 0x000000038da01400
[TS] batch805/input: write_done_realtime_ns=1787618983584556557
[GT] batch805 labels=[8, 5, 5, 3, 8, 2, 2, 1, 1, 1, 9, 3, 0, 1, 5, 8, 1, 7, 4, 6, 0, 4, 3, 7, 7, 7, 8, 6, 0, 4, 6, 0, 5, 5, 3, 1, 3, 2, 3, 2, 3, 4, 1, 7, 6, 9, 6, 0, 2, 4, 4, 5, 7, 5, 6, 7, 8, 8, 2, 2, 5, 2, 0, 7] indices=[15158, 34115, 2551, 6497, 19593, 56719, 44334, 21060, 41119, 50864, 51913, 33633, 42797, 50232, 4184, 10447, 8970, 15818, 5069, 7937, 50643, 14241, 55771, 2704, 40679, 19352, 17990, 13813, 42817, 39983, 11277, 46975, 306, 3185, 42054, 42518, 14786, 43871, 10993, 35215, 4795, 14206, 15838, 37583, 23186, 34797, 46732, 32682, 59374, 42333, 58432, 38708, 5347, 11141, 29295, 51526, 35129, 45208, 1330, 50720, 57168, 43312, 7710, 31387]
[Train] batch 806 GPA: 0x000000038da18a00
[TS] batch806/input: write_done_realtime_ns=1787618983597655964
[GT] batch806 labels=[6, 7, 2, 0, 1, 5, 3, 0, 9, 8, 6, 4, 5, 5, 3, 3, 8, 0, 8, 1, 1, 9, 9, 7, 1, 8, 6, 6, 1, 8, 1, 8, 6, 5, 7, 7, 8, 4, 7, 6, 4, 7, 4, 2, 9, 6, 9, 0, 3, 6, 8, 0, 9, 7, 6, 7, 8, 3, 5, 5, 5, 9, 7, 6] indices=[12541, 12979, 16281, 52993, 7222, 23252, 23712, 26859, 35760, 42241, 48491, 42399, 316, 43648, 44959, 39066, 29858, 49989, 44683, 55719, 3473, 58703, 11628, 28988, 16050, 39609, 241, 26482, 18207, 45223, 32807, 8618, 20916, 26926, 30936, 47067, 16059, 51288, 27950, 11803, 39680, 39082, 53109, 13138, 21158, 9816, 51584, 9038, 29427, 28425, 51899, 26323, 21218, 27722, 52951, 2929, 33570, 9146, 15804, 11396, 39311, 4056, 51409, 13760]
[Train] batch 807 GPA: 0x000000038da01400
[TS] batch807/input: write_done_realtime_ns=1787618983610804931
[GT] batch807 labels=[4, 5, 0, 5, 9, 4, 8, 7, 1, 1, 9, 2, 2, 3, 5, 9, 9, 9, 7, 0, 5, 0, 4, 6, 7, 1, 5, 7, 8, 8, 0, 7, 6, 4, 5, 2, 6, 2, 8, 3, 1, 8, 3, 2, 5, 8, 0, 1, 3, 4, 0, 0, 8, 8, 0, 8, 7, 4, 0, 5, 7, 4, 1, 1] indices=[23580, 35057, 24072, 39562, 36007, 37450, 52523, 25581, 53135, 11058, 32064, 36624, 48497, 33745, 40432, 30686, 16859, 37866, 58583, 55680, 12688, 51585, 43130, 28435, 25788, 7363, 11876, 41232, 8719, 40381, 26058, 48453, 7291, 28493, 21661, 20959, 39837, 9756, 57116, 12350, 8839, 7665, 8824, 39970, 8876, 13440, 25814, 2039, 15453, 27552, 23882, 58206, 2097, 4859, 7978, 26471, 23445, 53607, 18858, 10509, 5906, 37846, 51033, 21010]
[Train] batch 808 GPA: 0x000000038da18a00
[TS] batch808/input: write_done_realtime_ns=1787618983624025966
[GT] batch808 labels=[9, 2, 0, 8, 6, 2, 5, 7, 9, 3, 7, 1, 7, 1, 6, 1, 7, 1, 4, 4, 7, 9, 1, 6, 3, 5, 6, 8, 3, 9, 4, 5, 5, 9, 8, 2, 8, 7, 5, 9, 0, 4, 4, 1, 4, 3, 7, 7, 6, 0, 9, 2, 4, 4, 8, 5, 7, 7, 9, 8, 0, 4, 3, 3] indices=[44407, 41105, 44675, 48223, 2005, 8201, 4847, 21662, 31142, 8246, 57555, 24839, 14926, 44919, 57122, 31058, 34677, 18176, 17415, 42607, 29806, 17792, 22345, 51965, 12536, 47741, 26977, 9982, 20426, 52367, 32412, 59956, 25359, 3874, 23605, 24129, 29118, 22167, 42554, 30263, 52047, 58174, 297, 42132, 37366, 47818, 58204, 7352, 23893, 16412, 27344, 47907, 15840, 28517, 32285, 44858, 17117, 57949, 9346, 9501, 58074, 39241, 36432, 46005]
[Train] batch 809 GPA: 0x000000038da01400
[TS] batch809/input: write_done_realtime_ns=1787618983637248692
[GT] batch809 labels=[1, 4, 5, 8, 7, 0, 0, 1, 3, 8, 8, 5, 5, 7, 4, 5, 5, 4, 4, 4, 8, 3, 9, 9, 7, 8, 8, 0, 4, 5, 1, 0, 2, 1, 9, 0, 2, 1, 2, 3, 7, 5, 3, 3, 7, 2, 2, 2, 6, 8, 3, 6, 4, 9, 5, 8, 1, 9, 5, 0, 1, 3, 5, 8] indices=[41019, 19498, 2281, 30029, 47049, 39960, 2325, 29428, 7625, 56557, 499, 2328, 28924, 40710, 11956, 24630, 20092, 2773, 44352, 7204, 7824, 52168, 13898, 7194, 20030, 7979, 31607, 41465, 363, 29065, 2123, 36168, 1053, 56656, 58274, 43216, 58794, 44786, 31493, 8865, 35965, 34996, 44303, 7521, 39784, 32065, 54854, 34408, 50880, 28871, 20347, 48188, 41796, 50445, 18103, 19538, 33091, 13326, 29637, 33142, 51895, 33568, 30112, 5215]
[Train] batch 810 GPA: 0x000000038da18a00
[TS] batch810/input: write_done_realtime_ns=1787618983650452147
[GT] batch810 labels=[7, 5, 5, 2, 3, 7, 4, 5, 7, 1, 2, 9, 0, 7, 8, 9, 1, 0, 6, 8, 7, 4, 0, 8, 8, 2, 2, 8, 4, 0, 6, 5, 3, 9, 7, 0, 3, 1, 3, 6, 5, 2, 3, 6, 8, 6, 3, 2, 1, 3, 2, 6, 2, 5, 5, 4, 8, 8, 1, 8, 1, 5, 2, 4] indices=[17391, 42110, 38252, 54545, 44134, 1225, 10013, 41223, 34047, 2719, 53259, 54571, 25497, 1846, 59909, 19953, 28100, 56777, 19851, 22324, 27522, 461, 20877, 52012, 27293, 34475, 37234, 4021, 55605, 8193, 56342, 4495, 17227, 28346, 47604, 5694, 57771, 12746, 8524, 53706, 21902, 54145, 29844, 31110, 13793, 44365, 54402, 22184, 10556, 8395, 178, 26777, 18323, 10316, 26404, 3052, 31528, 34322, 55267, 22551, 1321, 38658, 21436, 11783]
Train Epoch: 1 [51840/60000 (86%)]	Loss: 0.172315
[Train] batch 811 GPA: 0x000000038da01400
[TS] batch811/input: write_done_realtime_ns=1787618983663705142
[GT] batch811 labels=[5, 2, 7, 1, 0, 7, 6, 5, 1, 1, 8, 9, 0, 9, 4, 5, 1, 2, 1, 3, 4, 0, 3, 0, 0, 1, 6, 7, 0, 9, 5, 7, 6, 6, 5, 9, 1, 0, 4, 8, 1, 1, 8, 8, 6, 2, 5, 6, 0, 8, 1, 4, 3, 4, 4, 5, 1, 4, 6, 4, 8, 5, 8, 8] indices=[54883, 25403, 22530, 46842, 23499, 2865, 40244, 16333, 50577, 3802, 38685, 20164, 11222, 30328, 6107, 40824, 59498, 7375, 43349, 33407, 53451, 20609, 6213, 54421, 18284, 51369, 58732, 40807, 20205, 12753, 5056, 30768, 54788, 22291, 22565, 20508, 41956, 21542, 22327, 43538, 9106, 47384, 5633, 35733, 16666, 51726, 55223, 56937, 54141, 16994, 2355, 32186, 18155, 28290, 37485, 56695, 29030, 17922, 47458, 34109, 47831, 46073, 39876, 16688]
[Train] batch 812 GPA: 0x000000038da18a00
[TS] batch812/input: write_done_realtime_ns=1787618983677035876
[GT] batch812 labels=[7, 0, 8, 2, 5, 2, 4, 0, 4, 5, 4, 3, 3, 7, 9, 5, 8, 6, 5, 3, 4, 1, 4, 8, 9, 9, 7, 1, 9, 6, 9, 9, 5, 9, 9, 5, 8, 4, 3, 4, 1, 8, 5, 6, 3, 1, 3, 0, 9, 5, 4, 8, 7, 6, 2, 0, 8, 5, 1, 2, 2, 1, 5, 3] indices=[8502, 48929, 16377, 15796, 19436, 43988, 41075, 8016, 2106, 100, 8673, 57952, 59352, 50254, 47126, 43540, 21457, 15529, 58976, 38129, 8370, 20563, 27555, 5680, 32848, 37150, 12579, 51035, 24949, 44315, 11206, 47456, 45890, 9969, 18944, 32040, 32199, 59501, 37134, 11799, 52187, 22421, 55225, 40526, 10880, 17872, 18964, 21553, 31818, 47250, 12948, 51611, 24990, 29147, 27883, 16144, 49016, 26493, 20163, 49776, 7413, 45451, 59022, 24870]
[Train] batch 813 GPA: 0x000000038da01400
[TS] batch813/input: write_done_realtime_ns=1787618983690275632
[GT] batch813 labels=[3, 2, 4, 3, 0, 6, 5, 1, 3, 8, 3, 1, 9, 0, 6, 0, 4, 8, 2, 4, 8, 1, 3, 6, 0, 7, 5, 8, 2, 5, 2, 4, 5, 7, 2, 6, 2, 6, 3, 6, 1, 5, 0, 1, 9, 0, 9, 6, 6, 1, 2, 2, 1, 9, 2, 8, 0, 6, 6, 6, 0, 2, 5, 4] indices=[36119, 14124, 15259, 31183, 45701, 7968, 49270, 40694, 23338, 9769, 4352, 11362, 35355, 29579, 44655, 5462, 31164, 59277, 47235, 30637, 45772, 42893, 20150, 9802, 23613, 54695, 39436, 59936, 20882, 46989, 16683, 24154, 17024, 42514, 37418, 43914, 26690, 18465, 8018, 62, 34911, 2401, 4994, 35945, 11773, 9142, 26462, 38342, 19881, 15277, 26907, 5166, 45927, 39073, 35298, 43322, 9922, 9943, 59610, 43305, 8247, 2517, 51296, 48710]
[Train] batch 814 GPA: 0x000000038da18a00
[TS] batch814/input: write_done_realtime_ns=1787618983703494927
[GT] batch814 labels=[8, 3, 2, 9, 4, 1, 9, 7, 4, 8, 1, 8, 7, 6, 5, 7, 8, 4, 2, 6, 9, 2, 9, 2, 0, 4, 4, 3, 8, 9, 6, 2, 1, 2, 5, 5, 5, 5, 2, 2, 8, 7, 6, 6, 3, 6, 8, 0, 3, 7, 2, 5, 8, 8, 3, 2, 1, 3, 0, 2, 7, 7, 1, 4] indices=[37813, 33953, 35701, 42557, 15180, 11135, 32239, 3442, 3183, 26805, 34595, 7923, 54964, 20253, 29264, 39069, 39938, 43272, 18147, 59378, 30850, 5135, 29861, 10081, 2195, 26242, 46643, 59883, 4814, 56021, 48636, 16109, 28878, 43032, 17915, 17794, 41402, 49684, 58241, 16166, 35521, 35446, 18271, 7744, 39768, 52297, 18041, 23108, 34363, 33170, 143, 52895, 23215, 34312, 2524, 23561, 15929, 34995, 54464, 59456, 38001, 17303, 59052, 42620]
[Train] batch 815 GPA: 0x000000038da01400
[TS] batch815/input: write_done_realtime_ns=1787618983716849931
[GT] batch815 labels=[9, 4, 0, 9, 3, 3, 5, 7, 4, 7, 6, 6, 8, 7, 9, 0, 1, 5, 4, 5, 4, 2, 4, 7, 4, 6, 5, 3, 4, 2, 7, 7, 6, 3, 0, 9, 0, 3, 6, 0, 0, 6, 9, 4, 2, 8, 2, 8, 4, 1, 6, 5, 7, 7, 0, 1, 5, 2, 8, 8, 1, 3, 2, 0] indices=[32029, 9585, 28385, 10143, 1938, 1959, 39015, 51062, 9976, 55613, 2365, 27244, 13592, 24351, 37349, 32605, 25451, 19858, 47070, 45826, 28227, 23194, 24084, 43400, 52748, 21348, 51989, 34931, 46644, 1255, 58907, 37525, 57881, 5315, 7753, 44926, 47172, 18503, 34189, 5981, 48364, 49031, 55970, 46922, 57815, 25647, 52331, 54596, 28652, 37923, 26938, 24324, 46078, 58975, 14773, 52244, 44830, 5508, 15307, 50555, 11352, 18770, 55969, 4981]
[Train] batch 816 GPA: 0x000000038da18a00
[TS] batch816/input: write_done_realtime_ns=1787618983730042368
[GT] batch816 labels=[5, 6, 3, 0, 0, 8, 5, 0, 3, 0, 9, 3, 4, 9, 0, 6, 6, 2, 5, 0, 1, 1, 7, 3, 4, 2, 9, 1, 5, 9, 9, 1, 9, 1, 8, 2, 5, 5, 4, 6, 5, 4, 9, 9, 2, 4, 7, 0, 1, 9, 3, 0, 6, 6, 5, 7, 0, 1, 1, 4, 2, 6, 9, 7] indices=[49760, 20927, 10827, 19588, 23023, 13966, 32322, 45383, 22619, 19985, 54601, 11693, 34361, 3696, 33501, 11551, 1553, 11826, 47081, 1372, 39465, 3897, 36197, 32964, 10850, 19843, 47353, 12847, 22380, 37965, 18143, 25569, 3508, 27142, 58752, 43439, 24683, 59609, 13823, 24837, 17239, 33106, 48290, 42144, 48696, 50216, 42466, 50185, 7116, 3084, 52816, 47579, 31220, 59642, 20101, 2491, 40412, 52731, 16674, 58514, 37863, 13101, 50248, 21843]
[Train] batch 817 GPA: 0x000000038da01400
[TS] batch817/input: write_done_realtime_ns=1787618983743231263
[GT] batch817 labels=[4, 9, 3, 8, 7, 1, 0, 3, 1, 6, 1, 2, 0, 4, 0, 3, 1, 2, 9, 9, 8, 5, 7, 5, 1, 3, 2, 4, 6, 7, 7, 5, 8, 9, 0, 4, 6, 9, 3, 0, 8, 3, 4, 6, 3, 8, 3, 9, 3, 9, 3, 5, 5, 0, 6, 4, 5, 8, 7, 2, 4, 4, 1, 1] indices=[55206, 59566, 58855, 59129, 58282, 45627, 39861, 35979, 507, 30911, 7951, 558, 20256, 7526, 5767, 19739, 46685, 35091, 23217, 30893, 4213, 38762, 22950, 16553, 2198, 16587, 5380, 15686, 5998, 5269, 52680, 34002, 9861, 36378, 53073, 17256, 38861, 32959, 50175, 32880, 25262, 56528, 21363, 19964, 54291, 18348, 45419, 6886, 3472, 7511, 25328, 19717, 39940, 18926, 26019, 26450, 50321, 45379, 8910, 49625, 55385, 379, 23037, 17072]
[Train] batch 818 GPA: 0x000000038da18a00
[TS] batch818/input: write_done_realtime_ns=1787618983756483998
[GT] batch818 labels=[2, 5, 2, 9, 6, 3, 4, 8, 1, 1, 6, 7, 0, 7, 1, 0, 2, 7, 4, 3, 1, 6, 0, 4, 9, 2, 5, 1, 0, 9, 0, 6, 9, 0, 3, 5, 0, 3, 0, 4, 6, 4, 6, 3, 7, 4, 7, 1, 5, 7, 3, 9, 2, 3, 9, 4, 0, 4, 3, 3, 9, 9, 1, 1] indices=[41955, 59136, 39198, 47870, 35322, 45289, 32027, 15289, 57797, 16376, 47437, 19534, 21069, 54482, 12113, 1678, 51506, 9988, 24894, 9624, 32554, 15843, 49370, 4417, 29397, 34650, 2620, 43671, 11902, 19971, 53328, 35714, 58742, 17149, 45854, 53947, 52655, 40447, 42224, 16195, 33934, 17493, 48507, 58183, 31796, 54819, 56453, 12230, 42659, 25058, 1378, 37048, 187, 42303, 3787, 30536, 38162, 41576, 6410, 36835, 16521, 20216, 35699, 14606]
[Train] batch 819 GPA: 0x000000038da01400
[TS] batch819/input: write_done_realtime_ns=1787618983769621234
[GT] batch819 labels=[2, 2, 1, 5, 7, 6, 8, 2, 9, 1, 4, 6, 4, 3, 2, 1, 9, 0, 4, 8, 9, 7, 0, 4, 2, 6, 2, 7, 9, 7, 4, 7, 2, 5, 5, 1, 0, 7, 3, 6, 1, 0, 8, 1, 5, 7, 5, 6, 3, 8, 1, 0, 3, 6, 2, 4, 6, 8, 7, 0, 0, 4, 5, 8] indices=[6764, 48158, 44136, 2287, 58520, 20401, 49704, 8924, 2331, 16458, 22574, 52858, 6253, 34364, 29770, 48956, 21842, 29570, 19943, 6129, 35068, 36876, 27401, 16251, 7041, 4243, 54395, 55052, 17939, 4530, 12973, 50278, 57939, 10035, 42431, 21364, 45476, 33521, 19307, 46189, 23857, 15329, 19052, 58033, 18005, 40603, 22679, 16070, 31153, 27425, 3212, 30699, 13325, 10440, 8631, 6424, 47006, 48552, 103, 15868, 56236, 4035, 58653, 34813]
[Train] batch 820 GPA: 0x000000038da18a00
[TS] batch820/input: write_done_realtime_ns=1787618983782884150
[GT] batch820 labels=[8, 7, 6, 9, 4, 1, 7, 9, 4, 5, 7, 1, 7, 4, 0, 3, 8, 0, 3, 4, 5, 9, 9, 6, 6, 2, 9, 7, 3, 3, 8, 2, 0, 0, 1, 3, 8, 3, 6, 7, 3, 3, 6, 2, 7, 7, 1, 8, 6, 5, 1, 8, 7, 5, 0, 5, 7, 8, 4, 7, 1, 3, 2, 8] indices=[16955, 15833, 17093, 36779, 54264, 38480, 40937, 32149, 10612, 41230, 3790, 58203, 57723, 19192, 31145, 24835, 38967, 41100, 15785, 52623, 35650, 23374, 57421, 28001, 24802, 26357, 35741, 45469, 13383, 40865, 3918, 42789, 8172, 44103, 9973, 30159, 14478, 3754, 51407, 13900, 30747, 5097, 9305, 37440, 1153, 14088, 2227, 41393, 27338, 53675, 3546, 37473, 53338, 26228, 28667, 13070, 38972, 47549, 39302, 52176, 42316, 45246, 55149, 41057]
Train Epoch: 1 [52480/60000 (87%)]	Loss: 0.075618
[Train] batch 821 GPA: 0x000000038da01400
[TS] batch821/input: write_done_realtime_ns=1787618983796241613
[GT] batch821 labels=[8, 8, 0, 7, 0, 3, 6, 7, 0, 6, 7, 5, 4, 4, 9, 1, 1, 1, 2, 7, 0, 1, 4, 7, 6, 9, 3, 2, 0, 7, 3, 7, 0, 7, 7, 9, 3, 9, 2, 6, 4, 1, 0, 1, 1, 9, 9, 2, 4, 2, 1, 3, 7, 4, 4, 4, 8, 1, 7, 6, 0, 5, 4, 9] indices=[48559, 56402, 26044, 4516, 35463, 13298, 13858, 43969, 29809, 14658, 15906, 31489, 30691, 19514, 1684, 11200, 40908, 44899, 32818, 43470, 23884, 26388, 15866, 31459, 23358, 47664, 32804, 25020, 7649, 50440, 32586, 29850, 55991, 57134, 14403, 53217, 9184, 49432, 55352, 10218, 42249, 30073, 46785, 43844, 35558, 3913, 14822, 25927, 7749, 41861, 44633, 39836, 52866, 14351, 49398, 52566, 3555, 58377, 59379, 38584, 12107, 2405, 39209, 34090]
[Train] batch 822 GPA: 0x000000038da18a00
[TS] batch822/input: write_done_realtime_ns=1787618983809385330
[GT] batch822 labels=[2, 5, 3, 6, 9, 5, 8, 0, 3, 1, 2, 5, 0, 4, 9, 3, 7, 1, 5, 2, 2, 9, 0, 5, 2, 7, 6, 7, 3, 8, 3, 7, 4, 7, 9, 8, 2, 4, 5, 2, 3, 9, 4, 6, 7, 8, 6, 6, 3, 6, 5, 2, 4, 4, 3, 6, 4, 8, 7, 2, 9, 6, 9, 0] indices=[35689, 12697, 54013, 29331, 30237, 13321, 56026, 41999, 22668, 12809, 51983, 59563, 26261, 37851, 4127, 27988, 59468, 56456, 28845, 21845, 13139, 18027, 18337, 39773, 15228, 40211, 54948, 9644, 17288, 5078, 35447, 53612, 36428, 20532, 50458, 21593, 44784, 16977, 16862, 59991, 55974, 41279, 19853, 31924, 13243, 26569, 29774, 5121, 7387, 47219, 16956, 20517, 40429, 41580, 41123, 44066, 44584, 43861, 28429, 57342, 12171, 48346, 47323, 50324]
[Train] batch 823 GPA: 0x000000038da01400
[TS] batch823/input: write_done_realtime_ns=1787618983822551666
[GT] batch823 labels=[8, 8, 0, 5, 2, 3, 6, 5, 3, 6, 5, 6, 1, 5, 0, 4, 0, 0, 4, 3, 5, 1, 0, 6, 5, 2, 1, 6, 1, 6, 0, 7, 1, 3, 4, 2, 2, 5, 3, 8, 2, 5, 4, 5, 4, 8, 3, 2, 2, 9, 0, 9, 5, 2, 3, 4, 8, 7, 2, 0, 0, 8, 3, 6] indices=[30806, 54034, 35793, 23808, 8599, 22103, 16188, 50279, 27847, 56231, 51144, 11226, 8255, 23858, 28816, 30529, 20625, 21809, 6887, 875, 8676, 6408, 2121, 12002, 49636, 45648, 1394, 32894, 6682, 24383, 3248, 43384, 45205, 45983, 17678, 18480, 20595, 3801, 57457, 32874, 22132, 17914, 30266, 45072, 9145, 16457, 15857, 36127, 20485, 44104, 57041, 20264, 6848, 37832, 15986, 4454, 25568, 44141, 12422, 53118, 39155, 31600, 20356, 7206]
[Train] batch 824 GPA: 0x000000038da18a00
[TS] batch824/input: write_done_realtime_ns=1787618983835733542
[GT] batch824 labels=[5, 9, 2, 0, 0, 1, 8, 5, 4, 3, 9, 3, 6, 0, 9, 1, 9, 6, 0, 9, 6, 7, 1, 7, 2, 3, 2, 5, 0, 9, 2, 6, 0, 3, 4, 9, 6, 3, 4, 8, 6, 8, 5, 6, 3, 2, 9, 4, 8, 8, 4, 9, 7, 5, 2, 7, 3, 7, 8, 1, 1, 1, 3, 1] indices=[7235, 50079, 46517, 13054, 37189, 43131, 31306, 15066, 53145, 19549, 21015, 19342, 47358, 3776, 30358, 9277, 1903, 9692, 26415, 59205, 18312, 38255, 10838, 43998, 2234, 35015, 3589, 14483, 12992, 56599, 45094, 48879, 2557, 10760, 17478, 33313, 21854, 9183, 18560, 57189, 58904, 33193, 3613, 26754, 17643, 37995, 43526, 11447, 30239, 46495, 19059, 33211, 16537, 45770, 45531, 23381, 46986, 46376, 46226, 29057, 23530, 41888, 21278, 43583]
[Train] batch 825 GPA: 0x000000038da01400
[TS] batch825/input: write_done_realtime_ns=1787618983849053216
[GT] batch825 labels=[4, 0, 4, 3, 3, 2, 9, 8, 9, 1, 9, 1, 8, 0, 0, 1, 0, 3, 1, 9, 2, 7, 3, 4, 6, 7, 5, 7, 8, 5, 7, 0, 7, 6, 6, 7, 3, 5, 3, 9, 5, 7, 4, 7, 1, 4, 0, 1, 3, 5, 9, 9, 1, 4, 3, 1, 8, 3, 7, 3, 1, 7, 4, 8] indices=[29011, 21260, 33922, 55550, 35703, 56040, 53764, 25016, 6961, 59033, 39753, 58459, 37005, 58180, 48863, 37023, 18222, 46296, 6748, 35786, 14118, 18046, 9637, 22331, 59848, 38278, 42850, 46048, 55256, 15402, 44574, 9552, 2213, 42975, 165, 3692, 26399, 26024, 6450, 42727, 10538, 55344, 14538, 58337, 50136, 20063, 38179, 23160, 54077, 30403, 31130, 12431, 4152, 18490, 45656, 20045, 52592, 34461, 34772, 9913, 7404, 39246, 19249, 50327]
[Train] batch 826 GPA: 0x000000038da18a00
[TS] batch826/input: write_done_realtime_ns=1787618983862294252
[GT] batch826 labels=[0, 2, 3, 2, 5, 6, 4, 7, 0, 4, 0, 0, 6, 5, 7, 9, 7, 4, 8, 4, 9, 4, 6, 9, 7, 7, 0, 6, 5, 9, 9, 4, 5, 6, 0, 6, 3, 6, 8, 5, 3, 2, 4, 8, 4, 9, 9, 1, 6, 3, 6, 3, 9, 2, 8, 4, 7, 8, 6, 8, 4, 2, 9, 9] indices=[38573, 3179, 51640, 18566, 32344, 57297, 23459, 35937, 24245, 59259, 22929, 57034, 32833, 41243, 53137, 41040, 13048, 43812, 2002, 25170, 44129, 272, 8792, 53251, 29982, 32651, 11129, 8105, 49649, 44486, 16581, 29866, 23361, 53652, 41030, 37675, 4570, 57802, 37436, 41312, 8447, 38396, 45038, 56180, 39151, 36777, 6074, 44079, 1020, 8052, 25614, 25231, 29134, 40718, 32244, 45048, 44708, 54217, 3530, 54243, 25656, 6327, 26846, 44261]
[Train] batch 827 GPA: 0x000000038da01400
[TS] batch827/input: write_done_realtime_ns=1787618983875501018
[GT] batch827 labels=[4, 4, 0, 2, 0, 9, 8, 5, 3, 1, 2, 5, 5, 2, 3, 2, 2, 8, 3, 6, 4, 0, 2, 7, 4, 0, 5, 0, 5, 0, 8, 8, 2, 8, 2, 1, 5, 5, 1, 3, 3, 6, 1, 1, 7, 2, 0, 3, 3, 3, 1, 8, 2, 1, 3, 5, 2, 3, 8, 7, 9, 8, 7, 8] indices=[56293, 44842, 6409, 34308, 56377, 25712, 43410, 58142, 21726, 12930, 9301, 53822, 48353, 32155, 17292, 48474, 35489, 43606, 1357, 27965, 50161, 48791, 40968, 3942, 27715, 27114, 47526, 3709, 8103, 25082, 39599, 26971, 8841, 59884, 17115, 25269, 34438, 46378, 18316, 27534, 14045, 11386, 39159, 19991, 1944, 47649, 52809, 50529, 35688, 25107, 41209, 16277, 14800, 4160, 50964, 47934, 29876, 24512, 57664, 11437, 133, 24137, 26714, 3211]
[Train] batch 828 GPA: 0x000000038da18a00
[TS] batch828/input: write_done_realtime_ns=1787618983888724903
[GT] batch828 labels=[0, 9, 1, 2, 4, 3, 4, 2, 8, 1, 8, 8, 9, 2, 0, 3, 1, 8, 5, 7, 4, 3, 6, 9, 0, 3, 0, 8, 7, 5, 9, 1, 8, 1, 6, 0, 8, 1, 4, 6, 0, 4, 1, 2, 6, 7, 7, 0, 6, 7, 1, 4, 8, 7, 6, 9, 2, 5, 5, 7, 2, 8, 1, 7] indices=[8469, 50767, 28794, 22573, 4919, 59202, 51657, 1249, 41175, 30189, 42990, 34257, 11373, 59231, 37814, 49230, 33175, 43749, 48971, 29797, 13987, 8013, 49977, 34347, 45515, 15101, 25344, 35339, 37041, 53826, 8592, 6135, 17784, 10220, 32241, 42989, 12899, 13992, 17018, 54200, 24212, 33545, 11405, 33449, 9126, 55916, 50655, 55922, 47037, 17849, 40097, 2361, 55211, 71, 19048, 32483, 51658, 40963, 47104, 8114, 23975, 45896, 5012, 13566]
[Train] batch 829 GPA: 0x000000038da01400
[TS] batch829/input: write_done_realtime_ns=1787618983901850000
[GT] batch829 labels=[3, 3, 7, 4, 7, 1, 4, 5, 0, 2, 6, 1, 3, 2, 8, 1, 6, 4, 2, 0, 6, 9, 9, 1, 8, 8, 8, 0, 5, 3, 8, 5, 3, 3, 6, 3, 7, 6, 4, 1, 5, 1, 1, 9, 9, 2, 5, 4, 4, 9, 4, 4, 6, 5, 7, 1, 2, 0, 5, 6, 5, 4, 0, 1] indices=[44211, 26534, 32190, 21642, 22588, 56110, 34428, 51973, 4009, 53972, 1582, 12072, 28391, 54350, 19043, 8430, 39258, 18954, 642, 44399, 22449, 28416, 33961, 46158, 615, 27418, 45678, 31836, 52769, 32044, 49563, 49759, 40734, 3386, 9961, 56776, 5308, 7957, 37616, 21094, 19888, 5075, 44198, 14365, 13499, 34226, 512, 2888, 7517, 44982, 28237, 5198, 26915, 47494, 22037, 3602, 41478, 38054, 12488, 53830, 2622, 17850, 49075, 33310]
[Train] batch 830 GPA: 0x000000038da18a00
[TS] batch830/input: write_done_realtime_ns=1787618983915099245
[GT] batch830 labels=[4, 1, 7, 0, 0, 7, 9, 2, 4, 4, 6, 7, 0, 4, 1, 1, 0, 8, 0, 8, 9, 2, 5, 6, 0, 3, 7, 0, 2, 8, 0, 9, 3, 8, 2, 6, 3, 6, 4, 2, 3, 0, 5, 3, 5, 1, 1, 5, 9, 0, 5, 3, 8, 2, 0, 4, 6, 6, 7, 6, 5, 9, 1, 2] indices=[22771, 12791, 42751, 37917, 39570, 6866, 38233, 59677, 8842, 31126, 19105, 33271, 50205, 12247, 11857, 59517, 55029, 35096, 9473, 41505, 22719, 863, 45780, 4732, 59037, 8039, 14983, 46303, 8372, 36099, 21586, 50882, 28458, 51437, 55508, 22160, 39040, 28741, 32647, 46036, 44349, 49311, 21588, 37729, 54639, 50338, 39711, 2549, 12562, 59225, 8649, 25291, 33205, 18192, 49621, 49979, 8398, 45265, 40308, 40278, 4126, 18709, 54886, 50454]
Train Epoch: 1 [53120/60000 (88%)]	Loss: 0.041367
[Train] batch 831 GPA: 0x000000038da01400
[TS] batch831/input: write_done_realtime_ns=1787618983928506138
[GT] batch831 labels=[3, 8, 0, 0, 2, 1, 6, 8, 0, 3, 6, 8, 8, 6, 9, 0, 3, 7, 3, 6, 3, 2, 7, 4, 1, 4, 6, 2, 2, 6, 6, 2, 3, 7, 4, 8, 2, 7, 5, 2, 9, 4, 7, 6, 1, 8, 4, 9, 0, 4, 9, 4, 4, 8, 6, 0, 4, 4, 7, 7, 5, 6, 1, 6] indices=[48563, 6760, 53212, 34296, 49805, 20143, 42335, 28351, 23842, 37017, 19684, 15623, 16252, 48054, 16480, 2396, 5649, 3426, 16825, 52765, 26998, 6349, 43533, 24543, 57454, 41373, 4170, 40870, 30831, 44460, 56981, 50521, 32960, 10408, 217, 2927, 49430, 21719, 39335, 3830, 45688, 47523, 2297, 27794, 37441, 48115, 5361, 44396, 23104, 33803, 21879, 44155, 18751, 48339, 46389, 1995, 1928, 55318, 18472, 10544, 16993, 55533, 21321, 40407]
[Train] batch 832 GPA: 0x000000038da18a00
[TS] batch832/input: write_done_realtime_ns=1787618983941641975
[GT] batch832 labels=[9, 0, 6, 1, 8, 6, 0, 7, 9, 5, 9, 0, 9, 6, 6, 8, 0, 7, 7, 6, 9, 1, 2, 2, 5, 4, 1, 5, 2, 6, 7, 9, 4, 7, 4, 1, 9, 3, 3, 3, 1, 7, 0, 7, 3, 7, 1, 8, 5, 9, 1, 0, 1, 3, 2, 7, 0, 7, 3, 3, 5, 5, 2, 3] indices=[3827, 16429, 19316, 51149, 34974, 35616, 51978, 8256, 40177, 57510, 43970, 47135, 11096, 22789, 23924, 12586, 6228, 33082, 47852, 24785, 56443, 13974, 7014, 38330, 16017, 33248, 48943, 4247, 51630, 21764, 42269, 36000, 29442, 11180, 32558, 21054, 25624, 17062, 17521, 54660, 29544, 15213, 39906, 17441, 56067, 23698, 30920, 16230, 26198, 4503, 38337, 1443, 200, 6784, 58254, 28933, 59105, 38620, 35333, 42840, 53443, 2182, 18040, 47520]
[Train] batch 833 GPA: 0x000000038da01400
[TS] batch833/input: write_done_realtime_ns=1787618983954845251
[GT] batch833 labels=[1, 6, 7, 9, 9, 0, 4, 1, 8, 1, 0, 3, 9, 6, 9, 6, 6, 9, 8, 1, 4, 0, 0, 5, 6, 2, 3, 7, 3, 5, 4, 2, 4, 6, 7, 1, 9, 1, 9, 4, 8, 1, 4, 1, 9, 7, 4, 2, 1, 5, 4, 7, 7, 9, 6, 3, 0, 9, 3, 8, 0, 0, 7, 2] indices=[25812, 45713, 40873, 44746, 47165, 2373, 34530, 41090, 2442, 27913, 54515, 33471, 50833, 28143, 44187, 29350, 2152, 25247, 49457, 31980, 4382, 39376, 58350, 1955, 20323, 46044, 17471, 39062, 24452, 25886, 44466, 57933, 25053, 4828, 51832, 31465, 33286, 17423, 56703, 50189, 9811, 51564, 22161, 8615, 5350, 4672, 35866, 29594, 38095, 34806, 18246, 17955, 51557, 31325, 15687, 50545, 56940, 4447, 1566, 50512, 3247, 12888, 38781, 56498]
[Train] batch 834 GPA: 0x000000038da18a00
[TS] batch834/input: write_done_realtime_ns=1787618983968016017
[GT] batch834 labels=[1, 5, 6, 1, 2, 4, 4, 3, 4, 1, 8, 2, 3, 0, 6, 8, 4, 1, 8, 3, 0, 3, 0, 9, 6, 8, 7, 0, 1, 9, 7, 0, 7, 4, 2, 0, 5, 9, 2, 7, 9, 5, 3, 5, 4, 7, 9, 2, 4, 6, 9, 0, 3, 9, 8, 2, 3, 4, 0, 0, 2, 7, 6, 6] indices=[4993, 52875, 3820, 37761, 19755, 43612, 24296, 20553, 57861, 56910, 32127, 44794, 39721, 19935, 9237, 49453, 46124, 16224, 39873, 27, 51737, 11201, 57486, 5165, 2113, 50106, 52149, 41069, 40352, 37097, 15256, 818, 55059, 15027, 37533, 32336, 20017, 1968, 59920, 3140, 35374, 25144, 53566, 56249, 31090, 3933, 48304, 38319, 22980, 23688, 9394, 4201, 49650, 1333, 59685, 23370, 29936, 850, 21933, 29199, 6839, 34599, 37477, 6047]
[Train] batch 835 GPA: 0x000000038da01400
[TS] batch835/input: write_done_realtime_ns=1787618983981399340
[GT] batch835 labels=[6, 4, 6, 3, 7, 3, 9, 3, 0, 1, 2, 4, 0, 8, 2, 4, 2, 2, 6, 8, 5, 2, 6, 0, 7, 5, 0, 7, 4, 5, 1, 2, 6, 1, 0, 8, 8, 7, 5, 1, 9, 6, 9, 2, 3, 5, 6, 4, 4, 1, 2, 6, 9, 5, 2, 1, 5, 5, 4, 3, 2, 2, 4, 7] indices=[35808, 45252, 25769, 17409, 12526, 19110, 16731, 54062, 3610, 57855, 34851, 56011, 19180, 28307, 48898, 36350, 8960, 7695, 19617, 1974, 9366, 2879, 31255, 47914, 47568, 52121, 44955, 42582, 42825, 41000, 33985, 36982, 46455, 34950, 1798, 23833, 11311, 41461, 51718, 1155, 21067, 3947, 37664, 57966, 27423, 13094, 20124, 24511, 44167, 12030, 7939, 2837, 31624, 32537, 17677, 21379, 40057, 45602, 50636, 8551, 58476, 18300, 32798, 23260]
[Train] batch 836 GPA: 0x000000038da18a00
[TS] batch836/input: write_done_realtime_ns=1787618983994516887
[GT] batch836 labels=[4, 4, 2, 3, 6, 4, 5, 3, 7, 2, 3, 2, 2, 7, 1, 7, 3, 4, 6, 9, 0, 4, 5, 6, 4, 3, 0, 9, 3, 1, 9, 8, 7, 0, 2, 3, 4, 8, 5, 1, 4, 9, 9, 6, 4, 2, 3, 8, 9, 7, 5, 1, 7, 4, 3, 9, 1, 6, 8, 8, 1, 1, 5, 7] indices=[55024, 15521, 24836, 46634, 39431, 47210, 23065, 33875, 26218, 39734, 53671, 34287, 26201, 34899, 33183, 44573, 47594, 22602, 31521, 9713, 9322, 18308, 21707, 58010, 58049, 26127, 40162, 35384, 49376, 53448, 6379, 4825, 54555, 40732, 25088, 13736, 11641, 32965, 47718, 13581, 48120, 15222, 56431, 35588, 16551, 42280, 54199, 9309, 27110, 33057, 28172, 56772, 53852, 3182, 9612, 56401, 29807, 49711, 9918, 40022, 11112, 53375, 46914, 8186]
[Train] batch 837 GPA: 0x000000038da01400
[TS] batch837/input: write_done_realtime_ns=1787618984007730902
[GT] batch837 labels=[2, 7, 2, 5, 7, 6, 8, 4, 4, 2, 9, 0, 5, 6, 8, 3, 0, 5, 3, 9, 2, 0, 1, 6, 2, 7, 1, 4, 6, 9, 6, 4, 7, 2, 5, 2, 6, 1, 4, 9, 8, 2, 8, 6, 9, 5, 1, 5, 6, 1, 6, 3, 4, 6, 1, 7, 7, 0, 0, 1, 1, 7, 0, 4] indices=[43769, 17897, 16200, 36289, 37556, 36636, 27819, 40992, 16448, 27178, 2141, 15382, 27668, 22237, 49465, 57492, 22987, 19429, 19878, 39642, 54527, 7858, 58341, 20005, 47302, 21841, 20281, 48835, 32938, 48924, 45409, 57102, 32738, 10327, 48307, 31973, 35026, 19010, 28248, 16481, 9349, 51238, 10446, 40351, 7977, 36736, 12704, 29197, 26092, 39300, 26382, 321, 33792, 24438, 17782, 4472, 13662, 37950, 28510, 17130, 46512, 59779, 17611, 37067]
[Train] batch 838 GPA: 0x000000038da18a00
[TS] batch838/input: write_done_realtime_ns=1787618984020957838
[GT] batch838 labels=[8, 9, 7, 0, 0, 8, 0, 4, 0, 2, 6, 7, 6, 3, 1, 7, 2, 8, 1, 0, 8, 5, 5, 5, 4, 3, 4, 6, 9, 7, 0, 8, 8, 3, 0, 4, 0, 9, 6, 7, 8, 0, 8, 2, 5, 4, 0, 5, 5, 9, 8, 9, 4, 0, 1, 1, 5, 1, 3, 2, 0, 6, 6, 6] indices=[41592, 18387, 31187, 52813, 56709, 31030, 48677, 48522, 16523, 35779, 14072, 37550, 59237, 50372, 59041, 22608, 49674, 33072, 51187, 43549, 48104, 8023, 17461, 9945, 692, 24373, 48928, 29769, 39174, 10096, 50974, 36652, 3792, 9511, 7247, 37087, 50929, 35245, 25944, 2161, 33820, 54290, 31139, 28559, 12269, 55423, 42848, 19207, 42359, 22230, 34819, 18602, 38855, 55967, 12987, 25785, 51875, 19486, 33357, 16461, 27153, 14801, 29460, 28768]
[Train] batch 839 GPA: 0x000000038da01400
[TS] batch839/input: write_done_realtime_ns=1787618984034121844
[GT] batch839 labels=[9, 7, 8, 9, 1, 8, 6, 5, 9, 2, 9, 1, 0, 5, 4, 1, 7, 9, 3, 6, 5, 7, 3, 1, 8, 1, 6, 0, 7, 8, 8, 1, 9, 0, 6, 9, 2, 3, 0, 0, 2, 1, 7, 1, 5, 8, 4, 0, 7, 7, 1, 8, 5, 4, 4, 6, 6, 8, 4, 4, 3, 9, 9, 8] indices=[36922, 54385, 54569, 18296, 56025, 13498, 38450, 47832, 10165, 20493, 27846, 42260, 48227, 11549, 53867, 10823, 51294, 24092, 44555, 25771, 19398, 34161, 46807, 46434, 20300, 31771, 2898, 20816, 39048, 17545, 31832, 48022, 51334, 28357, 1327, 4091, 54737, 26542, 27280, 15119, 57573, 9103, 41174, 6208, 17558, 18994, 38777, 50542, 13123, 32159, 34512, 47632, 22845, 58867, 5631, 578, 23284, 34820, 10103, 28938, 29757, 19412, 21267, 20079]
[Train] batch 840 GPA: 0x000000038da18a00
[TS] batch840/input: write_done_realtime_ns=1787618984047540907
[GT] batch840 labels=[5, 0, 6, 5, 2, 4, 8, 2, 0, 4, 5, 1, 2, 3, 7, 8, 6, 1, 5, 0, 1, 6, 7, 9, 3, 1, 3, 9, 8, 5, 6, 0, 3, 0, 6, 9, 9, 9, 4, 5, 5, 1, 7, 1, 9, 4, 0, 5, 4, 3, 7, 5, 8, 4, 3, 9, 7, 2, 4, 8, 4, 0, 6, 6] indices=[31211, 11340, 51641, 46300, 55996, 34093, 17559, 9508, 43170, 46624, 43377, 56783, 50105, 50976, 54148, 48192, 46521, 9584, 27062, 38106, 2318, 44801, 19259, 28873, 57598, 25153, 29521, 49319, 3144, 33267, 36291, 2854, 16732, 30037, 29216, 59184, 41065, 34419, 25831, 11505, 33420, 2872, 35899, 7176, 48802, 10437, 13889, 45175, 11658, 18268, 23968, 29174, 50054, 33265, 29765, 1459, 46770, 1563, 19281, 44714, 2578, 21848, 26785, 4531]
Train Epoch: 1 [53760/60000 (90%)]	Loss: 0.021855
[Train] batch 841 GPA: 0x000000038da01400
[TS] batch841/input: write_done_realtime_ns=1787618984060896152
[GT] batch841 labels=[7, 2, 9, 3, 7, 0, 4, 8, 5, 3, 4, 2, 7, 5, 9, 6, 0, 0, 6, 3, 6, 7, 3, 6, 5, 5, 3, 5, 8, 3, 7, 7, 5, 0, 3, 0, 2, 5, 1, 9, 3, 4, 1, 6, 2, 4, 2, 2, 0, 0, 0, 1, 2, 2, 1, 5, 5, 0, 5, 1, 8, 5, 4, 6] indices=[26287, 27898, 30003, 38714, 47700, 26784, 14027, 22289, 13232, 43717, 7090, 56355, 3228, 12110, 37611, 17408, 48371, 52804, 24127, 50, 13995, 4680, 51230, 16830, 55739, 2527, 13935, 45797, 25275, 33786, 44803, 38018, 43189, 50750, 32314, 22196, 14797, 40567, 58810, 7975, 49556, 30954, 23523, 5759, 51151, 30588, 37486, 38886, 27137, 28772, 3396, 10692, 17480, 59186, 2907, 18197, 44501, 35973, 20125, 57005, 41468, 18723, 57677, 15417]
[Train] batch 842 GPA: 0x000000038da18a00
[TS] batch842/input: write_done_realtime_ns=1787618984074005329
[GT] batch842 labels=[8, 3, 6, 9, 2, 9, 0, 5, 3, 5, 7, 7, 8, 1, 8, 2, 6, 8, 4, 2, 0, 5, 8, 6, 9, 6, 6, 0, 9, 6, 8, 9, 0, 2, 1, 2, 0, 9, 7, 1, 0, 4, 3, 6, 6, 0, 5, 2, 6, 6, 4, 2, 0, 6, 5, 6, 5, 9, 0, 7, 9, 3, 0, 5] indices=[47546, 47605, 46750, 30808, 50953, 54275, 49576, 46608, 1121, 27271, 31160, 43584, 35547, 57339, 51391, 4999, 5365, 24073, 42553, 16294, 32690, 12021, 24256, 1190, 2703, 53081, 49293, 15291, 53778, 45335, 39596, 22080, 51733, 45133, 13334, 39507, 22589, 51093, 45777, 29740, 28041, 59608, 58298, 41899, 47847, 17322, 26590, 58409, 3993, 34499, 55684, 15642, 451, 35868, 51227, 20736, 28617, 29846, 38138, 35316, 56279, 57199, 11639, 41754]
[Train] batch 843 GPA: 0x000000038da01400
[TS] batch843/input: write_done_realtime_ns=1787618984087255444
[GT] batch843 labels=[3, 5, 4, 0, 2, 5, 4, 6, 2, 6, 4, 5, 8, 7, 8, 9, 4, 1, 9, 7, 1, 9, 0, 3, 9, 6, 5, 1, 3, 1, 9, 6, 8, 6, 3, 5, 3, 1, 3, 7, 3, 8, 4, 4, 6, 9, 7, 3, 5, 0, 7, 3, 0, 0, 8, 7, 1, 4, 1, 1, 9, 7, 5, 6] indices=[10430, 18342, 15514, 45577, 4051, 35100, 36053, 1136, 14357, 18869, 57459, 10226, 18288, 22094, 22201, 26586, 44894, 40086, 550, 27453, 15435, 7680, 52182, 51837, 56216, 30232, 12548, 10180, 4755, 42584, 59381, 17287, 13885, 55561, 41820, 43136, 53158, 40954, 33145, 39877, 26989, 24234, 8796, 7826, 43505, 55652, 44170, 15587, 58255, 47205, 17205, 8663, 4002, 42005, 36710, 35361, 40071, 31051, 15020, 54605, 37748, 5291, 6472, 6693]
[Train] batch 844 GPA: 0x000000038da18a00
[TS] batch844/input: write_done_realtime_ns=1787618984100519469
[GT] batch844 labels=[3, 8, 0, 2, 8, 7, 2, 7, 1, 2, 3, 1, 2, 5, 8, 8, 1, 4, 5, 5, 9, 5, 6, 3, 1, 4, 8, 6, 7, 4, 3, 7, 1, 0, 6, 1, 9, 4, 6, 9, 0, 2, 3, 0, 3, 4, 2, 2, 8, 7, 7, 8, 6, 6, 3, 5, 1, 3, 7, 8, 2, 7, 9, 1] indices=[37383, 39926, 30160, 23797, 38613, 20557, 47706, 41549, 10145, 19468, 31117, 4731, 54806, 47591, 31380, 5183, 42947, 15218, 36453, 58359, 20641, 14639, 39893, 56488, 30238, 59283, 43511, 56373, 25123, 30458, 35563, 51178, 44876, 36809, 38796, 51015, 4606, 11419, 49004, 19539, 44344, 14763, 32775, 46926, 20565, 31438, 58378, 41484, 40726, 36012, 57386, 6153, 35817, 5159, 11221, 11966, 48573, 52931, 57235, 38065, 48536, 32920, 7201, 52624]
[Train] batch 845 GPA: 0x000000038da01400
[TS] batch845/input: write_done_realtime_ns=1787618984113756103
[GT] batch845 labels=[1, 3, 1, 9, 8, 8, 7, 1, 2, 1, 3, 2, 2, 9, 4, 1, 2, 9, 2, 0, 7, 4, 2, 7, 2, 0, 0, 6, 7, 5, 7, 0, 8, 8, 4, 1, 8, 7, 6, 2, 9, 6, 1, 1, 0, 6, 3, 7, 7, 4, 0, 6, 3, 6, 0, 3, 3, 3, 6, 3, 3, 8, 3, 3] indices=[58576, 24635, 1699, 28597, 49999, 3158, 23248, 42093, 57289, 32315, 53042, 53034, 22036, 30838, 13765, 15649, 6933, 40685, 36120, 1195, 48100, 50980, 24089, 51806, 58651, 5194, 31969, 46715, 38521, 44816, 52579, 48059, 46233, 5205, 51951, 38975, 41831, 2447, 29380, 4230, 17319, 14666, 27396, 12680, 21469, 14708, 48435, 53977, 9911, 38203, 10919, 47824, 12838, 57577, 38579, 11244, 48014, 29266, 34174, 26053, 22058, 14477, 44188, 9037]
[Train] batch 846 GPA: 0x000000038da18a00
[TS] batch846/input: write_done_realtime_ns=1787618984126976770
[GT] batch846 labels=[6, 6, 6, 5, 4, 9, 0, 9, 8, 1, 6, 9, 5, 8, 8, 8, 6, 4, 9, 8, 1, 5, 8, 6, 5, 2, 0, 4, 3, 1, 7, 7, 9, 1, 2, 6, 3, 4, 5, 9, 4, 9, 6, 4, 6, 5, 8, 8, 2, 7, 3, 3, 2, 1, 3, 6, 9, 4, 4, 3, 2, 6, 7, 8] indices=[8685, 12319, 13210, 14887, 21304, 16053, 14877, 24246, 37774, 12261, 13047, 37553, 54289, 57355, 55606, 13960, 36416, 7191, 38768, 48256, 16943, 15054, 3354, 3861, 38726, 53637, 26339, 23596, 8094, 4763, 35499, 16100, 18510, 25447, 46162, 15500, 21512, 22012, 18875, 13666, 45191, 31351, 20512, 25759, 50303, 50409, 3961, 2628, 15688, 41558, 41740, 31140, 27233, 40248, 33939, 19384, 19393, 59551, 27939, 59955, 55001, 20119, 21803, 58467]
[Train] batch 847 GPA: 0x000000038da01400
[TS] batch847/input: write_done_realtime_ns=1787618984140107396
[GT] batch847 labels=[3, 0, 0, 7, 0, 8, 4, 4, 1, 6, 3, 8, 1, 9, 3, 0, 5, 7, 0, 6, 8, 1, 1, 2, 7, 0, 8, 6, 0, 5, 6, 3, 8, 1, 1, 9, 5, 3, 0, 1, 1, 9, 4, 3, 2, 0, 3, 2, 5, 8, 6, 2, 4, 1, 4, 3, 1, 9, 6, 1, 0, 0, 7, 5] indices=[54736, 27307, 43050, 58308, 36869, 33278, 30851, 52789, 26667, 1835, 6350, 36367, 34373, 35804, 2228, 49716, 45582, 35860, 22874, 39292, 56751, 23, 55870, 52869, 37317, 15814, 29576, 22820, 1723, 27627, 36358, 44157, 16951, 11156, 26406, 4095, 9414, 37827, 18991, 2547, 17487, 28051, 28866, 11619, 34062, 29409, 53287, 53512, 27176, 44579, 1228, 33697, 6949, 8296, 2185, 53167, 43971, 27237, 30784, 37565, 30119, 23709, 3087, 17642]
[Train] batch 848 GPA: 0x000000038da18a00
[TS] batch848/input: write_done_realtime_ns=1787618984153332802
[GT] batch848 labels=[5, 0, 4, 0, 7, 4, 9, 6, 7, 9, 2, 2, 4, 3, 5, 2, 4, 8, 7, 1, 5, 2, 1, 7, 7, 4, 3, 0, 5, 0, 1, 3, 7, 1, 1, 4, 0, 1, 5, 4, 9, 3, 4, 6, 0, 1, 4, 1, 3, 2, 6, 0, 1, 3, 2, 4, 6, 5, 2, 8, 7, 8, 7, 7] indices=[54044, 25427, 11044, 48403, 52436, 41818, 14579, 18388, 12492, 32916, 19568, 47443, 8857, 34873, 10822, 43851, 7726, 1319, 46422, 7188, 17680, 30640, 17812, 34528, 32215, 18601, 11960, 47740, 42747, 30409, 38582, 8279, 35081, 5301, 14516, 34216, 14729, 5189, 11507, 2164, 52123, 19965, 39738, 36686, 3259, 10378, 36907, 29377, 11535, 39284, 28249, 29388, 49338, 50340, 3161, 40130, 4198, 15880, 55188, 4384, 11372, 42096, 20759, 14920]
[Train] batch 849 GPA: 0x000000038da01400
[TS] batch849/input: write_done_realtime_ns=1787618984166658225
[GT] batch849 labels=[7, 9, 8, 7, 0, 8, 4, 7, 1, 7, 4, 2, 2, 3, 9, 4, 7, 1, 5, 9, 9, 0, 7, 4, 4, 9, 1, 7, 3, 8, 3, 1, 6, 7, 9, 4, 3, 9, 3, 8, 8, 4, 4, 4, 8, 0, 9, 9, 3, 4, 1, 1, 7, 4, 0, 3, 1, 0, 2, 9, 7, 2, 9, 8] indices=[26917, 19300, 22507, 40406, 1769, 34900, 28159, 52199, 35865, 51489, 38852, 48320, 48238, 12592, 48042, 23896, 34998, 58673, 25726, 46973, 19512, 44491, 1347, 37899, 42854, 30144, 25230, 13710, 24735, 5917, 5980, 34542, 10816, 6947, 51430, 17450, 54191, 19042, 1599, 12235, 24101, 34752, 8026, 25479, 23086, 23131, 23624, 41251, 18240, 39117, 50952, 1293, 26232, 17399, 42358, 58406, 42288, 825, 10776, 25063, 35223, 31462, 53895, 33036]
[Train] batch 850 GPA: 0x000000038da18a00
[TS] batch850/input: write_done_realtime_ns=1787618984179914781
[GT] batch850 labels=[2, 8, 1, 6, 6, 1, 6, 9, 4, 1, 8, 4, 4, 0, 9, 0, 0, 9, 9, 6, 8, 1, 9, 2, 4, 5, 1, 3, 4, 9, 0, 3, 6, 6, 6, 7, 2, 8, 4, 6, 0, 1, 2, 8, 6, 7, 4, 6, 6, 6, 4, 5, 1, 4, 9, 9, 8, 6, 1, 6, 3, 1, 6, 5] indices=[25122, 17291, 33800, 20892, 59453, 47947, 49769, 51413, 23150, 43071, 37512, 48653, 17492, 35680, 2787, 52105, 5514, 52709, 19696, 58755, 19455, 21301, 57024, 16627, 40867, 15685, 6718, 58558, 45278, 48888, 5468, 54972, 3650, 9016, 34700, 18309, 46551, 11482, 28600, 16207, 2944, 470, 47688, 27892, 23379, 53431, 19936, 40332, 59483, 24423, 51098, 48440, 43704, 44224, 26571, 58920, 12073, 26983, 57931, 11100, 6032, 33965, 2785, 41934]
Train Epoch: 1 [54400/60000 (91%)]	Loss: 0.060475
[Train] batch 851 GPA: 0x000000038da01400
[TS] batch851/input: write_done_realtime_ns=1787618984193193736
[GT] batch851 labels=[1, 6, 3, 7, 7, 4, 7, 2, 4, 1, 7, 7, 4, 4, 4, 3, 7, 4, 2, 8, 7, 9, 6, 2, 1, 4, 7, 9, 9, 3, 1, 9, 7, 6, 5, 8, 6, 1, 1, 5, 3, 9, 7, 1, 5, 3, 6, 3, 1, 3, 2, 4, 3, 8, 7, 2, 7, 6, 6, 8, 1, 0, 0, 4] indices=[27506, 4408, 36575, 13600, 28869, 35590, 50443, 36112, 8041, 31264, 56611, 5657, 13008, 52985, 18578, 11111, 38556, 39386, 35453, 1621, 34178, 18251, 42829, 42734, 34681, 5835, 23192, 44402, 5125, 9974, 47535, 37338, 6871, 14292, 36579, 35088, 126, 50907, 47502, 58262, 28119, 3055, 22022, 47108, 58428, 12244, 4560, 58483, 42261, 5186, 4269, 56946, 20499, 44321, 59140, 39597, 4298, 21545, 48809, 43182, 27855, 19645, 50081, 22774]
[Train] batch 852 GPA: 0x000000038da18a00
[TS] batch852/input: write_done_realtime_ns=1787618984206332803
[GT] batch852 labels=[3, 7, 3, 2, 1, 7, 4, 7, 1, 5, 8, 6, 5, 5, 7, 2, 3, 0, 9, 0, 9, 5, 5, 2, 5, 0, 0, 7, 4, 9, 9, 4, 5, 3, 4, 1, 1, 3, 6, 9, 1, 0, 6, 1, 7, 6, 7, 4, 1, 0, 7, 2, 9, 8, 3, 6, 8, 9, 0, 3, 1, 9, 6, 1] indices=[28037, 4869, 59100, 25105, 45075, 35837, 17837, 36531, 32704, 10958, 2842, 33178, 31031, 6276, 57576, 8024, 459, 41627, 21981, 53851, 13801, 40041, 10401, 9266, 48872, 45522, 47294, 7809, 52424, 34786, 10784, 23188, 14122, 26165, 13291, 55523, 46984, 8882, 56619, 49564, 15241, 25783, 19329, 33868, 23402, 42253, 54378, 47483, 56744, 3777, 54540, 50508, 24593, 14648, 44032, 48033, 12960, 16173, 22636, 14883, 8464, 17860, 50584, 11895]
[Train] batch 853 GPA: 0x000000038da01400
[TS] batch853/input: write_done_realtime_ns=1787618984219515459
[GT] batch853 labels=[3, 3, 5, 0, 3, 8, 6, 3, 7, 0, 2, 4, 8, 1, 4, 7, 9, 3, 0, 8, 8, 0, 9, 6, 2, 7, 1, 4, 7, 5, 3, 5, 7, 9, 0, 3, 4, 9, 3, 1, 1, 9, 9, 4, 0, 9, 1, 2, 7, 6, 8, 3, 7, 6, 7, 5, 8, 8, 5, 7, 8, 7, 2, 0] indices=[56754, 27930, 11739, 33844, 24532, 30543, 34624, 3075, 22392, 33465, 25700, 30005, 54192, 59738, 58269, 12863, 49871, 44338, 54303, 19067, 11625, 30300, 22450, 49651, 8972, 47898, 30737, 25722, 9660, 45629, 30445, 32168, 33988, 4122, 33378, 13317, 855, 51843, 51571, 19150, 41694, 45775, 1895, 51423, 43188, 21351, 39797, 7736, 46253, 40560, 51242, 28858, 36799, 4402, 43284, 47428, 48309, 20906, 2329, 50392, 52775, 22740, 56213, 49535]
[Train] batch 854 GPA: 0x000000038da18a00
[TS] batch854/input: write_done_realtime_ns=1787618984232792044
[GT] batch854 labels=[5, 8, 7, 6, 2, 1, 3, 5, 7, 8, 3, 7, 0, 1, 9, 4, 5, 3, 5, 4, 3, 4, 8, 7, 3, 8, 7, 7, 3, 6, 1, 6, 3, 0, 7, 6, 0, 5, 8, 6, 0, 6, 0, 6, 6, 8, 4, 2, 8, 5, 5, 2, 8, 2, 3, 4, 1, 0, 5, 5, 8, 4, 5, 6] indices=[5188, 15501, 31698, 2789, 39921, 25805, 54976, 45897, 29309, 22365, 52041, 37423, 32036, 4162, 41501, 45280, 52065, 1689, 22566, 55109, 17593, 50879, 12317, 18681, 45364, 52711, 14597, 20552, 54249, 5405, 52990, 14869, 16945, 42985, 33315, 40124, 36620, 9044, 15546, 16535, 23305, 17616, 16460, 34698, 57994, 38971, 48553, 57153, 97, 42560, 57852, 17315, 48002, 41672, 43090, 22991, 36426, 8098, 55076, 16633, 16101, 21581, 36118, 40282]
[Train] batch 855 GPA: 0x000000038da01400
[TS] batch855/input: write_done_realtime_ns=1787618984245956189
[GT] batch855 labels=[8, 7, 8, 3, 9, 1, 1, 4, 6, 7, 1, 0, 9, 6, 3, 8, 6, 8, 3, 3, 7, 1, 7, 9, 9, 2, 8, 6, 9, 1, 7, 2, 1, 5, 5, 2, 5, 6, 0, 9, 4, 9, 6, 3, 8, 7, 8, 6, 1, 7, 1, 1, 1, 9, 1, 7, 1, 1, 3, 2, 6, 4, 8, 6] indices=[39611, 59285, 20819, 3552, 20333, 7599, 8185, 729, 37173, 38210, 39936, 49221, 51985, 33015, 17318, 40689, 56878, 23659, 15412, 25882, 803, 29288, 16842, 25933, 29371, 41710, 11836, 43049, 58698, 7789, 30017, 1852, 28736, 37379, 12843, 13121, 52310, 3392, 32388, 34163, 43608, 15913, 36125, 55547, 26776, 38422, 55929, 8628, 39652, 44470, 13721, 51110, 24966, 28473, 1065, 43710, 18393, 30628, 55866, 18135, 33258, 27919, 48455, 10725]
[Train] batch 856 GPA: 0x000000038da18a00
[TS] batch856/input: write_done_realtime_ns=1787618984259192355
[GT] batch856 labels=[2, 2, 2, 9, 5, 0, 6, 0, 7, 0, 0, 2, 0, 0, 9, 5, 6, 7, 4, 6, 7, 1, 7, 6, 0, 8, 2, 7, 3, 1, 6, 7, 0, 1, 7, 8, 4, 7, 9, 2, 5, 0, 4, 8, 8, 9, 3, 3, 4, 6, 1, 5, 3, 0, 3, 0, 9, 8, 9, 2, 2, 0, 7, 4] indices=[51001, 57658, 39090, 50845, 29890, 33079, 33751, 54600, 44465, 22375, 16563, 14040, 12266, 46459, 43114, 5551, 51877, 24723, 49102, 52912, 45807, 37629, 40170, 14044, 33669, 18574, 46663, 4734, 46485, 32392, 28163, 20227, 42877, 10248, 59842, 43515, 21163, 795, 17708, 44758, 3170, 17755, 1554, 45293, 38948, 25083, 29675, 32025, 52193, 19363, 49317, 21115, 23242, 51992, 11539, 16866, 18928, 40398, 631, 48738, 4185, 57784, 2512, 52274]
[Train] batch 857 GPA: 0x000000038da01400
[TS] batch857/input: write_done_realtime_ns=1787618984272475669
[GT] batch857 labels=[6, 1, 5, 4, 9, 1, 4, 3, 7, 8, 4, 7, 4, 7, 7, 1, 4, 8, 1, 1, 1, 3, 1, 0, 5, 0, 4, 7, 3, 7, 2, 9, 5, 2, 3, 0, 1, 2, 6, 2, 5, 1, 6, 9, 8, 3, 0, 2, 1, 7, 6, 4, 5, 3, 6, 3, 2, 6, 3, 9, 0, 2, 2, 2] indices=[7880, 20974, 40669, 4619, 20676, 22828, 13902, 51686, 27532, 9799, 45729, 20766, 42411, 27498, 16379, 5749, 20633, 26852, 40464, 45220, 25540, 5838, 21921, 15191, 58134, 16355, 24855, 26721, 47803, 40774, 51751, 20901, 33437, 52549, 50401, 48554, 30281, 28275, 1990, 52695, 44152, 29811, 42745, 44509, 16539, 27389, 4718, 11017, 40319, 45535, 38181, 1885, 56269, 54499, 13067, 27060, 53390, 48857, 21685, 9290, 58223, 46760, 59983, 29967]
[Train] batch 858 GPA: 0x000000038da18a00
[TS] batch858/input: write_done_realtime_ns=1787618984285690985
[GT] batch858 labels=[7, 5, 7, 2, 1, 0, 4, 9, 5, 3, 2, 8, 8, 1, 0, 6, 4, 9, 6, 0, 0, 3, 3, 6, 6, 7, 9, 0, 1, 9, 9, 0, 2, 6, 7, 7, 4, 6, 9, 9, 9, 2, 7, 6, 3, 7, 7, 9, 8, 2, 2, 6, 6, 9, 7, 2, 3, 8, 1, 0, 3, 4, 6, 8] indices=[13529, 5382, 41604, 9853, 52082, 48780, 35585, 10752, 24252, 46854, 20165, 38386, 11613, 3226, 24693, 4431, 48487, 14240, 51993, 6987, 56444, 8135, 30461, 25193, 59292, 32819, 19428, 35681, 36921, 52427, 33380, 52470, 36961, 25901, 1191, 8954, 53912, 55274, 17707, 8802, 28329, 47782, 57556, 53754, 47781, 32373, 56209, 1674, 41347, 51808, 35011, 53949, 43304, 58519, 26395, 18978, 643, 6604, 40459, 6960, 10966, 13339, 18520, 43271]
[Train] batch 859 GPA: 0x000000038da01400
[TS] batch859/input: write_done_realtime_ns=1787618984298928080
[GT] batch859 labels=[2, 5, 3, 6, 6, 9, 4, 1, 3, 3, 7, 8, 6, 5, 3, 9, 9, 4, 8, 0, 3, 8, 7, 9, 6, 2, 4, 0, 2, 1, 9, 3, 0, 7, 6, 7, 5, 8, 2, 3, 3, 7, 4, 1, 6, 3, 0, 0, 3, 5, 1, 3, 0, 0, 6, 1, 7, 9, 2, 4, 1, 4, 6, 0] indices=[52016, 32519, 3614, 35687, 50836, 14324, 45213, 4484, 27718, 44051, 51162, 48394, 12104, 52170, 3383, 27679, 54944, 49127, 13095, 51883, 57172, 57450, 29432, 22902, 1350, 51599, 46731, 54715, 3304, 2998, 33182, 2895, 23980, 10932, 35318, 9382, 49334, 20592, 41802, 58343, 21695, 22181, 9880, 2918, 20821, 10765, 52831, 19547, 43171, 18789, 34264, 45759, 42402, 8813, 48792, 47216, 58205, 57033, 33819, 53492, 2977, 44405, 27708, 44743]
[Train] batch 860 GPA: 0x000000038da18a00
[TS] batch860/input: write_done_realtime_ns=1787618984312080067
[GT] batch860 labels=[0, 0, 7, 1, 8, 1, 1, 5, 5, 5, 7, 7, 4, 9, 4, 5, 2, 1, 3, 8, 9, 6, 2, 0, 2, 8, 7, 5, 3, 1, 4, 1, 7, 5, 0, 1, 5, 6, 1, 3, 0, 8, 3, 2, 9, 0, 2, 6, 5, 9, 4, 8, 8, 5, 2, 6, 0, 2, 8, 7, 9, 6, 6, 4] indices=[52245, 20334, 6688, 9350, 48560, 50550, 1445, 4480, 28057, 16784, 37876, 35648, 58744, 37400, 4789, 28777, 7140, 8550, 15847, 1101, 8358, 29644, 34902, 47386, 43105, 58168, 39712, 38477, 3997, 32338, 11124, 52967, 13391, 24093, 35481, 25441, 14100, 10851, 14061, 44305, 6663, 47053, 5511, 30477, 16409, 21132, 19165, 52053, 45226, 45603, 56477, 47548, 7750, 39271, 56993, 41636, 59420, 55300, 22438, 34472, 21859, 45241, 494, 25109]
Train Epoch: 1 [55040/60000 (92%)]	Loss: 0.171020
[Train] batch 861 GPA: 0x000000038da01400
[TS] batch861/input: write_done_realtime_ns=1787618984325438641
[GT] batch861 labels=[2, 0, 8, 4, 6, 1, 1, 3, 3, 9, 0, 4, 1, 0, 2, 7, 0, 1, 6, 5, 1, 1, 1, 7, 2, 0, 9, 8, 0, 8, 0, 0, 7, 1, 8, 8, 3, 2, 4, 3, 9, 2, 6, 0, 3, 6, 8, 0, 3, 7, 7, 0, 3, 1, 9, 2, 9, 4, 5, 1, 9, 5, 6, 7] indices=[58954, 35502, 29116, 35875, 11730, 27677, 16694, 9324, 18244, 50102, 8387, 20653, 57647, 11888, 19779, 30153, 42980, 52078, 5686, 19306, 21741, 15135, 44705, 49909, 47515, 26369, 3022, 50170, 15910, 10866, 39504, 15694, 28011, 27885, 44880, 34563, 6651, 12620, 27335, 47742, 42298, 6060, 36881, 28044, 54859, 3445, 51459, 23506, 54910, 2848, 43923, 35612, 15936, 49519, 26954, 12603, 58437, 7677, 45263, 43927, 59942, 12713, 2163, 34518]
[Train] batch 862 GPA: 0x000000038da18a00
[TS] batch862/input: write_done_realtime_ns=1787618984338576307
[GT] batch862 labels=[5, 8, 4, 5, 2, 9, 0, 7, 7, 4, 3, 7, 0, 7, 0, 3, 5, 7, 3, 8, 9, 4, 8, 4, 7, 7, 6, 9, 8, 3, 2, 2, 0, 9, 5, 1, 3, 1, 8, 6, 9, 6, 1, 6, 7, 7, 0, 7, 3, 0, 3, 0, 5, 4, 0, 6, 6, 1, 7, 4, 0, 8, 1, 7] indices=[16400, 11302, 44688, 48046, 26341, 3781, 49530, 37818, 57546, 44153, 44497, 26982, 47756, 19989, 57176, 56657, 11864, 32740, 41225, 58552, 48766, 10636, 5389, 2256, 8364, 35555, 33871, 25634, 44839, 29504, 7615, 7624, 4656, 12179, 55591, 11069, 17386, 19145, 7477, 36810, 9771, 32631, 3963, 3999, 1933, 53866, 53038, 44398, 31482, 9707, 49077, 24078, 28512, 25866, 4374, 2226, 10650, 416, 35196, 4757, 40400, 4275, 17042, 39769]
[Train] batch 863 GPA: 0x000000038da01400
[TS] batch863/input: write_done_realtime_ns=1787618984351929351
[GT] batch863 labels=[1, 1, 9, 4, 7, 3, 1, 8, 3, 3, 6, 6, 1, 0, 0, 3, 1, 7, 4, 6, 2, 9, 6, 5, 2, 4, 8, 6, 9, 4, 0, 9, 0, 9, 2, 6, 3, 6, 1, 2, 7, 3, 5, 3, 0, 6, 0, 0, 1, 4, 8, 0, 0, 0, 0, 1, 3, 3, 6, 5, 0, 1, 2, 9] indices=[13213, 33012, 59221, 44419, 57921, 53075, 4978, 7712, 46295, 39349, 7522, 10375, 30587, 28647, 19908, 33758, 8106, 1314, 3828, 28883, 34891, 56118, 58534, 7377, 53029, 23913, 29656, 48505, 282, 35078, 51017, 30756, 58376, 18175, 37412, 18430, 11979, 27382, 5850, 15509, 13166, 50253, 27310, 54029, 43129, 26372, 32494, 38446, 58580, 42697, 17654, 26073, 37571, 29772, 39897, 16508, 37746, 35458, 15961, 14318, 5108, 16362, 23079, 21344]
[Train] batch 864 GPA: 0x000000038da18a00
[TS] batch864/input: write_done_realtime_ns=1787618984365147147
[GT] batch864 labels=[0, 8, 7, 9, 7, 8, 2, 5, 0, 7, 3, 5, 8, 0, 3, 2, 2, 9, 2, 9, 8, 5, 8, 9, 1, 4, 1, 2, 3, 3, 2, 3, 4, 0, 3, 6, 7, 9, 3, 2, 9, 5, 2, 8, 0, 0, 2, 1, 9, 1, 9, 0, 4, 6, 7, 7, 6, 1, 2, 0, 2, 9, 2, 6] indices=[4931, 50821, 56294, 26512, 53858, 50651, 6478, 33603, 16285, 35382, 8716, 24332, 7777, 27894, 54704, 10583, 7088, 1396, 38753, 7233, 4036, 37557, 11662, 16270, 23751, 26015, 47022, 34181, 54739, 55831, 56917, 28107, 2799, 43247, 21102, 20156, 10517, 51812, 31631, 21044, 28838, 33993, 24796, 56976, 5512, 23504, 13606, 50056, 45044, 2505, 21997, 7129, 3817, 58997, 40242, 4806, 24526, 14371, 7758, 1152, 31978, 8060, 47448, 39632]
[Train] batch 865 GPA: 0x000000038da01400
[TS] batch865/input: write_done_realtime_ns=1787618984378450342
[GT] batch865 labels=[9, 8, 9, 6, 8, 5, 3, 3, 1, 9, 6, 3, 7, 6, 9, 3, 9, 6, 7, 6, 3, 5, 2, 7, 3, 7, 7, 0, 0, 2, 7, 2, 1, 4, 8, 9, 9, 6, 0, 1, 0, 4, 4, 2, 6, 7, 7, 8, 3, 7, 0, 4, 3, 6, 0, 9, 3, 0, 6, 2, 7, 1, 3, 3] indices=[34258, 33419, 51240, 3577, 54471, 43699, 55893, 16940, 34083, 10857, 47497, 27870, 5535, 15591, 26215, 14761, 20184, 5084, 45068, 38416, 43012, 8548, 7432, 21464, 32420, 30021, 58197, 6791, 53387, 26585, 33736, 16662, 34613, 48215, 40031, 39464, 39733, 22975, 33253, 39541, 36183, 6312, 19357, 34157, 49255, 18818, 32048, 19046, 9335, 14866, 58247, 21076, 21305, 4477, 53257, 33855, 9932, 28543, 30904, 48975, 26010, 13748, 3844, 48065]
[Train] batch 866 GPA: 0x000000038da18a00
[TS] batch866/input: write_done_realtime_ns=1787618984391594098
[GT] batch866 labels=[4, 0, 2, 8, 9, 0, 8, 3, 7, 1, 8, 5, 8, 8, 3, 2, 8, 9, 1, 5, 9, 0, 7, 2, 0, 4, 4, 0, 3, 8, 9, 8, 1, 9, 3, 8, 9, 5, 0, 7, 6, 4, 7, 8, 7, 9, 8, 9, 3, 8, 3, 5, 3, 8, 3, 6, 7, 2, 4, 2, 3, 2, 0, 6] indices=[26281, 38103, 27520, 47582, 27780, 44815, 39693, 40904, 12921, 50731, 28902, 49424, 1237, 16373, 26783, 54754, 44699, 16702, 56953, 58154, 49204, 35465, 31713, 39338, 51044, 6621, 52007, 2066, 59356, 11160, 9503, 27729, 34199, 42069, 16260, 8690, 45527, 55108, 28593, 31997, 32782, 11165, 25964, 6457, 21783, 21595, 19725, 20445, 39509, 17658, 59366, 42509, 42994, 1804, 38772, 311, 11188, 55172, 32762, 28929, 16549, 29334, 57202, 129]
[Train] batch 867 GPA: 0x000000038da01400
[TS] batch867/input: write_done_realtime_ns=1787618984404839413
[GT] batch867 labels=[3, 4, 8, 3, 3, 0, 3, 2, 1, 5, 4, 0, 8, 9, 1, 9, 7, 2, 3, 2, 0, 5, 8, 6, 2, 7, 4, 4, 8, 3, 9, 2, 6, 8, 3, 4, 4, 1, 0, 7, 5, 4, 1, 2, 8, 9, 9, 6, 4, 7, 6, 7, 5, 7, 4, 1, 8, 3, 4, 5, 5, 5, 8, 5] indices=[22767, 1253, 16864, 18325, 46409, 24367, 56849, 563, 1118, 55905, 22722, 38693, 55852, 53841, 20052, 27926, 32120, 47306, 20072, 30705, 29713, 56360, 51184, 35200, 866, 468, 48252, 19406, 85, 15003, 25046, 13023, 48370, 24857, 37355, 29358, 26086, 7746, 17761, 19572, 57639, 20337, 20047, 7326, 35230, 13115, 30627, 16747, 19389, 57078, 26039, 18597, 1222, 5519, 36279, 8873, 16000, 31960, 53288, 8728, 36214, 34755, 37870, 33046]
[Train] batch 868 GPA: 0x000000038da18a00
[TS] batch868/input: write_done_realtime_ns=1787618984418001549
[GT] batch868 labels=[3, 3, 5, 9, 7, 7, 1, 6, 5, 0, 5, 0, 9, 8, 3, 0, 5, 3, 8, 1, 5, 2, 3, 4, 4, 4, 8, 6, 1, 0, 2, 7, 7, 0, 8, 1, 9, 6, 2, 8, 2, 0, 6, 7, 9, 6, 4, 7, 4, 2, 1, 1, 3, 9, 4, 9, 0, 0, 4, 3, 8, 1, 3, 1] indices=[49390, 8597, 4004, 19457, 20605, 55086, 5930, 28415, 32674, 1771, 34584, 9215, 46123, 49525, 15292, 44278, 41475, 57149, 1236, 53405, 46720, 19115, 55914, 2071, 49195, 54431, 38237, 22465, 3954, 17025, 24321, 18127, 8651, 57356, 11355, 47697, 30385, 58842, 54815, 47675, 16327, 6676, 40072, 11309, 5539, 10270, 1373, 42646, 3071, 14603, 35329, 20912, 17404, 40755, 52260, 46263, 3677, 52766, 46456, 31949, 3616, 55412, 45796, 19884]
[Train] batch 869 GPA: 0x000000038da01400
[TS] batch869/input: write_done_realtime_ns=1787618984431238225
[GT] batch869 labels=[2, 5, 5, 1, 9, 6, 6, 6, 8, 7, 1, 3, 3, 6, 2, 6, 3, 3, 5, 9, 7, 8, 8, 2, 9, 1, 6, 2, 6, 1, 4, 5, 4, 1, 2, 3, 3, 1, 6, 7, 4, 0, 0, 6, 1, 9, 3, 8, 2, 1, 2, 1, 1, 7, 2, 1, 7, 7, 3, 8, 2, 6, 3, 2] indices=[7486, 21198, 55428, 12706, 31939, 27019, 186, 8417, 3983, 30348, 7075, 40836, 49585, 35146, 51340, 4072, 57477, 9491, 36839, 36109, 43285, 14250, 11998, 3557, 9968, 51426, 20104, 11772, 5750, 52107, 10338, 9236, 14769, 698, 56065, 28803, 42087, 57400, 1792, 23292, 11256, 59615, 25952, 31212, 18019, 20115, 46908, 47936, 1894, 35008, 27171, 9622, 10223, 7173, 28537, 22628, 41677, 12730, 57016, 16445, 27026, 42234, 4022, 31616]
[Train] batch 870 GPA: 0x000000038da18a00
[TS] batch870/input: write_done_realtime_ns=1787618984444515240
[GT] batch870 labels=[3, 7, 8, 0, 9, 6, 4, 1, 4, 0, 7, 4, 8, 3, 1, 6, 6, 9, 1, 2, 1, 0, 8, 7, 1, 8, 4, 4, 4, 1, 3, 1, 1, 9, 6, 7, 0, 1, 1, 6, 0, 3, 4, 1, 0, 8, 1, 6, 7, 4, 0, 9, 8, 3, 2, 5, 2, 0, 9, 5, 3, 5, 2, 9] indices=[17155, 21483, 29142, 53857, 56577, 19481, 30779, 39707, 35304, 30955, 52322, 56671, 34574, 15350, 15803, 29836, 45514, 22782, 47790, 35597, 552, 55837, 18521, 22129, 32530, 23422, 3240, 40548, 57950, 42460, 6405, 2616, 58963, 25969, 8688, 30998, 27567, 58481, 21178, 15484, 38315, 41565, 44850, 55338, 51226, 2063, 53310, 9921, 11274, 24766, 38155, 12417, 55272, 37517, 59734, 46019, 23691, 23891, 28308, 11928, 49893, 36888, 32024, 23539]
Train Epoch: 1 [55680/60000 (93%)]	Loss: 0.073629
[Train] batch 871 GPA: 0x000000038da01400
[TS] batch871/input: write_done_realtime_ns=1787618984457709965
[GT] batch871 labels=[3, 8, 2, 9, 3, 8, 4, 9, 7, 8, 2, 9, 6, 3, 0, 1, 7, 3, 8, 5, 4, 4, 4, 3, 3, 7, 2, 9, 1, 4, 1, 5, 7, 9, 0, 3, 3, 9, 4, 3, 7, 9, 7, 6, 1, 4, 7, 7, 2, 0, 6, 8, 6, 5, 3, 3, 6, 0, 1, 8, 0, 3, 3, 0] indices=[55726, 2358, 53910, 43864, 25417, 30116, 20730, 50784, 56438, 19204, 52068, 929, 4640, 11021, 58356, 26174, 43362, 50672, 16762, 2780, 20056, 40529, 25288, 20377, 2286, 20646, 54315, 11416, 17560, 44530, 16757, 47920, 51523, 13646, 57420, 6844, 29356, 56861, 56595, 29913, 30659, 21892, 55896, 50610, 42506, 7657, 3951, 39426, 33680, 13719, 54496, 12890, 41172, 3864, 13496, 27133, 22936, 45455, 4710, 11872, 11993, 59271, 10369, 32489]
[Train] batch 872 GPA: 0x000000038da18a00
[TS] batch872/input: write_done_realtime_ns=1787618984470921431
[GT] batch872 labels=[7, 2, 1, 2, 1, 2, 7, 5, 2, 6, 5, 7, 9, 6, 7, 8, 1, 7, 1, 7, 2, 4, 1, 7, 1, 0, 6, 0, 1, 7, 4, 5, 5, 1, 8, 0, 4, 5, 4, 0, 7, 9, 0, 3, 1, 9, 0, 0, 9, 8, 0, 9, 1, 1, 1, 1, 9, 8, 3, 2, 7, 0, 3, 7] indices=[47364, 35494, 47734, 44298, 46705, 13082, 15976, 38624, 56553, 36570, 2049, 18824, 53935, 20343, 53725, 30516, 23693, 38034, 8080, 41661, 36721, 40424, 29668, 32893, 28609, 34352, 24687, 35775, 22632, 19260, 24192, 43574, 22819, 208, 31080, 57027, 57026, 35702, 57043, 33043, 1416, 46545, 30578, 24350, 39552, 40477, 1645, 1268, 25801, 14987, 18443, 33212, 47291, 20899, 28524, 14408, 18448, 50346, 30304, 21683, 36730, 45303, 39100, 25465]
[Train] batch 873 GPA: 0x000000038da01400
[TS] batch873/input: write_done_realtime_ns=1787618984484279125
[GT] batch873 labels=[5, 3, 9, 0, 2, 9, 0, 6, 3, 3, 5, 2, 0, 2, 5, 6, 6, 6, 8, 4, 3, 2, 8, 6, 1, 9, 4, 6, 6, 0, 7, 5, 6, 9, 0, 6, 7, 1, 4, 6, 1, 7, 9, 5, 9, 0, 5, 9, 6, 7, 6, 4, 1, 4, 1, 1, 8, 4, 7, 9, 7, 4, 7, 0] indices=[2739, 36899, 13998, 3067, 22177, 59486, 46144, 4110, 5143, 22963, 42447, 59607, 39955, 22442, 26320, 2545, 19503, 26654, 4375, 8657, 39814, 25089, 34510, 54049, 25428, 6717, 8495, 31954, 36766, 15946, 32849, 21873, 55645, 43992, 6330, 20013, 37596, 39328, 43291, 8347, 38585, 25716, 26486, 33928, 24497, 11453, 22650, 33682, 27081, 50992, 13715, 45330, 3878, 5077, 27011, 33124, 5338, 38938, 53501, 58179, 52735, 14415, 54439, 18836]
[Train] batch 874 GPA: 0x000000038da18a00
[TS] batch874/input: write_done_realtime_ns=1787618984497407771
[GT] batch874 labels=[3, 1, 0, 3, 4, 8, 0, 7, 6, 0, 4, 7, 2, 5, 8, 7, 4, 7, 5, 7, 9, 2, 5, 8, 8, 1, 7, 2, 4, 1, 3, 0, 1, 7, 4, 7, 6, 4, 7, 2, 6, 8, 9, 1, 7, 1, 5, 4, 4, 4, 8, 3, 9, 1, 6, 0, 0, 1, 7, 7, 6, 5, 8, 7] indices=[16504, 44650, 59244, 2469, 44942, 12565, 47447, 49551, 49347, 3231, 58364, 50849, 7347, 21989, 56525, 16935, 37907, 24207, 5984, 8798, 1732, 32678, 54202, 26023, 10655, 56683, 41920, 43635, 47363, 51606, 2011, 53381, 17473, 22287, 50957, 17724, 51697, 1160, 50620, 2314, 28805, 56874, 41155, 2747, 35203, 19639, 54063, 56763, 481, 26334, 33097, 39136, 15944, 43500, 18349, 95, 25750, 33425, 6756, 5068, 28898, 30042, 6618, 11642]
[Train] batch 875 GPA: 0x000000038da01400
[TS] batch875/input: write_done_realtime_ns=1787618984510649847
[GT] batch875 labels=[2, 2, 7, 6, 2, 1, 1, 3, 2, 2, 0, 2, 1, 1, 4, 3, 5, 6, 5, 1, 8, 7, 6, 9, 1, 9, 1, 4, 9, 7, 4, 2, 7, 3, 0, 5, 8, 0, 8, 4, 4, 9, 0, 3, 4, 5, 5, 6, 3, 1, 7, 0, 2, 5, 8, 2, 6, 1, 0, 1, 6, 8, 4, 5] indices=[43852, 22027, 36139, 431, 21009, 47516, 8222, 14476, 9218, 180, 53444, 17873, 941, 52927, 25612, 50755, 30499, 14921, 13300, 7393, 14941, 21175, 43095, 49854, 48977, 5558, 26263, 30658, 26902, 29, 14885, 15272, 15319, 58667, 56914, 16295, 59565, 25456, 12164, 20897, 7722, 51516, 31026, 857, 23201, 41389, 7047, 14731, 55962, 36520, 11085, 10505, 6377, 51553, 5609, 19229, 5273, 16159, 56530, 38384, 1951, 24112, 51600, 54002]
[Train] batch 876 GPA: 0x000000038da18a00
[TS] batch876/input: write_done_realtime_ns=1787618984523936421
[GT] batch876 labels=[3, 4, 3, 5, 0, 9, 8, 3, 4, 2, 6, 7, 6, 1, 1, 8, 5, 6, 5, 3, 7, 7, 1, 1, 6, 8, 2, 3, 4, 2, 4, 1, 3, 7, 3, 9, 8, 7, 3, 9, 2, 4, 8, 8, 0, 0, 5, 9, 5, 1, 7, 9, 6, 8, 2, 1, 1, 7, 1, 0, 4, 6, 4, 8] indices=[37796, 13350, 50500, 49241, 31937, 44763, 14745, 59798, 29054, 2337, 56677, 29117, 44287, 9404, 23505, 28226, 31290, 23050, 25192, 54127, 38743, 36284, 38700, 34334, 36184, 1067, 32264, 35459, 59042, 56691, 49078, 3272, 48431, 33479, 24850, 20112, 11611, 22880, 29800, 20864, 57151, 26506, 35751, 2577, 21372, 35525, 37699, 52546, 18511, 41723, 5242, 45892, 42247, 4745, 13761, 4003, 55961, 28529, 6021, 4008, 42357, 33135, 31315, 26664]
[Train] batch 877 GPA: 0x000000038da01400
[TS] batch877/input: write_done_realtime_ns=1787618984537172117
[GT] batch877 labels=[3, 1, 2, 9, 4, 2, 5, 0, 9, 0, 7, 5, 5, 4, 8, 0, 4, 1, 8, 6, 3, 0, 6, 1, 1, 1, 2, 9, 3, 2, 5, 1, 3, 5, 6, 9, 9, 8, 2, 6, 9, 7, 9, 5, 0, 5, 4, 9, 7, 2, 2, 5, 0, 9, 6, 1, 0, 7, 8, 2, 5, 7, 5, 1] indices=[57660, 26610, 26477, 52180, 2732, 39592, 13264, 50638, 53698, 2561, 33977, 46890, 7475, 56084, 17681, 28423, 20251, 4225, 59763, 59976, 15109, 8877, 20555, 19096, 28090, 638, 14914, 51442, 40427, 47142, 39681, 7630, 24770, 51610, 48827, 41364, 45449, 58679, 27673, 2212, 11682, 52760, 8714, 26675, 58062, 22575, 29600, 11212, 56109, 50901, 27915, 27288, 3937, 40670, 8034, 54087, 32007, 9498, 40645, 17836, 15702, 16138, 15558, 52120]
[Train] batch 878 GPA: 0x000000038da18a00
[TS] batch878/input: write_done_realtime_ns=1787618984550330172
[GT] batch878 labels=[4, 9, 8, 7, 6, 5, 2, 9, 5, 0, 8, 1, 1, 9, 3, 8, 5, 7, 9, 8, 6, 4, 4, 5, 0, 5, 1, 7, 6, 5, 8, 7, 1, 7, 8, 6, 1, 0, 9, 4, 9, 2, 8, 1, 5, 5, 7, 8, 7, 7, 3, 5, 2, 2, 1, 6, 1, 4, 2, 3, 1, 7, 3, 2] indices=[32108, 32433, 40306, 2995, 43694, 1024, 4541, 54323, 51764, 38540, 14968, 51285, 33005, 48130, 13824, 59224, 56014, 41872, 11001, 55766, 46205, 47397, 34955, 29293, 28755, 38553, 7138, 40906, 36446, 57055, 27916, 40080, 35592, 41958, 14438, 19290, 40219, 10261, 18917, 38323, 13887, 48549, 44702, 16241, 2028, 56843, 52249, 51670, 5422, 58624, 2463, 14428, 10707, 31188, 4815, 14315, 35737, 2458, 31276, 31404, 22476, 54542, 8264, 38094]
[Train] batch 879 GPA: 0x000000038da01400
[TS] batch879/input: write_done_realtime_ns=1787618984563516359
[GT] batch879 labels=[2, 3, 7, 8, 3, 3, 6, 4, 3, 5, 7, 3, 3, 3, 4, 5, 0, 4, 7, 5, 1, 8, 3, 8, 4, 8, 3, 0, 3, 1, 1, 0, 2, 0, 1, 4, 6, 8, 4, 4, 9, 1, 3, 0, 1, 6, 6, 4, 8, 8, 0, 4, 0, 7, 3, 1, 1, 3, 6, 9, 3, 5, 6, 5] indices=[54128, 40223, 22416, 17013, 38867, 3815, 6954, 51689, 54074, 31519, 40232, 57893, 52664, 11480, 24472, 9743, 49737, 21988, 41551, 34411, 42531, 33827, 7803, 45884, 37687, 20352, 26033, 46484, 49477, 55955, 17888, 33843, 4733, 11379, 25327, 28948, 18670, 31034, 35493, 31549, 28553, 9069, 43730, 25137, 39977, 15384, 38334, 52652, 59603, 37078, 31350, 16359, 29478, 38091, 8505, 16262, 56633, 6516, 37345, 59458, 46923, 52970, 46482, 14672]
[Train] batch 880 GPA: 0x000000038da18a00
[TS] batch880/input: write_done_realtime_ns=1787618984576742594
[GT] batch880 labels=[9, 0, 7, 1, 1, 4, 9, 2, 1, 9, 2, 6, 8, 4, 9, 4, 0, 6, 8, 4, 4, 2, 2, 2, 2, 4, 8, 6, 7, 5, 6, 8, 7, 3, 0, 5, 0, 6, 3, 7, 2, 2, 5, 4, 9, 7, 5, 1, 7, 7, 3, 6, 3, 9, 9, 5, 2, 4, 3, 5, 1, 4, 6, 8] indices=[22947, 48274, 54065, 37378, 6880, 40224, 42845, 13277, 37564, 32128, 47990, 51232, 32261, 11127, 29292, 51893, 25460, 3058, 20419, 8508, 48763, 40632, 4518, 18264, 24360, 4102, 15502, 46383, 20909, 53907, 50494, 5743, 30015, 25116, 49889, 23011, 59418, 54969, 10423, 28337, 45022, 44898, 33221, 45827, 34404, 22171, 56116, 58361, 57445, 35675, 51332, 33559, 59725, 1940, 4936, 57240, 57597, 15283, 17893, 49536, 5225, 4812, 2607, 59865]
Train Epoch: 1 [56320/60000 (94%)]	Loss: 0.134272
[Train] batch 881 GPA: 0x000000038da01400
[TS] batch881/input: write_done_realtime_ns=1787618984590003539
[GT] batch881 labels=[9, 7, 2, 5, 8, 7, 5, 4, 8, 9, 6, 9, 1, 0, 8, 6, 1, 6, 5, 7, 1, 8, 1, 9, 8, 1, 6, 0, 3, 8, 7, 4, 7, 1, 0, 4, 1, 6, 0, 8, 8, 2, 1, 0, 3, 4, 7, 8, 5, 8, 7, 0, 4, 4, 5, 5, 7, 0, 3, 3, 1, 9, 4, 0] indices=[15512, 30664, 7859, 18446, 12182, 24503, 5666, 51817, 47438, 56948, 13084, 23575, 19136, 59868, 48824, 14721, 42644, 26077, 10884, 52750, 17430, 20014, 37939, 27231, 29254, 55000, 7847, 34355, 41960, 6417, 4422, 700, 24500, 41685, 47599, 11073, 9260, 57226, 29541, 35438, 34872, 32579, 30612, 16543, 58924, 18180, 14532, 55462, 23806, 37130, 7210, 49281, 36909, 23122, 10092, 29749, 5214, 52593, 6711, 40818, 3811, 57374, 17590, 32454]
[Train] batch 882 GPA: 0x000000038da18a00
[TS] batch882/input: write_done_realtime_ns=1787618984603418223
[GT] batch882 labels=[1, 8, 6, 8, 0, 1, 0, 0, 8, 3, 6, 6, 1, 1, 4, 2, 4, 8, 7, 2, 2, 8, 5, 7, 2, 7, 1, 7, 1, 9, 4, 5, 7, 8, 1, 7, 3, 2, 3, 9, 4, 6, 5, 4, 7, 8, 8, 4, 6, 2, 8, 5, 9, 0, 0, 3, 8, 1, 8, 0, 1, 6, 9, 8] indices=[4193, 44875, 48006, 31333, 52429, 7973, 4565, 34007, 47136, 21643, 29138, 4497, 27474, 38455, 36584, 40289, 41381, 31847, 58606, 477, 8993, 19005, 10465, 24138, 1140, 44658, 38264, 45871, 59902, 28750, 59261, 26112, 37960, 5972, 58600, 518, 54273, 40542, 49946, 41792, 47094, 53540, 37820, 31324, 7418, 13618, 58028, 16459, 37277, 9715, 58445, 44938, 6073, 53924, 38123, 3336, 39450, 47097, 42299, 51680, 36422, 35768, 2501, 32404]
[Train] batch 883 GPA: 0x000000038da01400
[TS] batch883/input: write_done_realtime_ns=1787618984616652258
[GT] batch883 labels=[4, 1, 9, 4, 1, 9, 3, 3, 4, 5, 3, 9, 0, 1, 1, 1, 2, 7, 1, 5, 3, 6, 3, 1, 6, 8, 6, 3, 3, 1, 8, 5, 2, 1, 9, 9, 4, 9, 5, 1, 3, 6, 4, 7, 3, 0, 4, 6, 5, 8, 5, 7, 3, 0, 5, 7, 5, 6, 6, 5, 2, 3, 0, 4] indices=[21648, 40004, 12475, 4409, 47222, 15354, 24278, 6123, 19478, 33573, 8017, 56527, 56778, 20275, 37045, 42888, 36965, 57458, 16722, 33748, 13836, 59146, 32476, 15608, 11000, 36861, 43518, 44888, 24560, 27978, 22286, 1298, 42223, 52205, 29841, 25565, 31793, 20997, 50366, 54293, 31452, 10190, 30463, 45594, 37555, 54328, 36742, 52781, 15655, 7851, 58477, 31485, 45979, 119, 12611, 35960, 43809, 14308, 11183, 50252, 28169, 45407, 5317, 13864]
[Train] batch 884 GPA: 0x000000038da18a00
[TS] batch884/input: write_done_realtime_ns=1787618984629780615
[GT] batch884 labels=[1, 0, 3, 4, 0, 9, 1, 0, 2, 9, 3, 4, 8, 4, 8, 2, 3, 5, 4, 2, 2, 2, 5, 6, 0, 8, 8, 0, 7, 7, 4, 9, 3, 4, 3, 9, 5, 8, 7, 1, 2, 6, 4, 3, 6, 0, 4, 6, 4, 1, 7, 8, 6, 2, 8, 5, 6, 6, 2, 4, 9, 6, 6, 7] indices=[50772, 11911, 49570, 26599, 49528, 52258, 44366, 14820, 42746, 53059, 24386, 54582, 57832, 25682, 27596, 56824, 46674, 33892, 33787, 14244, 1397, 16472, 2395, 44070, 9544, 13402, 4282, 47422, 10935, 10357, 37975, 47120, 18920, 17970, 15174, 12738, 46448, 43695, 43491, 52360, 22611, 46626, 59599, 12698, 1415, 28230, 13539, 30956, 20425, 12486, 30495, 4440, 18576, 35153, 27947, 4622, 38013, 41995, 34606, 42099, 54520, 31672, 23577, 48208]
[Train] batch 885 GPA: 0x000000038da01400
[TS] batch885/input: write_done_realtime_ns=1787618984642971071
[GT] batch885 labels=[3, 9, 0, 1, 1, 0, 3, 5, 5, 0, 7, 6, 1, 1, 9, 3, 8, 2, 9, 4, 5, 2, 6, 3, 8, 1, 3, 4, 1, 9, 6, 5, 4, 1, 9, 1, 5, 5, 6, 9, 3, 8, 6, 2, 5, 3, 5, 6, 8, 7, 9, 6, 6, 5, 6, 6, 7, 4, 2, 1, 7, 5, 9, 5] indices=[58250, 30296, 4749, 6366, 11765, 43960, 42906, 45250, 47543, 36829, 25841, 6907, 27665, 31839, 27397, 19092, 46942, 43842, 58069, 55469, 20186, 52971, 3221, 39384, 43042, 46029, 22825, 32425, 4435, 31840, 53621, 59747, 2569, 6701, 29824, 55324, 21397, 8986, 19661, 364, 2568, 21826, 33919, 26649, 37552, 30960, 53096, 58835, 20412, 11805, 37877, 29793, 12640, 47278, 30971, 54215, 31156, 4292, 28544, 45909, 12471, 4625, 25277, 5240]
[Train] batch 886 GPA: 0x000000038da18a00
[TS] batch886/input: write_done_realtime_ns=1787618984656151716
[GT] batch886 labels=[3, 6, 8, 9, 8, 3, 1, 1, 2, 5, 6, 5, 2, 9, 0, 7, 7, 3, 5, 8, 3, 8, 3, 6, 2, 7, 0, 7, 3, 9, 2, 6, 9, 5, 3, 3, 1, 7, 4, 7, 7, 4, 3, 3, 5, 7, 0, 2, 0, 2, 0, 0, 8, 5, 6, 4, 2, 7, 5, 4, 5, 2, 1, 4] indices=[37847, 21368, 47660, 9308, 56959, 3462, 44661, 9540, 40539, 50316, 999, 47444, 39587, 55125, 12500, 55689, 9901, 40722, 12210, 24533, 24307, 42347, 35173, 2836, 31546, 54207, 23813, 19893, 500, 8641, 11812, 20153, 39064, 57124, 9319, 25174, 22700, 25982, 14349, 14004, 27392, 39720, 52240, 21714, 45292, 42548, 16987, 52006, 5809, 24632, 17797, 18505, 23414, 18313, 34447, 34784, 26540, 38869, 59426, 15456, 37726, 52207, 2202, 38757]
[Train] batch 887 GPA: 0x000000038da01400
[TS] batch887/input: write_done_realtime_ns=1787618984669309163
[GT] batch887 labels=[5, 1, 9, 2, 3, 2, 3, 0, 7, 5, 4, 6, 0, 7, 7, 3, 0, 0, 0, 2, 8, 5, 4, 3, 2, 2, 1, 9, 2, 0, 0, 4, 6, 4, 9, 7, 2, 0, 1, 3, 1, 2, 6, 3, 3, 6, 7, 5, 2, 4, 1, 7, 9, 0, 9, 1, 0, 0, 1, 5, 8, 8, 5, 1] indices=[17224, 17457, 30735, 35035, 4250, 58126, 11554, 5288, 11566, 15085, 16850, 49761, 45539, 16623, 2007, 48445, 11562, 4496, 41137, 40747, 146, 14713, 8081, 50815, 16390, 37696, 58266, 13678, 10100, 45162, 42230, 35136, 9075, 22988, 58918, 51984, 47238, 19979, 12632, 2536, 32528, 47754, 47288, 59691, 9443, 14778, 54740, 59502, 22044, 33011, 23511, 307, 13997, 26183, 34694, 17032, 53429, 55056, 44677, 1509, 45156, 14452, 11115, 19751]
[Train] batch 888 GPA: 0x000000038da18a00
[TS] batch888/input: write_done_realtime_ns=1787618984682584278
[GT] batch888 labels=[9, 2, 9, 2, 9, 0, 8, 0, 8, 8, 3, 8, 9, 6, 6, 9, 1, 4, 8, 4, 1, 4, 2, 4, 0, 7, 7, 3, 5, 1, 1, 2, 1, 5, 6, 7, 0, 0, 0, 8, 8, 8, 2, 2, 2, 6, 6, 6, 7, 2, 0, 8, 3, 5, 7, 4, 4, 0, 4, 9, 2, 3, 9, 2] indices=[39166, 37015, 53279, 17265, 30805, 5470, 59086, 47346, 25251, 9213, 5153, 58709, 51316, 32436, 7684, 11990, 42546, 10150, 469, 57559, 46417, 9370, 44901, 49937, 41922, 58524, 36902, 25266, 22042, 50062, 45537, 10554, 3440, 49393, 41430, 12558, 2404, 50485, 13822, 12444, 39438, 51954, 31662, 45484, 24582, 8367, 12155, 23075, 79, 20612, 15663, 23391, 58080, 44783, 22515, 52708, 51111, 53940, 20169, 43896, 17805, 38520, 31072, 52422]
[Train] batch 889 GPA: 0x000000038da01400
[TS] batch889/input: write_done_realtime_ns=1787618984695719115
[GT] batch889 labels=[2, 7, 3, 7, 6, 8, 8, 5, 7, 8, 7, 7, 1, 2, 7, 4, 7, 7, 8, 0, 4, 5, 3, 4, 8, 4, 6, 0, 9, 3, 0, 9, 9, 4, 4, 6, 7, 0, 6, 0, 6, 1, 2, 4, 6, 3, 4, 4, 8, 6, 6, 6, 7, 0, 5, 3, 7, 9, 0, 5, 6, 7, 6, 7] indices=[16473, 8268, 7590, 45600, 3287, 11859, 10694, 43212, 44595, 300, 24008, 1499, 55175, 14302, 56107, 26319, 53694, 3522, 22808, 45511, 38710, 34478, 10902, 46097, 44604, 9536, 33693, 49111, 23989, 17341, 29925, 16477, 6577, 48535, 4433, 37451, 42501, 14937, 51804, 4793, 19993, 43323, 32872, 40766, 14608, 27795, 55549, 21107, 30460, 18052, 30995, 35726, 59264, 32399, 46469, 16620, 28781, 57219, 11354, 722, 50741, 34477, 57777, 31423]
[Train] batch 890 GPA: 0x000000038da18a00
[TS] batch890/input: write_done_realtime_ns=1787618984708955599
[GT] batch890 labels=[3, 6, 9, 9, 6, 1, 7, 2, 6, 6, 7, 2, 5, 1, 9, 3, 7, 4, 4, 8, 6, 1, 4, 4, 1, 2, 1, 5, 1, 2, 0, 2, 7, 9, 7, 1, 3, 3, 9, 3, 7, 0, 0, 9, 1, 2, 2, 4, 0, 9, 1, 4, 2, 9, 1, 8, 3, 0, 1, 1, 9, 1, 5, 6] indices=[50837, 43177, 23262, 21669, 40383, 25749, 48910, 41985, 54652, 45863, 52594, 46687, 16592, 10058, 44361, 56615, 29423, 39272, 27040, 16365, 7341, 2415, 37505, 58240, 49245, 25683, 3549, 52776, 31870, 39411, 52438, 58728, 38794, 34957, 52524, 22106, 45736, 44456, 35894, 23547, 57512, 8739, 18909, 12925, 38713, 53720, 21012, 26, 31361, 40330, 12371, 33915, 43450, 16673, 7831, 37460, 1935, 17133, 19122, 53147, 57483, 40315, 37750, 9000]
Train Epoch: 1 [56960/60000 (95%)]	Loss: 0.102631
[Train] batch 891 GPA: 0x000000038da01400
[TS] batch891/input: write_done_realtime_ns=1787618984722155965
[GT] batch891 labels=[7, 1, 0, 4, 4, 5, 4, 1, 5, 1, 2, 1, 4, 1, 4, 0, 5, 4, 2, 5, 4, 2, 3, 3, 4, 8, 9, 1, 6, 4, 9, 2, 0, 8, 8, 7, 2, 5, 2, 8, 9, 2, 9, 6, 2, 3, 3, 6, 5, 9, 3, 9, 0, 1, 7, 4, 7, 5, 3, 3, 0, 9, 3, 9] indices=[19740, 10863, 16520, 44922, 39123, 10814, 58531, 20838, 36642, 27284, 54762, 56688, 42973, 45743, 31050, 51845, 15110, 13451, 58857, 28376, 48067, 1264, 49166, 16512, 55025, 8386, 2798, 22952, 44790, 22197, 27066, 5988, 25932, 37459, 41866, 13684, 619, 6772, 14938, 37032, 52139, 19982, 25585, 22383, 13535, 37786, 20738, 6638, 53100, 36319, 44193, 28911, 5187, 17254, 8791, 15179, 5897, 54673, 47913, 3452, 8294, 37357, 1341, 30419]
[Train] batch 892 GPA: 0x000000038da18a00
[TS] batch892/input: write_done_realtime_ns=1787618984735399591
[GT] batch892 labels=[0, 4, 3, 8, 7, 6, 3, 3, 3, 5, 7, 1, 3, 5, 1, 4, 0, 8, 7, 0, 8, 1, 0, 0, 0, 6, 4, 2, 1, 0, 7, 6, 5, 9, 6, 8, 9, 3, 5, 3, 1, 0, 6, 6, 0, 3, 9, 6, 2, 9, 7, 2, 4, 2, 8, 4, 8, 7, 3, 4, 0, 2, 3, 5] indices=[4870, 58627, 20181, 26672, 33717, 39105, 16329, 24748, 9078, 52131, 4840, 20064, 48311, 17572, 37513, 51125, 9441, 8397, 56518, 32427, 44171, 5262, 2538, 8250, 13582, 22872, 31322, 21784, 47063, 14564, 43337, 6266, 24235, 21639, 6029, 47144, 12903, 34906, 55909, 45712, 32472, 56103, 16684, 20781, 38722, 42178, 47836, 1041, 54095, 39134, 29508, 24433, 35183, 47984, 27646, 32188, 12534, 6881, 32379, 49688, 46289, 40129, 16530, 13517]
[Train] batch 893 GPA: 0x000000038da01400
[TS] batch893/input: write_done_realtime_ns=1787618984748590926
[GT] batch893 labels=[2, 7, 4, 9, 1, 1, 9, 8, 4, 3, 0, 3, 3, 9, 4, 7, 1, 0, 8, 7, 1, 8, 2, 8, 1, 2, 1, 6, 0, 8, 4, 7, 2, 7, 5, 3, 9, 3, 6, 9, 3, 9, 4, 4, 8, 6, 1, 1, 6, 7, 6, 5, 6, 3, 9, 2, 8, 3, 2, 6, 8, 0, 7, 1] indices=[43376, 29786, 32056, 28674, 7330, 27578, 37541, 36387, 15871, 12826, 37099, 57171, 47519, 54763, 11227, 30973, 35657, 14675, 53248, 22007, 14753, 28526, 14809, 48842, 37955, 30811, 4623, 37256, 28875, 58498, 59690, 50115, 46833, 31331, 44006, 59707, 7545, 8821, 25684, 15858, 13937, 1066, 40363, 19123, 10021, 23251, 57220, 41205, 51507, 14277, 40093, 22622, 4365, 30962, 13096, 46400, 38418, 52636, 54831, 20796, 36320, 13033, 15531, 33799]
[Train] batch 894 GPA: 0x000000038da18a00
[TS] batch894/input: write_done_realtime_ns=1787618984761725702
[GT] batch894 labels=[2, 7, 9, 8, 7, 0, 8, 2, 4, 9, 7, 0, 9, 6, 3, 0, 6, 2, 2, 9, 2, 3, 6, 9, 8, 7, 2, 4, 8, 0, 1, 3, 9, 5, 8, 3, 6, 1, 8, 5, 9, 9, 7, 9, 7, 6, 6, 1, 9, 9, 2, 2, 7, 7, 3, 0, 9, 2, 1, 3, 5, 3, 0, 8] indices=[45406, 29661, 2438, 46299, 13255, 25701, 57379, 36846, 29814, 40764, 6932, 13077, 6272, 50193, 6148, 30101, 52351, 6125, 24116, 34044, 46317, 6309, 50132, 23998, 796, 37100, 25939, 46257, 44527, 44023, 21424, 34023, 44340, 48230, 31060, 26433, 37549, 33231, 47615, 23567, 53442, 26359, 47351, 29093, 16288, 8636, 90, 12793, 18051, 8416, 38635, 34871, 28219, 32266, 4281, 38100, 42285, 15948, 8919, 56624, 6096, 55960, 1969, 48011]
[Train] batch 895 GPA: 0x000000038da01400
[TS] batch895/input: write_done_realtime_ns=1787618984774916529
[GT] batch895 labels=[4, 3, 1, 6, 8, 3, 7, 2, 5, 5, 1, 3, 5, 6, 3, 7, 0, 9, 3, 2, 6, 6, 6, 9, 7, 6, 3, 7, 2, 0, 0, 1, 7, 6, 0, 2, 3, 7, 1, 0, 9, 2, 5, 7, 8, 8, 9, 4, 8, 1, 2, 2, 6, 5, 5, 1, 9, 8, 0, 0, 3, 7, 0, 2] indices=[14067, 51555, 23885, 53900, 2681, 8729, 3782, 21623, 32217, 54528, 7303, 11481, 16573, 3873, 45396, 57751, 1028, 46706, 25296, 22269, 50893, 8868, 57518, 32821, 43926, 40676, 51851, 2986, 28859, 8812, 58038, 12399, 4280, 59065, 35905, 58572, 52209, 11553, 50652, 13830, 46645, 31608, 52902, 59717, 43072, 14263, 38910, 41066, 27447, 23585, 1861, 318, 5684, 28846, 54902, 57362, 22655, 17407, 17122, 54083, 17328, 46638, 45840, 49792]
[Train] batch 896 GPA: 0x000000038da18a00
[TS] batch896/input: write_done_realtime_ns=1787618984788094464
[GT] batch896 labels=[9, 4, 3, 4, 0, 6, 0, 2, 2, 9, 4, 8, 9, 7, 9, 6, 1, 6, 3, 3, 2, 2, 9, 7, 7, 9, 5, 8, 1, 8, 3, 7, 0, 1, 3, 7, 9, 2, 7, 6, 7, 5, 7, 6, 4, 4, 6, 8, 4, 5, 1, 0, 8, 9, 7, 4, 8, 4, 7, 5, 5, 1, 6, 5] indices=[13049, 50841, 14533, 47921, 21523, 5231, 30220, 43885, 44747, 8702, 20620, 27927, 8721, 3469, 38701, 26114, 19355, 53516, 36103, 52891, 42206, 42538, 23519, 36967, 57071, 8363, 27941, 33201, 7941, 39068, 15080, 46697, 41634, 7671, 53722, 16197, 58088, 58297, 40681, 57554, 3887, 52264, 9243, 12964, 53888, 58722, 56675, 21282, 27129, 3575, 24090, 17539, 55959, 34920, 48275, 51182, 27076, 55944, 30250, 19638, 51626, 42690, 28776, 12604]
[Train] batch 897 GPA: 0x000000038da01400
[TS] batch897/input: write_done_realtime_ns=1787618984801328169
[GT] batch897 labels=[2, 4, 0, 1, 7, 5, 6, 0, 0, 0, 9, 8, 9, 4, 3, 0, 6, 6, 5, 3, 9, 5, 4, 9, 8, 6, 8, 6, 3, 1, 9, 2, 6, 3, 2, 2, 2, 6, 2, 1, 1, 2, 0, 0, 8, 6, 7, 9, 8, 1, 9, 0, 5, 3, 3, 3, 9, 7, 9, 2, 1, 1, 9, 6] indices=[2261, 28164, 18178, 5571, 16169, 26896, 38379, 35423, 31171, 20537, 42222, 2400, 3977, 22242, 53365, 49924, 37159, 21821, 43946, 7147, 59295, 50592, 988, 13209, 41705, 2044, 33386, 33454, 21415, 19544, 49752, 17684, 41423, 42469, 31665, 39392, 20981, 45395, 55749, 40551, 8373, 35510, 59187, 51019, 18629, 41214, 1547, 55571, 24950, 9264, 59776, 53293, 26098, 32192, 20952, 43393, 8999, 27561, 33187, 18084, 12556, 46679, 33246, 18199]
[Train] batch 898 GPA: 0x000000038da18a00
[TS] batch898/input: write_done_realtime_ns=1787618984814513806
[GT] batch898 labels=[1, 6, 3, 6, 5, 9, 9, 6, 3, 0, 1, 4, 0, 2, 4, 6, 4, 3, 1, 1, 1, 8, 1, 7, 1, 0, 8, 8, 9, 8, 3, 2, 1, 3, 5, 3, 7, 5, 4, 8, 8, 0, 9, 8, 9, 3, 6, 0, 2, 1, 7, 9, 1, 8, 5, 2, 1, 5, 9, 1, 9, 1, 1, 2] indices=[34923, 34374, 5875, 3586, 45512, 19024, 34420, 13172, 2669, 50630, 16267, 52165, 8723, 2887, 17934, 48821, 24977, 28693, 35719, 50789, 37563, 45202, 46809, 45720, 15493, 5488, 17096, 25429, 43499, 2001, 1791, 33881, 41607, 34171, 12540, 16243, 17718, 11889, 4172, 43335, 59861, 9003, 44592, 52283, 43057, 21156, 18262, 45288, 47531, 6793, 11591, 54170, 105, 14140, 47021, 23491, 32246, 54988, 11931, 24355, 21378, 38225, 54752, 21014]
[Train] batch 899 GPA: 0x000000038da01400
[TS] batch899/input: write_done_realtime_ns=1787618984827674142
[GT] batch899 labels=[7, 1, 7, 9, 5, 1, 1, 7, 1, 7, 2, 0, 9, 5, 7, 7, 7, 7, 6, 1, 2, 2, 6, 2, 5, 5, 7, 6, 3, 6, 3, 0, 6, 1, 0, 2, 7, 0, 7, 8, 2, 0, 5, 1, 1, 8, 1, 7, 3, 2, 7, 7, 1, 6, 1, 6, 0, 1, 4, 3, 3, 3, 6, 0] indices=[6600, 16292, 21133, 34903, 23007, 17984, 9110, 54792, 3955, 23479, 25265, 4220, 49143, 42108, 24545, 56037, 40791, 46607, 13220, 33558, 8078, 33016, 46967, 8966, 35077, 5742, 15518, 45805, 42117, 2614, 1260, 51627, 24804, 42561, 21953, 14342, 55216, 6400, 9843, 56867, 28214, 17738, 52683, 8903, 33943, 32175, 35829, 30449, 2174, 42095, 21572, 49709, 29447, 54570, 50493, 21781, 8969, 14321, 45564, 7031, 34629, 56585, 18732, 2500]
[Train] batch 900 GPA: 0x000000038da18a00
[TS] batch900/input: write_done_realtime_ns=1787618984840922637
[GT] batch900 labels=[8, 2, 2, 4, 2, 3, 8, 8, 7, 3, 2, 7, 4, 9, 1, 3, 1, 7, 9, 8, 9, 2, 1, 0, 4, 9, 9, 4, 6, 3, 1, 1, 4, 0, 9, 7, 8, 5, 8, 3, 5, 2, 3, 7, 7, 0, 8, 6, 4, 1, 9, 4, 5, 4, 7, 0, 6, 9, 2, 6, 6, 3, 2, 0] indices=[4727, 4514, 49781, 24648, 56427, 26187, 7356, 47176, 44015, 4506, 4451, 47117, 12105, 15670, 25764, 16075, 891, 8345, 16117, 44775, 27533, 13452, 16121, 39788, 39866, 56413, 44438, 8944, 465, 16193, 58501, 29088, 20924, 13521, 4313, 25481, 50097, 56368, 27358, 29641, 59670, 14007, 28032, 49507, 57230, 41051, 17515, 16097, 34357, 22207, 49007, 3504, 41462, 26872, 20105, 30240, 59841, 31115, 10999, 54830, 14248, 31269, 25437, 55400]
Train Epoch: 1 [57600/60000 (96%)]	Loss: 0.091143
[Train] batch 901 GPA: 0x000000038da01400
[TS] batch901/input: write_done_realtime_ns=1787618984854175023
[GT] batch901 labels=[9, 5, 3, 8, 9, 4, 8, 8, 3, 8, 6, 4, 3, 6, 7, 6, 3, 9, 2, 5, 7, 9, 0, 2, 9, 8, 9, 7, 8, 2, 1, 9, 2, 7, 9, 9, 6, 7, 8, 5, 8, 0, 8, 1, 7, 2, 0, 5, 8, 7, 8, 4, 2, 1, 7, 0, 9, 1, 0, 0, 7, 8, 6, 1] indices=[27191, 1111, 10674, 34524, 22447, 52377, 59834, 11751, 5687, 13723, 40394, 51677, 10099, 50657, 16478, 21605, 56934, 5503, 41234, 3266, 17772, 30378, 44629, 44585, 17656, 3482, 28592, 2455, 13171, 44740, 38105, 9002, 39249, 948, 23327, 51667, 55584, 44912, 8686, 59790, 2194, 13730, 57318, 58171, 6902, 36009, 12670, 49343, 48652, 9510, 32884, 48389, 25249, 3321, 23803, 18113, 29731, 35386, 38055, 29578, 7906, 36656, 59117, 48253]
[Train] batch 902 GPA: 0x000000038da18a00
[TS] batch902/input: write_done_realtime_ns=1787618984867322669
[GT] batch902 labels=[9, 4, 1, 8, 2, 5, 0, 4, 4, 6, 2, 5, 5, 9, 2, 8, 6, 7, 2, 7, 6, 2, 2, 4, 0, 6, 3, 4, 9, 8, 4, 8, 4, 4, 4, 2, 0, 6, 3, 9, 3, 3, 9, 7, 5, 8, 8, 6, 2, 9, 8, 7, 5, 4, 5, 1, 9, 2, 8, 7, 6, 3, 2, 9] indices=[58961, 45773, 48860, 18945, 24010, 28356, 16085, 59951, 38654, 17273, 4716, 56782, 34674, 32648, 53837, 38136, 33584, 12649, 41080, 10708, 24754, 58373, 47900, 10310, 35343, 5260, 1883, 41354, 26278, 4848, 8890, 46121, 56539, 41885, 47159, 57953, 23378, 3789, 11999, 3389, 2042, 35170, 1465, 41151, 53046, 2394, 49756, 11189, 37904, 8424, 56315, 40216, 38569, 12396, 19846, 17661, 34147, 32022, 45653, 43307, 27021, 2179, 10312, 9731]
[Train] batch 903 GPA: 0x000000038da01400
[TS] batch903/input: write_done_realtime_ns=1787618984880668893
[GT] batch903 labels=[6, 4, 6, 1, 0, 5, 2, 7, 7, 2, 1, 9, 3, 7, 9, 0, 2, 6, 0, 0, 1, 3, 7, 3, 8, 0, 8, 8, 1, 0, 0, 1, 7, 8, 7, 0, 8, 8, 6, 4, 7, 4, 0, 7, 6, 3, 5, 7, 2, 9, 6, 4, 7, 5, 0, 1, 3, 4, 1, 9, 3, 7, 9, 0] indices=[18672, 54617, 15166, 19400, 49463, 24716, 57588, 37245, 49644, 29734, 46407, 5339, 22567, 6507, 46255, 59319, 39118, 43594, 47466, 43593, 45002, 35744, 40916, 7261, 34150, 7003, 42408, 34319, 15813, 19796, 16323, 55449, 16212, 28962, 24040, 27633, 50634, 44087, 17014, 55258, 36534, 43954, 25773, 56439, 55387, 17778, 45987, 13479, 22901, 15560, 55219, 35584, 50455, 51444, 17585, 8162, 5442, 43709, 50585, 45621, 24205, 44610, 31566, 37642]
[Train] batch 904 GPA: 0x000000038da18a00
[TS] batch904/input: write_done_realtime_ns=1787618984893750980
[GT] batch904 labels=[3, 1, 4, 9, 7, 1, 8, 0, 0, 2, 0, 4, 7, 6, 0, 4, 2, 1, 5, 1, 3, 2, 9, 8, 1, 3, 5, 6, 6, 9, 1, 8, 5, 9, 4, 5, 1, 0, 3, 8, 4, 5, 5, 8, 1, 6, 8, 0, 7, 5, 0, 1, 8, 1, 9, 1, 2, 3, 2, 9, 2, 0, 7, 7] indices=[54304, 39957, 26769, 42628, 49867, 25606, 46034, 24034, 10128, 39899, 59175, 17844, 55480, 25593, 11003, 39536, 51580, 36625, 20342, 6206, 13190, 36875, 17597, 6544, 35669, 1559, 56813, 52029, 9068, 28774, 29416, 14068, 7907, 36464, 20696, 51762, 27250, 30653, 23239, 32837, 897, 15371, 53433, 4853, 57969, 38176, 4537, 7807, 55799, 31590, 4067, 9121, 25232, 10982, 53976, 13369, 20970, 46427, 43996, 11252, 7139, 58897, 2048, 1525]
[Train] batch 905 GPA: 0x000000038da01400
[TS] batch905/input: write_done_realtime_ns=1787618984906868947
[GT] batch905 labels=[0, 2, 0, 7, 5, 6, 6, 3, 9, 7, 0, 4, 4, 7, 4, 7, 3, 6, 1, 6, 7, 2, 6, 8, 0, 0, 2, 9, 5, 0, 7, 4, 6, 4, 1, 3, 2, 9, 0, 5, 9, 3, 6, 4, 1, 1, 8, 9, 0, 9, 6, 8, 9, 2, 0, 6, 3, 0, 7, 9, 4, 6, 6, 4] indices=[1530, 8334, 40820, 38810, 50451, 45581, 4990, 49269, 25472, 6908, 28627, 29549, 13446, 5716, 56147, 370, 4579, 57764, 49437, 56562, 46851, 10084, 56747, 1484, 35671, 22596, 54680, 33461, 20044, 55484, 29277, 58843, 36841, 35324, 24729, 27333, 6172, 26177, 5646, 22541, 23234, 2580, 22128, 57845, 31526, 35749, 25486, 59969, 54728, 34962, 28590, 14625, 13572, 2354, 28628, 32696, 32990, 10750, 42281, 50318, 292, 32549, 4963, 2240]
[Train] batch 906 GPA: 0x000000038da18a00
[TS] batch906/input: write_done_realtime_ns=1787618984920030753
[GT] batch906 labels=[4, 9, 9, 0, 5, 5, 4, 8, 7, 7, 4, 3, 3, 0, 1, 3, 7, 0, 3, 5, 0, 8, 6, 9, 8, 1, 7, 8, 0, 1, 0, 8, 2, 3, 7, 0, 6, 0, 0, 2, 1, 5, 3, 8, 3, 3, 5, 3, 8, 0, 2, 1, 9, 5, 8, 7, 1, 9, 3, 0, 2, 9, 8, 1] indices=[12328, 36973, 23446, 55095, 3031, 34626, 616, 55445, 37673, 53074, 49777, 34333, 20752, 52508, 43872, 9848, 24797, 58861, 12625, 33288, 9101, 1267, 34601, 21616, 44789, 56099, 20498, 47851, 20801, 9085, 46892, 45684, 46543, 52810, 32957, 2298, 54699, 28286, 28427, 50287, 36924, 5866, 29899, 20919, 20470, 31409, 33081, 14361, 25326, 34847, 45136, 49606, 47185, 2330, 45027, 31176, 26726, 27037, 35272, 3529, 7079, 11825, 9996, 15959]
[Train] batch 907 GPA: 0x000000038da01400
[TS] batch907/input: write_done_realtime_ns=1787618984933243818
[GT] batch907 labels=[9, 6, 7, 2, 4, 0, 1, 7, 5, 8, 5, 3, 9, 7, 2, 6, 6, 3, 9, 3, 2, 7, 2, 3, 6, 4, 2, 6, 8, 7, 4, 4, 7, 0, 3, 4, 7, 1, 8, 1, 5, 0, 5, 1, 7, 9, 1, 5, 2, 7, 8, 3, 1, 0, 6, 1, 6, 9, 6, 4, 0, 7, 6, 2] indices=[34104, 40849, 21086, 36187, 19672, 25729, 35831, 15019, 10286, 36233, 55661, 31913, 8971, 30549, 17448, 30526, 26386, 56260, 32249, 13488, 41984, 42592, 21911, 51201, 30150, 50050, 13015, 21214, 26947, 25079, 26858, 11408, 17359, 16595, 33729, 32124, 34970, 15903, 34417, 16759, 28340, 47704, 17494, 26892, 53679, 3621, 43128, 31644, 55203, 23621, 57001, 130, 52745, 34381, 55475, 8092, 17034, 45369, 25077, 27473, 28888, 27463, 56520, 48356]
[Train] batch 908 GPA: 0x000000038da18a00
[TS] batch908/input: write_done_realtime_ns=1787618984946386815
[GT] batch908 labels=[7, 5, 1, 1, 4, 7, 6, 1, 8, 2, 8, 4, 5, 4, 6, 8, 2, 7, 0, 9, 9, 3, 6, 1, 6, 4, 0, 8, 2, 7, 6, 8, 0, 0, 0, 5, 9, 7, 6, 6, 2, 2, 8, 4, 1, 7, 4, 2, 6, 7, 0, 1, 2, 5, 3, 1, 4, 3, 6, 0, 0, 5, 2, 3] indices=[31460, 56812, 13001, 19011, 54521, 46873, 204, 12415, 44270, 51542, 46337, 16279, 57156, 59657, 23907, 5394, 51702, 23430, 31389, 7791, 4568, 6576, 30440, 42768, 45742, 10489, 13609, 24889, 27660, 45776, 31193, 10422, 47371, 5563, 10203, 39901, 1560, 53210, 36014, 1318, 51961, 27672, 29162, 18617, 36288, 46514, 20110, 30054, 36415, 51344, 13544, 24227, 45216, 55453, 36263, 32005, 26207, 54622, 1688, 19209, 28486, 57081, 41936, 52386]
[Train] batch 909 GPA: 0x000000038da01400
[TS] batch909/input: write_done_realtime_ns=1787618984959513781
[GT] batch909 labels=[7, 0, 8, 2, 6, 0, 4, 7, 0, 4, 2, 3, 8, 2, 4, 5, 3, 7, 0, 9, 1, 0, 5, 0, 4, 9, 3, 5, 3, 3, 0, 7, 8, 6, 8, 7, 0, 7, 0, 9, 8, 9, 3, 7, 1, 1, 6, 3, 7, 7, 7, 1, 2, 1, 0, 5, 3, 7, 0, 9, 4, 9, 5, 4] indices=[30643, 3262, 8915, 47557, 18956, 6337, 40116, 1300, 23662, 23269, 16209, 35058, 30732, 49314, 6653, 27009, 38145, 29512, 44750, 49333, 39367, 24537, 58757, 39664, 58047, 53280, 42203, 11238, 51896, 27279, 17335, 58185, 52892, 24363, 56299, 30610, 18703, 16514, 11729, 9191, 15221, 18746, 55941, 21000, 21171, 3604, 50921, 13704, 24455, 20422, 13382, 2920, 11841, 57381, 59095, 32711, 34728, 55082, 44184, 29993, 38370, 43324, 57818, 29291]
[Train] batch 910 GPA: 0x000000038da18a00
[TS] batch910/input: write_done_realtime_ns=1787618984972786156
[GT] batch910 labels=[9, 8, 3, 1, 2, 7, 5, 2, 0, 2, 5, 5, 2, 8, 2, 3, 9, 5, 4, 8, 6, 8, 6, 2, 3, 9, 1, 1, 9, 1, 9, 5, 9, 4, 6, 0, 3, 9, 7, 0, 2, 8, 8, 1, 9, 0, 3, 6, 5, 7, 6, 4, 1, 5, 8, 3, 6, 2, 2, 3, 0, 9, 8, 4] indices=[43138, 40673, 29506, 38806, 37258, 29581, 46576, 46912, 27697, 15715, 43799, 32996, 49192, 58046, 40853, 13442, 45917, 9605, 14683, 14845, 42729, 15248, 49178, 45367, 37464, 20241, 26492, 3103, 45247, 32974, 31744, 23189, 15146, 38270, 5466, 22954, 59996, 826, 45895, 13807, 21959, 25418, 3931, 44935, 47671, 9983, 2149, 45368, 55980, 5596, 26168, 42198, 32204, 38512, 30862, 33186, 25777, 21441, 9317, 28380, 11683, 1305, 15820, 57354]
Train Epoch: 1 [58240/60000 (97%)]	Loss: 0.080107
[Train] batch 911 GPA: 0x000000038da01400
[TS] batch911/input: write_done_realtime_ns=1787618984994694636
[GT] batch911 labels=[2, 4, 0, 7, 6, 8, 4, 4, 5, 1, 7, 6, 5, 3, 2, 8, 1, 2, 5, 5, 6, 3, 0, 8, 0, 1, 9, 1, 6, 2, 0, 4, 4, 0, 5, 4, 0, 5, 9, 8, 9, 1, 1, 6, 1, 1, 6, 1, 3, 6, 0, 7, 3, 9, 3, 7, 7, 1, 2, 1, 0, 8, 6, 3] indices=[26355, 29683, 22063, 52879, 55350, 53782, 18831, 55898, 56229, 16938, 47137, 13087, 51646, 2503, 55542, 4834, 3412, 49369, 24068, 56571, 6732, 33970, 5007, 35619, 27247, 54340, 44854, 27604, 32912, 36311, 16326, 14865, 31601, 9505, 55875, 27765, 40611, 56371, 54119, 30383, 1194, 26772, 56308, 27775, 20865, 29927, 38322, 33741, 16078, 49517, 47736, 13162, 16111, 5538, 1718, 31196, 17776, 32543, 42037, 46276, 9742, 27294, 10053, 16492]
[Train] batch 912 GPA: 0x000000038da18a00
[TS] batch912/input: write_done_realtime_ns=1787618985022990108
[GT] batch912 labels=[7, 1, 3, 9, 4, 0, 7, 6, 6, 7, 2, 1, 3, 2, 2, 6, 2, 0, 1, 4, 6, 5, 8, 6, 7, 4, 0, 6, 7, 0, 4, 7, 3, 3, 2, 4, 2, 4, 4, 1, 8, 8, 0, 1, 2, 1, 1, 1, 7, 0, 9, 9, 3, 9, 0, 3, 0, 9, 0, 5, 0, 0, 6, 0] indices=[53839, 53041, 57391, 800, 44646, 9452, 52587, 11592, 1515, 57344, 23942, 35094, 52794, 7266, 50700, 42123, 50230, 59696, 17806, 56417, 22763, 26283, 45898, 28104, 38117, 25790, 28296, 44602, 48098, 36749, 42933, 38017, 35346, 38495, 448, 56808, 16948, 12322, 39186, 56764, 29095, 2761, 51127, 33190, 32695, 17438, 47545, 54693, 4207, 33874, 36104, 11934, 59980, 48413, 1532, 42971, 18357, 26353, 1495, 37874, 6023, 59659, 35851, 35485]
/home/ubuntu/miniconda3/lib/python3.14/multiprocessing/resource_tracker.py:475: UserWarning: resource_tracker: There appear to be 12 leaked semaphore objects to clean up at shutdown: {'/mp-2l6_vqn9', '/mp-k758blsf', '/mp-7ci8bgfx', '/mp-4ws4i87w', '/mp-iaki6pmf', '/mp-lv4_q2ho', '/mp-q26wgexv', '/mp-3g0osnv7', '/mp-1drk0jep', '/mp-0fkzvl6a', '/mp-nkaf0apr', '/mp-__oduxha'}
  warnings.warn(
