[17:59:31] [mtu] host tap0 already 9000
[17:59:31] [mtu] guest enp0s4 already 9000
[17:59:31] [build] 30 labels  30 phases  ~30 sends (est.)
[17:59:31] [build] Removed existing dict_cache_v4.json
[17:59:31] [build] Cleared dict_pages_v4/ — QEMU dump only (no swap relocate)
[17:59:31] [mtu] host tap0 already 9000
[17:59:31] [mtu] guest enp0s4 already 9000
  [drain] drained 0 pkts
  [recover] ICMP frag probe OK
[17:59:39] 
[build 1/30] token_idx=0 ' of breath'  L=16B  phase=0/1  target_landing=0x0
  payload=[315, 11486]
  [drain] drained 0 pkts
  [drain] drained 0 pkts
  [frag0] off=1590 size=8256 icmp_hdr=0 header_skip=0
  [align-fix] actual_landing=0x6 (%8=6, off=1590, 1 candidates) → byte_shift=2, retrying
  [drain] drained 0 pkts
  [drain] drained 0 pkts
  [aim] actual_landing=0x8 want=0x0 (off=12342, 1 candidates) → byte_shift+=8 now 10, retrying
  [drain] drained 0 pkts
  [drain] drained 0 pkts
  dict_gpa=0x117e7e000  actual_landing=0x0  reg_start=0x0  byte_shift=10  (1 candidates, 1 at target)
  dump → t0_p0.out  (dict_gpa=0x117e7e000)
  registered 256 offsets: ['0x0', '0x10', '0x20', '0x30']...
[18:00:00] 
[build 2/30] token_idx=1 'ness of'  L=16B  phase=0/1  target_landing=0x0
  payload=[2090, 315]
  [drain] drained 0 pkts
  [drain] drained 0 pkts
  [frag0] off=30774 size=1994 icmp_hdr=0 header_skip=10
  dict_gpa=0x11d2d8000  actual_landing=0x0  reg_start=0x0  byte_shift=10  (1 candidates, 1 at target)
  dump → t1_p0.out  (dict_gpa=0x11d2d8000)
  registered 256 offsets: ['0x0', '0x10', '0x20', '0x30']...
[18:00:07] 
[build 3/30] token_idx=2 ' Shortness'  L=16B  phase=0/1  target_landing=0x0
  payload=[10698, 2090]
  [drain] drained 0 pkts
  [drain] drained 0 pkts
  [frag0] off=7734 size=8256 icmp_hdr=0 header_skip=10
  dict_gpa=0x11d2da000  actual_landing=0x0  reg_start=0x0  byte_shift=10  (1 candidates, 1 at target)
  dump → t2_p0.out  (dict_gpa=0x11d2da000)
  registered 256 offsets: ['0x0', '0x10', '0x20', '0x30']...
[18:00:14] 
[build 4/30] token_idx=3 ' Cough'  L=16B  phase=0/1  target_landing=0x0
  payload=[356, 1384]
  [drain] drained 0 pkts
  [drain] drained 0 pkts
  [frag0] off=18486 size=8256 icmp_hdr=0 header_skip=10
  dict_gpa=0x11d2dd000  actual_landing=0x0  reg_start=0x0  byte_shift=10  (1 candidates, 1 at target)
  dump → t3_p0.out  (dict_gpa=0x11d2dd000)
  registered 256 offsets: ['0x0', '0x10', '0x20', '0x30']...
[18:00:21] 
[build 5/30] token_idx=4 ' shortness'  L=16B  phase=0/1  target_landing=0x0
  payload=[2805, 2090]
  [drain] drained 0 pkts
  [drain] drained 0 pkts
  [frag0] off=27702 size=5066 icmp_hdr=0 header_skip=10
  dict_gpa=0x11d2df000  actual_landing=0x0  reg_start=0x0  byte_shift=10  (1 candidates, 1 at target)
  dump → t4_p0.out  (dict_gpa=0x11d2df000)
  registered 256 offsets: ['0x0', '0x10', '0x20', '0x30']...
[18:00:28] 
[build 6/30] token_idx=5 ' breath.'  L=16B  phase=0/1  target_landing=0x0
  payload=[11486, 13]
  [drain] drained 0 pkts
  [drain] drained 0 pkts
  [frag0] off=4662 size=8256 icmp_hdr=0 header_skip=10
  dict_gpa=0x117c1a000  actual_landing=0x0  reg_start=0x0  byte_shift=10  (1 candidates, 1 at target)
  dump → t5_p0.out  (dict_gpa=0x117c1a000)
  registered 256 offsets: ['0x0', '0x10', '0x20', '0x30']...
[18:00:36] 
[build 7/30] token_idx=6 ' chest pain'  L=16B  phase=0/1  target_landing=0x0
  payload=[15138, 6646]
  [drain] drained 0 pkts
  [drain] drained 0 pkts
  [frag0] off=13878 size=8256 icmp_hdr=0 header_skip=10
  dict_gpa=0x117c1c000  actual_landing=0x0  reg_start=0x0  byte_shift=10  (1 candidates, 1 at target)
  dump → t6_p0.out  (dict_gpa=0x117c1c000)
  registered 256 offsets: ['0x0', '0x10', '0x20', '0x30']...
[18:00:43] 
[build 8/30] token_idx=7 ' Chest pain'  L=16B  phase=0/1  target_landing=0x0
  payload=[41771, 6646]
  [drain] drained 0 pkts
  [drain] drained 0 pkts
  [frag0] off=24630 size=8138 icmp_hdr=0 header_skip=10
  dict_gpa=0x117c1f000  actual_landing=0x0  reg_start=0x0  byte_shift=10  (1 candidates, 1 at target)
  dump → t7_p0.out  (dict_gpa=0x117c1f000)
  registered 256 offsets: ['0x0', '0x10', '0x20', '0x30']...
[18:00:50] 
[build 9/30] token_idx=8 ' breath,'  L=16B  phase=0/1  target_landing=0x0
  payload=[11486, 11]
  [drain] drained 0 pkts
  [drain] drained 0 pkts
  [frag0] off=3126 size=8256 icmp_hdr=0 header_skip=10
  dict_gpa=0x117c49000  actual_landing=0x0  reg_start=0x0  byte_shift=10  (1 candidates, 1 at target)
  dump → t8_p0.out  (dict_gpa=0x117c49000)
  registered 256 offsets: ['0x0', '0x10', '0x20', '0x30']...
[18:00:57] 
[build 10/30] token_idx=9 ' Respiratory'  L=16B  phase=0/1  target_landing=0x0
  payload=[76834, 5269]
  [drain] drained 0 pkts
  [drain] drained 0 pkts
  [frag0] off=12342 size=8256 icmp_hdr=0 header_skip=10
  dict_gpa=0x117c4c000  actual_landing=0x0  reg_start=0x0  byte_shift=10  (1 candidates, 1 at target)
  dump → t9_p0.out  (dict_gpa=0x117c4c000)
  registered 256 offsets: ['0x0', '0x10', '0x20', '0x30']...
[18:01:04] 
[build 11/30] token_idx=10 'ough and'  L=16B  phase=0/1  target_landing=0x0
  payload=[1384, 323]
  [drain] drained 0 pkts
  [drain] drained 0 pkts
  [frag0] off=21558 size=8256 icmp_hdr=0 header_skip=10
  dict_gpa=0x117c4e000  actual_landing=0x0  reg_start=0x0  byte_shift=10  (1 candidates, 1 at target)
  dump → t10_p0.out  (dict_gpa=0x117c4e000)
  registered 256 offsets: ['0x0', '0x10', '0x20', '0x30']...
[18:01:11] 
[build 12/30] token_idx=11 ', short'  L=16B  phase=0/1  target_landing=0x0
  payload=[11, 2805]
  [drain] drained 0 pkts
  [drain] drained 0 pkts
  [frag0] off=54 size=8256 icmp_hdr=0 header_skip=10
  dict_gpa=0x121741000  actual_landing=0x0  reg_start=0x0  byte_shift=10  (1 candidates, 1 at target)
  dump → t11_p0.out  (dict_gpa=0x121741000)
  registered 256 offsets: ['0x0', '0x10', '0x20', '0x30']...
[18:01:18] 
[build 13/30] token_idx=12 ' cough.'  L=16B  phase=0/1  target_landing=0x0
  payload=[39600, 13]
  [drain] drained 0 pkts
  [drain] drained 0 pkts
  [frag0] off=9974 size=8256 icmp_hdr=0 header_skip=10
  dict_gpa=0x121743000  actual_landing=0x0  reg_start=0x0  byte_shift=10  (1 candidates, 1 at target)
  dump → t12_p0.out  (dict_gpa=0x121743000)
  registered 256 offsets: ['0x0', '0x10', '0x20', '0x30']...
[18:01:25] 
[build 14/30] token_idx=13 ' pneumonia.'  L=16B  phase=0/1  target_landing=0x0
  payload=[68229, 13]
  [drain] drained 0 pkts
  [drain] drained 0 pkts
  [frag0] off=21878 size=8256 icmp_hdr=0 header_skip=10
  dict_gpa=0x121746000  actual_landing=0x0  reg_start=0x0  byte_shift=10  (1 candidates, 1 at target)
  dump → t13_p0.out  (dict_gpa=0x121746000)
  registered 256 offsets: ['0x0', '0x10', '0x20', '0x30']...
[18:01:32] 
[build 15/30] token_idx=14 ' cough,'  L=16B  phase=0/1  target_landing=0x0
  payload=[39600, 11]
  [drain] drained 0 pkts
  [drain] drained 0 pkts
  [frag0] off=54 size=8256 icmp_hdr=0 header_skip=10
  dict_gpa=0x117e31000  actual_landing=0x0  reg_start=0x0  byte_shift=10  (1 candidates, 1 at target)
  dump → t14_p0.out  (dict_gpa=0x117e31000)
  registered 256 offsets: ['0x0', '0x10', '0x20', '0x30']...
[18:01:40] 
[build 16/30] token_idx=15 ' rib pain'  L=16B  phase=0/1  target_landing=0x0
  payload=[20131, 6646]
  [drain] drained 0 pkts
  [drain] drained 0 pkts
  [frag0] off=11958 size=8256 icmp_hdr=0 header_skip=10
  dict_gpa=0x117e33000  actual_landing=0x0  reg_start=0x0  byte_shift=10  (1 candidates, 1 at target)
  dump → t15_p0.out  (dict_gpa=0x117e33000)
  registered 256 offsets: ['0x0', '0x10', '0x20', '0x30']...
[18:01:47] 
[build 17/30] token_idx=16 ' COPD'  L=16B  phase=0/1  target_landing=0x0
  payload=[67572, 35]
  [drain] drained 0 pkts
  [drain] drained 0 pkts
  [frag0] off=21878 size=8256 icmp_hdr=0 header_skip=10
  dict_gpa=0x117e36000  actual_landing=0x0  reg_start=0x0  byte_shift=10  (1 candidates, 1 at target)
  dump → t16_p0.out  (dict_gpa=0x117e36000)
  registered 256 offsets: ['0x0', '0x10', '0x20', '0x30']...
[18:01:54] 
[build 18/30] token_idx=17 ' Follow-up'  L=16B  phase=0/1  target_landing=0x0
  payload=[11112, 5239]
  [drain] drained 0 pkts
  [pace] extra quiet after 20 sends...
  [pace] waiting 0.5s for guest mdelay hold (pace)
  [drain] drained 0 pkts
  [drain] drained 0 pkts
  [frag0] off=54 size=8256 icmp_hdr=0 header_skip=10
  dict_gpa=0x11d2e9000  actual_landing=0x0  reg_start=0x0  byte_shift=10  (1 candidates, 1 at target)
  dump → t17_p0.out  (dict_gpa=0x11d2e9000)
  registered 256 offsets: ['0x0', '0x10', '0x20', '0x30']...
[18:02:04] 
[build 19/30] token_idx=18 ' Weakness'  L=16B  phase=0/1  target_landing=0x0
  payload=[41164, 2090]
  [drain] drained 0 pkts
  [drain] drained 0 pkts
  [frag0] off=11126 size=8256 icmp_hdr=0 header_skip=10
  dict_gpa=0x11d2eb000  actual_landing=0x0  reg_start=0x0  byte_shift=10  (1 candidates, 1 at target)
  dump → t18_p0.out  (dict_gpa=0x11d2eb000)
  registered 256 offsets: ['0x0', '0x10', '0x20', '0x30']...
[18:02:12] 
[build 20/30] token_idx=19 ' wheez'  L=16B  phase=0/1  target_landing=0x0
  payload=[14894, 10125]
  [drain] drained 0 pkts
  [drain] drained 0 pkts
  [frag0] off=20598 size=8256 icmp_hdr=0 header_skip=10
  dict_gpa=0x11d2ee000  actual_landing=0x0  reg_start=0x0  byte_shift=10  (1 candidates, 1 at target)
  dump → t19_p0.out  (dict_gpa=0x11d2ee000)
  registered 256 offsets: ['0x0', '0x10', '0x20', '0x30']...
[18:02:19] 
[build 21/30] token_idx=20 ' PICC'  L=16B  phase=0/1  target_landing=0x0
  payload=[60606, 34]
  [drain] drained 0 pkts
  [drain] drained 0 pkts
  [frag0] off=30070 size=2698 icmp_hdr=0 header_skip=10
  dict_gpa=0x117c00000  actual_landing=0x0  reg_start=0x0  byte_shift=10  (1 candidates, 1 at target)
  dump → t20_p0.out  (dict_gpa=0x117c00000)
  registered 256 offsets: ['0x0', '0x10', '0x20', '0x30']...
[18:02:26] 
[build 22/30] token_idx=21 ' CABG'  L=16B  phase=0/1  target_landing=0x0
  payload=[80117, 38]
  [drain] drained 0 pkts
  [drain] drained 0 pkts
  [frag0] off=7158 size=8256 icmp_hdr=0 header_skip=10
  dict_gpa=0x117c02000  actual_landing=0x0  reg_start=0x0  byte_shift=10  (1 candidates, 1 at target)
  dump → t21_p0.out  (dict_gpa=0x117c02000)
  registered 256 offsets: ['0x0', '0x10', '0x20', '0x30']...
[18:02:33] 
[build 23/30] token_idx=22 ' COVID-'  L=16B  phase=0/1  target_landing=0x0
  payload=[19966, 12]
  [drain] drained 0 pkts
  [drain] drained 0 pkts
  [frag0] off=18998 size=8256 icmp_hdr=0 header_skip=10
  dict_gpa=0x117c05000  actual_landing=0x0  reg_start=0x0  byte_shift=10  (1 candidates, 1 at target)
  dump → t22_p0.out  (dict_gpa=0x117c05000)
  registered 256 offsets: ['0x0', '0x10', '0x20', '0x30']...
[18:02:40] 
[build 24/30] token_idx=23 ' fever.'  L=16B  phase=0/1  target_landing=0x0
  payload=[33553, 13]
  [drain] drained 0 pkts
  [drain] drained 0 pkts
  [frag0] off=54 size=8256 icmp_hdr=0 header_skip=10
  dict_gpa=0x117c31000  actual_landing=0x0  reg_start=0x0  byte_shift=10  (1 candidates, 1 at target)
  dump → t23_p0.out  (dict_gpa=0x117c31000)
  registered 256 offsets: ['0x0', '0x10', '0x20', '0x30']...
[18:02:47] 
[build 25/30] token_idx=24 ' respiratory failure'  L=16B  phase=0/1  target_landing=0x0
  payload=[41531, 7901]
  [drain] drained 0 pkts
  [drain] drained 0 pkts
  [frag0] off=9526 size=8256 icmp_hdr=0 header_skip=10
  dict_gpa=0x117c33000  actual_landing=0x0  reg_start=0x0  byte_shift=10  (1 candidates, 1 at target)
  dump → t24_p0.out  (dict_gpa=0x117c33000)
  registered 256 offsets: ['0x0', '0x10', '0x20', '0x30']...
[18:02:54] 
[build 26/30] token_idx=25 ' pneumoth'  L=16B  phase=0/1  target_landing=0x0
  payload=[56123, 8767]
  [drain] drained 0 pkts
  [drain] drained 0 pkts
  [frag0] off=18998 size=8256 icmp_hdr=0 header_skip=10
  dict_gpa=0x117c35000  actual_landing=0x0  reg_start=0x0  byte_shift=10  (1 candidates, 1 at target)
  dump → t25_p0.out  (dict_gpa=0x117c35000)
  registered 256 offsets: ['0x0', '0x10', '0x20', '0x30']...
[18:03:01] 
[build 27/30] token_idx=26 ' Fever.'  L=16B  phase=0/1  target_landing=0x0
  payload=[83901, 13]
  [drain] drained 0 pkts
  [drain] drained 0 pkts
  [frag0] off=27446 size=5322 icmp_hdr=0 header_skip=10
  dict_gpa=0x117c37000  actual_landing=0x0  reg_start=0x0  byte_shift=10  (1 candidates, 1 at target)
  dump → t26_p0.out  (dict_gpa=0x117c37000)
  registered 256 offsets: ['0x0', '0x10', '0x20', '0x30']...
[18:03:09] 
[build 28/30] token_idx=27 ' Hypert'  L=16B  phase=0/1  target_landing=0x0
  payload=[38415, 529]
  [drain] drained 0 pkts
  [drain] drained 0 pkts
  [frag0] off=5686 size=8256 icmp_hdr=0 header_skip=10
  dict_gpa=0x1180aa000  actual_landing=0x0  reg_start=0x0  byte_shift=10  (1 candidates, 1 at target)
  dump → t27_p0.out  (dict_gpa=0x1180aa000)
  registered 256 offsets: ['0x0', '0x10', '0x20', '0x30']...
[18:03:16] 
[build 29/30] token_idx=28 ' catheter'  L=16B  phase=0/1  target_landing=0x0
  payload=[30647, 1404]
  [drain] drained 0 pkts
  [drain] drained 0 pkts
  [frag0] off=16950 size=8256 icmp_hdr=0 header_skip=10
  dict_gpa=0x1180ad000  actual_landing=0x0  reg_start=0x0  byte_shift=10  (1 candidates, 1 at target)
  dump → t28_p0.out  (dict_gpa=0x1180ad000)
  registered 256 offsets: ['0x0', '0x10', '0x20', '0x30']...
[18:03:23] 
[build 30/30] token_idx=29 ' Hypox'  L=16B  phase=0/1  target_landing=0x0
  payload=[38415, 5131]
  [drain] drained 0 pkts
  [drain] drained 0 pkts
  [frag0] off=28214 size=4554 icmp_hdr=0 header_skip=10
  dict_gpa=0x1180af000  actual_landing=0x0  reg_start=0x0  byte_shift=10  (1 candidates, 1 at target)
  dump → t29_p0.out  (dict_gpa=0x1180af000)
  registered 256 offsets: ['0x0', '0x10', '0x20', '0x30']...
[18:03:30] [build] Complete. 7680 (offset×token) entries in [path-redacted]
[18:03:30] [build] Draining guest ICMP receive buffer...
  [drain] drained 0 pkts
1.60user 0.65system 4:00.65elapsed 0%CPU (0avgtext+0avgdata 20500maxresident)k
0inputs+33752outputs (0major+107403minor)pagefaults 0swaps
[18:04:58] [mtu] host tap0 already 9000
[18:04:58] [mtu] guest enp0s4 already 9000
[18:04:58] [build] 30 labels  30 phases  ~30 sends (est.)
[18:04:58] [build] Removed existing dict_cache_v4.json
[18:04:58] [build] Cleared dict_pages_v4/ — QEMU dump only (no swap relocate)
[18:04:58] [mtu] host tap0 already 9000
[18:04:58] [mtu] guest enp0s4 already 9000
  [drain] drained 0 pkts
  [recover] ICMP frag probe OK
[18:05:06] 
[build 1/30] token_idx=0 ' of breath'  L=16B  phase=0/1  target_landing=0x0
  payload=[315, 11486]
  [drain] drained 0 pkts
  [drain] drained 0 pkts
  [frag0] off=16950 size=8256 icmp_hdr=0 header_skip=0
  [align-fix] actual_landing=0x6 (%8=6, off=16950, 1 candidates) → byte_shift=2, retrying
  [drain] drained 0 pkts
  [drain] drained 0 pkts
  [aim] actual_landing=0x8 want=0x0 (off=28214, 1 candidates) → byte_shift+=8 now 10, retrying
  [drain] drained 0 pkts
  [drain] drained 0 pkts
  dict_gpa=0x117e52000  actual_landing=0x0  reg_start=0x0  byte_shift=10  (1 candidates, 1 at target)
  dump → t0_p0.out  (dict_gpa=0x117e52000)
  registered 256 offsets: ['0x0', '0x10', '0x20', '0x30']...
[18:05:27] 
[build 2/30] token_idx=1 'ness of'  L=16B  phase=0/1  target_landing=0x0
  payload=[2090, 315]
  [drain] drained 0 pkts
  [drain] drained 0 pkts
  [frag0] off=14134 size=8256 icmp_hdr=0 header_skip=10
  dict_gpa=0x117e54000  actual_landing=0x0  reg_start=0x0  byte_shift=10  (1 candidates, 1 at target)
  dump → t1_p0.out  (dict_gpa=0x117e54000)
  registered 256 offsets: ['0x0', '0x10', '0x20', '0x30']...
[18:05:34] 
[build 3/30] token_idx=2 ' Shortness'  L=16B  phase=0/1  target_landing=0x0
  payload=[10698, 2090]
  [drain] drained 0 pkts
  [drain] drained 0 pkts
  [frag0] off=22582 size=8256 icmp_hdr=0 header_skip=10
  dict_gpa=0x117e56000  actual_landing=0x0  reg_start=0x0  byte_shift=10  (1 candidates, 1 at target)
  dump → t2_p0.out  (dict_gpa=0x117e56000)
  registered 256 offsets: ['0x0', '0x10', '0x20', '0x30']...
[18:05:41] 
[build 4/30] token_idx=3 ' Cough'  L=16B  phase=0/1  target_landing=0x0
  payload=[356, 1384]
  [drain] drained 0 pkts
  [drain] drained 0 pkts
  [frag0] off=2870 size=8256 icmp_hdr=0 header_skip=10
  dict_gpa=0x118099000  actual_landing=0x0  reg_start=0x0  byte_shift=10  (1 candidates, 1 at target)
  dump → t3_p0.out  (dict_gpa=0x118099000)
  registered 256 offsets: ['0x0', '0x10', '0x20', '0x30']...
[18:05:48] 
[build 5/30] token_idx=4 ' shortness'  L=16B  phase=0/1  target_landing=0x0
  payload=[2805, 2090]
  [drain] drained 0 pkts
  [drain] drained 0 pkts
  [frag0] off=12470 size=8256 icmp_hdr=0 header_skip=10
  dict_gpa=0x11809c000  actual_landing=0x0  reg_start=0x0  byte_shift=10  (1 candidates, 1 at target)
  dump → t4_p0.out  (dict_gpa=0x11809c000)
  registered 256 offsets: ['0x0', '0x10', '0x20', '0x30']...
[18:05:56] 
[build 6/30] token_idx=5 ' breath.'  L=16B  phase=0/1  target_landing=0x0
  payload=[11486, 13]
  [drain] drained 0 pkts
  [drain] drained 0 pkts
  [frag0] off=22070 size=8256 icmp_hdr=0 header_skip=10
  dict_gpa=0x11809e000  actual_landing=0x0  reg_start=0x0  byte_shift=10  (1 candidates, 1 at target)
  dump → t5_p0.out  (dict_gpa=0x11809e000)
  registered 256 offsets: ['0x0', '0x10', '0x20', '0x30']...
[18:06:03] 
[build 7/30] token_idx=6 ' chest pain'  L=16B  phase=0/1  target_landing=0x0
  payload=[15138, 6646]
  [drain] drained 0 pkts
  [drain] drained 0 pkts
  [frag0] off=54 size=8256 icmp_hdr=0 header_skip=10
  dict_gpa=0x1180a1000  actual_landing=0x0  reg_start=0x0  byte_shift=10  (1 candidates, 1 at target)
  dump → t6_p0.out  (dict_gpa=0x1180a1000)
  registered 256 offsets: ['0x0', '0x10', '0x20', '0x30']...
[18:06:10] 
[build 8/30] token_idx=7 ' Chest pain'  L=16B  phase=0/1  target_landing=0x0
  payload=[41771, 6646]
  [drain] drained 0 pkts
  [drain] drained 0 pkts
  [frag0] off=12854 size=8256 icmp_hdr=0 header_skip=10
  dict_gpa=0x1180a4000  actual_landing=0x0  reg_start=0x0  byte_shift=10  (1 candidates, 1 at target)
  dump → t7_p0.out  (dict_gpa=0x1180a4000)
  registered 256 offsets: ['0x0', '0x10', '0x20', '0x30']...
[18:06:17] 
[build 9/30] token_idx=8 ' breath,'  L=16B  phase=0/1  target_landing=0x0
  payload=[11486, 11]
  [drain] drained 0 pkts
  [drain] drained 0 pkts
  [frag0] off=25654 size=7114 icmp_hdr=0 header_skip=10
  dict_gpa=0x1180a7000  actual_landing=0x0  reg_start=0x0  byte_shift=10  (1 candidates, 1 at target)
  dump → t8_p0.out  (dict_gpa=0x1180a7000)
  registered 256 offsets: ['0x0', '0x10', '0x20', '0x30']...
[18:06:24] 
[build 10/30] token_idx=9 ' Respiratory'  L=16B  phase=0/1  target_landing=0x0
  payload=[76834, 5269]
  [drain] drained 0 pkts
  [drain] drained 0 pkts
  [frag0] off=3254 size=8256 icmp_hdr=0 header_skip=10
  dict_gpa=0x117c09000  actual_landing=0x0  reg_start=0x0  byte_shift=10  (1 candidates, 1 at target)
  dump → t9_p0.out  (dict_gpa=0x117c09000)
  registered 256 offsets: ['0x0', '0x10', '0x20', '0x30']...
[18:06:31] 
[build 11/30] token_idx=10 'ough and'  L=16B  phase=0/1  target_landing=0x0
  payload=[1384, 323]
  [drain] drained 0 pkts
  [drain] drained 0 pkts
  [frag0] off=12854 size=8256 icmp_hdr=0 header_skip=10
  dict_gpa=0x117c0c000  actual_landing=0x0  reg_start=0x0  byte_shift=10  (1 candidates, 1 at target)
  dump → t10_p0.out  (dict_gpa=0x117c0c000)
  registered 256 offsets: ['0x0', '0x10', '0x20', '0x30']...
[18:06:38] 
[build 12/30] token_idx=11 ', short'  L=16B  phase=0/1  target_landing=0x0
  payload=[11, 2805]
  [drain] drained 0 pkts
  [drain] drained 0 pkts
  [frag0] off=22454 size=8256 icmp_hdr=0 header_skip=10
  dict_gpa=0x117c0e000  actual_landing=0x0  reg_start=0x0  byte_shift=10  (1 candidates, 1 at target)
  dump → t11_p0.out  (dict_gpa=0x117c0e000)
  registered 256 offsets: ['0x0', '0x10', '0x20', '0x30']...
[18:06:45] 
[build 13/30] token_idx=12 ' cough.'  L=16B  phase=0/1  target_landing=0x0
  payload=[39600, 13]
  [drain] drained 0 pkts
  [drain] drained 0 pkts
  [frag0] off=54 size=8256 icmp_hdr=0 header_skip=10
  dict_gpa=0x117c51000  actual_landing=0x0  reg_start=0x0  byte_shift=10  (1 candidates, 1 at target)
  dump → t12_p0.out  (dict_gpa=0x117c51000)
  registered 256 offsets: ['0x0', '0x10', '0x20', '0x30']...
[18:06:52] 
[build 14/30] token_idx=13 ' pneumonia.'  L=16B  phase=0/1  target_landing=0x0
  payload=[68229, 13]
  [drain] drained 0 pkts
  [drain] drained 0 pkts
  [frag0] off=9654 size=8256 icmp_hdr=0 header_skip=10
  dict_gpa=0x117c53000  actual_landing=0x0  reg_start=0x0  byte_shift=10  (1 candidates, 1 at target)
  dump → t13_p0.out  (dict_gpa=0x117c53000)
  registered 256 offsets: ['0x0', '0x10', '0x20', '0x30']...
[18:06:59] 
[build 15/30] token_idx=14 ' cough,'  L=16B  phase=0/1  target_landing=0x0
  payload=[39600, 11]
  [drain] drained 0 pkts
  [drain] drained 0 pkts
  [frag0] off=22454 size=8256 icmp_hdr=0 header_skip=10
  dict_gpa=0x117c56000  actual_landing=0x0  reg_start=0x0  byte_shift=10  (1 candidates, 1 at target)
  dump → t14_p0.out  (dict_gpa=0x117c56000)
  registered 256 offsets: ['0x0', '0x10', '0x20', '0x30']...
[18:07:07] 
[build 16/30] token_idx=15 ' rib pain'  L=16B  phase=0/1  target_landing=0x0
  payload=[20131, 6646]
  [drain] drained 0 pkts
  [drain] drained 0 pkts
  [frag0] off=3638 size=8256 icmp_hdr=0 header_skip=10
  dict_gpa=0x117c39000  actual_landing=0x0  reg_start=0x0  byte_shift=10  (1 candidates, 1 at target)
  dump → t15_p0.out  (dict_gpa=0x117c39000)
  registered 256 offsets: ['0x0', '0x10', '0x20', '0x30']...
[18:07:14] 
[build 17/30] token_idx=16 ' COPD'  L=16B  phase=0/1  target_landing=0x0
  payload=[67572, 35]
  [drain] drained 0 pkts
  [drain] drained 0 pkts
  [frag0] off=14390 size=8256 icmp_hdr=0 header_skip=10
  dict_gpa=0x117c3c000  actual_landing=0x0  reg_start=0x0  byte_shift=10  (1 candidates, 1 at target)
  dump → t16_p0.out  (dict_gpa=0x117c3c000)
  registered 256 offsets: ['0x0', '0x10', '0x20', '0x30']...
[18:07:21] 
[build 18/30] token_idx=17 ' Follow-up'  L=16B  phase=0/1  target_landing=0x0
  payload=[11112, 5239]
  [drain] drained 0 pkts
  [pace] extra quiet after 20 sends...
  [pace] waiting 0.5s for guest mdelay hold (pace)
  [drain] drained 0 pkts
  [drain] drained 0 pkts
  [frag0] off=25142 size=7626 icmp_hdr=0 header_skip=10
  dict_gpa=0x117c3f000  actual_landing=0x0  reg_start=0x0  byte_shift=10  (1 candidates, 1 at target)
  dump → t17_p0.out  (dict_gpa=0x117c3f000)
  registered 256 offsets: ['0x0', '0x10', '0x20', '0x30']...
[18:07:31] 
[build 19/30] token_idx=18 ' Weakness'  L=16B  phase=0/1  target_landing=0x0
  payload=[41164, 2090]
  [drain] drained 0 pkts
  [drain] drained 0 pkts
  [frag0] off=3638 size=8256 icmp_hdr=0 header_skip=10
  dict_gpa=0x117c59000  actual_landing=0x0  reg_start=0x0  byte_shift=10  (1 candidates, 1 at target)
  dump → t18_p0.out  (dict_gpa=0x117c59000)
  registered 256 offsets: ['0x0', '0x10', '0x20', '0x30']...
[18:07:38] 
[build 20/30] token_idx=19 ' wheez'  L=16B  phase=0/1  target_landing=0x0
  payload=[14894, 10125]
  [drain] drained 0 pkts
  [drain] drained 0 pkts
  [frag0] off=14390 size=8256 icmp_hdr=0 header_skip=10
  dict_gpa=0x117c5c000  actual_landing=0x0  reg_start=0x0  byte_shift=10  (1 candidates, 1 at target)
  dump → t19_p0.out  (dict_gpa=0x117c5c000)
  registered 256 offsets: ['0x0', '0x10', '0x20', '0x30']...
[18:07:46] 
[build 21/30] token_idx=20 ' PICC'  L=16B  phase=0/1  target_landing=0x0
  payload=[60606, 34]
  [drain] drained 0 pkts
  [drain] drained 0 pkts
  [frag0] off=28726 size=4042 icmp_hdr=0 header_skip=10
  dict_gpa=0x117c60000  actual_landing=0x0  reg_start=0x0  byte_shift=10  (1 candidates, 1 at target)
  dump → t20_p0.out  (dict_gpa=0x117c60000)
  registered 256 offsets: ['0x0', '0x10', '0x20', '0x30']...
[18:07:53] 
[build 22/30] token_idx=21 ' CABG'  L=16B  phase=0/1  target_landing=0x0
  payload=[80117, 38]
  [drain] drained 0 pkts
  [drain] drained 0 pkts
  [frag0] off=7222 size=8256 icmp_hdr=0 header_skip=10
  dict_gpa=0x117c62000  actual_landing=0x0  reg_start=0x0  byte_shift=10  (1 candidates, 1 at target)
  dump → t21_p0.out  (dict_gpa=0x117c62000)
  registered 256 offsets: ['0x0', '0x10', '0x20', '0x30']...
[18:08:00] 
[build 23/30] token_idx=22 ' COVID-'  L=16B  phase=0/1  target_landing=0x0
  payload=[19966, 12]
  [drain] drained 0 pkts
  [drain] drained 0 pkts
  [frag0] off=21558 size=8256 icmp_hdr=0 header_skip=10
  dict_gpa=0x117c66000  actual_landing=0x0  reg_start=0x0  byte_shift=10  (1 candidates, 1 at target)
  dump → t22_p0.out  (dict_gpa=0x117c66000)
  registered 256 offsets: ['0x0', '0x10', '0x20', '0x30']...
[18:08:07] 
[build 24/30] token_idx=23 ' fever.'  L=16B  phase=0/1  target_landing=0x0
  payload=[33553, 13]
  [drain] drained 0 pkts
  [drain] drained 0 pkts
  [frag0] off=54 size=8256 icmp_hdr=0 header_skip=10
  dict_gpa=0x117c69000  actual_landing=0x0  reg_start=0x0  byte_shift=10  (1 candidates, 1 at target)
  dump → t23_p0.out  (dict_gpa=0x117c69000)
  registered 256 offsets: ['0x0', '0x10', '0x20', '0x30']...
[18:08:14] 
[build 25/30] token_idx=24 ' respiratory failure'  L=16B  phase=0/1  target_landing=0x0
  payload=[41531, 7901]
  [drain] drained 0 pkts
  [drain] drained 0 pkts
  [frag0] off=10806 size=8256 icmp_hdr=0 header_skip=10
  dict_gpa=0x117c6b000  actual_landing=0x0  reg_start=0x0  byte_shift=10  (1 candidates, 1 at target)
  dump → t24_p0.out  (dict_gpa=0x117c6b000)
  registered 256 offsets: ['0x0', '0x10', '0x20', '0x30']...
[18:08:21] 
[build 26/30] token_idx=25 ' pneumoth'  L=16B  phase=0/1  target_landing=0x0
  payload=[56123, 8767]
  [drain] drained 0 pkts
  [drain] drained 0 pkts
  [frag0] off=21558 size=8256 icmp_hdr=0 header_skip=10
  dict_gpa=0x117c6e000  actual_landing=0x0  reg_start=0x0  byte_shift=10  (1 candidates, 1 at target)
  dump → t25_p0.out  (dict_gpa=0x117c6e000)
  registered 256 offsets: ['0x0', '0x10', '0x20', '0x30']...
[18:08:28] 
[build 27/30] token_idx=26 ' Fever.'  L=16B  phase=0/1  target_landing=0x0
  payload=[83901, 13]
  [drain] drained 0 pkts
  [drain] drained 0 pkts
  [frag0] off=54 size=8256 icmp_hdr=0 header_skip=10
  dict_gpa=0x117c71000  actual_landing=0x0  reg_start=0x0  byte_shift=10  (1 candidates, 1 at target)
  dump → t26_p0.out  (dict_gpa=0x117c71000)
  registered 256 offsets: ['0x0', '0x10', '0x20', '0x30']...
[18:08:36] 
[build 28/30] token_idx=27 ' Hypert'  L=16B  phase=0/1  target_landing=0x0
  payload=[38415, 529]
  [drain] drained 0 pkts
  [drain] drained 0 pkts
  [frag0] off=15350 size=8256 icmp_hdr=0 header_skip=10
  dict_gpa=0x117c74000  actual_landing=0x0  reg_start=0x0  byte_shift=10  (1 candidates, 1 at target)
  dump → t27_p0.out  (dict_gpa=0x117c74000)
  registered 256 offsets: ['0x0', '0x10', '0x20', '0x30']...
[18:08:43] 
[build 29/30] token_idx=28 ' catheter'  L=16B  phase=0/1  target_landing=0x0
  payload=[30647, 1404]
  [drain] drained 0 pkts
  [drain] drained 0 pkts
  [frag0] off=27062 size=5706 icmp_hdr=0 header_skip=10
  dict_gpa=0x117c77000  actual_landing=0x0  reg_start=0x0  byte_shift=10  (1 candidates, 1 at target)
  dump → t28_p0.out  (dict_gpa=0x117c77000)
  registered 256 offsets: ['0x0', '0x10', '0x20', '0x30']...
[18:08:50] 
[build 30/30] token_idx=29 ' Hypox'  L=16B  phase=0/1  target_landing=0x0
  payload=[38415, 5131]
  [drain] drained 0 pkts
  [drain] drained 0 pkts
  [frag0] off=3958 size=8256 icmp_hdr=0 header_skip=10
  dict_gpa=0x1216c1000  actual_landing=0x0  reg_start=0x0  byte_shift=10  (1 candidates, 1 at target)
  dump → t29_p0.out  (dict_gpa=0x1216c1000)
  registered 256 offsets: ['0x0', '0x10', '0x20', '0x30']...
[18:08:57] [build] Complete. 7680 (offset×token) entries in [path-redacted]
[18:08:57] [build] Draining guest ICMP receive buffer...
  [drain] drained 0 pkts
1.57user 0.70system 4:00.58elapsed 0%CPU (0avgtext+0avgdata 20680maxresident)k
0inputs+33752outputs (0major+106931minor)pagefaults 0swaps
[18:10:07] [mtu] host tap0 already 9000
[18:10:07] [mtu] guest enp0s4 already 9000
[18:10:07] [build] 30 labels  30 phases  ~30 sends (est.)
[18:10:07] [build] Removed existing dict_cache_v4.json
[18:10:07] [build] Cleared dict_pages_v4/ — QEMU dump only (no swap relocate)
[18:10:07] [mtu] host tap0 already 9000
[18:10:07] [mtu] guest enp0s4 already 9000
  [drain] drained 0 pkts
  [recover] ICMP frag probe OK
[18:10:14] 
[build 1/30] token_idx=0 ' of breath'  L=16B  phase=0/1  target_landing=0x0
  payload=[315, 11486]
  [drain] drained 0 pkts
  [drain] drained 0 pkts
  [frag0] off=3958 size=8256 icmp_hdr=0 header_skip=0
  [align-fix] actual_landing=0x6 (%8=6, off=3958, 1 candidates) → byte_shift=2, retrying
  [drain] drained 0 pkts
  [drain] drained 0 pkts
  [aim] actual_landing=0x8 want=0x0 (off=19574, 1 candidates) → byte_shift+=8 now 10, retrying
  [drain] drained 0 pkts
  [drain] drained 0 pkts
  dict_gpa=0x117c79000  actual_landing=0x0  reg_start=0x0  byte_shift=10  (1 candidates, 1 at target)
  dump → t0_p0.out  (dict_gpa=0x117c79000)
  registered 256 offsets: ['0x0', '0x10', '0x20', '0x30']...
[18:10:35] 
[build 2/30] token_idx=1 'ness of'  L=16B  phase=0/1  target_landing=0x0
  payload=[2090, 315]
  [drain] drained 0 pkts
  [drain] drained 0 pkts
  [frag0] off=11766 size=8256 icmp_hdr=0 header_skip=10
  dict_gpa=0x117c7b000  actual_landing=0x0  reg_start=0x0  byte_shift=10  (1 candidates, 1 at target)
  dump → t1_p0.out  (dict_gpa=0x117c7b000)
  registered 256 offsets: ['0x0', '0x10', '0x20', '0x30']...
[18:10:43] 
[build 3/30] token_idx=2 ' Shortness'  L=16B  phase=0/1  target_landing=0x0
  payload=[10698, 2090]
  [drain] drained 0 pkts
  [drain] drained 0 pkts
  [frag0] off=23478 size=8256 icmp_hdr=0 header_skip=10
  dict_gpa=0x117c7e000  actual_landing=0x0  reg_start=0x0  byte_shift=10  (1 candidates, 1 at target)
  dump → t2_p0.out  (dict_gpa=0x117c7e000)
  registered 256 offsets: ['0x0', '0x10', '0x20', '0x30']...
[18:10:50] 
[build 4/30] token_idx=3 ' Cough'  L=16B  phase=0/1  target_landing=0x0
  payload=[356, 1384]
  [drain] drained 0 pkts
  [drain] drained 0 pkts
  [frag0] off=54 size=8256 icmp_hdr=0 header_skip=10
  dict_gpa=0x117a81000  actual_landing=0x0  reg_start=0x0  byte_shift=10  (1 candidates, 1 at target)
  dump → t3_p0.out  (dict_gpa=0x117a81000)
  registered 256 offsets: ['0x0', '0x10', '0x20', '0x30']...
[18:10:57] 
[build 5/30] token_idx=4 ' shortness'  L=16B  phase=0/1  target_landing=0x0
  payload=[2805, 2090]
  [drain] drained 0 pkts
  [drain] drained 0 pkts
  [frag0] off=11766 size=8256 icmp_hdr=0 header_skip=10
  dict_gpa=0x117a83000  actual_landing=0x0  reg_start=0x0  byte_shift=10  (1 candidates, 1 at target)
  dump → t4_p0.out  (dict_gpa=0x117a83000)
  registered 256 offsets: ['0x0', '0x10', '0x20', '0x30']...
[18:11:04] 
[build 6/30] token_idx=5 ' breath.'  L=16B  phase=0/1  target_landing=0x0
  payload=[11486, 13]
  [drain] drained 0 pkts
  [drain] drained 0 pkts
  [frag0] off=54 size=8256 icmp_hdr=0 header_skip=10
  dict_gpa=0x11d2f9000  actual_landing=0x0  reg_start=0x0  byte_shift=10  (1 candidates, 1 at target)
  dump → t5_p0.out  (dict_gpa=0x11d2f9000)
  registered 256 offsets: ['0x0', '0x10', '0x20', '0x30']...
[18:11:11] 
[build 7/30] token_idx=6 ' chest pain'  L=16B  phase=0/1  target_landing=0x0
  payload=[15138, 6646]
  [drain] drained 0 pkts
  [drain] drained 0 pkts
  [frag0] off=12342 size=8256 icmp_hdr=0 header_skip=10
  dict_gpa=0x11d2fc000  actual_landing=0x0  reg_start=0x0  byte_shift=10  (1 candidates, 1 at target)
  dump → t6_p0.out  (dict_gpa=0x11d2fc000)
  registered 256 offsets: ['0x0', '0x10', '0x20', '0x30']...
[18:11:18] 
[build 8/30] token_idx=7 ' Chest pain'  L=16B  phase=0/1  target_landing=0x0
  payload=[41771, 6646]
  [drain] drained 0 pkts
  [drain] drained 0 pkts
  [frag0] off=24630 size=8138 icmp_hdr=0 header_skip=10
  dict_gpa=0x11d2ff000  actual_landing=0x0  reg_start=0x0  byte_shift=10  (1 candidates, 1 at target)
  dump → t7_p0.out  (dict_gpa=0x11d2ff000)
  registered 256 offsets: ['0x0', '0x10', '0x20', '0x30']...
[18:11:25] 
[build 9/30] token_idx=8 ' breath,'  L=16B  phase=0/1  target_landing=0x0
  payload=[11486, 11]
  [drain] drained 0 pkts
  [drain] drained 0 pkts
  [frag0] off=4150 size=8256 icmp_hdr=0 header_skip=10
  dict_gpa=0x117a8a000  actual_landing=0x0  reg_start=0x0  byte_shift=10  (1 candidates, 1 at target)
  dump → t8_p0.out  (dict_gpa=0x117a8a000)
  registered 256 offsets: ['0x0', '0x10', '0x20', '0x30']...
[18:11:32] 
[build 10/30] token_idx=9 ' Respiratory'  L=16B  phase=0/1  target_landing=0x0
  payload=[76834, 5269]
  [drain] drained 0 pkts
  [drain] drained 0 pkts
  [frag0] off=16438 size=8256 icmp_hdr=0 header_skip=10
  dict_gpa=0x117a8d000  actual_landing=0x0  reg_start=0x0  byte_shift=10  (1 candidates, 1 at target)
  dump → t9_p0.out  (dict_gpa=0x117a8d000)
  registered 256 offsets: ['0x0', '0x10', '0x20', '0x30']...
[18:11:39] 
[build 11/30] token_idx=10 'ough and'  L=16B  phase=0/1  target_landing=0x0
  payload=[1384, 323]
  [drain] drained 0 pkts
  [drain] drained 0 pkts
  [frag0] off=28726 size=4042 icmp_hdr=0 header_skip=10
  dict_gpa=0x117a90000  actual_landing=0x0  reg_start=0x0  byte_shift=10  (1 candidates, 1 at target)
  dump → t10_p0.out  (dict_gpa=0x117a90000)
  registered 256 offsets: ['0x0', '0x10', '0x20', '0x30']...
[18:11:47] 
[build 12/30] token_idx=11 ', short'  L=16B  phase=0/1  target_landing=0x0
  payload=[11, 2805]
  [drain] drained 0 pkts
  [drain] drained 0 pkts
  [frag0] off=12342 size=8256 icmp_hdr=0 header_skip=10
  dict_gpa=0x117a94000  actual_landing=0x0  reg_start=0x0  byte_shift=10  (1 candidates, 1 at target)
  dump → t11_p0.out  (dict_gpa=0x117a94000)
  registered 256 offsets: ['0x0', '0x10', '0x20', '0x30']...
[18:11:54] 
[build 13/30] token_idx=12 ' cough.'  L=16B  phase=0/1  target_landing=0x0
  payload=[39600, 13]
  [drain] drained 0 pkts
  [drain] drained 0 pkts
  [frag0] off=28726 size=4042 icmp_hdr=0 header_skip=10
  dict_gpa=0x117a98000  actual_landing=0x0  reg_start=0x0  byte_shift=10  (1 candidates, 1 at target)
  dump → t12_p0.out  (dict_gpa=0x117a98000)
  registered 256 offsets: ['0x0', '0x10', '0x20', '0x30']...
[18:12:01] 
[build 14/30] token_idx=13 ' pneumonia.'  L=16B  phase=0/1  target_landing=0x0
  payload=[68229, 13]
  [drain] drained 0 pkts
  [drain] drained 0 pkts
  [frag0] off=8246 size=8256 icmp_hdr=0 header_skip=10
  dict_gpa=0x117a9b000  actual_landing=0x0  reg_start=0x0  byte_shift=10  (1 candidates, 1 at target)
  dump → t13_p0.out  (dict_gpa=0x117a9b000)
  registered 256 offsets: ['0x0', '0x10', '0x20', '0x30']...
[18:12:08] 
[build 15/30] token_idx=14 ' cough,'  L=16B  phase=0/1  target_landing=0x0
  payload=[39600, 11]
  [drain] drained 0 pkts
  [drain] drained 0 pkts
  [frag0] off=20534 size=8256 icmp_hdr=0 header_skip=10
  dict_gpa=0x117a9e000  actual_landing=0x0  reg_start=0x0  byte_shift=10  (1 candidates, 1 at target)
  dump → t14_p0.out  (dict_gpa=0x117a9e000)
  registered 256 offsets: ['0x0', '0x10', '0x20', '0x30']...
[18:12:15] 
[build 16/30] token_idx=15 ' rib pain'  L=16B  phase=0/1  target_landing=0x0
  payload=[20131, 6646]
  [drain] drained 0 pkts
  [drain] drained 0 pkts
  [frag0] off=54 size=8256 icmp_hdr=0 header_skip=10
  dict_gpa=0x117aa1000  actual_landing=0x0  reg_start=0x0  byte_shift=10  (1 candidates, 1 at target)
  dump → t15_p0.out  (dict_gpa=0x117aa1000)
  registered 256 offsets: ['0x0', '0x10', '0x20', '0x30']...
[18:12:22] 
[build 17/30] token_idx=16 ' COPD'  L=16B  phase=0/1  target_landing=0x0
  payload=[67572, 35]
  [drain] drained 0 pkts
  [drain] drained 0 pkts
  [frag0] off=16438 size=8256 icmp_hdr=0 header_skip=10
  dict_gpa=0x117aa5000  actual_landing=0x0  reg_start=0x0  byte_shift=10  (1 candidates, 1 at target)
  dump → t16_p0.out  (dict_gpa=0x117aa5000)
  registered 256 offsets: ['0x0', '0x10', '0x20', '0x30']...
[18:12:29] 
[build 18/30] token_idx=17 ' Follow-up'  L=16B  phase=0/1  target_landing=0x0
  payload=[11112, 5239]
  [drain] drained 0 pkts
  [pace] extra quiet after 20 sends...
  [pace] waiting 0.5s for guest mdelay hold (pace)
  [drain] drained 0 pkts
  [drain] drained 0 pkts
  [frag0] off=28726 size=4042 icmp_hdr=0 header_skip=10
  dict_gpa=0x117e40000  actual_landing=0x0  reg_start=0x0  byte_shift=10  (1 candidates, 1 at target)
  dump → t17_p0.out  (dict_gpa=0x117e40000)
  registered 256 offsets: ['0x0', '0x10', '0x20', '0x30']...
[18:12:40] 
[build 19/30] token_idx=18 ' Weakness'  L=16B  phase=0/1  target_landing=0x0
  payload=[41164, 2090]
  [drain] drained 0 pkts
  [drain] drained 0 pkts
  [frag0] off=12342 size=8256 icmp_hdr=0 header_skip=10
  dict_gpa=0x117e44000  actual_landing=0x0  reg_start=0x0  byte_shift=10  (1 candidates, 1 at target)
  dump → t18_p0.out  (dict_gpa=0x117e44000)
  registered 256 offsets: ['0x0', '0x10', '0x20', '0x30']...
[18:12:47] 
[build 20/30] token_idx=19 ' wheez'  L=16B  phase=0/1  target_landing=0x0
  payload=[14894, 10125]
  [drain] drained 0 pkts
  [drain] drained 0 pkts
  [frag0] off=24630 size=8138 icmp_hdr=0 header_skip=10
  dict_gpa=0x117e47000  actual_landing=0x0  reg_start=0x0  byte_shift=10  (1 candidates, 1 at target)
  dump → t19_p0.out  (dict_gpa=0x117e47000)
  registered 256 offsets: ['0x0', '0x10', '0x20', '0x30']...
[18:12:54] 
[build 21/30] token_idx=20 ' PICC'  L=16B  phase=0/1  target_landing=0x0
  payload=[60606, 34]
  [drain] drained 0 pkts
  [drain] drained 0 pkts
  [frag0] off=4150 size=8256 icmp_hdr=0 header_skip=10
  dict_gpa=0x117e5a000  actual_landing=0x0  reg_start=0x0  byte_shift=10  (1 candidates, 1 at target)
  dump → t20_p0.out  (dict_gpa=0x117e5a000)
  registered 256 offsets: ['0x0', '0x10', '0x20', '0x30']...
[18:13:01] 
[build 22/30] token_idx=21 ' CABG'  L=16B  phase=0/1  target_landing=0x0
  payload=[80117, 38]
  [drain] drained 0 pkts
  [drain] drained 0 pkts
  [frag0] off=20534 size=8256 icmp_hdr=0 header_skip=10
  dict_gpa=0x117e5e000  actual_landing=0x0  reg_start=0x0  byte_shift=10  (1 candidates, 1 at target)
  dump → t21_p0.out  (dict_gpa=0x117e5e000)
  registered 256 offsets: ['0x0', '0x10', '0x20', '0x30']...
[18:13:08] 
[build 23/30] token_idx=22 ' COVID-'  L=16B  phase=0/1  target_landing=0x0
  payload=[19966, 12]
  [drain] drained 0 pkts
  [drain] drained 0 pkts
  [frag0] off=54 size=8256 icmp_hdr=0 header_skip=10
  dict_gpa=0x117e79000  actual_landing=0x0  reg_start=0x0  byte_shift=10  (1 candidates, 1 at target)
  dump → t22_p0.out  (dict_gpa=0x117e79000)
  registered 256 offsets: ['0x0', '0x10', '0x20', '0x30']...
[18:13:15] 
[build 24/30] token_idx=23 ' fever.'  L=16B  phase=0/1  target_landing=0x0
  payload=[33553, 13]
  [drain] drained 0 pkts
  [drain] drained 0 pkts
  [frag0] off=12342 size=8256 icmp_hdr=0 header_skip=10
  dict_gpa=0x117e7c000  actual_landing=0x0  reg_start=0x0  byte_shift=10  (1 candidates, 1 at target)
  dump → t23_p0.out  (dict_gpa=0x117e7c000)
  registered 256 offsets: ['0x0', '0x10', '0x20', '0x30']...
[18:13:23] 
[build 25/30] token_idx=24 ' respiratory failure'  L=16B  phase=0/1  target_landing=0x0
  payload=[41531, 7901]
  [drain] drained 0 pkts
  [drain] drained 0 pkts
  [frag0] off=28726 size=4042 icmp_hdr=0 header_skip=10
  dict_gpa=0x117c48000  actual_landing=0x0  reg_start=0x0  byte_shift=10  (1 candidates, 1 at target)
  dump → t24_p0.out  (dict_gpa=0x117c48000)
  registered 256 offsets: ['0x0', '0x10', '0x20', '0x30']...
[18:13:30] 
[build 26/30] token_idx=25 ' pneumoth'  L=16B  phase=0/1  target_landing=0x0
  payload=[56123, 8767]
  [drain] drained 0 pkts
  [drain] drained 0 pkts
  [frag0] off=8246 size=8256 icmp_hdr=0 header_skip=10
  dict_gpa=0x117c4b000  actual_landing=0x0  reg_start=0x0  byte_shift=10  (1 candidates, 1 at target)
  dump → t25_p0.out  (dict_gpa=0x117c4b000)
  registered 256 offsets: ['0x0', '0x10', '0x20', '0x30']...
[18:13:37] 
[build 27/30] token_idx=26 ' Fever.'  L=16B  phase=0/1  target_landing=0x0
  payload=[83901, 13]
  [drain] drained 0 pkts
  [drain] drained 0 pkts
  [frag0] off=20534 size=8256 icmp_hdr=0 header_skip=10
  dict_gpa=0x117c4e000  actual_landing=0x0  reg_start=0x0  byte_shift=10  (1 candidates, 1 at target)
  dump → t26_p0.out  (dict_gpa=0x117c4e000)
  registered 256 offsets: ['0x0', '0x10', '0x20', '0x30']...
[18:13:44] 
[build 28/30] token_idx=27 ' Hypert'  L=16B  phase=0/1  target_landing=0x0
  payload=[38415, 529]
  [drain] drained 0 pkts
  [drain] drained 0 pkts
  [frag0] off=4150 size=8256 icmp_hdr=0 header_skip=10
  dict_gpa=0x117aaa000  actual_landing=0x0  reg_start=0x0  byte_shift=10  (1 candidates, 1 at target)
  dump → t27_p0.out  (dict_gpa=0x117aaa000)
  registered 256 offsets: ['0x0', '0x10', '0x20', '0x30']...
[18:13:51] 
[build 29/30] token_idx=28 ' catheter'  L=16B  phase=0/1  target_landing=0x0
  payload=[30647, 1404]
  [drain] drained 0 pkts
  [drain] drained 0 pkts
  [frag0] off=16438 size=8256 icmp_hdr=0 header_skip=10
  dict_gpa=0x117aad000  actual_landing=0x0  reg_start=0x0  byte_shift=10  (1 candidates, 1 at target)
  dump → t28_p0.out  (dict_gpa=0x117aad000)
  registered 256 offsets: ['0x0', '0x10', '0x20', '0x30']...
[18:13:58] 
[build 30/30] token_idx=29 ' Hypox'  L=16B  phase=0/1  target_landing=0x0
  payload=[38415, 5131]
  [drain] drained 0 pkts
  [drain] drained 0 pkts
  [frag0] off=28726 size=4042 icmp_hdr=0 header_skip=10
  dict_gpa=0x11d2e8000  actual_landing=0x0  reg_start=0x0  byte_shift=10  (1 candidates, 1 at target)
  dump → t29_p0.out  (dict_gpa=0x11d2e8000)
  registered 256 offsets: ['0x0', '0x10', '0x20', '0x30']...
[18:14:05] [build] Complete. 7680 (offset×token) entries in [path-redacted]
[18:14:05] [build] Draining guest ICMP receive buffer...
  [drain] drained 0 pkts
1.65user 0.67system 4:00.67elapsed 0%CPU (0avgtext+0avgdata 20620maxresident)k
0inputs+33912outputs (0major+106874minor)pagefaults 0swaps
[18:16:36] [mtu] host tap0 already 9000
[18:16:36] [mtu] guest enp0s4 already 9000
[18:16:36] [build] 30 labels  30 phases  ~30 sends (est.)
[18:16:36] [build] Removed existing dict_cache_v4.json
[18:16:36] [build] Cleared dict_pages_v4/ — QEMU dump only (no swap relocate)
[18:16:36] [mtu] host tap0 already 9000
[18:16:36] [mtu] guest enp0s4 already 9000
  [drain] drained 0 pkts
  [recover] ICMP frag probe OK
[18:16:43] 
[build 1/30] token_idx=0 ' of breath'  L=16B  phase=0/1  target_landing=0x0
  payload=[315, 11486]
  [drain] drained 0 pkts
  [drain] drained 0 pkts
  [frag0] off=28726 size=4042 icmp_hdr=0 header_skip=0
  [align-fix] actual_landing=0x6 (%8=6, off=0, 1 candidates) → byte_shift=2, retrying
  [drain] drained 0 pkts
  [drain] drained 0 pkts
  [aim] actual_landing=0x8 want=0x0 (off=12342, 1 candidates) → byte_shift+=8 now 10, retrying
  [drain] drained 0 pkts
  [drain] drained 0 pkts
  dict_gpa=0x11d2d7000  actual_landing=0x0  reg_start=0x0  byte_shift=10  (1 candidates, 1 at target)
  dump → t0_p0.out  (dict_gpa=0x11d2d7000)
  registered 256 offsets: ['0x0', '0x10', '0x20', '0x30']...
[18:17:05] 
[build 2/30] token_idx=1 'ness of'  L=16B  phase=0/1  target_landing=0x0
  payload=[2090, 315]
  [drain] drained 0 pkts
  [drain] drained 0 pkts
  [frag0] off=4150 size=8256 icmp_hdr=0 header_skip=10
  dict_gpa=0x117aba000  actual_landing=0x0  reg_start=0x0  byte_shift=10  (1 candidates, 1 at target)
  dump → t1_p0.out  (dict_gpa=0x117aba000)
  registered 256 offsets: ['0x0', '0x10', '0x20', '0x30']...
[18:17:12] 
[build 3/30] token_idx=2 ' Shortness'  L=16B  phase=0/1  target_landing=0x0
  payload=[10698, 2090]
  [drain] drained 0 pkts
  [drain] drained 0 pkts
  [frag0] off=16438 size=8256 icmp_hdr=0 header_skip=10
  dict_gpa=0x117abd000  actual_landing=0x0  reg_start=0x0  byte_shift=10  (1 candidates, 1 at target)
  dump → t2_p0.out  (dict_gpa=0x117abd000)
  registered 256 offsets: ['0x0', '0x10', '0x20', '0x30']...
[18:17:19] 
[build 4/30] token_idx=3 ' Cough'  L=16B  phase=0/1  target_landing=0x0
  payload=[356, 1384]
  [drain] drained 0 pkts
  [drain] drained 0 pkts
  [frag0] off=28726 size=4042 icmp_hdr=0 header_skip=10
  dict_gpa=0x117ac0000  actual_landing=0x0  reg_start=0x0  byte_shift=10  (1 candidates, 1 at target)
  dump → t3_p0.out  (dict_gpa=0x117ac0000)
  registered 256 offsets: ['0x0', '0x10', '0x20', '0x30']...
[18:17:26] 
[build 5/30] token_idx=4 ' shortness'  L=16B  phase=0/1  target_landing=0x0
  payload=[2805, 2090]
  [drain] drained 0 pkts
  [drain] drained 0 pkts
  [frag0] off=16438 size=8256 icmp_hdr=0 header_skip=10
  dict_gpa=0x117ac5000  actual_landing=0x0  reg_start=0x0  byte_shift=10  (1 candidates, 1 at target)
  dump → t4_p0.out  (dict_gpa=0x117ac5000)
  registered 256 offsets: ['0x0', '0x10', '0x20', '0x30']...
[18:17:33] 
[build 6/30] token_idx=5 ' breath.'  L=16B  phase=0/1  target_landing=0x0
  payload=[11486, 13]
  [drain] drained 0 pkts
  [drain] drained 0 pkts
  [frag0] off=28726 size=4042 icmp_hdr=0 header_skip=10
  dict_gpa=0x117c10000  actual_landing=0x0  reg_start=0x0  byte_shift=10  (1 candidates, 1 at target)
  dump → t5_p0.out  (dict_gpa=0x117c10000)
  registered 256 offsets: ['0x0', '0x10', '0x20', '0x30']...
[18:17:40] 
[build 7/30] token_idx=6 ' chest pain'  L=16B  phase=0/1  target_landing=0x0
  payload=[15138, 6646]
  [drain] drained 0 pkts
  [drain] drained 0 pkts
  [frag0] off=8246 size=8256 icmp_hdr=0 header_skip=10
  dict_gpa=0x117c13000  actual_landing=0x0  reg_start=0x0  byte_shift=10  (1 candidates, 1 at target)
  dump → t6_p0.out  (dict_gpa=0x117c13000)
  registered 256 offsets: ['0x0', '0x10', '0x20', '0x30']...
[18:17:47] 
[build 8/30] token_idx=7 ' Chest pain'  L=16B  phase=0/1  target_landing=0x0
  payload=[41771, 6646]
  [drain] drained 0 pkts
  [drain] drained 0 pkts
  [frag0] off=20534 size=8256 icmp_hdr=0 header_skip=10
  dict_gpa=0x117c16000  actual_landing=0x0  reg_start=0x0  byte_shift=10  (1 candidates, 1 at target)
  dump → t7_p0.out  (dict_gpa=0x117c16000)
  registered 256 offsets: ['0x0', '0x10', '0x20', '0x30']...
[18:17:54] 
[build 9/30] token_idx=8 ' breath,'  L=16B  phase=0/1  target_landing=0x0
  payload=[11486, 11]
  [drain] drained 0 pkts
  [drain] drained 0 pkts
  [frag0] off=4150 size=8256 icmp_hdr=0 header_skip=10
  dict_gpa=0x117c32000  actual_landing=0x0  reg_start=0x0  byte_shift=10  (1 candidates, 1 at target)
  dump → t8_p0.out  (dict_gpa=0x117c32000)
  registered 256 offsets: ['0x0', '0x10', '0x20', '0x30']...
[18:18:01] 
[build 10/30] token_idx=9 ' Respiratory'  L=16B  phase=0/1  target_landing=0x0
  payload=[76834, 5269]
  [drain] drained 0 pkts
  [drain] drained 0 pkts
  [frag0] off=20534 size=8256 icmp_hdr=0 header_skip=10
  dict_gpa=0x117c36000  actual_landing=0x0  reg_start=0x0  byte_shift=10  (1 candidates, 1 at target)
  dump → t9_p0.out  (dict_gpa=0x117c36000)
  registered 256 offsets: ['0x0', '0x10', '0x20', '0x30']...
[18:18:09] 
[build 11/30] token_idx=10 'ough and'  L=16B  phase=0/1  target_landing=0x0
  payload=[1384, 323]
  [drain] drained 0 pkts
  [drain] drained 0 pkts
  [frag0] off=54 size=8256 icmp_hdr=0 header_skip=10
  dict_gpa=0x117ac9000  actual_landing=0x0  reg_start=0x0  byte_shift=10  (1 candidates, 1 at target)
  dump → t10_p0.out  (dict_gpa=0x117ac9000)
  registered 256 offsets: ['0x0', '0x10', '0x20', '0x30']...
[18:18:16] 
[build 12/30] token_idx=11 ', short'  L=16B  phase=0/1  target_landing=0x0
  payload=[11, 2805]
  [drain] drained 0 pkts
  [drain] drained 0 pkts
  [frag0] off=12342 size=8256 icmp_hdr=0 header_skip=10
  dict_gpa=0x117acc000  actual_landing=0x0  reg_start=0x0  byte_shift=10  (1 candidates, 1 at target)
  dump → t11_p0.out  (dict_gpa=0x117acc000)
  registered 256 offsets: ['0x0', '0x10', '0x20', '0x30']...
[18:18:23] 
[build 13/30] token_idx=12 ' cough.'  L=16B  phase=0/1  target_landing=0x0
  payload=[39600, 13]
  [drain] drained 0 pkts
  [drain] drained 0 pkts
  [frag0] off=28726 size=4042 icmp_hdr=0 header_skip=10
  dict_gpa=0x117ad0000  actual_landing=0x0  reg_start=0x0  byte_shift=10  (1 candidates, 1 at target)
  dump → t12_p0.out  (dict_gpa=0x117ad0000)
  registered 256 offsets: ['0x0', '0x10', '0x20', '0x30']...
[18:18:30] 
[build 14/30] token_idx=13 ' pneumonia.'  L=16B  phase=0/1  target_landing=0x0
  payload=[68229, 13]
  [drain] drained 0 pkts
  [drain] drained 0 pkts
  [frag0] off=8246 size=8256 icmp_hdr=0 header_skip=10
  dict_gpa=0x117ad3000  actual_landing=0x0  reg_start=0x0  byte_shift=10  (1 candidates, 1 at target)
  dump → t13_p0.out  (dict_gpa=0x117ad3000)
  registered 256 offsets: ['0x0', '0x10', '0x20', '0x30']...
[18:18:37] 
[build 15/30] token_idx=14 ' cough,'  L=16B  phase=0/1  target_landing=0x0
  payload=[39600, 11]
  [drain] drained 0 pkts
  [drain] drained 0 pkts
  [frag0] off=24630 size=8138 icmp_hdr=0 header_skip=10
  dict_gpa=0x117ad7000  actual_landing=0x0  reg_start=0x0  byte_shift=10  (1 candidates, 1 at target)
  dump → t14_p0.out  (dict_gpa=0x117ad7000)
  registered 256 offsets: ['0x0', '0x10', '0x20', '0x30']...
[18:18:44] 
[build 16/30] token_idx=15 ' rib pain'  L=16B  phase=0/1  target_landing=0x0
  payload=[20131, 6646]
  [drain] drained 0 pkts
  [drain] drained 0 pkts
  [frag0] off=4150 size=8256 icmp_hdr=0 header_skip=10
  dict_gpa=0x117c02000  actual_landing=0x0  reg_start=0x0  byte_shift=10  (1 candidates, 1 at target)
  dump → t15_p0.out  (dict_gpa=0x117c02000)
  registered 256 offsets: ['0x0', '0x10', '0x20', '0x30']...
[18:18:51] 
[build 17/30] token_idx=16 ' COPD'  L=16B  phase=0/1  target_landing=0x0
  payload=[67572, 35]
  [drain] drained 0 pkts
  [drain] drained 0 pkts
  [frag0] off=20534 size=8256 icmp_hdr=0 header_skip=10
  dict_gpa=0x117c06000  actual_landing=0x0  reg_start=0x0  byte_shift=10  (1 candidates, 1 at target)
  dump → t16_p0.out  (dict_gpa=0x117c06000)
  registered 256 offsets: ['0x0', '0x10', '0x20', '0x30']...
[18:18:58] 
[build 18/30] token_idx=17 ' Follow-up'  L=16B  phase=0/1  target_landing=0x0
  payload=[11112, 5239]
  [drain] drained 0 pkts
  [pace] extra quiet after 20 sends...
  [pace] waiting 0.5s for guest mdelay hold (pace)
  [drain] drained 0 pkts
  [drain] drained 0 pkts
  [frag0] off=54 size=8256 icmp_hdr=0 header_skip=10
  dict_gpa=0x116731000  actual_landing=0x0  reg_start=0x0  byte_shift=10  (1 candidates, 1 at target)
  dump → t17_p0.out  (dict_gpa=0x116731000)
  registered 256 offsets: ['0x0', '0x10', '0x20', '0x30']...
[18:19:09] 
[build 19/30] token_idx=18 ' Weakness'  L=16B  phase=0/1  target_landing=0x0
  payload=[41164, 2090]
  [drain] drained 0 pkts
  [drain] drained 0 pkts
  [frag0] off=12342 size=8256 icmp_hdr=0 header_skip=10
  dict_gpa=0x116734000  actual_landing=0x0  reg_start=0x0  byte_shift=10  (1 candidates, 1 at target)
  dump → t18_p0.out  (dict_gpa=0x116734000)
  registered 256 offsets: ['0x0', '0x10', '0x20', '0x30']...
[18:19:16] 
[build 20/30] token_idx=19 ' wheez'  L=16B  phase=0/1  target_landing=0x0
  payload=[14894, 10125]
  [drain] drained 0 pkts
  [drain] drained 0 pkts
  [frag0] off=54 size=8256 icmp_hdr=0 header_skip=10
  dict_gpa=0x121741000  actual_landing=0x0  reg_start=0x0  byte_shift=10  (1 candidates, 1 at target)
  dump → t19_p0.out  (dict_gpa=0x121741000)
  registered 256 offsets: ['0x0', '0x10', '0x20', '0x30']...
[18:19:23] 
[build 21/30] token_idx=20 ' PICC'  L=16B  phase=0/1  target_landing=0x0
  payload=[60606, 34]
  [drain] drained 0 pkts
  [drain] drained 0 pkts
  [frag0] off=12342 size=8256 icmp_hdr=0 header_skip=10
  dict_gpa=0x121744000  actual_landing=0x0  reg_start=0x0  byte_shift=10  (1 candidates, 1 at target)
  dump → t20_p0.out  (dict_gpa=0x121744000)
  registered 256 offsets: ['0x0', '0x10', '0x20', '0x30']...
[18:19:30] 
[build 22/30] token_idx=21 ' CABG'  L=16B  phase=0/1  target_landing=0x0
  payload=[80117, 38]
  [drain] drained 0 pkts
  [drain] drained 0 pkts
  [frag0] off=24630 size=8138 icmp_hdr=0 header_skip=10
  dict_gpa=0x121747000  actual_landing=0x0  reg_start=0x0  byte_shift=10  (1 candidates, 1 at target)
  dump → t21_p0.out  (dict_gpa=0x121747000)
  registered 256 offsets: ['0x0', '0x10', '0x20', '0x30']...
[18:19:38] 
[build 23/30] token_idx=22 ' COVID-'  L=16B  phase=0/1  target_landing=0x0
  payload=[19966, 12]
  [drain] drained 0 pkts
  [drain] drained 0 pkts
  [frag0] off=4150 size=8256 icmp_hdr=0 header_skip=10
  dict_gpa=0x11672a000  actual_landing=0x0  reg_start=0x0  byte_shift=10  (1 candidates, 1 at target)
  dump → t22_p0.out  (dict_gpa=0x11672a000)
  registered 256 offsets: ['0x0', '0x10', '0x20', '0x30']...
[18:19:45] 
[build 24/30] token_idx=23 ' fever.'  L=16B  phase=0/1  target_landing=0x0
  payload=[33553, 13]
  [drain] drained 0 pkts
  [drain] drained 0 pkts
  [frag0] off=20534 size=8256 icmp_hdr=0 header_skip=10
  dict_gpa=0x11672e000  actual_landing=0x0  reg_start=0x0  byte_shift=10  (1 candidates, 1 at target)
  dump → t23_p0.out  (dict_gpa=0x11672e000)
  registered 256 offsets: ['0x0', '0x10', '0x20', '0x30']...
[18:19:52] 
[build 25/30] token_idx=24 ' respiratory failure'  L=16B  phase=0/1  target_landing=0x0
  payload=[41531, 7901]
  [drain] drained 0 pkts
  [drain] drained 0 pkts
  [frag0] off=4150 size=8256 icmp_hdr=0 header_skip=10
  dict_gpa=0x117c5a000  actual_landing=0x0  reg_start=0x0  byte_shift=10  (1 candidates, 1 at target)
  dump → t24_p0.out  (dict_gpa=0x117c5a000)
  registered 256 offsets: ['0x0', '0x10', '0x20', '0x30']...
[18:19:59] 
[build 26/30] token_idx=25 ' pneumoth'  L=16B  phase=0/1  target_landing=0x0
  payload=[56123, 8767]
  [drain] drained 0 pkts
  [drain] drained 0 pkts
  [frag0] off=16438 size=8256 icmp_hdr=0 header_skip=10
  dict_gpa=0x117c5d000  actual_landing=0x0  reg_start=0x0  byte_shift=10  (1 candidates, 1 at target)
  dump → t25_p0.out  (dict_gpa=0x117c5d000)
  registered 256 offsets: ['0x0', '0x10', '0x20', '0x30']...
[18:20:06] 
[build 27/30] token_idx=26 ' Fever.'  L=16B  phase=0/1  target_landing=0x0
  payload=[83901, 13]
  [drain] drained 0 pkts
  [drain] drained 0 pkts
  [frag0] off=28726 size=4042 icmp_hdr=0 header_skip=10
  dict_gpa=0x118098000  actual_landing=0x0  reg_start=0x0  byte_shift=10  (1 candidates, 1 at target)
  dump → t26_p0.out  (dict_gpa=0x118098000)
  registered 256 offsets: ['0x0', '0x10', '0x20', '0x30']...
[18:20:13] 
[build 28/30] token_idx=27 ' Hypert'  L=16B  phase=0/1  target_landing=0x0
  payload=[38415, 529]
  [drain] drained 0 pkts
  [drain] drained 0 pkts
  [frag0] off=12342 size=8256 icmp_hdr=0 header_skip=10
  dict_gpa=0x11809c000  actual_landing=0x0  reg_start=0x0  byte_shift=10  (1 candidates, 1 at target)
  dump → t27_p0.out  (dict_gpa=0x11809c000)
  registered 256 offsets: ['0x0', '0x10', '0x20', '0x30']...
[18:20:20] 
[build 29/30] token_idx=28 ' catheter'  L=16B  phase=0/1  target_landing=0x0
  payload=[30647, 1404]
  [drain] drained 0 pkts
  [drain] drained 0 pkts
  [frag0] off=24630 size=8138 icmp_hdr=0 header_skip=10
  dict_gpa=0x11809f000  actual_landing=0x0  reg_start=0x0  byte_shift=10  (1 candidates, 1 at target)
  dump → t28_p0.out  (dict_gpa=0x11809f000)
  registered 256 offsets: ['0x0', '0x10', '0x20', '0x30']...
[18:20:27] 
[build 30/30] token_idx=29 ' Hypox'  L=16B  phase=0/1  target_landing=0x0
  payload=[38415, 5131]
  [drain] drained 0 pkts
  [drain] drained 0 pkts
  [frag0] off=8246 size=8256 icmp_hdr=0 header_skip=10
  dict_gpa=0x117e53000  actual_landing=0x0  reg_start=0x0  byte_shift=10  (1 candidates, 1 at target)
  dump → t29_p0.out  (dict_gpa=0x117e53000)
  registered 256 offsets: ['0x0', '0x10', '0x20', '0x30']...
[18:20:35] [build] Complete. 7680 (offset×token) entries in [path-redacted]
[18:20:35] [build] Draining guest ICMP receive buffer...
  [drain] drained 0 pkts
1.63user 0.69system 4:00.66elapsed 0%CPU (0avgtext+0avgdata 20628maxresident)k
0inputs+34008outputs (0major+106912minor)pagefaults 0swaps
[18:21:21] [mtu] host tap0 already 9000
[18:21:21] [mtu] guest enp0s4 already 9000
[18:21:21] [build] 30 labels  30 phases  ~30 sends (est.)
[18:21:21] [build] Removed existing dict_cache_v4.json
[18:21:21] [build] Cleared dict_pages_v4/ — QEMU dump only (no swap relocate)
[18:21:21] [mtu] host tap0 already 9000
[18:21:21] [mtu] guest enp0s4 already 9000
  [drain] drained 0 pkts
  [recover] ICMP frag probe OK
[18:21:28] 
[build 1/30] token_idx=0 ' of breath'  L=16B  phase=0/1  target_landing=0x0
  payload=[315, 11486]
  [drain] drained 0 pkts
  [drain] drained 0 pkts
  [frag0] off=4150 size=8256 icmp_hdr=0 header_skip=0
  [align-fix] actual_landing=0x6 (%8=6, off=4150, 1 candidates) → byte_shift=2, retrying
  [drain] drained 0 pkts
  [drain] drained 0 pkts
  [aim] actual_landing=0x8 want=0x0 (off=20534, 1 candidates) → byte_shift+=8 now 10, retrying
  [drain] drained 0 pkts
  [drain] drained 0 pkts
  dict_gpa=0x11d2c9000  actual_landing=0x0  reg_start=0x0  byte_shift=10  (1 candidates, 1 at target)
  dump → t0_p0.out  (dict_gpa=0x11d2c9000)
  registered 256 offsets: ['0x0', '0x10', '0x20', '0x30']...
[18:21:49] 
[build 2/30] token_idx=1 'ness of'  L=16B  phase=0/1  target_landing=0x0
  payload=[2090, 315]
  [drain] drained 0 pkts
  [drain] drained 0 pkts
  [frag0] off=12342 size=8256 icmp_hdr=0 header_skip=10
  dict_gpa=0x11d2cc000  actual_landing=0x0  reg_start=0x0  byte_shift=10  (1 candidates, 1 at target)
  dump → t1_p0.out  (dict_gpa=0x11d2cc000)
  registered 256 offsets: ['0x0', '0x10', '0x20', '0x30']...
[18:21:56] 
[build 3/30] token_idx=2 ' Shortness'  L=16B  phase=0/1  target_landing=0x0
  payload=[10698, 2090]
  [drain] drained 0 pkts
  [drain] drained 0 pkts
  [frag0] off=28726 size=4042 icmp_hdr=0 header_skip=10
  dict_gpa=0x117c50000  actual_landing=0x0  reg_start=0x0  byte_shift=10  (1 candidates, 1 at target)
  dump → t2_p0.out  (dict_gpa=0x117c50000)
  registered 256 offsets: ['0x0', '0x10', '0x20', '0x30']...
[18:22:04] 
[build 4/30] token_idx=3 ' Cough'  L=16B  phase=0/1  target_landing=0x0
  payload=[356, 1384]
  [drain] drained 0 pkts
  [drain] drained 0 pkts
  [frag0] off=8246 size=8256 icmp_hdr=0 header_skip=10
  dict_gpa=0x117c53000  actual_landing=0x0  reg_start=0x0  byte_shift=10  (1 candidates, 1 at target)
  dump → t3_p0.out  (dict_gpa=0x117c53000)
  registered 256 offsets: ['0x0', '0x10', '0x20', '0x30']...
[18:22:11] 
[build 5/30] token_idx=4 ' shortness'  L=16B  phase=0/1  target_landing=0x0
  payload=[2805, 2090]
  [drain] drained 0 pkts
  [drain] drained 0 pkts
  [frag0] off=24630 size=8138 icmp_hdr=0 header_skip=10
  dict_gpa=0x117c57000  actual_landing=0x0  reg_start=0x0  byte_shift=10  (1 candidates, 1 at target)
  dump → t4_p0.out  (dict_gpa=0x117c57000)
  registered 256 offsets: ['0x0', '0x10', '0x20', '0x30']...
[18:22:18] 
[build 6/30] token_idx=5 ' breath.'  L=16B  phase=0/1  target_landing=0x0
  payload=[11486, 13]
  [drain] drained 0 pkts
  [drain] drained 0 pkts
  [frag0] off=4150 size=8256 icmp_hdr=0 header_skip=10
  dict_gpa=0x117c6a000  actual_landing=0x0  reg_start=0x0  byte_shift=10  (1 candidates, 1 at target)
  dump → t5_p0.out  (dict_gpa=0x117c6a000)
  registered 256 offsets: ['0x0', '0x10', '0x20', '0x30']...
[18:22:25] 
[build 7/30] token_idx=6 ' chest pain'  L=16B  phase=0/1  target_landing=0x0
  payload=[15138, 6646]
  [drain] drained 0 pkts
  [drain] drained 0 pkts
  [frag0] off=16438 size=8256 icmp_hdr=0 header_skip=10
  dict_gpa=0x117c6d000  actual_landing=0x0  reg_start=0x0  byte_shift=10  (1 candidates, 1 at target)
  dump → t6_p0.out  (dict_gpa=0x117c6d000)
  registered 256 offsets: ['0x0', '0x10', '0x20', '0x30']...
[18:22:32] 
[build 8/30] token_idx=7 ' Chest pain'  L=16B  phase=0/1  target_landing=0x0
  payload=[41771, 6646]
  [drain] drained 0 pkts
  [drain] drained 0 pkts
  [frag0] off=54 size=8256 icmp_hdr=0 header_skip=10
  dict_gpa=0x117ad9000  actual_landing=0x0  reg_start=0x0  byte_shift=10  (1 candidates, 1 at target)
  dump → t7_p0.out  (dict_gpa=0x117ad9000)
  registered 256 offsets: ['0x0', '0x10', '0x20', '0x30']...
[18:22:39] 
[build 9/30] token_idx=8 ' breath,'  L=16B  phase=0/1  target_landing=0x0
  payload=[11486, 11]
  [drain] drained 0 pkts
  [drain] drained 0 pkts
  [frag0] off=12342 size=8256 icmp_hdr=0 header_skip=10
  dict_gpa=0x117adc000  actual_landing=0x0  reg_start=0x0  byte_shift=10  (1 candidates, 1 at target)
  dump → t8_p0.out  (dict_gpa=0x117adc000)
  registered 256 offsets: ['0x0', '0x10', '0x20', '0x30']...
[18:22:46] 
[build 10/30] token_idx=9 ' Respiratory'  L=16B  phase=0/1  target_landing=0x0
  payload=[76834, 5269]
  [drain] drained 0 pkts
  [drain] drained 0 pkts
  [frag0] off=28726 size=4042 icmp_hdr=0 header_skip=10
  dict_gpa=0x117c60000  actual_landing=0x0  reg_start=0x0  byte_shift=10  (1 candidates, 1 at target)
  dump → t9_p0.out  (dict_gpa=0x117c60000)
  registered 256 offsets: ['0x0', '0x10', '0x20', '0x30']...
[18:22:53] 
[build 11/30] token_idx=10 'ough and'  L=16B  phase=0/1  target_landing=0x0
  payload=[1384, 323]
  [drain] drained 0 pkts
  [drain] drained 0 pkts
  [frag0] off=8246 size=8256 icmp_hdr=0 header_skip=10
  dict_gpa=0x117c63000  actual_landing=0x0  reg_start=0x0  byte_shift=10  (1 candidates, 1 at target)
  dump → t10_p0.out  (dict_gpa=0x117c63000)
  registered 256 offsets: ['0x0', '0x10', '0x20', '0x30']...
[18:23:00] 
[build 12/30] token_idx=11 ', short'  L=16B  phase=0/1  target_landing=0x0
  payload=[11, 2805]
  [drain] drained 0 pkts
  [drain] drained 0 pkts
  [frag0] off=20534 size=8256 icmp_hdr=0 header_skip=10
  dict_gpa=0x117c66000  actual_landing=0x0  reg_start=0x0  byte_shift=10  (1 candidates, 1 at target)
  dump → t11_p0.out  (dict_gpa=0x117c66000)
  registered 256 offsets: ['0x0', '0x10', '0x20', '0x30']...
[18:23:07] 
[build 13/30] token_idx=12 ' cough.'  L=16B  phase=0/1  target_landing=0x0
  payload=[39600, 13]
  [drain] drained 0 pkts
  [drain] drained 0 pkts
  [frag0] off=4150 size=8256 icmp_hdr=0 header_skip=10
  dict_gpa=0x117c3a000  actual_landing=0x0  reg_start=0x0  byte_shift=10  (1 candidates, 1 at target)
  dump → t12_p0.out  (dict_gpa=0x117c3a000)
  registered 256 offsets: ['0x0', '0x10', '0x20', '0x30']...
[18:23:15] 
[build 14/30] token_idx=13 ' pneumonia.'  L=16B  phase=0/1  target_landing=0x0
  payload=[68229, 13]
  [drain] drained 0 pkts
  [drain] drained 0 pkts
  [frag0] off=16438 size=8256 icmp_hdr=0 header_skip=10
  dict_gpa=0x117c3d000  actual_landing=0x0  reg_start=0x0  byte_shift=10  (1 candidates, 1 at target)
  dump → t13_p0.out  (dict_gpa=0x117c3d000)
  registered 256 offsets: ['0x0', '0x10', '0x20', '0x30']...
[18:23:22] 
[build 15/30] token_idx=14 ' cough,'  L=16B  phase=0/1  target_landing=0x0
  payload=[39600, 11]
  [drain] drained 0 pkts
  [drain] drained 0 pkts
  [frag0] off=54 size=8256 icmp_hdr=0 header_skip=10
  dict_gpa=0x117a81000  actual_landing=0x0  reg_start=0x0  byte_shift=10  (1 candidates, 1 at target)
  dump → t14_p0.out  (dict_gpa=0x117a81000)
  registered 256 offsets: ['0x0', '0x10', '0x20', '0x30']...
[18:23:29] 
[build 16/30] token_idx=15 ' rib pain'  L=16B  phase=0/1  target_landing=0x0
  payload=[20131, 6646]
  [drain] drained 0 pkts
  [drain] drained 0 pkts
  [frag0] off=12342 size=8256 icmp_hdr=0 header_skip=10
  dict_gpa=0x117a84000  actual_landing=0x0  reg_start=0x0  byte_shift=10  (1 candidates, 1 at target)
  dump → t15_p0.out  (dict_gpa=0x117a84000)
  registered 256 offsets: ['0x0', '0x10', '0x20', '0x30']...
[18:23:36] 
[build 17/30] token_idx=16 ' COPD'  L=16B  phase=0/1  target_landing=0x0
  payload=[67572, 35]
  [drain] drained 0 pkts
  [drain] drained 0 pkts
  [frag0] off=24630 size=8138 icmp_hdr=0 header_skip=10
  dict_gpa=0x117a87000  actual_landing=0x0  reg_start=0x0  byte_shift=10  (1 candidates, 1 at target)
  dump → t16_p0.out  (dict_gpa=0x117a87000)
  registered 256 offsets: ['0x0', '0x10', '0x20', '0x30']...
[18:23:43] 
[build 18/30] token_idx=17 ' Follow-up'  L=16B  phase=0/1  target_landing=0x0
  payload=[11112, 5239]
  [drain] drained 0 pkts
  [pace] extra quiet after 20 sends...
  [pace] waiting 0.5s for guest mdelay hold (pace)
  [drain] drained 0 pkts
  [drain] drained 0 pkts
  [frag0] off=8246 size=8256 icmp_hdr=0 header_skip=10
  dict_gpa=0x117c73000  actual_landing=0x0  reg_start=0x0  byte_shift=10  (1 candidates, 1 at target)
  dump → t17_p0.out  (dict_gpa=0x117c73000)
  registered 256 offsets: ['0x0', '0x10', '0x20', '0x30']...
[18:23:54] 
[build 19/30] token_idx=18 ' Weakness'  L=16B  phase=0/1  target_landing=0x0
  payload=[41164, 2090]
  [drain] drained 0 pkts
  [drain] drained 0 pkts
  [frag0] off=20534 size=8256 icmp_hdr=0 header_skip=10
  dict_gpa=0x117c76000  actual_landing=0x0  reg_start=0x0  byte_shift=10  (1 candidates, 1 at target)
  dump → t18_p0.out  (dict_gpa=0x117c76000)
  registered 256 offsets: ['0x0', '0x10', '0x20', '0x30']...
[18:24:01] 
[build 20/30] token_idx=19 ' wheez'  L=16B  phase=0/1  target_landing=0x0
  payload=[14894, 10125]
  [drain] drained 0 pkts
  [drain] drained 0 pkts
  [frag0] off=4150 size=8256 icmp_hdr=0 header_skip=10
  dict_gpa=0x117aea000  actual_landing=0x0  reg_start=0x0  byte_shift=10  (1 candidates, 1 at target)
  dump → t19_p0.out  (dict_gpa=0x117aea000)
  registered 256 offsets: ['0x0', '0x10', '0x20', '0x30']...
[18:24:08] 
[build 21/30] token_idx=20 ' PICC'  L=16B  phase=0/1  target_landing=0x0
  payload=[60606, 34]
  [drain] drained 0 pkts
  [drain] drained 0 pkts
  [frag0] off=16438 size=8256 icmp_hdr=0 header_skip=10
  dict_gpa=0x117aed000  actual_landing=0x0  reg_start=0x0  byte_shift=10  (1 candidates, 1 at target)
  dump → t20_p0.out  (dict_gpa=0x117aed000)
  registered 256 offsets: ['0x0', '0x10', '0x20', '0x30']...
[18:24:15] 
[build 22/30] token_idx=21 ' CABG'  L=16B  phase=0/1  target_landing=0x0
  payload=[80117, 38]
  [drain] drained 0 pkts
  [drain] drained 0 pkts
  [frag0] off=28726 size=4042 icmp_hdr=0 header_skip=10
  dict_gpa=0x117a98000  actual_landing=0x0  reg_start=0x0  byte_shift=10  (1 candidates, 1 at target)
  dump → t21_p0.out  (dict_gpa=0x117a98000)
  registered 256 offsets: ['0x0', '0x10', '0x20', '0x30']...
[18:24:22] 
[build 23/30] token_idx=22 ' COVID-'  L=16B  phase=0/1  target_landing=0x0
  payload=[19966, 12]
  [drain] drained 0 pkts
  [drain] drained 0 pkts
  [frag0] off=12342 size=8256 icmp_hdr=0 header_skip=10
  dict_gpa=0x117a9c000  actual_landing=0x0  reg_start=0x0  byte_shift=10  (1 candidates, 1 at target)
  dump → t22_p0.out  (dict_gpa=0x117a9c000)
  registered 256 offsets: ['0x0', '0x10', '0x20', '0x30']...
[18:24:29] 
[build 24/30] token_idx=23 ' fever.'  L=16B  phase=0/1  target_landing=0x0
  payload=[33553, 13]
  [drain] drained 0 pkts
  [drain] drained 0 pkts
  [frag0] off=24630 size=8138 icmp_hdr=0 header_skip=10
  dict_gpa=0x117a9f000  actual_landing=0x0  reg_start=0x0  byte_shift=10  (1 candidates, 1 at target)
  dump → t23_p0.out  (dict_gpa=0x117a9f000)
  registered 256 offsets: ['0x0', '0x10', '0x20', '0x30']...
[18:24:36] 
[build 25/30] token_idx=24 ' respiratory failure'  L=16B  phase=0/1  target_landing=0x0
  payload=[41531, 7901]
  [drain] drained 0 pkts
  [drain] drained 0 pkts
  [frag0] off=8246 size=8256 icmp_hdr=0 header_skip=10
  dict_gpa=0x11d2db000  actual_landing=0x0  reg_start=0x0  byte_shift=10  (1 candidates, 1 at target)
  dump → t24_p0.out  (dict_gpa=0x11d2db000)
  registered 256 offsets: ['0x0', '0x10', '0x20', '0x30']...
[18:24:44] 
[build 26/30] token_idx=25 ' pneumoth'  L=16B  phase=0/1  target_landing=0x0
  payload=[56123, 8767]
  [drain] drained 0 pkts
  [drain] drained 0 pkts
  [frag0] off=20534 size=8256 icmp_hdr=0 header_skip=10
  dict_gpa=0x11d2de000  actual_landing=0x0  reg_start=0x0  byte_shift=10  (1 candidates, 1 at target)
  dump → t25_p0.out  (dict_gpa=0x11d2de000)
  registered 256 offsets: ['0x0', '0x10', '0x20', '0x30']...
[18:24:51] 
[build 27/30] token_idx=26 ' Fever.'  L=16B  phase=0/1  target_landing=0x0
  payload=[83901, 13]
  [drain] drained 0 pkts
  [drain] drained 0 pkts
  [frag0] off=54 size=8256 icmp_hdr=0 header_skip=10
  dict_gpa=0x117aa1000  actual_landing=0x0  reg_start=0x0  byte_shift=10  (1 candidates, 1 at target)
  dump → t26_p0.out  (dict_gpa=0x117aa1000)
  registered 256 offsets: ['0x0', '0x10', '0x20', '0x30']...
[18:24:58] 
[build 28/30] token_idx=27 ' Hypert'  L=16B  phase=0/1  target_landing=0x0
  payload=[38415, 529]
  [drain] drained 0 pkts
  [drain] drained 0 pkts
  [frag0] off=16438 size=8256 icmp_hdr=0 header_skip=10
  dict_gpa=0x117aa5000  actual_landing=0x0  reg_start=0x0  byte_shift=10  (1 candidates, 1 at target)
  dump → t27_p0.out  (dict_gpa=0x117aa5000)
  registered 256 offsets: ['0x0', '0x10', '0x20', '0x30']...
[18:25:05] 
[build 29/30] token_idx=28 ' catheter'  L=16B  phase=0/1  target_landing=0x0
  payload=[30647, 1404]
  [drain] drained 0 pkts
  [drain] drained 0 pkts
  [frag0] off=28726 size=4042 icmp_hdr=0 header_skip=10
  dict_gpa=0x117c78000  actual_landing=0x0  reg_start=0x0  byte_shift=10  (1 candidates, 1 at target)
  dump → t28_p0.out  (dict_gpa=0x117c78000)
  registered 256 offsets: ['0x0', '0x10', '0x20', '0x30']...
[18:25:12] 
[build 30/30] token_idx=29 ' Hypox'  L=16B  phase=0/1  target_landing=0x0
  payload=[38415, 5131]
  [drain] drained 0 pkts
  [drain] drained 0 pkts
  [frag0] off=12342 size=8256 icmp_hdr=0 header_skip=10
  dict_gpa=0x117c7c000  actual_landing=0x0  reg_start=0x0  byte_shift=10  (1 candidates, 1 at target)
  dump → t29_p0.out  (dict_gpa=0x117c7c000)
  registered 256 offsets: ['0x0', '0x10', '0x20', '0x30']...
[18:25:19] [build] Complete. 7680 (offset×token) entries in [path-redacted]
[18:25:19] [build] Draining guest ICMP receive buffer...
  [drain] drained 0 pkts
1.65user 0.70system 4:00.64elapsed 0%CPU (0avgtext+0avgdata 20424maxresident)k
0inputs+33912outputs (0major+107919minor)pagefaults 0swaps
[18:38:27] [mtu] host tap0 already 9000
[18:38:27] [mtu] guest enp0s4 already 9000
[18:38:27] [build] 30 labels  30 phases  ~30 sends (est.)
[18:38:27] [build] Removed existing dict_cache_v4.json
[18:38:27] [build] Cleared dict_pages_v4/ — QEMU dump only (no swap relocate)
[18:38:27] [mtu] host tap0 already 9000
[18:38:27] [mtu] guest enp0s4 already 9000
  [drain] drained 0 pkts
  [recover] ICMP frag probe OK
[18:38:34] 
[build 1/30] token_idx=0 ' of breath'  L=16B  phase=0/1  target_landing=0x0
  payload=[315, 11486]
  [drain] drained 0 pkts
  [drain] drained 0 pkts
  [frag0] off=8246 size=8256 icmp_hdr=0 header_skip=0
  [align-fix] actual_landing=0x6 (%8=6, off=8246, 1 candidates) → byte_shift=2, retrying
  [drain] drained 0 pkts
  [drain] drained 0 pkts
  [aim] actual_landing=0x8 want=0x0 (off=24630, 1 candidates) → byte_shift+=8 now 10, retrying
  [drain] drained 0 pkts
  [drain] drained 0 pkts
  dict_gpa=0x1180aa000  actual_landing=0x0  reg_start=0x0  byte_shift=10  (1 candidates, 1 at target)
  dump → t0_p0.out  (dict_gpa=0x1180aa000)
  registered 256 offsets: ['0x0', '0x10', '0x20', '0x30']...
[18:38:55] 
[build 2/30] token_idx=1 'ness of'  L=16B  phase=0/1  target_landing=0x0
  payload=[2090, 315]
  [drain] drained 0 pkts
  [drain] drained 0 pkts
  [frag0] off=16438 size=8256 icmp_hdr=0 header_skip=10
  dict_gpa=0x1180ad000  actual_landing=0x0  reg_start=0x0  byte_shift=10  (1 candidates, 1 at target)
  dump → t1_p0.out  (dict_gpa=0x1180ad000)
  registered 256 offsets: ['0x0', '0x10', '0x20', '0x30']...
[18:39:02] 
[build 3/30] token_idx=2 ' Shortness'  L=16B  phase=0/1  target_landing=0x0
  payload=[10698, 2090]
  [drain] drained 0 pkts
  [drain] drained 0 pkts
  [frag0] off=28726 size=4042 icmp_hdr=0 header_skip=10
  dict_gpa=0x117c40000  actual_landing=0x0  reg_start=0x0  byte_shift=10  (1 candidates, 1 at target)
  dump → t2_p0.out  (dict_gpa=0x117c40000)
  registered 256 offsets: ['0x0', '0x10', '0x20', '0x30']...
[18:39:10] 
[build 4/30] token_idx=3 ' Cough'  L=16B  phase=0/1  target_landing=0x0
  payload=[356, 1384]
  [drain] drained 0 pkts
  [drain] drained 0 pkts
  [frag0] off=12342 size=8256 icmp_hdr=0 header_skip=10
  dict_gpa=0x117c44000  actual_landing=0x0  reg_start=0x0  byte_shift=10  (1 candidates, 1 at target)
  dump → t3_p0.out  (dict_gpa=0x117c44000)
  registered 256 offsets: ['0x0', '0x10', '0x20', '0x30']...
[18:39:17] 
[build 5/30] token_idx=4 ' shortness'  L=16B  phase=0/1  target_landing=0x0
  payload=[2805, 2090]
  [drain] drained 0 pkts
  [drain] drained 0 pkts
  [frag0] off=24630 size=8138 icmp_hdr=0 header_skip=10
  dict_gpa=0x117c47000  actual_landing=0x0  reg_start=0x0  byte_shift=10  (1 candidates, 1 at target)
  dump → t4_p0.out  (dict_gpa=0x117c47000)
  registered 256 offsets: ['0x0', '0x10', '0x20', '0x30']...
[18:39:24] 
[build 6/30] token_idx=5 ' breath.'  L=16B  phase=0/1  target_landing=0x0
  payload=[11486, 13]
  [drain] drained 0 pkts
  [drain] drained 0 pkts
  [frag0] off=8246 size=8256 icmp_hdr=0 header_skip=10
  dict_gpa=0x117ae3000  actual_landing=0x0  reg_start=0x0  byte_shift=10  (1 candidates, 1 at target)
  dump → t5_p0.out  (dict_gpa=0x117ae3000)
  registered 256 offsets: ['0x0', '0x10', '0x20', '0x30']...
[18:39:31] 
[build 7/30] token_idx=6 ' chest pain'  L=16B  phase=0/1  target_landing=0x0
  payload=[15138, 6646]
  [drain] drained 0 pkts
  [drain] drained 0 pkts
  [frag0] off=20534 size=8256 icmp_hdr=0 header_skip=10
  dict_gpa=0x117ae6000  actual_landing=0x0  reg_start=0x0  byte_shift=10  (1 candidates, 1 at target)
  dump → t6_p0.out  (dict_gpa=0x117ae6000)
  registered 256 offsets: ['0x0', '0x10', '0x20', '0x30']...
[18:39:38] 
[build 8/30] token_idx=7 ' Chest pain'  L=16B  phase=0/1  target_landing=0x0
  payload=[41771, 6646]
  [drain] drained 0 pkts
  [drain] drained 0 pkts
  [frag0] off=54 size=8256 icmp_hdr=0 header_skip=10
  dict_gpa=0x1216c1000  actual_landing=0x0  reg_start=0x0  byte_shift=10  (1 candidates, 1 at target)
  dump → t7_p0.out  (dict_gpa=0x1216c1000)
  registered 256 offsets: ['0x0', '0x10', '0x20', '0x30']...
[18:39:45] 
[build 9/30] token_idx=8 ' breath,'  L=16B  phase=0/1  target_landing=0x0
  payload=[11486, 11]
  [drain] drained 0 pkts
  [drain] drained 0 pkts
  [frag0] off=16438 size=8256 icmp_hdr=0 header_skip=10
  dict_gpa=0x1216c5000  actual_landing=0x0  reg_start=0x0  byte_shift=10  (1 candidates, 1 at target)
  dump → t8_p0.out  (dict_gpa=0x1216c5000)
  registered 256 offsets: ['0x0', '0x10', '0x20', '0x30']...
[18:39:52] 
[build 10/30] token_idx=9 ' Respiratory'  L=16B  phase=0/1  target_landing=0x0
  payload=[76834, 5269]
  [drain] drained 0 pkts
  [drain] drained 0 pkts
  [frag0] off=28726 size=4042 icmp_hdr=0 header_skip=10
  dict_gpa=0x117ab8000  actual_landing=0x0  reg_start=0x0  byte_shift=10  (1 candidates, 1 at target)
  dump → t9_p0.out  (dict_gpa=0x117ab8000)
  registered 256 offsets: ['0x0', '0x10', '0x20', '0x30']...
[18:39:59] 
[build 11/30] token_idx=10 'ough and'  L=16B  phase=0/1  target_landing=0x0
  payload=[1384, 323]
  [drain] drained 0 pkts
  [drain] drained 0 pkts
  [frag0] off=8246 size=8256 icmp_hdr=0 header_skip=10
  dict_gpa=0x117abb000  actual_landing=0x0  reg_start=0x0  byte_shift=10  (1 candidates, 1 at target)
  dump → t10_p0.out  (dict_gpa=0x117abb000)
  registered 256 offsets: ['0x0', '0x10', '0x20', '0x30']...
[18:40:06] 
[build 12/30] token_idx=11 ', short'  L=16B  phase=0/1  target_landing=0x0
  payload=[11, 2805]
  [drain] drained 0 pkts
  [drain] drained 0 pkts
  [frag0] off=24630 size=8138 icmp_hdr=0 header_skip=10
  dict_gpa=0x117abf000  actual_landing=0x0  reg_start=0x0  byte_shift=10  (1 candidates, 1 at target)
  dump → t11_p0.out  (dict_gpa=0x117abf000)
  registered 256 offsets: ['0x0', '0x10', '0x20', '0x30']...
[18:40:14] 
[build 13/30] token_idx=12 ' cough.'  L=16B  phase=0/1  target_landing=0x0
  payload=[39600, 13]
  [drain] drained 0 pkts
  [drain] drained 0 pkts
  [frag0] off=4150 size=8256 icmp_hdr=0 header_skip=10
  dict_gpa=0x117e7a000  actual_landing=0x0  reg_start=0x0  byte_shift=10  (1 candidates, 1 at target)
  dump → t12_p0.out  (dict_gpa=0x117e7a000)
  registered 256 offsets: ['0x0', '0x10', '0x20', '0x30']...
[18:40:21] 
[build 14/30] token_idx=13 ' pneumonia.'  L=16B  phase=0/1  target_landing=0x0
  payload=[68229, 13]
  [drain] drained 0 pkts
  [drain] drained 0 pkts
  [frag0] off=20534 size=8256 icmp_hdr=0 header_skip=10
  dict_gpa=0x117e7e000  actual_landing=0x0  reg_start=0x0  byte_shift=10  (1 candidates, 1 at target)
  dump → t13_p0.out  (dict_gpa=0x117e7e000)
  registered 256 offsets: ['0x0', '0x10', '0x20', '0x30']...
[18:40:28] 
[build 15/30] token_idx=14 ' cough,'  L=16B  phase=0/1  target_landing=0x0
  payload=[39600, 11]
  [drain] drained 0 pkts
  [drain] drained 0 pkts
  [frag0] off=54 size=8256 icmp_hdr=0 header_skip=10
  dict_gpa=0x11d2e9000  actual_landing=0x0  reg_start=0x0  byte_shift=10  (1 candidates, 1 at target)
  dump → t14_p0.out  (dict_gpa=0x11d2e9000)
  registered 256 offsets: ['0x0', '0x10', '0x20', '0x30']...
[18:40:35] 
[build 16/30] token_idx=15 ' rib pain'  L=16B  phase=0/1  target_landing=0x0
  payload=[20131, 6646]
  [drain] drained 0 pkts
  [drain] drained 0 pkts
  [frag0] off=12342 size=8256 icmp_hdr=0 header_skip=10
  dict_gpa=0x11d2ec000  actual_landing=0x0  reg_start=0x0  byte_shift=10  (1 candidates, 1 at target)
  dump → t15_p0.out  (dict_gpa=0x11d2ec000)
  registered 256 offsets: ['0x0', '0x10', '0x20', '0x30']...
[18:40:42] 
[build 17/30] token_idx=16 ' COPD'  L=16B  phase=0/1  target_landing=0x0
  payload=[67572, 35]
  [drain] drained 0 pkts
  [drain] drained 0 pkts
  [frag0] off=24630 size=8138 icmp_hdr=0 header_skip=10
  dict_gpa=0x11d2ef000  actual_landing=0x0  reg_start=0x0  byte_shift=10  (1 candidates, 1 at target)
  dump → t16_p0.out  (dict_gpa=0x11d2ef000)
  registered 256 offsets: ['0x0', '0x10', '0x20', '0x30']...
[18:40:49] 
[build 18/30] token_idx=17 ' Follow-up'  L=16B  phase=0/1  target_landing=0x0
  payload=[11112, 5239]
  [drain] drained 0 pkts
  [pace] extra quiet after 20 sends...
  [pace] waiting 0.5s for guest mdelay hold (pace)
  [drain] drained 0 pkts
  [drain] drained 0 pkts
  [frag0] off=8246 size=8256 icmp_hdr=0 header_skip=10
  dict_gpa=0x117c03000  actual_landing=0x0  reg_start=0x0  byte_shift=10  (1 candidates, 1 at target)
  dump → t17_p0.out  (dict_gpa=0x117c03000)
  registered 256 offsets: ['0x0', '0x10', '0x20', '0x30']...
[18:41:00] 
[build 19/30] token_idx=18 ' Weakness'  L=16B  phase=0/1  target_landing=0x0
  payload=[41164, 2090]
  [drain] drained 0 pkts
  [drain] drained 0 pkts
  [frag0] off=24630 size=8138 icmp_hdr=0 header_skip=10
  dict_gpa=0x117c07000  actual_landing=0x0  reg_start=0x0  byte_shift=10  (1 candidates, 1 at target)
  dump → t18_p0.out  (dict_gpa=0x117c07000)
  registered 256 offsets: ['0x0', '0x10', '0x20', '0x30']...
[18:41:07] 
[build 20/30] token_idx=19 ' wheez'  L=16B  phase=0/1  target_landing=0x0
  payload=[14894, 10125]
  [drain] drained 0 pkts
  [drain] drained 0 pkts
  [frag0] off=4150 size=8256 icmp_hdr=0 header_skip=10
  dict_gpa=0x117c12000  actual_landing=0x0  reg_start=0x0  byte_shift=10  (1 candidates, 1 at target)
  dump → t19_p0.out  (dict_gpa=0x117c12000)
  registered 256 offsets: ['0x0', '0x10', '0x20', '0x30']...
[18:41:14] 
[build 21/30] token_idx=20 ' PICC'  L=16B  phase=0/1  target_landing=0x0
  payload=[60606, 34]
  [drain] drained 0 pkts
  [drain] drained 0 pkts
  [frag0] off=16438 size=8256 icmp_hdr=0 header_skip=10
  dict_gpa=0x117c15000  actual_landing=0x0  reg_start=0x0  byte_shift=10  (1 candidates, 1 at target)
  dump → t20_p0.out  (dict_gpa=0x117c15000)
  registered 256 offsets: ['0x0', '0x10', '0x20', '0x30']...
[18:41:21] 
[build 22/30] token_idx=21 ' CABG'  L=16B  phase=0/1  target_landing=0x0
  payload=[80117, 38]
  [drain] drained 0 pkts
  [drain] drained 0 pkts
  [frag0] off=28726 size=4042 icmp_hdr=0 header_skip=10
  dict_gpa=0x11d2d0000  actual_landing=0x0  reg_start=0x0  byte_shift=10  (1 candidates, 1 at target)
  dump → t21_p0.out  (dict_gpa=0x11d2d0000)
  registered 256 offsets: ['0x0', '0x10', '0x20', '0x30']...
[18:41:28] 
[build 23/30] token_idx=22 ' COVID-'  L=16B  phase=0/1  target_landing=0x0
  payload=[19966, 12]
  [drain] drained 0 pkts
  [drain] drained 0 pkts
  [frag0] off=8246 size=8256 icmp_hdr=0 header_skip=10
  dict_gpa=0x11d2d3000  actual_landing=0x0  reg_start=0x0  byte_shift=10  (1 candidates, 1 at target)
  dump → t22_p0.out  (dict_gpa=0x11d2d3000)
  registered 256 offsets: ['0x0', '0x10', '0x20', '0x30']...
[18:41:35] 
[build 24/30] token_idx=23 ' fever.'  L=16B  phase=0/1  target_landing=0x0
  payload=[33553, 13]
  [drain] drained 0 pkts
  [drain] drained 0 pkts
  [frag0] off=24630 size=8138 icmp_hdr=0 header_skip=10
  dict_gpa=0x11d2d7000  actual_landing=0x0  reg_start=0x0  byte_shift=10  (1 candidates, 1 at target)
  dump → t23_p0.out  (dict_gpa=0x11d2d7000)
  registered 256 offsets: ['0x0', '0x10', '0x20', '0x30']...
[18:41:43] 
[build 25/30] token_idx=24 ' respiratory failure'  L=16B  phase=0/1  target_landing=0x0
  payload=[41531, 7901]
  [drain] drained 0 pkts
  [drain] drained 0 pkts
  [frag0] off=4150 size=8256 icmp_hdr=0 header_skip=10
  dict_gpa=0x1180a2000  actual_landing=0x0  reg_start=0x0  byte_shift=10  (1 candidates, 1 at target)
  dump → t24_p0.out  (dict_gpa=0x1180a2000)
  registered 256 offsets: ['0x0', '0x10', '0x20', '0x30']...
[18:41:50] 
[build 26/30] token_idx=25 ' pneumoth'  L=16B  phase=0/1  target_landing=0x0
  payload=[56123, 8767]
  [drain] drained 0 pkts
  [drain] drained 0 pkts
  [frag0] off=20534 size=8256 icmp_hdr=0 header_skip=10
  dict_gpa=0x1180a6000  actual_landing=0x0  reg_start=0x0  byte_shift=10  (1 candidates, 1 at target)
  dump → t25_p0.out  (dict_gpa=0x1180a6000)
  registered 256 offsets: ['0x0', '0x10', '0x20', '0x30']...
[18:41:57] 
[build 27/30] token_idx=26 ' Fever.'  L=16B  phase=0/1  target_landing=0x0
  payload=[83901, 13]
  [drain] drained 0 pkts
  [drain] drained 0 pkts
  [frag0] off=54 size=8256 icmp_hdr=0 header_skip=10
  dict_gpa=0x117aa9000  actual_landing=0x0  reg_start=0x0  byte_shift=10  (1 candidates, 1 at target)
  dump → t26_p0.out  (dict_gpa=0x117aa9000)
  registered 256 offsets: ['0x0', '0x10', '0x20', '0x30']...
[18:42:04] 
[build 28/30] token_idx=27 ' Hypert'  L=16B  phase=0/1  target_landing=0x0
  payload=[38415, 529]
  [drain] drained 0 pkts
  [drain] drained 0 pkts
  [frag0] off=12342 size=8256 icmp_hdr=0 header_skip=10
  dict_gpa=0x117aac000  actual_landing=0x0  reg_start=0x0  byte_shift=10  (1 candidates, 1 at target)
  dump → t27_p0.out  (dict_gpa=0x117aac000)
  registered 256 offsets: ['0x0', '0x10', '0x20', '0x30']...
[18:42:11] 
[build 29/30] token_idx=28 ' catheter'  L=16B  phase=0/1  target_landing=0x0
  payload=[30647, 1404]
  [drain] drained 0 pkts
  [drain] drained 0 pkts
  [frag0] off=28726 size=4042 icmp_hdr=0 header_skip=10
  dict_gpa=0x117ad0000  actual_landing=0x0  reg_start=0x0  byte_shift=10  (1 candidates, 1 at target)
  dump → t28_p0.out  (dict_gpa=0x117ad0000)
  registered 256 offsets: ['0x0', '0x10', '0x20', '0x30']...
[18:42:18] 
[build 30/30] token_idx=29 ' Hypox'  L=16B  phase=0/1  target_landing=0x0
  payload=[38415, 5131]
  [drain] drained 0 pkts
  [drain] drained 0 pkts
  [frag0] off=8246 size=8256 icmp_hdr=0 header_skip=10
  dict_gpa=0x117ad3000  actual_landing=0x0  reg_start=0x0  byte_shift=10  (1 candidates, 1 at target)
  dump → t29_p0.out  (dict_gpa=0x117ad3000)
  registered 256 offsets: ['0x0', '0x10', '0x20', '0x30']...
[18:42:25] [build] Complete. 7680 (offset×token) entries in [path-redacted]
[18:42:25] [build] Draining guest ICMP receive buffer...
  [drain] drained 0 pkts
1.68user 0.70system 4:00.81elapsed 0%CPU (0avgtext+0avgdata 20640maxresident)k
0inputs+33944outputs (0major+107969minor)pagefaults 0swaps
[18:59:13] [mtu] host tap0 already 9000
[18:59:13] [mtu] guest enp0s4 already 9000
[18:59:13] [build] 30 labels  30 phases  ~30 sends (est.)
[18:59:13] [build] Removed existing dict_cache_v4.json
[18:59:13] [build] Cleared dict_pages_v4/ — QEMU dump only (no swap relocate)
[18:59:13] [mtu] host tap0 already 9000
[18:59:13] [mtu] guest enp0s4 already 9000
  [drain] drained 0 pkts
  [recover] ICMP frag probe OK
[18:59:21] 
[build 1/30] token_idx=0 ' of breath'  L=16B  phase=0/1  target_landing=0x0
  payload=[315, 11486]
  [drain] drained 0 pkts
  [drain] drained 0 pkts
  [frag0] off=4150 size=8256 icmp_hdr=0 header_skip=0
  [align-fix] actual_landing=0x6 (%8=6, off=4150, 1 candidates) → byte_shift=2, retrying
  [drain] drained 0 pkts
  [drain] drained 0 pkts
  [aim] actual_landing=0x8 want=0x0 (off=20534, 1 candidates) → byte_shift+=8 now 10, retrying
  [drain] drained 0 pkts
  [drain] drained 0 pkts
  dict_gpa=0x11d2f9000  actual_landing=0x0  reg_start=0x0  byte_shift=10  (1 candidates, 1 at target)
  dump → t0_p0.out  (dict_gpa=0x11d2f9000)
  registered 256 offsets: ['0x0', '0x10', '0x20', '0x30']...
[18:59:42] 
[build 2/30] token_idx=1 'ness of'  L=16B  phase=0/1  target_landing=0x0
  payload=[2090, 315]
  [drain] drained 0 pkts
  [drain] drained 0 pkts
  [frag0] off=12342 size=8256 icmp_hdr=0 header_skip=10
  dict_gpa=0x11d2fc000  actual_landing=0x0  reg_start=0x0  byte_shift=10  (1 candidates, 1 at target)
  dump → t1_p0.out  (dict_gpa=0x11d2fc000)
  registered 256 offsets: ['0x0', '0x10', '0x20', '0x30']...
[18:59:49] 
[build 3/30] token_idx=2 ' Shortness'  L=16B  phase=0/1  target_landing=0x0
  payload=[10698, 2090]
  [drain] drained 0 pkts
  [drain] drained 0 pkts
  [frag0] off=28726 size=4042 icmp_hdr=0 header_skip=10
  dict_gpa=0x117c08000  actual_landing=0x0  reg_start=0x0  byte_shift=10  (1 candidates, 1 at target)
  dump → t2_p0.out  (dict_gpa=0x117c08000)
  registered 256 offsets: ['0x0', '0x10', '0x20', '0x30']...
[18:59:56] 
[build 4/30] token_idx=3 ' Cough'  L=16B  phase=0/1  target_landing=0x0
  payload=[356, 1384]
  [drain] drained 0 pkts
  [drain] drained 0 pkts
  [frag0] off=8246 size=8256 icmp_hdr=0 header_skip=10
  dict_gpa=0x117c0b000  actual_landing=0x0  reg_start=0x0  byte_shift=10  (1 candidates, 1 at target)
  dump → t3_p0.out  (dict_gpa=0x117c0b000)
  registered 256 offsets: ['0x0', '0x10', '0x20', '0x30']...
[19:00:03] 
[build 5/30] token_idx=4 ' shortness'  L=16B  phase=0/1  target_landing=0x0
  payload=[2805, 2090]
  [drain] drained 0 pkts
  [drain] drained 0 pkts
  [frag0] off=20534 size=8256 icmp_hdr=0 header_skip=10
  dict_gpa=0x117c0e000  actual_landing=0x0  reg_start=0x0  byte_shift=10  (1 candidates, 1 at target)
  dump → t4_p0.out  (dict_gpa=0x117c0e000)
  registered 256 offsets: ['0x0', '0x10', '0x20', '0x30']...
[19:00:10] 
[build 6/30] token_idx=5 ' breath.'  L=16B  phase=0/1  target_landing=0x0
  payload=[11486, 13]
  [drain] drained 0 pkts
  [drain] drained 0 pkts
  [frag0] off=54 size=8256 icmp_hdr=0 header_skip=10
  dict_gpa=0x117e41000  actual_landing=0x0  reg_start=0x0  byte_shift=10  (1 candidates, 1 at target)
  dump → t5_p0.out  (dict_gpa=0x117e41000)
  registered 256 offsets: ['0x0', '0x10', '0x20', '0x30']...
[19:00:17] 
[build 7/30] token_idx=6 ' chest pain'  L=16B  phase=0/1  target_landing=0x0
  payload=[15138, 6646]
  [drain] drained 0 pkts
  [drain] drained 0 pkts
  [frag0] off=16438 size=8256 icmp_hdr=0 header_skip=10
  dict_gpa=0x117e45000  actual_landing=0x0  reg_start=0x0  byte_shift=10  (1 candidates, 1 at target)
  dump → t6_p0.out  (dict_gpa=0x117e45000)
  registered 256 offsets: ['0x0', '0x10', '0x20', '0x30']...
[19:00:24] 
[build 8/30] token_idx=7 ' Chest pain'  L=16B  phase=0/1  target_landing=0x0
  payload=[41771, 6646]
  [drain] drained 0 pkts
  [drain] drained 0 pkts
  [frag0] off=28726 size=4042 icmp_hdr=0 header_skip=10
  dict_gpa=0x117e38000  actual_landing=0x0  reg_start=0x0  byte_shift=10  (1 candidates, 1 at target)
  dump → t7_p0.out  (dict_gpa=0x117e38000)
  registered 256 offsets: ['0x0', '0x10', '0x20', '0x30']...
[19:00:32] 
[build 9/30] token_idx=8 ' breath,'  L=16B  phase=0/1  target_landing=0x0
  payload=[11486, 11]
  [drain] drained 0 pkts
  [drain] drained 0 pkts
  [frag0] off=12342 size=8256 icmp_hdr=0 header_skip=10
  dict_gpa=0x117e3c000  actual_landing=0x0  reg_start=0x0  byte_shift=10  (1 candidates, 1 at target)
  dump → t8_p0.out  (dict_gpa=0x117e3c000)
  registered 256 offsets: ['0x0', '0x10', '0x20', '0x30']...
[19:00:39] 
[build 10/30] token_idx=9 ' Respiratory'  L=16B  phase=0/1  target_landing=0x0
  payload=[76834, 5269]
  [drain] drained 0 pkts
  [drain] drained 0 pkts
  [frag0] off=24630 size=8138 icmp_hdr=0 header_skip=10
  dict_gpa=0x117e3f000  actual_landing=0x0  reg_start=0x0  byte_shift=10  (1 candidates, 1 at target)
  dump → t9_p0.out  (dict_gpa=0x117e3f000)
  registered 256 offsets: ['0x0', '0x10', '0x20', '0x30']...
[19:00:46] 
[build 11/30] token_idx=10 'ough and'  L=16B  phase=0/1  target_landing=0x0
  payload=[1384, 323]
  [drain] drained 0 pkts
  [drain] drained 0 pkts
  [frag0] off=8246 size=8256 icmp_hdr=0 header_skip=10
  dict_gpa=0x121743000  actual_landing=0x0  reg_start=0x0  byte_shift=10  (1 candidates, 1 at target)
  dump → t10_p0.out  (dict_gpa=0x121743000)
  registered 256 offsets: ['0x0', '0x10', '0x20', '0x30']...
[19:00:53] 
[build 12/30] token_idx=11 ', short'  L=16B  phase=0/1  target_landing=0x0
  payload=[11, 2805]
  [drain] drained 0 pkts
  [drain] drained 0 pkts
  [frag0] off=20534 size=8256 icmp_hdr=0 header_skip=10
  dict_gpa=0x121746000  actual_landing=0x0  reg_start=0x0  byte_shift=10  (1 candidates, 1 at target)
  dump → t11_p0.out  (dict_gpa=0x121746000)
  registered 256 offsets: ['0x0', '0x10', '0x20', '0x30']...
[19:01:00] 
[build 13/30] token_idx=12 ' cough.'  L=16B  phase=0/1  target_landing=0x0
  payload=[39600, 13]
  [drain] drained 0 pkts
  [drain] drained 0 pkts
  [frag0] off=54 size=8256 icmp_hdr=0 header_skip=10
  dict_gpa=0x11f041000  actual_landing=0x0  reg_start=0x0  byte_shift=10  (1 candidates, 1 at target)
  dump → t12_p0.out  (dict_gpa=0x11f041000)
  registered 256 offsets: ['0x0', '0x10', '0x20', '0x30']...
[19:01:07] 
[build 14/30] token_idx=13 ' pneumonia.'  L=16B  phase=0/1  target_landing=0x0
  payload=[68229, 13]
  [drain] drained 0 pkts
  [drain] drained 0 pkts
  [frag0] off=12342 size=8256 icmp_hdr=0 header_skip=10
  dict_gpa=0x11f044000  actual_landing=0x0  reg_start=0x0  byte_shift=10  (1 candidates, 1 at target)
  dump → t13_p0.out  (dict_gpa=0x11f044000)
  registered 256 offsets: ['0x0', '0x10', '0x20', '0x30']...
[19:01:14] 
[build 15/30] token_idx=14 ' cough,'  L=16B  phase=0/1  target_landing=0x0
  payload=[39600, 11]
  [drain] drained 0 pkts
  [drain] drained 0 pkts
  [frag0] off=28726 size=4042 icmp_hdr=0 header_skip=10
  dict_gpa=0x117a90000  actual_landing=0x0  reg_start=0x0  byte_shift=10  (1 candidates, 1 at target)
  dump → t14_p0.out  (dict_gpa=0x117a90000)
  registered 256 offsets: ['0x0', '0x10', '0x20', '0x30']...
[19:01:21] 
[build 16/30] token_idx=15 ' rib pain'  L=16B  phase=0/1  target_landing=0x0
  payload=[20131, 6646]
  [drain] drained 0 pkts
  [drain] drained 0 pkts
  [frag0] off=8246 size=8256 icmp_hdr=0 header_skip=10
  dict_gpa=0x117a93000  actual_landing=0x0  reg_start=0x0  byte_shift=10  (1 candidates, 1 at target)
  dump → t15_p0.out  (dict_gpa=0x117a93000)
  registered 256 offsets: ['0x0', '0x10', '0x20', '0x30']...
[19:01:28] 
[build 17/30] token_idx=16 ' COPD'  L=16B  phase=0/1  target_landing=0x0
  payload=[67572, 35]
  [drain] drained 0 pkts
  [drain] drained 0 pkts
  [frag0] off=20534 size=8256 icmp_hdr=0 header_skip=10
  dict_gpa=0x117a96000  actual_landing=0x0  reg_start=0x0  byte_shift=10  (1 candidates, 1 at target)
  dump → t16_p0.out  (dict_gpa=0x117a96000)
  registered 256 offsets: ['0x0', '0x10', '0x20', '0x30']...
[19:01:36] 
[build 18/30] token_idx=17 ' Follow-up'  L=16B  phase=0/1  target_landing=0x0
  payload=[11112, 5239]
  [drain] drained 0 pkts
  [pace] extra quiet after 20 sends...
  [pace] waiting 0.5s for guest mdelay hold (pace)
  [drain] drained 0 pkts
  [drain] drained 0 pkts
  [frag0] off=4150 size=8256 icmp_hdr=0 header_skip=10
  dict_gpa=0x117a8a000  actual_landing=0x0  reg_start=0x0  byte_shift=10  (1 candidates, 1 at target)
  dump → t17_p0.out  (dict_gpa=0x117a8a000)
  registered 256 offsets: ['0x0', '0x10', '0x20', '0x30']...
[19:01:46] 
[build 19/30] token_idx=18 ' Weakness'  L=16B  phase=0/1  target_landing=0x0
  payload=[41164, 2090]
  [drain] drained 0 pkts
  [drain] drained 0 pkts
  [frag0] off=20534 size=8256 icmp_hdr=0 header_skip=10
  dict_gpa=0x117a8e000  actual_landing=0x0  reg_start=0x0  byte_shift=10  (1 candidates, 1 at target)
  dump → t18_p0.out  (dict_gpa=0x117a8e000)
  registered 256 offsets: ['0x0', '0x10', '0x20', '0x30']...
[19:01:53] 
[build 20/30] token_idx=19 ' wheez'  L=16B  phase=0/1  target_landing=0x0
  payload=[14894, 10125]
  [drain] drained 0 pkts
  [drain] drained 0 pkts
  [frag0] off=54 size=8256 icmp_hdr=0 header_skip=10
  dict_gpa=0x117c39000  actual_landing=0x0  reg_start=0x0  byte_shift=10  (1 candidates, 1 at target)
  dump → t19_p0.out  (dict_gpa=0x117c39000)
  registered 256 offsets: ['0x0', '0x10', '0x20', '0x30']...
[19:02:00] 
[build 21/30] token_idx=20 ' PICC'  L=16B  phase=0/1  target_landing=0x0
  payload=[60606, 34]
  [drain] drained 0 pkts
  [drain] drained 0 pkts
  [frag0] off=12342 size=8256 icmp_hdr=0 header_skip=10
  dict_gpa=0x117c3c000  actual_landing=0x0  reg_start=0x0  byte_shift=10  (1 candidates, 1 at target)
  dump → t20_p0.out  (dict_gpa=0x117c3c000)
  registered 256 offsets: ['0x0', '0x10', '0x20', '0x30']...
[19:02:08] 
[build 22/30] token_idx=21 ' CABG'  L=16B  phase=0/1  target_landing=0x0
  payload=[80117, 38]
  [drain] drained 0 pkts
  [drain] drained 0 pkts
  [frag0] off=24630 size=8138 icmp_hdr=0 header_skip=10
  dict_gpa=0x117c3f000  actual_landing=0x0  reg_start=0x0  byte_shift=10  (1 candidates, 1 at target)
  dump → t21_p0.out  (dict_gpa=0x117c3f000)
  registered 256 offsets: ['0x0', '0x10', '0x20', '0x30']...
[19:02:15] 
[build 23/30] token_idx=22 ' COVID-'  L=16B  phase=0/1  target_landing=0x0
  payload=[19966, 12]
  [drain] drained 0 pkts
  [drain] drained 0 pkts
  [frag0] off=8246 size=8256 icmp_hdr=0 header_skip=10
  dict_gpa=0x11d2f3000  actual_landing=0x0  reg_start=0x0  byte_shift=10  (1 candidates, 1 at target)
  dump → t22_p0.out  (dict_gpa=0x11d2f3000)
  registered 256 offsets: ['0x0', '0x10', '0x20', '0x30']...
[19:02:22] 
[build 24/30] token_idx=23 ' fever.'  L=16B  phase=0/1  target_landing=0x0
  payload=[33553, 13]
  [drain] drained 0 pkts
  [drain] drained 0 pkts
  [frag0] off=20534 size=8256 icmp_hdr=0 header_skip=10
  dict_gpa=0x11d2f6000  actual_landing=0x0  reg_start=0x0  byte_shift=10  (1 candidates, 1 at target)
  dump → t23_p0.out  (dict_gpa=0x11d2f6000)
  registered 256 offsets: ['0x0', '0x10', '0x20', '0x30']...
[19:02:29] 
[build 25/30] token_idx=24 ' respiratory failure'  L=16B  phase=0/1  target_landing=0x0
  payload=[41531, 7901]
  [drain] drained 0 pkts
  [drain] drained 0 pkts
  [frag0] off=54 size=8256 icmp_hdr=0 header_skip=10
  dict_gpa=0x117ab1000  actual_landing=0x0  reg_start=0x0  byte_shift=10  (1 candidates, 1 at target)
  dump → t24_p0.out  (dict_gpa=0x117ab1000)
  registered 256 offsets: ['0x0', '0x10', '0x20', '0x30']...
[19:02:36] 
[build 26/30] token_idx=25 ' pneumoth'  L=16B  phase=0/1  target_landing=0x0
  payload=[56123, 8767]
  [drain] drained 0 pkts
  [drain] drained 0 pkts
  [frag0] off=16438 size=8256 icmp_hdr=0 header_skip=10
  dict_gpa=0x117ab5000  actual_landing=0x0  reg_start=0x0  byte_shift=10  (1 candidates, 1 at target)
  dump → t25_p0.out  (dict_gpa=0x117ab5000)
  registered 256 offsets: ['0x0', '0x10', '0x20', '0x30']...
[19:02:43] 
[build 27/30] token_idx=26 ' Fever.'  L=16B  phase=0/1  target_landing=0x0
  payload=[83901, 13]
  [drain] drained 0 pkts
  [drain] drained 0 pkts
  [frag0] off=54 size=8256 icmp_hdr=0 header_skip=10
  dict_gpa=0x11d2c1000  actual_landing=0x0  reg_start=0x0  byte_shift=10  (1 candidates, 1 at target)
  dump → t26_p0.out  (dict_gpa=0x11d2c1000)
  registered 256 offsets: ['0x0', '0x10', '0x20', '0x30']...
[19:02:50] 
[build 28/30] token_idx=27 ' Hypert'  L=16B  phase=0/1  target_landing=0x0
  payload=[38415, 529]
  [drain] drained 0 pkts
  [drain] drained 0 pkts
  [frag0] off=12342 size=8256 icmp_hdr=0 header_skip=10
  dict_gpa=0x11d2c4000  actual_landing=0x0  reg_start=0x0  byte_shift=10  (1 candidates, 1 at target)
  dump → t27_p0.out  (dict_gpa=0x11d2c4000)
  registered 256 offsets: ['0x0', '0x10', '0x20', '0x30']...
[19:02:57] 
[build 29/30] token_idx=28 ' catheter'  L=16B  phase=0/1  target_landing=0x0
  payload=[30647, 1404]
  [drain] drained 0 pkts
  [drain] drained 0 pkts
  [frag0] off=24630 size=8138 icmp_hdr=0 header_skip=10
  dict_gpa=0x11d2c7000  actual_landing=0x0  reg_start=0x0  byte_shift=10  (1 candidates, 1 at target)
  dump → t28_p0.out  (dict_gpa=0x11d2c7000)
  registered 256 offsets: ['0x0', '0x10', '0x20', '0x30']...
[19:03:05] 
[build 30/30] token_idx=29 ' Hypox'  L=16B  phase=0/1  target_landing=0x0
  payload=[38415, 5131]
  [drain] drained 0 pkts
  [drain] drained 0 pkts
  [frag0] off=4150 size=8256 icmp_hdr=0 header_skip=10
  dict_gpa=0x117e52000  actual_landing=0x0  reg_start=0x0  byte_shift=10  (1 candidates, 1 at target)
  dump → t29_p0.out  (dict_gpa=0x117e52000)
  registered 256 offsets: ['0x0', '0x10', '0x20', '0x30']...
[19:03:12] [build] Complete. 7680 (offset×token) entries in [path-redacted]
[19:03:12] [build] Draining guest ICMP receive buffer...
  [drain] drained 0 pkts
1.52user 0.74system 4:00.64elapsed 0%CPU (0avgtext+0avgdata 20420maxresident)k
0inputs+34168outputs (0major+105472minor)pagefaults 0swaps
[19:46:51] [mtu] host tap0 already 9000
[19:46:51] [mtu] guest enp0s4 already 9000
[19:46:51] [build] 30 labels  30 phases  ~30 sends (est.)
[19:46:51] [build] Cleared dict_pages_v4/ — QEMU dump only (no swap relocate)
[19:46:51] [mtu] host tap0 already 9000
[19:46:51] [mtu] guest enp0s4 already 9000
  [drain] drained 0 pkts
  [recover] ICMP frag probe OK
[19:46:58] 
[build 1/30] token_idx=0 ' of breath'  L=16B  phase=0/1  target_landing=0x0
  payload=[315, 11486]
  [drain] drained 0 pkts
  [drain] drained 0 pkts
  [frag0] off=8246 size=8256 icmp_hdr=0 header_skip=0
  [align-fix] actual_landing=0x6 (%8=6, off=8246, 1 candidates) → byte_shift=2, retrying
  [drain] drained 0 pkts
  [drain] drained 0 pkts
  [aim] actual_landing=0x8 want=0x0 (off=24630, 1 candidates) → byte_shift+=8 now 10, retrying
  [drain] drained 0 pkts
  [drain] drained 0 pkts
  dict_gpa=0x117c72000  actual_landing=0x0  reg_start=0x0  byte_shift=10  (1 candidates, 1 at target)
  dump → t0_p0.out  (dict_gpa=0x117c72000)
  registered 256 offsets: ['0x0', '0x10', '0x20', '0x30']...
[19:47:20] 
[build 2/30] token_idx=1 'ness of'  L=16B  phase=0/1  target_landing=0x0
  payload=[2090, 315]
  [drain] drained 0 pkts
  [drain] drained 0 pkts
  [frag0] off=16438 size=8256 icmp_hdr=0 header_skip=10
  dict_gpa=0x117c75000  actual_landing=0x0  reg_start=0x0  byte_shift=10  (1 candidates, 1 at target)
  dump → t1_p0.out  (dict_gpa=0x117c75000)
  registered 256 offsets: ['0x0', '0x10', '0x20', '0x30']...
[19:47:27] 
[build 3/30] token_idx=2 ' Shortness'  L=16B  phase=0/1  target_landing=0x0
  payload=[10698, 2090]
  [drain] drained 0 pkts
  [drain] drained 0 pkts
  [frag0] off=28726 size=4042 icmp_hdr=0 header_skip=10
  dict_gpa=0x117c68000  actual_landing=0x0  reg_start=0x0  byte_shift=10  (1 candidates, 1 at target)
  dump → t2_p0.out  (dict_gpa=0x117c68000)
  registered 256 offsets: ['0x0', '0x10', '0x20', '0x30']...
[19:47:34] 
[build 4/30] token_idx=3 ' Cough'  L=16B  phase=0/1  target_landing=0x0
  payload=[356, 1384]
  [drain] drained 0 pkts
  [drain] drained 0 pkts
  [frag0] off=8246 size=8256 icmp_hdr=0 header_skip=10
  dict_gpa=0x117c6b000  actual_landing=0x0  reg_start=0x0  byte_shift=10  (1 candidates, 1 at target)
  dump → t3_p0.out  (dict_gpa=0x117c6b000)
  registered 256 offsets: ['0x0', '0x10', '0x20', '0x30']...
[19:47:41] 
[build 5/30] token_idx=4 ' shortness'  L=16B  phase=0/1  target_landing=0x0
  payload=[2805, 2090]
  [drain] drained 0 pkts
  [drain] drained 0 pkts
  [frag0] off=20534 size=8256 icmp_hdr=0 header_skip=10
  dict_gpa=0x117c6e000  actual_landing=0x0  reg_start=0x0  byte_shift=10  (1 candidates, 1 at target)
  dump → t4_p0.out  (dict_gpa=0x117c6e000)
  registered 256 offsets: ['0x0', '0x10', '0x20', '0x30']...
[19:47:48] 
[build 6/30] token_idx=5 ' breath.'  L=16B  phase=0/1  target_landing=0x0
  payload=[11486, 13]
  [drain] drained 0 pkts
  [drain] drained 0 pkts
  [frag0] off=4150 size=8256 icmp_hdr=0 header_skip=10
  dict_gpa=0x11d2ca000  actual_landing=0x0  reg_start=0x0  byte_shift=10  (1 candidates, 1 at target)
  dump → t5_p0.out  (dict_gpa=0x11d2ca000)
  registered 256 offsets: ['0x0', '0x10', '0x20', '0x30']...
[19:47:55] 
[build 7/30] token_idx=6 ' chest pain'  L=16B  phase=0/1  target_landing=0x0
  payload=[15138, 6646]
  [drain] drained 0 pkts
  [drain] drained 0 pkts
  [frag0] off=16438 size=8256 icmp_hdr=0 header_skip=10
  dict_gpa=0x11d2cd000  actual_landing=0x0  reg_start=0x0  byte_shift=10  (1 candidates, 1 at target)
  dump → t6_p0.out  (dict_gpa=0x11d2cd000)
  registered 256 offsets: ['0x0', '0x10', '0x20', '0x30']...
[19:48:03] 
[build 8/30] token_idx=7 ' Chest pain'  L=16B  phase=0/1  target_landing=0x0
  payload=[41771, 6646]
  [drain] drained 0 pkts
  [drain] drained 0 pkts
  [frag0] off=54 size=8256 icmp_hdr=0 header_skip=10
  dict_gpa=0x117a81000  actual_landing=0x0  reg_start=0x0  byte_shift=10  (1 candidates, 1 at target)
  dump → t7_p0.out  (dict_gpa=0x117a81000)
  registered 256 offsets: ['0x0', '0x10', '0x20', '0x30']...
[19:48:10] 
[build 9/30] token_idx=8 ' breath,'  L=16B  phase=0/1  target_landing=0x0
  payload=[11486, 11]
  [drain] drained 0 pkts
  [drain] drained 0 pkts
  [frag0] off=12342 size=8256 icmp_hdr=0 header_skip=10
  dict_gpa=0x117a84000  actual_landing=0x0  reg_start=0x0  byte_shift=10  (1 candidates, 1 at target)
  dump → t8_p0.out  (dict_gpa=0x117a84000)
  registered 256 offsets: ['0x0', '0x10', '0x20', '0x30']...
[19:48:17] 
[build 10/30] token_idx=9 ' Respiratory'  L=16B  phase=0/1  target_landing=0x0
  payload=[76834, 5269]
  [drain] drained 0 pkts
  [drain] drained 0 pkts
  [frag0] off=24630 size=8138 icmp_hdr=0 header_skip=10
  dict_gpa=0x117a87000  actual_landing=0x0  reg_start=0x0  byte_shift=10  (1 candidates, 1 at target)
  dump → t9_p0.out  (dict_gpa=0x117a87000)
  registered 256 offsets: ['0x0', '0x10', '0x20', '0x30']...
[19:48:24] 
[build 11/30] token_idx=10 'ough and'  L=16B  phase=0/1  target_landing=0x0
  payload=[1384, 323]
  [drain] drained 0 pkts
  [drain] drained 0 pkts
  [frag0] off=4150 size=8256 icmp_hdr=0 header_skip=10
  dict_gpa=0x1216c2000  actual_landing=0x0  reg_start=0x0  byte_shift=10  (1 candidates, 1 at target)
  dump → t10_p0.out  (dict_gpa=0x1216c2000)
  registered 256 offsets: ['0x0', '0x10', '0x20', '0x30']...
[19:48:31] 
[build 12/30] token_idx=11 ', short'  L=16B  phase=0/1  target_landing=0x0
  payload=[11, 2805]
  [drain] drained 0 pkts
  [drain] drained 0 pkts
  [frag0] off=16438 size=8256 icmp_hdr=0 header_skip=10
  dict_gpa=0x1216c5000  actual_landing=0x0  reg_start=0x0  byte_shift=10  (1 candidates, 1 at target)
  dump → t11_p0.out  (dict_gpa=0x1216c5000)
  registered 256 offsets: ['0x0', '0x10', '0x20', '0x30']...
[19:48:38] 
[build 13/30] token_idx=12 ' cough.'  L=16B  phase=0/1  target_landing=0x0
  payload=[39600, 13]
  [drain] drained 0 pkts
  [drain] drained 0 pkts
  [frag0] off=54 size=8256 icmp_hdr=0 header_skip=10
  dict_gpa=0x117ae1000  actual_landing=0x0  reg_start=0x0  byte_shift=10  (1 candidates, 1 at target)
  dump → t12_p0.out  (dict_gpa=0x117ae1000)
  registered 256 offsets: ['0x0', '0x10', '0x20', '0x30']...
[19:48:45] 
[build 14/30] token_idx=13 ' pneumonia.'  L=16B  phase=0/1  target_landing=0x0
  payload=[68229, 13]
  [drain] drained 0 pkts
  [drain] drained 0 pkts
  [frag0] off=12342 size=8256 icmp_hdr=0 header_skip=10
  dict_gpa=0x117ae4000  actual_landing=0x0  reg_start=0x0  byte_shift=10  (1 candidates, 1 at target)
  dump → t13_p0.out  (dict_gpa=0x117ae4000)
  registered 256 offsets: ['0x0', '0x10', '0x20', '0x30']...
[19:48:53] 
[build 15/30] token_idx=14 ' cough,'  L=16B  phase=0/1  target_landing=0x0
  payload=[39600, 11]
  [drain] drained 0 pkts
  [drain] drained 0 pkts
  [frag0] off=24630 size=8138 icmp_hdr=0 header_skip=10
  dict_gpa=0x117ae7000  actual_landing=0x0  reg_start=0x0  byte_shift=10  (1 candidates, 1 at target)
  dump → t14_p0.out  (dict_gpa=0x117ae7000)
  registered 256 offsets: ['0x0', '0x10', '0x20', '0x30']...
[19:49:00] 
[build 16/30] token_idx=15 ' rib pain'  L=16B  phase=0/1  target_landing=0x0
  payload=[20131, 6646]
  [drain] drained 0 pkts
  [drain] drained 0 pkts
  [frag0] off=8246 size=8256 icmp_hdr=0 header_skip=10
  dict_gpa=0x117e63000  actual_landing=0x0  reg_start=0x0  byte_shift=10  (1 candidates, 1 at target)
  dump → t15_p0.out  (dict_gpa=0x117e63000)
  registered 256 offsets: ['0x0', '0x10', '0x20', '0x30']...
[19:49:07] 
[build 17/30] token_idx=16 ' COPD'  L=16B  phase=0/1  target_landing=0x0
  payload=[67572, 35]
  [drain] drained 0 pkts
  [drain] drained 0 pkts
  [frag0] off=20534 size=8256 icmp_hdr=0 header_skip=10
  dict_gpa=0x117e66000  actual_landing=0x0  reg_start=0x0  byte_shift=10  (1 candidates, 1 at target)
  dump → t16_p0.out  (dict_gpa=0x117e66000)
  registered 256 offsets: ['0x0', '0x10', '0x20', '0x30']...
[19:49:14] 
[build 18/30] token_idx=17 ' Follow-up'  L=16B  phase=0/1  target_landing=0x0
  payload=[11112, 5239]
  [drain] drained 0 pkts
  [pace] extra quiet after 20 sends...
  [pace] waiting 0.4s for guest mdelay hold (pace)
  [drain] drained 0 pkts
  [drain] drained 0 pkts
  [frag0] off=54 size=8256 icmp_hdr=0 header_skip=10
  dict_gpa=0x117ab9000  actual_landing=0x0  reg_start=0x0  byte_shift=10  (1 candidates, 1 at target)
  dump → t17_p0.out  (dict_gpa=0x117ab9000)
  registered 256 offsets: ['0x0', '0x10', '0x20', '0x30']...
[19:49:25] 
[build 19/30] token_idx=18 ' Weakness'  L=16B  phase=0/1  target_landing=0x0
  payload=[41164, 2090]
  [drain] drained 0 pkts
  [drain] drained 0 pkts
  [frag0] off=12342 size=8256 icmp_hdr=0 header_skip=10
  dict_gpa=0x117abc000  actual_landing=0x0  reg_start=0x0  byte_shift=10  (1 candidates, 1 at target)
  dump → t18_p0.out  (dict_gpa=0x117abc000)
  registered 256 offsets: ['0x0', '0x10', '0x20', '0x30']...
[19:49:32] 
[build 20/30] token_idx=19 ' wheez'  L=16B  phase=0/1  target_landing=0x0
  payload=[14894, 10125]
  [drain] drained 0 pkts
  [drain] drained 0 pkts
  [frag0] off=28726 size=4042 icmp_hdr=0 header_skip=10
  dict_gpa=0x11d2d8000  actual_landing=0x0  reg_start=0x0  byte_shift=10  (1 candidates, 1 at target)
  dump → t19_p0.out  (dict_gpa=0x11d2d8000)
  registered 256 offsets: ['0x0', '0x10', '0x20', '0x30']...
[19:49:39] 
[build 21/30] token_idx=20 ' PICC'  L=16B  phase=0/1  target_landing=0x0
  payload=[60606, 34]
  [drain] drained 0 pkts
  [drain] drained 0 pkts
  [frag0] off=8246 size=8256 icmp_hdr=0 header_skip=10
  dict_gpa=0x11d2db000  actual_landing=0x0  reg_start=0x0  byte_shift=10  (1 candidates, 1 at target)
  dump → t20_p0.out  (dict_gpa=0x11d2db000)
  registered 256 offsets: ['0x0', '0x10', '0x20', '0x30']...
[19:49:46] 
[build 22/30] token_idx=21 ' CABG'  L=16B  phase=0/1  target_landing=0x0
  payload=[80117, 38]
  [drain] drained 0 pkts
  [drain] drained 0 pkts
  [frag0] off=20534 size=8256 icmp_hdr=0 header_skip=10
  dict_gpa=0x11d2de000  actual_landing=0x0  reg_start=0x0  byte_shift=10  (1 candidates, 1 at target)
  dump → t21_p0.out  (dict_gpa=0x11d2de000)
  registered 256 offsets: ['0x0', '0x10', '0x20', '0x30']...
[19:49:53] 
[build 23/30] token_idx=22 ' COVID-'  L=16B  phase=0/1  target_landing=0x0
  payload=[19966, 12]
  [drain] drained 0 pkts
  [drain] drained 0 pkts
  [frag0] off=4150 size=8256 icmp_hdr=0 header_skip=10
  dict_gpa=0x117e7a000  actual_landing=0x0  reg_start=0x0  byte_shift=10  (1 candidates, 1 at target)
  dump → t22_p0.out  (dict_gpa=0x117e7a000)
  registered 256 offsets: ['0x0', '0x10', '0x20', '0x30']...
[19:50:01] 
[build 24/30] token_idx=23 ' fever.'  L=16B  phase=0/1  target_landing=0x0
  payload=[33553, 13]
  [drain] drained 0 pkts
  [drain] drained 0 pkts
  [frag0] off=16438 size=8256 icmp_hdr=0 header_skip=10
  dict_gpa=0x117e7d000  actual_landing=0x0  reg_start=0x0  byte_shift=10  (1 candidates, 1 at target)
  dump → t23_p0.out  (dict_gpa=0x117e7d000)
  registered 256 offsets: ['0x0', '0x10', '0x20', '0x30']...
[19:50:08] 
[build 25/30] token_idx=24 ' respiratory failure'  L=16B  phase=0/1  target_landing=0x0
  payload=[41531, 7901]
  [drain] drained 0 pkts
  [drain] drained 0 pkts
  [frag0] off=28726 size=4042 icmp_hdr=0 header_skip=10
  dict_gpa=0x117aa8000  actual_landing=0x0  reg_start=0x0  byte_shift=10  (1 candidates, 1 at target)
  dump → t24_p0.out  (dict_gpa=0x117aa8000)
  registered 256 offsets: ['0x0', '0x10', '0x20', '0x30']...
[19:50:15] 
[build 26/30] token_idx=25 ' pneumoth'  L=16B  phase=0/1  target_landing=0x0
  payload=[56123, 8767]
  [drain] drained 0 pkts
  [drain] drained 0 pkts
  [frag0] off=12342 size=8256 icmp_hdr=0 header_skip=10
  dict_gpa=0x117aac000  actual_landing=0x0  reg_start=0x0  byte_shift=10  (1 candidates, 1 at target)
  dump → t25_p0.out  (dict_gpa=0x117aac000)
  registered 256 offsets: ['0x0', '0x10', '0x20', '0x30']...
[19:50:22] 
[build 27/30] token_idx=26 ' Fever.'  L=16B  phase=0/1  target_landing=0x0
  payload=[83901, 13]
  [drain] drained 0 pkts
  [drain] drained 0 pkts
  [frag0] off=24630 size=8138 icmp_hdr=0 header_skip=10
  dict_gpa=0x117aaf000  actual_landing=0x0  reg_start=0x0  byte_shift=10  (1 candidates, 1 at target)
  dump → t26_p0.out  (dict_gpa=0x117aaf000)
  registered 256 offsets: ['0x0', '0x10', '0x20', '0x30']...
[19:50:29] 
[build 28/30] token_idx=27 ' Hypert'  L=16B  phase=0/1  target_landing=0x0
  payload=[38415, 529]
  [drain] drained 0 pkts
  [drain] drained 0 pkts
  [frag0] off=4150 size=8256 icmp_hdr=0 header_skip=10
  dict_gpa=0x117c0a000  actual_landing=0x0  reg_start=0x0  byte_shift=10  (1 candidates, 1 at target)
  dump → t27_p0.out  (dict_gpa=0x117c0a000)
  registered 256 offsets: ['0x0', '0x10', '0x20', '0x30']...
[19:50:36] 
[build 29/30] token_idx=28 ' catheter'  L=16B  phase=0/1  target_landing=0x0
  payload=[30647, 1404]
  [drain] drained 0 pkts
  [drain] drained 0 pkts
  [frag0] off=16438 size=8256 icmp_hdr=0 header_skip=10
  dict_gpa=0x117c0d000  actual_landing=0x0  reg_start=0x0  byte_shift=10  (1 candidates, 1 at target)
  dump → t28_p0.out  (dict_gpa=0x117c0d000)
  registered 256 offsets: ['0x0', '0x10', '0x20', '0x30']...
[19:50:44] 
[build 30/30] token_idx=29 ' Hypox'  L=16B  phase=0/1  target_landing=0x0
  payload=[38415, 5131]
  [drain] drained 0 pkts
  [drain] drained 0 pkts
  [frag0] off=54 size=8256 icmp_hdr=0 header_skip=10
  dict_gpa=0x117a99000  actual_landing=0x0  reg_start=0x0  byte_shift=10  (1 candidates, 1 at target)
  dump → t29_p0.out  (dict_gpa=0x117a99000)
  registered 256 offsets: ['0x0', '0x10', '0x20', '0x30']...
[19:50:51] [build] Complete. 7680 (offset×token) entries in [path-redacted]
[19:50:51] [build] Draining guest ICMP receive buffer...
  [drain] drained 0 pkts
1.73user 0.76system 4:02.46elapsed 1%CPU (0avgtext+0avgdata 20588maxresident)k
0inputs+33848outputs (0major+108163minor)pagefaults 0swaps
[20:27:42] [mtu] host tap0 already 9000
[20:27:42] [mtu] guest enp0s4 already 9000
[20:27:42] [build] 30 labels  30 phases  ~30 sends (est.)
[20:27:42] [build] Removed existing dict_cache_v4.json
[20:27:42] [build] Cleared dict_pages_v4/ — QEMU dump only (no swap relocate)
[20:27:42] [mtu] host tap0 already 9000
[20:27:42] [mtu] guest enp0s4 already 9000
  [drain] drained 0 pkts
  [recover] ICMP frag probe OK
[20:27:49] 
[build 1/30] token_idx=0 ' of breath'  L=16B  phase=0/1  target_landing=0x0
  payload=[315, 11486]
  [drain] drained 0 pkts
  [drain] drained 0 pkts
  [frag0] off=28726 size=4042 icmp_hdr=0 header_skip=0
  [align-fix] actual_landing=0x6 (%8=6, off=0, 1 candidates) → byte_shift=2, retrying
  [drain] drained 0 pkts
  [drain] drained 0 pkts
  [aim] actual_landing=0x8 want=0x0 (off=12342, 1 candidates) → byte_shift+=8 now 10, retrying
  [drain] drained 0 pkts
  [drain] drained 0 pkts
  dict_gpa=0x11d2d7000  actual_landing=0x0  reg_start=0x0  byte_shift=10  (1 candidates, 1 at target)
  dump → t0_p0.out  (dict_gpa=0x11d2d7000)
  registered 256 offsets: ['0x0', '0x10', '0x20', '0x30']...
[20:28:11] 
[build 2/30] token_idx=1 'ness of'  L=16B  phase=0/1  target_landing=0x0
  payload=[2090, 315]
  [drain] drained 0 pkts
  [drain] drained 0 pkts
  [frag0] off=4150 size=8256 icmp_hdr=0 header_skip=10
  dict_gpa=0x117c5a000  actual_landing=0x0  reg_start=0x0  byte_shift=10  (1 candidates, 1 at target)
  dump → t1_p0.out  (dict_gpa=0x117c5a000)
  registered 256 offsets: ['0x0', '0x10', '0x20', '0x30']...
[20:28:18] 
[build 3/30] token_idx=2 ' Shortness'  L=16B  phase=0/1  target_landing=0x0
  payload=[10698, 2090]
  [drain] drained 0 pkts
  [drain] drained 0 pkts
  [frag0] off=16438 size=8256 icmp_hdr=0 header_skip=10
  dict_gpa=0x117c5d000  actual_landing=0x0  reg_start=0x0  byte_shift=10  (1 candidates, 1 at target)
  dump → t2_p0.out  (dict_gpa=0x117c5d000)
  registered 256 offsets: ['0x0', '0x10', '0x20', '0x30']...
[20:28:25] 
[build 4/30] token_idx=3 ' Cough'  L=16B  phase=0/1  target_landing=0x0
  payload=[356, 1384]
  [drain] drained 0 pkts
  [drain] drained 0 pkts
  [frag0] off=28726 size=4042 icmp_hdr=0 header_skip=10
  dict_gpa=0x1180a0000  actual_landing=0x0  reg_start=0x0  byte_shift=10  (1 candidates, 1 at target)
  dump → t3_p0.out  (dict_gpa=0x1180a0000)
  registered 256 offsets: ['0x0', '0x10', '0x20', '0x30']...
[20:28:32] 
[build 5/30] token_idx=4 ' shortness'  L=16B  phase=0/1  target_landing=0x0
  payload=[2805, 2090]
  [drain] drained 0 pkts
  [drain] drained 0 pkts
  [frag0] off=8246 size=8256 icmp_hdr=0 header_skip=10
  dict_gpa=0x1180a3000  actual_landing=0x0  reg_start=0x0  byte_shift=10  (1 candidates, 1 at target)
  dump → t4_p0.out  (dict_gpa=0x1180a3000)
  registered 256 offsets: ['0x0', '0x10', '0x20', '0x30']...
[20:28:39] 
[build 6/30] token_idx=5 ' breath.'  L=16B  phase=0/1  target_landing=0x0
  payload=[11486, 13]
  [drain] drained 0 pkts
  [drain] drained 0 pkts
  [frag0] off=28726 size=4042 icmp_hdr=0 header_skip=10
  dict_gpa=0x117e40000  actual_landing=0x0  reg_start=0x0  byte_shift=10  (1 candidates, 1 at target)
  dump → t5_p0.out  (dict_gpa=0x117e40000)
  registered 256 offsets: ['0x0', '0x10', '0x20', '0x30']...
[20:28:46] 
[build 7/30] token_idx=6 ' chest pain'  L=16B  phase=0/1  target_landing=0x0
  payload=[15138, 6646]
  [drain] drained 0 pkts
  [drain] drained 0 pkts
  [frag0] off=8246 size=8256 icmp_hdr=0 header_skip=10
  dict_gpa=0x117e43000  actual_landing=0x0  reg_start=0x0  byte_shift=10  (1 candidates, 1 at target)
  dump → t6_p0.out  (dict_gpa=0x117e43000)
  registered 256 offsets: ['0x0', '0x10', '0x20', '0x30']...
[20:28:53] 
[build 8/30] token_idx=7 ' Chest pain'  L=16B  phase=0/1  target_landing=0x0
  payload=[41771, 6646]
  [drain] drained 0 pkts
  [drain] drained 0 pkts
  [frag0] off=20534 size=8256 icmp_hdr=0 header_skip=10
  dict_gpa=0x117e46000  actual_landing=0x0  reg_start=0x0  byte_shift=10  (1 candidates, 1 at target)
  dump → t7_p0.out  (dict_gpa=0x117e46000)
  registered 256 offsets: ['0x0', '0x10', '0x20', '0x30']...
[20:29:01] 
[build 9/30] token_idx=8 ' breath,'  L=16B  phase=0/1  target_landing=0x0
  payload=[11486, 11]
  [drain] drained 0 pkts
  [drain] drained 0 pkts
  [frag0] off=54 size=8256 icmp_hdr=0 header_skip=10
  dict_gpa=0x117ac9000  actual_landing=0x0  reg_start=0x0  byte_shift=10  (1 candidates, 1 at target)
  dump → t8_p0.out  (dict_gpa=0x117ac9000)
  registered 256 offsets: ['0x0', '0x10', '0x20', '0x30']...
[20:29:08] 
[build 10/30] token_idx=9 ' Respiratory'  L=16B  phase=0/1  target_landing=0x0
  payload=[76834, 5269]
  [drain] drained 0 pkts
  [drain] drained 0 pkts
  [frag0] off=12342 size=8256 icmp_hdr=0 header_skip=10
  dict_gpa=0x117acc000  actual_landing=0x0  reg_start=0x0  byte_shift=10  (1 candidates, 1 at target)
  dump → t9_p0.out  (dict_gpa=0x117acc000)
  registered 256 offsets: ['0x0', '0x10', '0x20', '0x30']...
[20:29:15] 
[build 11/30] token_idx=10 'ough and'  L=16B  phase=0/1  target_landing=0x0
  payload=[1384, 323]
  [drain] drained 0 pkts
  [drain] drained 0 pkts
  [frag0] off=24630 size=8138 icmp_hdr=0 header_skip=10
  dict_gpa=0x117acf000  actual_landing=0x0  reg_start=0x0  byte_shift=10  (1 candidates, 1 at target)
  dump → t10_p0.out  (dict_gpa=0x117acf000)
  registered 256 offsets: ['0x0', '0x10', '0x20', '0x30']...
[20:29:22] 
[build 12/30] token_idx=11 ', short'  L=16B  phase=0/1  target_landing=0x0
  payload=[11, 2805]
  [drain] drained 0 pkts
  [drain] drained 0 pkts
  [frag0] off=8246 size=8256 icmp_hdr=0 header_skip=10
  dict_gpa=0x1180ab000  actual_landing=0x0  reg_start=0x0  byte_shift=10  (1 candidates, 1 at target)
  dump → t11_p0.out  (dict_gpa=0x1180ab000)
  registered 256 offsets: ['0x0', '0x10', '0x20', '0x30']...
[20:29:29] 
[build 13/30] token_idx=12 ' cough.'  L=16B  phase=0/1  target_landing=0x0
  payload=[39600, 13]
  [drain] drained 0 pkts
  [drain] drained 0 pkts
  [frag0] off=24630 size=8138 icmp_hdr=0 header_skip=10
  dict_gpa=0x1180af000  actual_landing=0x0  reg_start=0x0  byte_shift=10  (1 candidates, 1 at target)
  dump → t12_p0.out  (dict_gpa=0x1180af000)
  registered 256 offsets: ['0x0', '0x10', '0x20', '0x30']...
[20:29:36] 
[build 14/30] token_idx=13 ' pneumonia.'  L=16B  phase=0/1  target_landing=0x0
  payload=[68229, 13]
  [drain] drained 0 pkts
  [drain] drained 0 pkts
  [frag0] off=4150 size=8256 icmp_hdr=0 header_skip=10
  dict_gpa=0x11d2ea000  actual_landing=0x0  reg_start=0x0  byte_shift=10  (1 candidates, 1 at target)
  dump → t13_p0.out  (dict_gpa=0x11d2ea000)
  registered 256 offsets: ['0x0', '0x10', '0x20', '0x30']...
[20:29:43] 
[build 15/30] token_idx=14 ' cough,'  L=16B  phase=0/1  target_landing=0x0
  payload=[39600, 11]
  [drain] drained 0 pkts
  [drain] drained 0 pkts
  [frag0] off=16438 size=8256 icmp_hdr=0 header_skip=10
  dict_gpa=0x11d2ed000  actual_landing=0x0  reg_start=0x0  byte_shift=10  (1 candidates, 1 at target)
  dump → t14_p0.out  (dict_gpa=0x11d2ed000)
  registered 256 offsets: ['0x0', '0x10', '0x20', '0x30']...
[20:29:51] 
[build 16/30] token_idx=15 ' rib pain'  L=16B  phase=0/1  target_landing=0x0
  payload=[20131, 6646]
  [drain] drained 0 pkts
  [drain] drained 0 pkts
  [frag0] off=28726 size=4042 icmp_hdr=0 header_skip=10
  dict_gpa=0x117a90000  actual_landing=0x0  reg_start=0x0  byte_shift=10  (1 candidates, 1 at target)
  dump → t15_p0.out  (dict_gpa=0x117a90000)
  registered 256 offsets: ['0x0', '0x10', '0x20', '0x30']...
[20:29:58] 
[build 17/30] token_idx=16 ' COPD'  L=16B  phase=0/1  target_landing=0x0
  payload=[67572, 35]
  [drain] drained 0 pkts
  [drain] drained 0 pkts
  [frag0] off=8246 size=8256 icmp_hdr=0 header_skip=10
  dict_gpa=0x117a93000  actual_landing=0x0  reg_start=0x0  byte_shift=10  (1 candidates, 1 at target)
  dump → t16_p0.out  (dict_gpa=0x117a93000)
  registered 256 offsets: ['0x0', '0x10', '0x20', '0x30']...
[20:30:05] 
[build 18/30] token_idx=17 ' Follow-up'  L=16B  phase=0/1  target_landing=0x0
  payload=[11112, 5239]
  [drain] drained 0 pkts
  [pace] extra quiet after 20 sends...
  [pace] waiting 0.5s for guest mdelay hold (pace)
  [drain] drained 0 pkts
  [drain] drained 0 pkts
  [frag0] off=24630 size=8138 icmp_hdr=0 header_skip=10
  dict_gpa=0x117a97000  actual_landing=0x0  reg_start=0x0  byte_shift=10  (1 candidates, 1 at target)
  dump → t17_p0.out  (dict_gpa=0x117a97000)
  registered 256 offsets: ['0x0', '0x10', '0x20', '0x30']...
[20:30:15] 
[build 19/30] token_idx=18 ' Weakness'  L=16B  phase=0/1  target_landing=0x0
  payload=[41164, 2090]
  [drain] drained 0 pkts
  [drain] drained 0 pkts
  [frag0] off=4150 size=8256 icmp_hdr=0 header_skip=10
  dict_gpa=0x11672a000  actual_landing=0x0  reg_start=0x0  byte_shift=10  (1 candidates, 1 at target)
  dump → t18_p0.out  (dict_gpa=0x11672a000)
  registered 256 offsets: ['0x0', '0x10', '0x20', '0x30']...
[20:30:23] 
[build 20/30] token_idx=19 ' wheez'  L=16B  phase=0/1  target_landing=0x0
  payload=[14894, 10125]
  [drain] drained 0 pkts
  [drain] drained 0 pkts
  [frag0] off=20534 size=8256 icmp_hdr=0 header_skip=10
  dict_gpa=0x11672e000  actual_landing=0x0  reg_start=0x0  byte_shift=10  (1 candidates, 1 at target)
  dump → t19_p0.out  (dict_gpa=0x11672e000)
  registered 256 offsets: ['0x0', '0x10', '0x20', '0x30']...
[20:30:30] 
[build 21/30] token_idx=20 ' PICC'  L=16B  phase=0/1  target_landing=0x0
  payload=[60606, 34]
  [drain] drained 0 pkts
  [drain] drained 0 pkts
  [frag0] off=54 size=8256 icmp_hdr=0 header_skip=10
  dict_gpa=0x117c11000  actual_landing=0x0  reg_start=0x0  byte_shift=10  (1 candidates, 1 at target)
  dump → t20_p0.out  (dict_gpa=0x117c11000)
  registered 256 offsets: ['0x0', '0x10', '0x20', '0x30']...
[20:30:37] 
[build 22/30] token_idx=21 ' CABG'  L=16B  phase=0/1  target_landing=0x0
  payload=[80117, 38]
  [drain] drained 0 pkts
  [drain] drained 0 pkts
  [frag0] off=12342 size=8256 icmp_hdr=0 header_skip=10
  dict_gpa=0x117c14000  actual_landing=0x0  reg_start=0x0  byte_shift=10  (1 candidates, 1 at target)
  dump → t21_p0.out  (dict_gpa=0x117c14000)
  registered 256 offsets: ['0x0', '0x10', '0x20', '0x30']...
[20:30:44] 
[build 23/30] token_idx=22 ' COVID-'  L=16B  phase=0/1  target_landing=0x0
  payload=[19966, 12]
  [drain] drained 0 pkts
  [drain] drained 0 pkts
  [frag0] off=28726 size=4042 icmp_hdr=0 header_skip=10
  dict_gpa=0x117e50000  actual_landing=0x0  reg_start=0x0  byte_shift=10  (1 candidates, 1 at target)
  dump → t22_p0.out  (dict_gpa=0x117e50000)
  registered 256 offsets: ['0x0', '0x10', '0x20', '0x30']...
[20:30:51] 
[build 24/30] token_idx=23 ' fever.'  L=16B  phase=0/1  target_landing=0x0
  payload=[33553, 13]
  [drain] drained 0 pkts
  [drain] drained 0 pkts
  [frag0] off=8246 size=8256 icmp_hdr=0 header_skip=10
  dict_gpa=0x117e53000  actual_landing=0x0  reg_start=0x0  byte_shift=10  (1 candidates, 1 at target)
  dump → t23_p0.out  (dict_gpa=0x117e53000)
  registered 256 offsets: ['0x0', '0x10', '0x20', '0x30']...
[20:30:58] 
[build 25/30] token_idx=24 ' respiratory failure'  L=16B  phase=0/1  target_landing=0x0
  payload=[41531, 7901]
  [drain] drained 0 pkts
  [drain] drained 0 pkts
  [frag0] off=20534 size=8256 icmp_hdr=0 header_skip=10
  dict_gpa=0x117e56000  actual_landing=0x0  reg_start=0x0  byte_shift=10  (1 candidates, 1 at target)
  dump → t24_p0.out  (dict_gpa=0x117e56000)
  registered 256 offsets: ['0x0', '0x10', '0x20', '0x30']...
[20:31:06] 
[build 26/30] token_idx=25 ' pneumoth'  L=16B  phase=0/1  target_landing=0x0
  payload=[56123, 8767]
  [drain] drained 0 pkts
  [drain] drained 0 pkts
  [frag0] off=54 size=8256 icmp_hdr=0 header_skip=10
  dict_gpa=0x117e39000  actual_landing=0x0  reg_start=0x0  byte_shift=10  (1 candidates, 1 at target)
  dump → t25_p0.out  (dict_gpa=0x117e39000)
  registered 256 offsets: ['0x0', '0x10', '0x20', '0x30']...
[20:31:13] 
[build 27/30] token_idx=26 ' Fever.'  L=16B  phase=0/1  target_landing=0x0
  payload=[83901, 13]
  [drain] drained 0 pkts
  [drain] drained 0 pkts
  [frag0] off=16438 size=8256 icmp_hdr=0 header_skip=10
  dict_gpa=0x117e3d000  actual_landing=0x0  reg_start=0x0  byte_shift=10  (1 candidates, 1 at target)
  dump → t26_p0.out  (dict_gpa=0x117e3d000)
  registered 256 offsets: ['0x0', '0x10', '0x20', '0x30']...
[20:31:20] 
[build 28/30] token_idx=27 ' Hypert'  L=16B  phase=0/1  target_landing=0x0
  payload=[38415, 529]
  [drain] drained 0 pkts
  [drain] drained 0 pkts
  [frag0] off=28726 size=4042 icmp_hdr=0 header_skip=10
  dict_gpa=0x11f040000  actual_landing=0x0  reg_start=0x0  byte_shift=10  (1 candidates, 1 at target)
  dump → t27_p0.out  (dict_gpa=0x11f040000)
  registered 256 offsets: ['0x0', '0x10', '0x20', '0x30']...
[20:31:27] 
[build 29/30] token_idx=28 ' catheter'  L=16B  phase=0/1  target_landing=0x0
  payload=[30647, 1404]
  [drain] drained 0 pkts
  [drain] drained 0 pkts
  [frag0] off=12342 size=8256 icmp_hdr=0 header_skip=10
  dict_gpa=0x11f044000  actual_landing=0x0  reg_start=0x0  byte_shift=10  (1 candidates, 1 at target)
  dump → t28_p0.out  (dict_gpa=0x11f044000)
  registered 256 offsets: ['0x0', '0x10', '0x20', '0x30']...
[20:31:34] 
[build 30/30] token_idx=29 ' Hypox'  L=16B  phase=0/1  target_landing=0x0
  payload=[38415, 5131]
  [drain] drained 0 pkts
  [drain] drained 0 pkts
  [frag0] off=24630 size=8138 icmp_hdr=0 header_skip=10
  dict_gpa=0x11f047000  actual_landing=0x0  reg_start=0x0  byte_shift=10  (1 candidates, 1 at target)
  dump → t29_p0.out  (dict_gpa=0x11f047000)
  registered 256 offsets: ['0x0', '0x10', '0x20', '0x30']...
[20:31:41] [build] Complete. 7680 (offset×token) entries in [path-redacted]
[20:31:41] [build] Draining guest ICMP receive buffer...
  [drain] drained 0 pkts
1.72user 0.72system 4:01.72elapsed 1%CPU (0avgtext+0avgdata 20624maxresident)k
0inputs+34136outputs (0major+108315minor)pagefaults 0swaps
[20:40:07] [mtu] host tap0 already 9000
[20:40:07] [mtu] guest enp0s4 already 9000
[20:40:07] [build] 30 labels  30 phases  ~30 sends (est.)
[20:40:07] [build] Removed existing dict_cache_v4.json
[20:40:07] [build] Cleared dict_pages_v4/ — QEMU dump only (no swap relocate)
[20:40:07] [mtu] host tap0 already 9000
[20:40:07] [mtu] guest enp0s4 already 9000
  [drain] drained 0 pkts
  [recover] ICMP frag probe OK
[20:40:15] 
[build 1/30] token_idx=0 ' of breath'  L=16B  phase=0/1  target_landing=0x0
  payload=[315, 11486]
  [drain] drained 0 pkts
  [drain] drained 0 pkts
  [frag0] off=24630 size=8138 icmp_hdr=0 header_skip=0
  [align-fix] actual_landing=0x6 (%8=6, off=24630, 1 candidates) → byte_shift=2, retrying
  [drain] drained 0 pkts
  [drain] drained 0 pkts
  [aim] actual_landing=0x8 want=0x0 (off=8246, 1 candidates) → byte_shift+=8 now 10, retrying
  [drain] drained 0 pkts
  [drain] drained 0 pkts
  dict_gpa=0x117e4e000  actual_landing=0x0  reg_start=0x0  byte_shift=10  (1 candidates, 1 at target)
  dump → t0_p0.out  (dict_gpa=0x117e4e000)
  registered 256 offsets: ['0x0', '0x10', '0x20', '0x30']...
[20:40:36] 
[build 2/30] token_idx=1 'ness of'  L=16B  phase=0/1  target_landing=0x0
  payload=[2090, 315]
  [drain] drained 0 pkts
  [drain] drained 0 pkts
  [frag0] off=54 size=8256 icmp_hdr=0 header_skip=10
  dict_gpa=0x117c31000  actual_landing=0x0  reg_start=0x0  byte_shift=10  (1 candidates, 1 at target)
  dump → t1_p0.out  (dict_gpa=0x117c31000)
  registered 256 offsets: ['0x0', '0x10', '0x20', '0x30']...
[20:40:43] 
[build 3/30] token_idx=2 ' Shortness'  L=16B  phase=0/1  target_landing=0x0
  payload=[10698, 2090]
  [drain] drained 0 pkts
  [drain] drained 0 pkts
  [frag0] off=16438 size=8256 icmp_hdr=0 header_skip=10
  dict_gpa=0x117c35000  actual_landing=0x0  reg_start=0x0  byte_shift=10  (1 candidates, 1 at target)
  dump → t2_p0.out  (dict_gpa=0x117c35000)
  registered 256 offsets: ['0x0', '0x10', '0x20', '0x30']...
[20:40:50] 
[build 4/30] token_idx=3 ' Cough'  L=16B  phase=0/1  target_landing=0x0
  payload=[356, 1384]
  [drain] drained 0 pkts
  [drain] drained 0 pkts
  [frag0] off=28726 size=4042 icmp_hdr=0 header_skip=10
  dict_gpa=0x117c78000  actual_landing=0x0  reg_start=0x0  byte_shift=10  (1 candidates, 1 at target)
  dump → t3_p0.out  (dict_gpa=0x117c78000)
  registered 256 offsets: ['0x0', '0x10', '0x20', '0x30']...
[20:40:57] 
[build 5/30] token_idx=4 ' shortness'  L=16B  phase=0/1  target_landing=0x0
  payload=[2805, 2090]
  [drain] drained 0 pkts
  [drain] drained 0 pkts
  [frag0] off=8246 size=8256 icmp_hdr=0 header_skip=10
  dict_gpa=0x117c7b000  actual_landing=0x0  reg_start=0x0  byte_shift=10  (1 candidates, 1 at target)
  dump → t4_p0.out  (dict_gpa=0x117c7b000)
  registered 256 offsets: ['0x0', '0x10', '0x20', '0x30']...
[20:41:04] 
[build 6/30] token_idx=5 ' breath.'  L=16B  phase=0/1  target_landing=0x0
  payload=[11486, 13]
  [drain] drained 0 pkts
  [drain] drained 0 pkts
  [frag0] off=20534 size=8256 icmp_hdr=0 header_skip=10
  dict_gpa=0x117c7e000  actual_landing=0x0  reg_start=0x0  byte_shift=10  (1 candidates, 1 at target)
  dump → t5_p0.out  (dict_gpa=0x117c7e000)
  registered 256 offsets: ['0x0', '0x10', '0x20', '0x30']...
[20:41:12] 
[build 7/30] token_idx=6 ' chest pain'  L=16B  phase=0/1  target_landing=0x0
  payload=[15138, 6646]
  [drain] drained 0 pkts
  [drain] drained 0 pkts
  [frag0] off=4150 size=8256 icmp_hdr=0 header_skip=10
  dict_gpa=0x3767b2000  actual_landing=0x0  reg_start=0x0  byte_shift=10  (1 candidates, 1 at target)
  dump → t6_p0.out  (dict_gpa=0x3767b2000)
  registered 256 offsets: ['0x0', '0x10', '0x20', '0x30']...
[20:41:19] 
[build 8/30] token_idx=7 ' Chest pain'  L=16B  phase=0/1  target_landing=0x0
  payload=[41771, 6646]
  [drain] drained 0 pkts
  [drain] drained 0 pkts
  [frag0] off=20534 size=8256 icmp_hdr=0 header_skip=10
  dict_gpa=0x3767b6000  actual_landing=0x0  reg_start=0x0  byte_shift=10  (1 candidates, 1 at target)
  dump → t7_p0.out  (dict_gpa=0x3767b6000)
  registered 256 offsets: ['0x0', '0x10', '0x20', '0x30']...
[20:41:26] 
[build 9/30] token_idx=8 ' breath,'  L=16B  phase=0/1  target_landing=0x0
  payload=[11486, 11]
  [drain] drained 0 pkts
  [drain] drained 0 pkts
  [frag0] off=54 size=8256 icmp_hdr=0 header_skip=10
  dict_gpa=0x10e1f9000  actual_landing=0x0  reg_start=0x0  byte_shift=10  (1 candidates, 1 at target)
  dump → t8_p0.out  (dict_gpa=0x10e1f9000)
  registered 256 offsets: ['0x0', '0x10', '0x20', '0x30']...
[20:41:33] 
[build 10/30] token_idx=9 ' Respiratory'  L=16B  phase=0/1  target_landing=0x0
  payload=[76834, 5269]
  [drain] drained 0 pkts
  [drain] drained 0 pkts
  [frag0] off=12342 size=8256 icmp_hdr=0 header_skip=10
  dict_gpa=0x10e1fc000  actual_landing=0x0  reg_start=0x0  byte_shift=10  (1 candidates, 1 at target)
  dump → t9_p0.out  (dict_gpa=0x10e1fc000)
  registered 256 offsets: ['0x0', '0x10', '0x20', '0x30']...
[20:41:40] 
[build 11/30] token_idx=10 'ough and'  L=16B  phase=0/1  target_landing=0x0
  payload=[1384, 323]
  [drain] drained 0 pkts
  [drain] drained 0 pkts
  [frag0] off=24630 size=8138 icmp_hdr=0 header_skip=10
  dict_gpa=0x10e1ff000  actual_landing=0x0  reg_start=0x0  byte_shift=10  (1 candidates, 1 at target)
  dump → t10_p0.out  (dict_gpa=0x10e1ff000)
  registered 256 offsets: ['0x0', '0x10', '0x20', '0x30']...
[20:41:47] 
[build 12/30] token_idx=11 ', short'  L=16B  phase=0/1  target_landing=0x0
  payload=[11, 2805]
  [drain] drained 0 pkts
  [drain] drained 0 pkts
  [frag0] off=4150 size=8256 icmp_hdr=0 header_skip=10
  dict_gpa=0x117ada000  actual_landing=0x0  reg_start=0x0  byte_shift=10  (1 candidates, 1 at target)
  dump → t11_p0.out  (dict_gpa=0x117ada000)
  registered 256 offsets: ['0x0', '0x10', '0x20', '0x30']...
[20:41:54] 
[build 13/30] token_idx=12 ' cough.'  L=16B  phase=0/1  target_landing=0x0
  payload=[39600, 13]
  [drain] drained 0 pkts
  [drain] drained 0 pkts
  [frag0] off=20534 size=8256 icmp_hdr=0 header_skip=10
  dict_gpa=0x117ade000  actual_landing=0x0  reg_start=0x0  byte_shift=10  (1 candidates, 1 at target)
  dump → t12_p0.out  (dict_gpa=0x117ade000)
  registered 256 offsets: ['0x0', '0x10', '0x20', '0x30']...
[20:42:02] 
[build 14/30] token_idx=13 ' pneumonia.'  L=16B  phase=0/1  target_landing=0x0
  payload=[68229, 13]
  [drain] drained 0 pkts
  [drain] drained 0 pkts
  [frag0] off=54 size=8256 icmp_hdr=0 header_skip=10
  dict_gpa=0x3dff61000  actual_landing=0x0  reg_start=0x0  byte_shift=10  (1 candidates, 1 at target)
  dump → t13_p0.out  (dict_gpa=0x3dff61000)
  registered 256 offsets: ['0x0', '0x10', '0x20', '0x30']...
[20:42:09] 
[build 15/30] token_idx=14 ' cough,'  L=16B  phase=0/1  target_landing=0x0
  payload=[39600, 11]
  [drain] drained 0 pkts
  [drain] drained 0 pkts
  [frag0] off=12342 size=8256 icmp_hdr=0 header_skip=10
  dict_gpa=0x3dff64000  actual_landing=0x0  reg_start=0x0  byte_shift=10  (1 candidates, 1 at target)
  dump → t14_p0.out  (dict_gpa=0x3dff64000)
  registered 256 offsets: ['0x0', '0x10', '0x20', '0x30']...
[20:42:16] 
[build 16/30] token_idx=15 ' rib pain'  L=16B  phase=0/1  target_landing=0x0
  payload=[20131, 6646]
  [drain] drained 0 pkts
  [drain] drained 0 pkts
  [frag0] off=24630 size=8138 icmp_hdr=0 header_skip=10
  dict_gpa=0x3dff67000  actual_landing=0x0  reg_start=0x0  byte_shift=10  (1 candidates, 1 at target)
  dump → t15_p0.out  (dict_gpa=0x3dff67000)
  registered 256 offsets: ['0x0', '0x10', '0x20', '0x30']...
[20:42:23] 
[build 17/30] token_idx=16 ' COPD'  L=16B  phase=0/1  target_landing=0x0
  payload=[67572, 35]
  [drain] drained 0 pkts
  [drain] drained 0 pkts
  [frag0] off=8246 size=8256 icmp_hdr=0 header_skip=10
  dict_gpa=0x10dd0b000  actual_landing=0x0  reg_start=0x0  byte_shift=10  (1 candidates, 1 at target)
  dump → t16_p0.out  (dict_gpa=0x10dd0b000)
  registered 256 offsets: ['0x0', '0x10', '0x20', '0x30']...
[20:42:30] 
[build 18/30] token_idx=17 ' Follow-up'  L=16B  phase=0/1  target_landing=0x0
  payload=[11112, 5239]
  [drain] drained 0 pkts
  [pace] extra quiet after 20 sends...
  [pace] waiting 0.5s for guest mdelay hold (pace)
  [drain] drained 0 pkts
  [drain] drained 0 pkts
  [frag0] off=20534 size=8256 icmp_hdr=0 header_skip=10
  dict_gpa=0x10dd0e000  actual_landing=0x0  reg_start=0x0  byte_shift=10  (1 candidates, 1 at target)
  dump → t17_p0.out  (dict_gpa=0x10dd0e000)
  registered 256 offsets: ['0x0', '0x10', '0x20', '0x30']...
[20:42:41] 
[build 19/30] token_idx=18 ' Weakness'  L=16B  phase=0/1  target_landing=0x0
  payload=[41164, 2090]
  [drain] drained 0 pkts
  [drain] drained 0 pkts
  [frag0] off=4150 size=8256 icmp_hdr=0 header_skip=10
  dict_gpa=0x108542000  actual_landing=0x0  reg_start=0x0  byte_shift=10  (1 candidates, 1 at target)
  dump → t18_p0.out  (dict_gpa=0x108542000)
  registered 256 offsets: ['0x0', '0x10', '0x20', '0x30']...
[20:42:48] 
[build 20/30] token_idx=19 ' wheez'  L=16B  phase=0/1  target_landing=0x0
  payload=[14894, 10125]
  [drain] drained 0 pkts
  [drain] drained 0 pkts
  [frag0] off=16438 size=8256 icmp_hdr=0 header_skip=10
  dict_gpa=0x108545000  actual_landing=0x0  reg_start=0x0  byte_shift=10  (1 candidates, 1 at target)
  dump → t19_p0.out  (dict_gpa=0x108545000)
  registered 256 offsets: ['0x0', '0x10', '0x20', '0x30']...
[20:42:55] 
[build 21/30] token_idx=20 ' PICC'  L=16B  phase=0/1  target_landing=0x0
  payload=[60606, 34]
  [drain] drained 0 pkts
  [drain] drained 0 pkts
  [frag0] off=28726 size=4042 icmp_hdr=0 header_skip=10
  dict_gpa=0x3dff40000  actual_landing=0x0  reg_start=0x0  byte_shift=10  (1 candidates, 1 at target)
  dump → t20_p0.out  (dict_gpa=0x3dff40000)
  registered 256 offsets: ['0x0', '0x10', '0x20', '0x30']...
[20:43:02] 
[build 22/30] token_idx=21 ' CABG'  L=16B  phase=0/1  target_landing=0x0
  payload=[80117, 38]
  [drain] drained 0 pkts
  [drain] drained 0 pkts
  [frag0] off=8246 size=8256 icmp_hdr=0 header_skip=10
  dict_gpa=0x3dff43000  actual_landing=0x0  reg_start=0x0  byte_shift=10  (1 candidates, 1 at target)
  dump → t21_p0.out  (dict_gpa=0x3dff43000)
  registered 256 offsets: ['0x0', '0x10', '0x20', '0x30']...
[20:43:09] 
[build 23/30] token_idx=22 ' COVID-'  L=16B  phase=0/1  target_landing=0x0
  payload=[19966, 12]
  [drain] drained 0 pkts
  [drain] drained 0 pkts
  [frag0] off=20534 size=8256 icmp_hdr=0 header_skip=10
  dict_gpa=0x3dff46000  actual_landing=0x0  reg_start=0x0  byte_shift=10  (1 candidates, 1 at target)
  dump → t22_p0.out  (dict_gpa=0x3dff46000)
  registered 256 offsets: ['0x0', '0x10', '0x20', '0x30']...
[20:43:17] 
[build 24/30] token_idx=23 ' fever.'  L=16B  phase=0/1  target_landing=0x0
  payload=[33553, 13]
  [drain] drained 0 pkts
  [drain] drained 0 pkts
  [frag0] off=54 size=8256 icmp_hdr=0 header_skip=10
  dict_gpa=0x3e7441000  actual_landing=0x0  reg_start=0x0  byte_shift=10  (1 candidates, 1 at target)
  dump → t23_p0.out  (dict_gpa=0x3e7441000)
  registered 256 offsets: ['0x0', '0x10', '0x20', '0x30']...
[20:43:24] 
[build 25/30] token_idx=24 ' respiratory failure'  L=16B  phase=0/1  target_landing=0x0
  payload=[41531, 7901]
  [drain] drained 0 pkts
  [drain] drained 0 pkts
  [frag0] off=20534 size=8256 icmp_hdr=0 header_skip=10
  dict_gpa=0x3e7446000  actual_landing=0x0  reg_start=0x0  byte_shift=10  (1 candidates, 1 at target)
  dump → t24_p0.out  (dict_gpa=0x3e7446000)
  registered 256 offsets: ['0x0', '0x10', '0x20', '0x30']...
[20:43:31] 
[build 26/30] token_idx=25 ' pneumoth'  L=16B  phase=0/1  target_landing=0x0
  payload=[56123, 8767]
  [drain] drained 0 pkts
  [drain] drained 0 pkts
  [frag0] off=54 size=8256 icmp_hdr=0 header_skip=10
  dict_gpa=0x111cc1000  actual_landing=0x0  reg_start=0x0  byte_shift=10  (1 candidates, 1 at target)
  dump → t25_p0.out  (dict_gpa=0x111cc1000)
  registered 256 offsets: ['0x0', '0x10', '0x20', '0x30']...
[20:43:38] 
[build 27/30] token_idx=26 ' Fever.'  L=16B  phase=0/1  target_landing=0x0
  payload=[83901, 13]
  [drain] drained 0 pkts
  [drain] drained 0 pkts
  [frag0] off=12342 size=8256 icmp_hdr=0 header_skip=10
  dict_gpa=0x111cc4000  actual_landing=0x0  reg_start=0x0  byte_shift=10  (1 candidates, 1 at target)
  dump → t26_p0.out  (dict_gpa=0x111cc4000)
  registered 256 offsets: ['0x0', '0x10', '0x20', '0x30']...
[20:43:45] 
[build 28/30] token_idx=27 ' Hypert'  L=16B  phase=0/1  target_landing=0x0
  payload=[38415, 529]
  [drain] drained 0 pkts
  [drain] drained 0 pkts
  [frag0] off=24630 size=8138 icmp_hdr=0 header_skip=10
  dict_gpa=0x111cc7000  actual_landing=0x0  reg_start=0x0  byte_shift=10  (1 candidates, 1 at target)
  dump → t27_p0.out  (dict_gpa=0x111cc7000)
  registered 256 offsets: ['0x0', '0x10', '0x20', '0x30']...
[20:43:52] 
[build 29/30] token_idx=28 ' catheter'  L=16B  phase=0/1  target_landing=0x0
  payload=[30647, 1404]
  [drain] drained 0 pkts
  [drain] drained 0 pkts
  [frag0] off=4150 size=8256 icmp_hdr=0 header_skip=10
  dict_gpa=0x117e62000  actual_landing=0x0  reg_start=0x0  byte_shift=10  (1 candidates, 1 at target)
  dump → t28_p0.out  (dict_gpa=0x117e62000)
  registered 256 offsets: ['0x0', '0x10', '0x20', '0x30']...
[20:43:59] 
[build 30/30] token_idx=29 ' Hypox'  L=16B  phase=0/1  target_landing=0x0
  payload=[38415, 5131]
  [drain] drained 0 pkts
  [drain] drained 0 pkts
  [frag0] off=16438 size=8256 icmp_hdr=0 header_skip=10
  dict_gpa=0x117e65000  actual_landing=0x0  reg_start=0x0  byte_shift=10  (1 candidates, 1 at target)
  dump → t29_p0.out  (dict_gpa=0x117e65000)
  registered 256 offsets: ['0x0', '0x10', '0x20', '0x30']...
[20:44:07] [build] Complete. 7680 (offset×token) entries in [path-redacted]
[20:44:07] [build] Draining guest ICMP receive buffer...
  [drain] drained 0 pkts
1.49user 0.63system 4:01.59elapsed 0%CPU (0avgtext+0avgdata 20552maxresident)k
0inputs+34232outputs (0major+105547minor)pagefaults 0swaps
[20:45:17] [mtu] host tap0 already 9000
[20:45:17] [mtu] guest enp0s4 already 9000
[20:45:17] [build] 30 labels  30 phases  ~30 sends (est.)
[20:45:17] [build] Removed existing dict_cache_v4.json
[20:45:17] [build] Cleared dict_pages_v4/ — QEMU dump only (no swap relocate)
[20:45:17] [mtu] host tap0 already 9000
[20:45:17] [mtu] guest enp0s4 already 9000
  [drain] drained 0 pkts
  [recover] ICMP frag probe OK
[20:45:24] 
[build 1/30] token_idx=0 ' of breath'  L=16B  phase=0/1  target_landing=0x0
  payload=[315, 11486]
  [drain] drained 0 pkts
  [drain] drained 0 pkts
  [frag0] off=16438 size=8256 icmp_hdr=0 header_skip=0
  [align-fix] actual_landing=0x6 (%8=6, off=16438, 1 candidates) → byte_shift=2, retrying
  [drain] drained 0 pkts
  [drain] drained 0 pkts
  [aim] actual_landing=0x8 want=0x0 (off=54, 1 candidates) → byte_shift+=8 now 10, retrying
  [drain] drained 0 pkts
  [drain] drained 0 pkts
  dict_gpa=0x117aa4000  actual_landing=0x0  reg_start=0x0  byte_shift=10  (1 candidates, 1 at target)
  dump → t0_p0.out  (dict_gpa=0x117aa4000)
  registered 256 offsets: ['0x0', '0x10', '0x20', '0x30']...
[20:45:46] 
[build 2/30] token_idx=1 'ness of'  L=16B  phase=0/1  target_landing=0x0
  payload=[2090, 315]
  [drain] drained 0 pkts
  [drain] drained 0 pkts
  [frag0] off=24630 size=8138 icmp_hdr=0 header_skip=10
  dict_gpa=0x117aa7000  actual_landing=0x0  reg_start=0x0  byte_shift=10  (1 candidates, 1 at target)
  dump → t1_p0.out  (dict_gpa=0x117aa7000)
  registered 256 offsets: ['0x0', '0x10', '0x20', '0x30']...
[20:45:53] 
[build 3/30] token_idx=2 ' Shortness'  L=16B  phase=0/1  target_landing=0x0
  payload=[10698, 2090]
  [drain] drained 0 pkts
  [drain] drained 0 pkts
  [frag0] off=4150 size=8256 icmp_hdr=0 header_skip=10
  dict_gpa=0x11d2ca000  actual_landing=0x0  reg_start=0x0  byte_shift=10  (1 candidates, 1 at target)
  dump → t2_p0.out  (dict_gpa=0x11d2ca000)
  registered 256 offsets: ['0x0', '0x10', '0x20', '0x30']...
[20:46:00] 
[build 4/30] token_idx=3 ' Cough'  L=16B  phase=0/1  target_landing=0x0
  payload=[356, 1384]
  [drain] drained 0 pkts
  [drain] drained 0 pkts
  [frag0] off=16438 size=8256 icmp_hdr=0 header_skip=10
  dict_gpa=0x11d2cd000  actual_landing=0x0  reg_start=0x0  byte_shift=10  (1 candidates, 1 at target)
  dump → t3_p0.out  (dict_gpa=0x11d2cd000)
  registered 256 offsets: ['0x0', '0x10', '0x20', '0x30']...
[20:46:07] 
[build 5/30] token_idx=4 ' shortness'  L=16B  phase=0/1  target_landing=0x0
  payload=[2805, 2090]
  [drain] drained 0 pkts
  [drain] drained 0 pkts
  [frag0] off=28726 size=4042 icmp_hdr=0 header_skip=10
  dict_gpa=0x11d2d8000  actual_landing=0x0  reg_start=0x0  byte_shift=10  (1 candidates, 1 at target)
  dump → t4_p0.out  (dict_gpa=0x11d2d8000)
  registered 256 offsets: ['0x0', '0x10', '0x20', '0x30']...
[20:46:14] 
[build 6/30] token_idx=5 ' breath.'  L=16B  phase=0/1  target_landing=0x0
  payload=[11486, 13]
  [drain] drained 0 pkts
  [drain] drained 0 pkts
  [frag0] off=12342 size=8256 icmp_hdr=0 header_skip=10
  dict_gpa=0x11d2dc000  actual_landing=0x0  reg_start=0x0  byte_shift=10  (1 candidates, 1 at target)
  dump → t5_p0.out  (dict_gpa=0x11d2dc000)
  registered 256 offsets: ['0x0', '0x10', '0x20', '0x30']...
[20:46:21] 
[build 7/30] token_idx=6 ' chest pain'  L=16B  phase=0/1  target_landing=0x0
  payload=[15138, 6646]
  [drain] drained 0 pkts
  [drain] drained 0 pkts
  [frag0] off=24630 size=8138 icmp_hdr=0 header_skip=10
  dict_gpa=0x11d2df000  actual_landing=0x0  reg_start=0x0  byte_shift=10  (1 candidates, 1 at target)
  dump → t6_p0.out  (dict_gpa=0x11d2df000)
  registered 256 offsets: ['0x0', '0x10', '0x20', '0x30']...
[20:46:28] 
[build 8/30] token_idx=7 ' Chest pain'  L=16B  phase=0/1  target_landing=0x0
  payload=[41771, 6646]
  [drain] drained 0 pkts
  [drain] drained 0 pkts
  [frag0] off=8246 size=8256 icmp_hdr=0 header_skip=10
  dict_gpa=0x1216c3000  actual_landing=0x0  reg_start=0x0  byte_shift=10  (1 candidates, 1 at target)
  dump → t7_p0.out  (dict_gpa=0x1216c3000)
  registered 256 offsets: ['0x0', '0x10', '0x20', '0x30']...
[20:46:36] 
[build 9/30] token_idx=8 ' breath,'  L=16B  phase=0/1  target_landing=0x0
  payload=[11486, 11]
  [drain] drained 0 pkts
  [drain] drained 0 pkts
  [frag0] off=20534 size=8256 icmp_hdr=0 header_skip=10
  dict_gpa=0x1216c6000  actual_landing=0x0  reg_start=0x0  byte_shift=10  (1 candidates, 1 at target)
  dump → t8_p0.out  (dict_gpa=0x1216c6000)
  registered 256 offsets: ['0x0', '0x10', '0x20', '0x30']...
[20:46:43] 
[build 10/30] token_idx=9 ' Respiratory'  L=16B  phase=0/1  target_landing=0x0
  payload=[76834, 5269]
  [drain] drained 0 pkts
  [drain] drained 0 pkts
  [frag0] off=54 size=8256 icmp_hdr=0 header_skip=10
  dict_gpa=0x117c09000  actual_landing=0x0  reg_start=0x0  byte_shift=10  (1 candidates, 1 at target)
  dump → t9_p0.out  (dict_gpa=0x117c09000)
  registered 256 offsets: ['0x0', '0x10', '0x20', '0x30']...
[20:46:50] 
[build 11/30] token_idx=10 'ough and'  L=16B  phase=0/1  target_landing=0x0
  payload=[1384, 323]
  [drain] drained 0 pkts
  [drain] drained 0 pkts
  [frag0] off=12342 size=8256 icmp_hdr=0 header_skip=10
  dict_gpa=0x117c0c000  actual_landing=0x0  reg_start=0x0  byte_shift=10  (1 candidates, 1 at target)
  dump → t10_p0.out  (dict_gpa=0x117c0c000)
  registered 256 offsets: ['0x0', '0x10', '0x20', '0x30']...
[20:46:57] 
[build 12/30] token_idx=11 ', short'  L=16B  phase=0/1  target_landing=0x0
  payload=[11, 2805]
  [drain] drained 0 pkts
  [drain] drained 0 pkts
  [frag0] off=28726 size=4042 icmp_hdr=0 header_skip=10
  dict_gpa=0x117600000  actual_landing=0x0  reg_start=0x0  byte_shift=10  (1 candidates, 1 at target)
  dump → t11_p0.out  (dict_gpa=0x117600000)
  registered 256 offsets: ['0x0', '0x10', '0x20', '0x30']...
[20:47:04] 
[build 13/30] token_idx=12 ' cough.'  L=16B  phase=0/1  target_landing=0x0
  payload=[39600, 13]
  [drain] drained 0 pkts
  [drain] drained 0 pkts
  [frag0] off=8246 size=8256 icmp_hdr=0 header_skip=10
  dict_gpa=0x117603000  actual_landing=0x0  reg_start=0x0  byte_shift=10  (1 candidates, 1 at target)
  dump → t12_p0.out  (dict_gpa=0x117603000)
  registered 256 offsets: ['0x0', '0x10', '0x20', '0x30']...
[20:47:11] 
[build 14/30] token_idx=13 ' pneumonia.'  L=16B  phase=0/1  target_landing=0x0
  payload=[68229, 13]
  [drain] drained 0 pkts
  [drain] drained 0 pkts
  [frag0] off=20534 size=8256 icmp_hdr=0 header_skip=10
  dict_gpa=0x117606000  actual_landing=0x0  reg_start=0x0  byte_shift=10  (1 candidates, 1 at target)
  dump → t13_p0.out  (dict_gpa=0x117606000)
  registered 256 offsets: ['0x0', '0x10', '0x20', '0x30']...
[20:47:18] 
[build 15/30] token_idx=14 ' cough,'  L=16B  phase=0/1  target_landing=0x0
  payload=[39600, 11]
  [drain] drained 0 pkts
  [drain] drained 0 pkts
  [frag0] off=54 size=8256 icmp_hdr=0 header_skip=10
  dict_gpa=0x117c41000  actual_landing=0x0  reg_start=0x0  byte_shift=10  (1 candidates, 1 at target)
  dump → t14_p0.out  (dict_gpa=0x117c41000)
  registered 256 offsets: ['0x0', '0x10', '0x20', '0x30']...
[20:47:25] 
[build 16/30] token_idx=15 ' rib pain'  L=16B  phase=0/1  target_landing=0x0
  payload=[20131, 6646]
  [drain] drained 0 pkts
  [drain] drained 0 pkts
  [frag0] off=20534 size=8256 icmp_hdr=0 header_skip=10
  dict_gpa=0x117c46000  actual_landing=0x0  reg_start=0x0  byte_shift=10  (1 candidates, 1 at target)
  dump → t15_p0.out  (dict_gpa=0x117c46000)
  registered 256 offsets: ['0x0', '0x10', '0x20', '0x30']...
[20:47:33] 
[build 17/30] token_idx=16 ' COPD'  L=16B  phase=0/1  target_landing=0x0
  payload=[67572, 35]
  [drain] drained 0 pkts
  [drain] drained 0 pkts
  [frag0] off=54 size=8256 icmp_hdr=0 header_skip=10
  dict_gpa=0x117619000  actual_landing=0x0  reg_start=0x0  byte_shift=10  (1 candidates, 1 at target)
  dump → t16_p0.out  (dict_gpa=0x117619000)
  registered 256 offsets: ['0x0', '0x10', '0x20', '0x30']...
[20:47:40] 
[build 18/30] token_idx=17 ' Follow-up'  L=16B  phase=0/1  target_landing=0x0
  payload=[11112, 5239]
  [drain] drained 0 pkts
  [pace] extra quiet after 20 sends...
  [pace] waiting 0.5s for guest mdelay hold (pace)
  [drain] drained 0 pkts
  [drain] drained 0 pkts
  [frag0] off=12342 size=8256 icmp_hdr=0 header_skip=10
  dict_gpa=0x11761c000  actual_landing=0x0  reg_start=0x0  byte_shift=10  (1 candidates, 1 at target)
  dump → t17_p0.out  (dict_gpa=0x11761c000)
  registered 256 offsets: ['0x0', '0x10', '0x20', '0x30']...
[20:47:50] 
[build 19/30] token_idx=18 ' Weakness'  L=16B  phase=0/1  target_landing=0x0
  payload=[41164, 2090]
  [drain] drained 0 pkts
  [drain] drained 0 pkts
  [frag0] off=24630 size=8138 icmp_hdr=0 header_skip=10
  dict_gpa=0x11761f000  actual_landing=0x0  reg_start=0x0  byte_shift=10  (1 candidates, 1 at target)
  dump → t18_p0.out  (dict_gpa=0x11761f000)
  registered 256 offsets: ['0x0', '0x10', '0x20', '0x30']...
[20:47:58] 
[build 20/30] token_idx=19 ' wheez'  L=16B  phase=0/1  target_landing=0x0
  payload=[14894, 10125]
  [drain] drained 0 pkts
  [drain] drained 0 pkts
  [frag0] off=8246 size=8256 icmp_hdr=0 header_skip=10
  dict_gpa=0x117ae3000  actual_landing=0x0  reg_start=0x0  byte_shift=10  (1 candidates, 1 at target)
  dump → t19_p0.out  (dict_gpa=0x117ae3000)
  registered 256 offsets: ['0x0', '0x10', '0x20', '0x30']...
[20:48:05] 
[build 21/30] token_idx=20 ' PICC'  L=16B  phase=0/1  target_landing=0x0
  payload=[60606, 34]
  [drain] drained 0 pkts
  [drain] drained 0 pkts
  [frag0] off=20534 size=8256 icmp_hdr=0 header_skip=10
  dict_gpa=0x117ae6000  actual_landing=0x0  reg_start=0x0  byte_shift=10  (1 candidates, 1 at target)
  dump → t20_p0.out  (dict_gpa=0x117ae6000)
  registered 256 offsets: ['0x0', '0x10', '0x20', '0x30']...
[20:48:12] 
[build 22/30] token_idx=21 ' CABG'  L=16B  phase=0/1  target_landing=0x0
  payload=[80117, 38]
  [drain] drained 0 pkts
  [drain] drained 0 pkts
  [frag0] off=54 size=8256 icmp_hdr=0 header_skip=10
  dict_gpa=0x117c71000  actual_landing=0x0  reg_start=0x0  byte_shift=10  (1 candidates, 1 at target)
  dump → t21_p0.out  (dict_gpa=0x117c71000)
  registered 256 offsets: ['0x0', '0x10', '0x20', '0x30']...
[20:48:19] 
[build 23/30] token_idx=22 ' COVID-'  L=16B  phase=0/1  target_landing=0x0
  payload=[19966, 12]
  [drain] drained 0 pkts
  [drain] drained 0 pkts
  [frag0] off=16438 size=8256 icmp_hdr=0 header_skip=10
  dict_gpa=0x117c75000  actual_landing=0x0  reg_start=0x0  byte_shift=10  (1 candidates, 1 at target)
  dump → t22_p0.out  (dict_gpa=0x117c75000)
  registered 256 offsets: ['0x0', '0x10', '0x20', '0x30']...
[20:48:26] 
[build 24/30] token_idx=23 ' fever.'  L=16B  phase=0/1  target_landing=0x0
  payload=[33553, 13]
  [drain] drained 0 pkts
  [drain] drained 0 pkts
  [frag0] off=28726 size=4042 icmp_hdr=0 header_skip=10
  dict_gpa=0x116728000  actual_landing=0x0  reg_start=0x0  byte_shift=10  (1 candidates, 1 at target)
  dump → t23_p0.out  (dict_gpa=0x116728000)
  registered 256 offsets: ['0x0', '0x10', '0x20', '0x30']...
[20:48:33] 
[build 25/30] token_idx=24 ' respiratory failure'  L=16B  phase=0/1  target_landing=0x0
  payload=[41531, 7901]
  [drain] drained 0 pkts
  [drain] drained 0 pkts
  [frag0] off=12342 size=8256 icmp_hdr=0 header_skip=10
  dict_gpa=0x11672c000  actual_landing=0x0  reg_start=0x0  byte_shift=10  (1 candidates, 1 at target)
  dump → t24_p0.out  (dict_gpa=0x11672c000)
  registered 256 offsets: ['0x0', '0x10', '0x20', '0x30']...
[20:48:41] 
[build 26/30] token_idx=25 ' pneumoth'  L=16B  phase=0/1  target_landing=0x0
  payload=[56123, 8767]
  [drain] drained 0 pkts
  [drain] drained 0 pkts
  [frag0] off=24630 size=8138 icmp_hdr=0 header_skip=10
  dict_gpa=0x11672f000  actual_landing=0x0  reg_start=0x0  byte_shift=10  (1 candidates, 1 at target)
  dump → t25_p0.out  (dict_gpa=0x11672f000)
  registered 256 offsets: ['0x0', '0x10', '0x20', '0x30']...
[20:48:48] 
[build 27/30] token_idx=26 ' Fever.'  L=16B  phase=0/1  target_landing=0x0
  payload=[83901, 13]
  [drain] drained 0 pkts
  [drain] drained 0 pkts
  [frag0] off=4150 size=8256 icmp_hdr=0 header_skip=10
  dict_gpa=0x1180a2000  actual_landing=0x0  reg_start=0x0  byte_shift=10  (1 candidates, 1 at target)
  dump → t26_p0.out  (dict_gpa=0x1180a2000)
  registered 256 offsets: ['0x0', '0x10', '0x20', '0x30']...
[20:48:55] 
[build 28/30] token_idx=27 ' Hypert'  L=16B  phase=0/1  target_landing=0x0
  payload=[38415, 529]
  [drain] drained 0 pkts
  [drain] drained 0 pkts
  [frag0] off=16438 size=8256 icmp_hdr=0 header_skip=10
  dict_gpa=0x1180a5000  actual_landing=0x0  reg_start=0x0  byte_shift=10  (1 candidates, 1 at target)
  dump → t27_p0.out  (dict_gpa=0x1180a5000)
  registered 256 offsets: ['0x0', '0x10', '0x20', '0x30']...
[20:49:02] 
[build 29/30] token_idx=28 ' catheter'  L=16B  phase=0/1  target_landing=0x0
  payload=[30647, 1404]
  [drain] drained 0 pkts
  [drain] drained 0 pkts
  [frag0] off=28726 size=4042 icmp_hdr=0 header_skip=10
  dict_gpa=0x117e40000  actual_landing=0x0  reg_start=0x0  byte_shift=10  (1 candidates, 1 at target)
  dump → t28_p0.out  (dict_gpa=0x117e40000)
  registered 256 offsets: ['0x0', '0x10', '0x20', '0x30']...
[20:49:09] 
[build 30/30] token_idx=29 ' Hypox'  L=16B  phase=0/1  target_landing=0x0
  payload=[38415, 5131]
  [drain] drained 0 pkts
  [drain] drained 0 pkts
  [frag0] off=16438 size=8256 icmp_hdr=0 header_skip=10
  dict_gpa=0x117e45000  actual_landing=0x0  reg_start=0x0  byte_shift=10  (1 candidates, 1 at target)
  dump → t29_p0.out  (dict_gpa=0x117e45000)
  registered 256 offsets: ['0x0', '0x10', '0x20', '0x30']...
[20:49:16] [build] Complete. 7680 (offset×token) entries in [path-redacted]
[20:49:16] [build] Draining guest ICMP receive buffer...
  [drain] drained 0 pkts
1.71user 0.52system 4:01.61elapsed 0%CPU (0avgtext+0avgdata 20632maxresident)k
0inputs+33816outputs (0major+105713minor)pagefaults 0swaps
[20:59:35] [mtu] host tap0 already 9000
[20:59:35] [mtu] guest enp0s4 already 9000
[20:59:35] [build] 30 labels  30 phases  ~30 sends (est.)
[20:59:35] [build] Removed existing dict_cache_v4.json
[20:59:35] [build] Cleared dict_pages_v4/ — QEMU dump only (no swap relocate)
[20:59:35] [mtu] host tap0 already 9000
[20:59:35] [mtu] guest enp0s4 already 9000
  [drain] drained 0 pkts
  [recover] ICMP frag probe OK
[20:59:42] 
[build 1/30] token_idx=0 ' of breath'  L=16B  phase=0/1  target_landing=0x0
  payload=[315, 11486]
  [drain] drained 0 pkts
  [drain] drained 0 pkts
  [frag0] off=12342 size=8256 icmp_hdr=0 header_skip=0
  [align-fix] actual_landing=0x6 (%8=6, off=12342, 1 candidates) → byte_shift=2, retrying
  [drain] drained 0 pkts
  [drain] drained 0 pkts
  [aim] actual_landing=0x8 want=0x0 (off=0, 1 candidates) → byte_shift+=8 now 10, retrying
  [drain] drained 0 pkts
  [drain] drained 0 pkts
  dict_gpa=0x117aab000  actual_landing=0x0  reg_start=0x0  byte_shift=10  (1 candidates, 1 at target)
  dump → t0_p0.out  (dict_gpa=0x117aab000)
  registered 256 offsets: ['0x0', '0x10', '0x20', '0x30']...
[21:00:04] 
[build 2/30] token_idx=1 'ness of'  L=16B  phase=0/1  target_landing=0x0
  payload=[2090, 315]
  [drain] drained 0 pkts
  [drain] drained 0 pkts
  [frag0] off=20534 size=8256 icmp_hdr=0 header_skip=10
  dict_gpa=0x117aae000  actual_landing=0x0  reg_start=0x0  byte_shift=10  (1 candidates, 1 at target)
  dump → t1_p0.out  (dict_gpa=0x117aae000)
  registered 256 offsets: ['0x0', '0x10', '0x20', '0x30']...
[21:00:11] 
[build 3/30] token_idx=2 ' Shortness'  L=16B  phase=0/1  target_landing=0x0
  payload=[10698, 2090]
  [drain] drained 0 pkts
  [drain] drained 0 pkts
  [frag0] off=54 size=8256 icmp_hdr=0 header_skip=10
  dict_gpa=0x11f041000  actual_landing=0x0  reg_start=0x0  byte_shift=10  (1 candidates, 1 at target)
  dump → t2_p0.out  (dict_gpa=0x11f041000)
  registered 256 offsets: ['0x0', '0x10', '0x20', '0x30']...
[21:00:18] 
[build 4/30] token_idx=3 ' Cough'  L=16B  phase=0/1  target_landing=0x0
  payload=[356, 1384]
  [drain] drained 0 pkts
  [drain] drained 0 pkts
  [frag0] off=16438 size=8256 icmp_hdr=0 header_skip=10
  dict_gpa=0x11f045000  actual_landing=0x0  reg_start=0x0  byte_shift=10  (1 candidates, 1 at target)
  dump → t3_p0.out  (dict_gpa=0x11f045000)
  registered 256 offsets: ['0x0', '0x10', '0x20', '0x30']...
[21:00:25] 
[build 5/30] token_idx=4 ' shortness'  L=16B  phase=0/1  target_landing=0x0
  payload=[2805, 2090]
  [drain] drained 0 pkts
  [drain] drained 0 pkts
  [frag0] off=28726 size=4042 icmp_hdr=0 header_skip=10
  dict_gpa=0x11d2e8000  actual_landing=0x0  reg_start=0x0  byte_shift=10  (1 candidates, 1 at target)
  dump → t4_p0.out  (dict_gpa=0x11d2e8000)
  registered 256 offsets: ['0x0', '0x10', '0x20', '0x30']...
[21:00:32] 
[build 6/30] token_idx=5 ' breath.'  L=16B  phase=0/1  target_landing=0x0
  payload=[11486, 13]
  [drain] drained 0 pkts
  [drain] drained 0 pkts
  [frag0] off=12342 size=8256 icmp_hdr=0 header_skip=10
  dict_gpa=0x11d2ec000  actual_landing=0x0  reg_start=0x0  byte_shift=10  (1 candidates, 1 at target)
  dump → t5_p0.out  (dict_gpa=0x11d2ec000)
  registered 256 offsets: ['0x0', '0x10', '0x20', '0x30']...
[21:00:39] 
[build 7/30] token_idx=6 ' chest pain'  L=16B  phase=0/1  target_landing=0x0
  payload=[15138, 6646]
  [drain] drained 0 pkts
  [drain] drained 0 pkts
  [frag0] off=24630 size=8138 icmp_hdr=0 header_skip=10
  dict_gpa=0x11d2ef000  actual_landing=0x0  reg_start=0x0  byte_shift=10  (1 candidates, 1 at target)
  dump → t6_p0.out  (dict_gpa=0x11d2ef000)
  registered 256 offsets: ['0x0', '0x10', '0x20', '0x30']...
[21:00:46] 
[build 8/30] token_idx=7 ' Chest pain'  L=16B  phase=0/1  target_landing=0x0
  payload=[41771, 6646]
  [drain] drained 0 pkts
  [drain] drained 0 pkts
  [frag0] off=4150 size=8256 icmp_hdr=0 header_skip=10
  dict_gpa=0x117e52000  actual_landing=0x0  reg_start=0x0  byte_shift=10  (1 candidates, 1 at target)
  dump → t7_p0.out  (dict_gpa=0x117e52000)
  registered 256 offsets: ['0x0', '0x10', '0x20', '0x30']...
[21:00:53] 
[build 9/30] token_idx=8 ' breath,'  L=16B  phase=0/1  target_landing=0x0
  payload=[11486, 11]
  [drain] drained 0 pkts
  [drain] drained 0 pkts
  [frag0] off=20534 size=8256 icmp_hdr=0 header_skip=10
  dict_gpa=0x117e56000  actual_landing=0x0  reg_start=0x0  byte_shift=10  (1 candidates, 1 at target)
  dump → t8_p0.out  (dict_gpa=0x117e56000)
  registered 256 offsets: ['0x0', '0x10', '0x20', '0x30']...
[21:01:01] 
[build 10/30] token_idx=9 ' Respiratory'  L=16B  phase=0/1  target_landing=0x0
  payload=[76834, 5269]
  [drain] drained 0 pkts
  [drain] drained 0 pkts
  [frag0] off=54 size=8256 icmp_hdr=0 header_skip=10
  dict_gpa=0x117ac9000  actual_landing=0x0  reg_start=0x0  byte_shift=10  (1 candidates, 1 at target)
  dump → t9_p0.out  (dict_gpa=0x117ac9000)
  registered 256 offsets: ['0x0', '0x10', '0x20', '0x30']...
[21:01:08] 
[build 11/30] token_idx=10 'ough and'  L=16B  phase=0/1  target_landing=0x0
  payload=[1384, 323]
  [drain] drained 0 pkts
  [drain] drained 0 pkts
  [frag0] off=12342 size=8256 icmp_hdr=0 header_skip=10
  dict_gpa=0x117acc000  actual_landing=0x0  reg_start=0x0  byte_shift=10  (1 candidates, 1 at target)
  dump → t10_p0.out  (dict_gpa=0x117acc000)
  registered 256 offsets: ['0x0', '0x10', '0x20', '0x30']...
[21:01:15] 
[build 12/30] token_idx=11 ', short'  L=16B  phase=0/1  target_landing=0x0
  payload=[11, 2805]
  [drain] drained 0 pkts
  [drain] drained 0 pkts
  [frag0] off=28726 size=4042 icmp_hdr=0 header_skip=10
  dict_gpa=0x121740000  actual_landing=0x0  reg_start=0x0  byte_shift=10  (1 candidates, 1 at target)
  dump → t11_p0.out  (dict_gpa=0x121740000)
  registered 256 offsets: ['0x0', '0x10', '0x20', '0x30']...
[21:01:22] 
[build 13/30] token_idx=12 ' cough.'  L=16B  phase=0/1  target_landing=0x0
  payload=[39600, 13]
  [drain] drained 0 pkts
  [drain] drained 0 pkts
  [frag0] off=8246 size=8256 icmp_hdr=0 header_skip=10
  dict_gpa=0x121743000  actual_landing=0x0  reg_start=0x0  byte_shift=10  (1 candidates, 1 at target)
  dump → t12_p0.out  (dict_gpa=0x121743000)
  registered 256 offsets: ['0x0', '0x10', '0x20', '0x30']...
[21:01:29] 
[build 14/30] token_idx=13 ' pneumonia.'  L=16B  phase=0/1  target_landing=0x0
  payload=[68229, 13]
  [drain] drained 0 pkts
  [drain] drained 0 pkts
  [frag0] off=24630 size=8138 icmp_hdr=0 header_skip=10
  dict_gpa=0x121747000  actual_landing=0x0  reg_start=0x0  byte_shift=10  (1 candidates, 1 at target)
  dump → t13_p0.out  (dict_gpa=0x121747000)
  registered 256 offsets: ['0x0', '0x10', '0x20', '0x30']...
[21:01:36] 
[build 15/30] token_idx=14 ' cough,'  L=16B  phase=0/1  target_landing=0x0
  payload=[39600, 11]
  [drain] drained 0 pkts
  [drain] drained 0 pkts
  [frag0] off=4150 size=8256 icmp_hdr=0 header_skip=10
  dict_gpa=0x11d2f2000  actual_landing=0x0  reg_start=0x0  byte_shift=10  (1 candidates, 1 at target)
  dump → t14_p0.out  (dict_gpa=0x11d2f2000)
  registered 256 offsets: ['0x0', '0x10', '0x20', '0x30']...
[21:01:43] 
[build 16/30] token_idx=15 ' rib pain'  L=16B  phase=0/1  target_landing=0x0
  payload=[20131, 6646]
  [drain] drained 0 pkts
  [drain] drained 0 pkts
  [frag0] off=16438 size=8256 icmp_hdr=0 header_skip=10
  dict_gpa=0x11d2f5000  actual_landing=0x0  reg_start=0x0  byte_shift=10  (1 candidates, 1 at target)
  dump → t15_p0.out  (dict_gpa=0x11d2f5000)
  registered 256 offsets: ['0x0', '0x10', '0x20', '0x30']...
[21:01:51] 
[build 17/30] token_idx=16 ' COPD'  L=16B  phase=0/1  target_landing=0x0
  payload=[67572, 35]
  [drain] drained 0 pkts
  [drain] drained 0 pkts
  [frag0] off=28726 size=4042 icmp_hdr=0 header_skip=10
  dict_gpa=0x1180a8000  actual_landing=0x0  reg_start=0x0  byte_shift=10  (1 candidates, 1 at target)
  dump → t16_p0.out  (dict_gpa=0x1180a8000)
  registered 256 offsets: ['0x0', '0x10', '0x20', '0x30']...
[21:01:58] 
[build 18/30] token_idx=17 ' Follow-up'  L=16B  phase=0/1  target_landing=0x0
  payload=[11112, 5239]
  [drain] drained 0 pkts
  [pace] extra quiet after 20 sends...
  [pace] waiting 0.4s for guest mdelay hold (pace)
  [drain] drained 0 pkts
  [drain] drained 0 pkts
  [frag0] off=12342 size=8256 icmp_hdr=0 header_skip=10
  dict_gpa=0x1180ac000  actual_landing=0x0  reg_start=0x0  byte_shift=10  (1 candidates, 1 at target)
  dump → t17_p0.out  (dict_gpa=0x1180ac000)
  registered 256 offsets: ['0x0', '0x10', '0x20', '0x30']...
[21:02:08] 
[build 19/30] token_idx=18 ' Weakness'  L=16B  phase=0/1  target_landing=0x0
  payload=[41164, 2090]
  [drain] drained 0 pkts
  [drain] drained 0 pkts
  [frag0] off=28726 size=4042 icmp_hdr=0 header_skip=10
  dict_gpa=0x3e78d8000  actual_landing=0x0  reg_start=0x0  byte_shift=10  (1 candidates, 1 at target)
  dump → t18_p0.out  (dict_gpa=0x3e78d8000)
  registered 256 offsets: ['0x0', '0x10', '0x20', '0x30']...
[21:02:16] 
[build 20/30] token_idx=19 ' wheez'  L=16B  phase=0/1  target_landing=0x0
  payload=[14894, 10125]
  [drain] drained 0 pkts
  [drain] drained 0 pkts
  [frag0] off=8246 size=8256 icmp_hdr=0 header_skip=10
  dict_gpa=0x3e78db000  actual_landing=0x0  reg_start=0x0  byte_shift=10  (1 candidates, 1 at target)
  dump → t19_p0.out  (dict_gpa=0x3e78db000)
  registered 256 offsets: ['0x0', '0x10', '0x20', '0x30']...
[21:02:23] 
[build 21/30] token_idx=20 ' PICC'  L=16B  phase=0/1  target_landing=0x0
  payload=[60606, 34]
  [drain] drained 0 pkts
  [drain] drained 0 pkts
  [frag0] off=20534 size=8256 icmp_hdr=0 header_skip=10
  dict_gpa=0x3e78de000  actual_landing=0x0  reg_start=0x0  byte_shift=10  (1 candidates, 1 at target)
  dump → t20_p0.out  (dict_gpa=0x3e78de000)
  registered 256 offsets: ['0x0', '0x10', '0x20', '0x30']...
[21:02:30] 
[build 22/30] token_idx=21 ' CABG'  L=16B  phase=0/1  target_landing=0x0
  payload=[80117, 38]
  [drain] drained 0 pkts
  [drain] drained 0 pkts
  [frag0] off=54 size=8256 icmp_hdr=0 header_skip=10
  dict_gpa=0x117ad9000  actual_landing=0x0  reg_start=0x0  byte_shift=10  (1 candidates, 1 at target)
  dump → t21_p0.out  (dict_gpa=0x117ad9000)
  registered 256 offsets: ['0x0', '0x10', '0x20', '0x30']...
[21:02:37] 
[build 23/30] token_idx=22 ' COVID-'  L=16B  phase=0/1  target_landing=0x0
  payload=[19966, 12]
  [drain] drained 0 pkts
  [drain] drained 0 pkts
  [frag0] off=16438 size=8256 icmp_hdr=0 header_skip=10
  dict_gpa=0x117add000  actual_landing=0x0  reg_start=0x0  byte_shift=10  (1 candidates, 1 at target)
  dump → t22_p0.out  (dict_gpa=0x117add000)
  registered 256 offsets: ['0x0', '0x10', '0x20', '0x30']...
[21:02:44] 
[build 24/30] token_idx=23 ' fever.'  L=16B  phase=0/1  target_landing=0x0
  payload=[33553, 13]
  [drain] drained 0 pkts
  [drain] drained 0 pkts
  [frag0] off=54 size=8256 icmp_hdr=0 header_skip=10
  dict_gpa=0x117e39000  actual_landing=0x0  reg_start=0x0  byte_shift=10  (1 candidates, 1 at target)
  dump → t23_p0.out  (dict_gpa=0x117e39000)
  registered 256 offsets: ['0x0', '0x10', '0x20', '0x30']...
[21:02:51] 
[build 25/30] token_idx=24 ' respiratory failure'  L=16B  phase=0/1  target_landing=0x0
  payload=[41531, 7901]
  [drain] drained 0 pkts
  [drain] drained 0 pkts
  [frag0] off=12342 size=8256 icmp_hdr=0 header_skip=10
  dict_gpa=0x117e3c000  actual_landing=0x0  reg_start=0x0  byte_shift=10  (1 candidates, 1 at target)
  dump → t24_p0.out  (dict_gpa=0x117e3c000)
  registered 256 offsets: ['0x0', '0x10', '0x20', '0x30']...
[21:02:58] 
[build 26/30] token_idx=25 ' pneumoth'  L=16B  phase=0/1  target_landing=0x0
  payload=[56123, 8767]
  [drain] drained 0 pkts
  [drain] drained 0 pkts
  [frag0] off=24630 size=8138 icmp_hdr=0 header_skip=10
  dict_gpa=0x117e3f000  actual_landing=0x0  reg_start=0x0  byte_shift=10  (1 candidates, 1 at target)
  dump → t25_p0.out  (dict_gpa=0x117e3f000)
  registered 256 offsets: ['0x0', '0x10', '0x20', '0x30']...
[21:03:06] 
[build 27/30] token_idx=26 ' Fever.'  L=16B  phase=0/1  target_landing=0x0
  payload=[83901, 13]
  [drain] drained 0 pkts
  [drain] drained 0 pkts
  [frag0] off=4150 size=8256 icmp_hdr=0 header_skip=10
  dict_gpa=0x10e1fa000  actual_landing=0x0  reg_start=0x0  byte_shift=10  (1 candidates, 1 at target)
  dump → t26_p0.out  (dict_gpa=0x10e1fa000)
  registered 256 offsets: ['0x0', '0x10', '0x20', '0x30']...
[21:03:13] 
[build 28/30] token_idx=27 ' Hypert'  L=16B  phase=0/1  target_landing=0x0
  payload=[38415, 529]
  [drain] drained 0 pkts
  [drain] drained 0 pkts
  [frag0] off=16438 size=8256 icmp_hdr=0 header_skip=10
  dict_gpa=0x10e1fd000  actual_landing=0x0  reg_start=0x0  byte_shift=10  (1 candidates, 1 at target)
  dump → t27_p0.out  (dict_gpa=0x10e1fd000)
  registered 256 offsets: ['0x0', '0x10', '0x20', '0x30']...
[21:03:20] 
[build 29/30] token_idx=28 ' catheter'  L=16B  phase=0/1  target_landing=0x0
  payload=[30647, 1404]
  [drain] drained 0 pkts
  [drain] drained 0 pkts
  [frag0] off=54 size=8256 icmp_hdr=0 header_skip=10
  dict_gpa=0x117a91000  actual_landing=0x0  reg_start=0x0  byte_shift=10  (1 candidates, 1 at target)
  dump → t28_p0.out  (dict_gpa=0x117a91000)
  registered 256 offsets: ['0x0', '0x10', '0x20', '0x30']...
[21:03:27] 
[build 30/30] token_idx=29 ' Hypox'  L=16B  phase=0/1  target_landing=0x0
  payload=[38415, 5131]
  [drain] drained 0 pkts
  [drain] drained 0 pkts
  [frag0] off=16438 size=8256 icmp_hdr=0 header_skip=10
  dict_gpa=0x117a95000  actual_landing=0x0  reg_start=0x0  byte_shift=10  (1 candidates, 1 at target)
  dump → t29_p0.out  (dict_gpa=0x117a95000)
  registered 256 offsets: ['0x0', '0x10', '0x20', '0x30']...
[21:03:34] [build] Complete. 7680 (offset×token) entries in [path-redacted]
[21:03:34] [build] Draining guest ICMP receive buffer...
  [drain] drained 0 pkts
1.66user 0.66system 4:01.62elapsed 0%CPU (0avgtext+0avgdata 20408maxresident)k
0inputs+34168outputs (0major+106078minor)pagefaults 0swaps
[21:07:14] [mtu] host tap0 already 9000
[21:07:14] [mtu] guest enp0s4 already 9000
[21:07:14] [build] 30 labels  30 phases  ~30 sends (est.)
[21:07:14] [build] Removed existing dict_cache_v4.json
[21:07:14] [build] Cleared dict_pages_v4/ — QEMU dump only (no swap relocate)
[21:07:14] [mtu] host tap0 already 9000
[21:07:14] [mtu] guest enp0s4 already 9000
  [drain] drained 0 pkts
  [recover] ICMP frag probe OK
[21:07:22] 
[build 1/30] token_idx=0 ' of breath'  L=16B  phase=0/1  target_landing=0x0
  payload=[315, 11486]
  [drain] drained 0 pkts
  [drain] drained 0 pkts
  [frag0] off=12342 size=8256 icmp_hdr=0 header_skip=0
  [align-fix] actual_landing=0x6 (%8=6, off=12342, 1 candidates) → byte_shift=2, retrying
  [drain] drained 0 pkts
  [drain] drained 0 pkts
  [aim] actual_landing=0x8 want=0x0 (off=0, 1 candidates) → byte_shift+=8 now 10, retrying
  [drain] drained 0 pkts
  [drain] drained 0 pkts
  dict_gpa=0x108543000  actual_landing=0x0  reg_start=0x0  byte_shift=10  (1 candidates, 1 at target)
  dump → t0_p0.out  (dict_gpa=0x108543000)
  registered 256 offsets: ['0x0', '0x10', '0x20', '0x30']...
[21:07:43] 
[build 2/30] token_idx=1 'ness of'  L=16B  phase=0/1  target_landing=0x0
  payload=[2090, 315]
  [drain] drained 0 pkts
  [drain] drained 0 pkts
  [frag0] off=24630 size=8138 icmp_hdr=0 header_skip=10
  dict_gpa=0x108547000  actual_landing=0x0  reg_start=0x0  byte_shift=10  (1 candidates, 1 at target)
  dump → t1_p0.out  (dict_gpa=0x108547000)
  registered 256 offsets: ['0x0', '0x10', '0x20', '0x30']...
[21:07:50] 
[build 3/30] token_idx=2 ' Shortness'  L=16B  phase=0/1  target_landing=0x0
  payload=[10698, 2090]
  [drain] drained 0 pkts
  [drain] drained 0 pkts
  [frag0] off=4150 size=8256 icmp_hdr=0 header_skip=10
  dict_gpa=0x3e7ff2000  actual_landing=0x0  reg_start=0x0  byte_shift=10  (1 candidates, 1 at target)
  dump → t2_p0.out  (dict_gpa=0x3e7ff2000)
  registered 256 offsets: ['0x0', '0x10', '0x20', '0x30']...
[21:07:57] 
[build 4/30] token_idx=3 ' Cough'  L=16B  phase=0/1  target_landing=0x0
  payload=[356, 1384]
  [drain] drained 0 pkts
  [drain] drained 0 pkts
  [frag0] off=16438 size=8256 icmp_hdr=0 header_skip=10
  dict_gpa=0x3e7ff5000  actual_landing=0x0  reg_start=0x0  byte_shift=10  (1 candidates, 1 at target)
  dump → t3_p0.out  (dict_gpa=0x3e7ff5000)
  registered 256 offsets: ['0x0', '0x10', '0x20', '0x30']...
[21:08:05] 
[build 5/30] token_idx=4 ' shortness'  L=16B  phase=0/1  target_landing=0x0
  payload=[2805, 2090]
  [drain] drained 0 pkts
  [drain] drained 0 pkts
  [frag0] off=54 size=8256 icmp_hdr=0 header_skip=10
  dict_gpa=0x117c79000  actual_landing=0x0  reg_start=0x0  byte_shift=10  (1 candidates, 1 at target)
  dump → t4_p0.out  (dict_gpa=0x117c79000)
  registered 256 offsets: ['0x0', '0x10', '0x20', '0x30']...
[21:08:12] 
[build 6/30] token_idx=5 ' breath.'  L=16B  phase=0/1  target_landing=0x0
  payload=[11486, 13]
  [drain] drained 0 pkts
  [drain] drained 0 pkts
  [frag0] off=12342 size=8256 icmp_hdr=0 header_skip=10
  dict_gpa=0x117c7c000  actual_landing=0x0  reg_start=0x0  byte_shift=10  (1 candidates, 1 at target)
  dump → t5_p0.out  (dict_gpa=0x117c7c000)
  registered 256 offsets: ['0x0', '0x10', '0x20', '0x30']...
[21:08:19] 
[build 7/30] token_idx=6 ' chest pain'  L=16B  phase=0/1  target_landing=0x0
  payload=[15138, 6646]
  [drain] drained 0 pkts
  [drain] drained 0 pkts
  [frag0] off=28726 size=4042 icmp_hdr=0 header_skip=10
  dict_gpa=0x111cc0000  actual_landing=0x0  reg_start=0x0  byte_shift=10  (1 candidates, 1 at target)
  dump → t6_p0.out  (dict_gpa=0x111cc0000)
  registered 256 offsets: ['0x0', '0x10', '0x20', '0x30']...
[21:08:26] 
[build 8/30] token_idx=7 ' Chest pain'  L=16B  phase=0/1  target_landing=0x0
  payload=[41771, 6646]
  [drain] drained 0 pkts
  [drain] drained 0 pkts
  [frag0] off=12342 size=8256 icmp_hdr=0 header_skip=10
  dict_gpa=0x111cc4000  actual_landing=0x0  reg_start=0x0  byte_shift=10  (1 candidates, 1 at target)
  dump → t7_p0.out  (dict_gpa=0x111cc4000)
  registered 256 offsets: ['0x0', '0x10', '0x20', '0x30']...
[21:08:33] 
[build 9/30] token_idx=8 ' breath,'  L=16B  phase=0/1  target_landing=0x0
  payload=[11486, 11]
  [drain] drained 0 pkts
  [drain] drained 0 pkts
  [frag0] off=24630 size=8138 icmp_hdr=0 header_skip=10
  dict_gpa=0x111cc7000  actual_landing=0x0  reg_start=0x0  byte_shift=10  (1 candidates, 1 at target)
  dump → t8_p0.out  (dict_gpa=0x111cc7000)
  registered 256 offsets: ['0x0', '0x10', '0x20', '0x30']...
[21:08:40] 
[build 10/30] token_idx=9 ' Respiratory'  L=16B  phase=0/1  target_landing=0x0
  payload=[76834, 5269]
  [drain] drained 0 pkts
  [drain] drained 0 pkts
  [frag0] off=4150 size=8256 icmp_hdr=0 header_skip=10
  dict_gpa=0x3767b2000  actual_landing=0x0  reg_start=0x0  byte_shift=10  (1 candidates, 1 at target)
  dump → t9_p0.out  (dict_gpa=0x3767b2000)
  registered 256 offsets: ['0x0', '0x10', '0x20', '0x30']...
[21:08:47] 
[build 11/30] token_idx=10 'ough and'  L=16B  phase=0/1  target_landing=0x0
  payload=[1384, 323]
  [drain] drained 0 pkts
  [drain] drained 0 pkts
  [frag0] off=20534 size=8256 icmp_hdr=0 header_skip=10
  dict_gpa=0x3767b6000  actual_landing=0x0  reg_start=0x0  byte_shift=10  (1 candidates, 1 at target)
  dump → t10_p0.out  (dict_gpa=0x3767b6000)
  registered 256 offsets: ['0x0', '0x10', '0x20', '0x30']...
[21:08:54] 
[build 12/30] token_idx=11 ', short'  L=16B  phase=0/1  target_landing=0x0
  payload=[11, 2805]
  [drain] drained 0 pkts
  [drain] drained 0 pkts
  [frag0] off=54 size=8256 icmp_hdr=0 header_skip=10
  dict_gpa=0x117c11000  actual_landing=0x0  reg_start=0x0  byte_shift=10  (1 candidates, 1 at target)
  dump → t11_p0.out  (dict_gpa=0x117c11000)
  registered 256 offsets: ['0x0', '0x10', '0x20', '0x30']...
[21:09:02] 
[build 13/30] token_idx=12 ' cough.'  L=16B  phase=0/1  target_landing=0x0
  payload=[39600, 13]
  [drain] drained 0 pkts
  [drain] drained 0 pkts
  [frag0] off=12342 size=8256 icmp_hdr=0 header_skip=10
  dict_gpa=0x117c14000  actual_landing=0x0  reg_start=0x0  byte_shift=10  (1 candidates, 1 at target)
  dump → t12_p0.out  (dict_gpa=0x117c14000)
  registered 256 offsets: ['0x0', '0x10', '0x20', '0x30']...
[21:09:09] 
[build 14/30] token_idx=13 ' pneumonia.'  L=16B  phase=0/1  target_landing=0x0
  payload=[68229, 13]
  [drain] drained 0 pkts
  [drain] drained 0 pkts
  [frag0] off=28726 size=4042 icmp_hdr=0 header_skip=10
  dict_gpa=0x3af948000  actual_landing=0x0  reg_start=0x0  byte_shift=10  (1 candidates, 1 at target)
  dump → t13_p0.out  (dict_gpa=0x3af948000)
  registered 256 offsets: ['0x0', '0x10', '0x20', '0x30']...
[21:09:16] 
[build 15/30] token_idx=14 ' cough,'  L=16B  phase=0/1  target_landing=0x0
  payload=[39600, 11]
  [drain] drained 0 pkts
  [drain] drained 0 pkts
  [frag0] off=12342 size=8256 icmp_hdr=0 header_skip=10
  dict_gpa=0x3af94c000  actual_landing=0x0  reg_start=0x0  byte_shift=10  (1 candidates, 1 at target)
  dump → t14_p0.out  (dict_gpa=0x3af94c000)
  registered 256 offsets: ['0x0', '0x10', '0x20', '0x30']...
[21:09:23] 
[build 16/30] token_idx=15 ' rib pain'  L=16B  phase=0/1  target_landing=0x0
  payload=[20131, 6646]
  [drain] drained 0 pkts
  [drain] drained 0 pkts
  [frag0] off=24630 size=8138 icmp_hdr=0 header_skip=10
  dict_gpa=0x3af94f000  actual_landing=0x0  reg_start=0x0  byte_shift=10  (1 candidates, 1 at target)
  dump → t15_p0.out  (dict_gpa=0x3af94f000)
  registered 256 offsets: ['0x0', '0x10', '0x20', '0x30']...
[21:09:30] 
[build 17/30] token_idx=16 ' COPD'  L=16B  phase=0/1  target_landing=0x0
  payload=[67572, 35]
  [drain] drained 0 pkts
  [drain] drained 0 pkts
  [frag0] off=8246 size=8256 icmp_hdr=0 header_skip=10
  dict_gpa=0x117c5b000  actual_landing=0x0  reg_start=0x0  byte_shift=10  (1 candidates, 1 at target)
  dump → t16_p0.out  (dict_gpa=0x117c5b000)
  registered 256 offsets: ['0x0', '0x10', '0x20', '0x30']...
[21:09:37] 
[build 18/30] token_idx=17 ' Follow-up'  L=16B  phase=0/1  target_landing=0x0
  payload=[11112, 5239]
  [drain] drained 0 pkts
  [pace] extra quiet after 20 sends...
  [pace] waiting 0.4s for guest mdelay hold (pace)
  [drain] drained 0 pkts
  [drain] drained 0 pkts
  [frag0] off=20534 size=8256 icmp_hdr=0 header_skip=10
  dict_gpa=0x117c5e000  actual_landing=0x0  reg_start=0x0  byte_shift=10  (1 candidates, 1 at target)
  dump → t17_p0.out  (dict_gpa=0x117c5e000)
  registered 256 offsets: ['0x0', '0x10', '0x20', '0x30']...
[21:09:48] 
[build 19/30] token_idx=18 ' Weakness'  L=16B  phase=0/1  target_landing=0x0
  payload=[41164, 2090]
  [drain] drained 0 pkts
  [drain] drained 0 pkts
  [frag0] off=54 size=8256 icmp_hdr=0 header_skip=10
  dict_gpa=0x3dff61000  actual_landing=0x0  reg_start=0x0  byte_shift=10  (1 candidates, 1 at target)
  dump → t18_p0.out  (dict_gpa=0x3dff61000)
  registered 256 offsets: ['0x0', '0x10', '0x20', '0x30']...
[21:09:55] 
[build 20/30] token_idx=19 ' wheez'  L=16B  phase=0/1  target_landing=0x0
  payload=[14894, 10125]
  [drain] drained 0 pkts
  [drain] drained 0 pkts
  [frag0] off=16438 size=8256 icmp_hdr=0 header_skip=10
  dict_gpa=0x3dff65000  actual_landing=0x0  reg_start=0x0  byte_shift=10  (1 candidates, 1 at target)
  dump → t19_p0.out  (dict_gpa=0x3dff65000)
  registered 256 offsets: ['0x0', '0x10', '0x20', '0x30']...
[21:10:02] 
[build 21/30] token_idx=20 ' PICC'  L=16B  phase=0/1  target_landing=0x0
  payload=[60606, 34]
  [drain] drained 0 pkts
  [drain] drained 0 pkts
  [frag0] off=28726 size=4042 icmp_hdr=0 header_skip=10
  dict_gpa=0x117c40000  actual_landing=0x0  reg_start=0x0  byte_shift=10  (1 candidates, 1 at target)
  dump → t20_p0.out  (dict_gpa=0x117c40000)
  registered 256 offsets: ['0x0', '0x10', '0x20', '0x30']...
[21:10:09] 
[build 22/30] token_idx=21 ' CABG'  L=16B  phase=0/1  target_landing=0x0
  payload=[80117, 38]
  [drain] drained 0 pkts
  [drain] drained 0 pkts
  [frag0] off=12342 size=8256 icmp_hdr=0 header_skip=10
  dict_gpa=0x117c44000  actual_landing=0x0  reg_start=0x0  byte_shift=10  (1 candidates, 1 at target)
  dump → t21_p0.out  (dict_gpa=0x117c44000)
  registered 256 offsets: ['0x0', '0x10', '0x20', '0x30']...
[21:10:17] 
[build 23/30] token_idx=22 ' COVID-'  L=16B  phase=0/1  target_landing=0x0
  payload=[19966, 12]
  [drain] drained 0 pkts
  [drain] drained 0 pkts
  [frag0] off=28726 size=4042 icmp_hdr=0 header_skip=10
  dict_gpa=0x117a80000  actual_landing=0x0  reg_start=0x0  byte_shift=10  (1 candidates, 1 at target)
  dump → t22_p0.out  (dict_gpa=0x117a80000)
  registered 256 offsets: ['0x0', '0x10', '0x20', '0x30']...
[21:10:24] 
[build 24/30] token_idx=23 ' fever.'  L=16B  phase=0/1  target_landing=0x0
  payload=[33553, 13]
  [drain] drained 0 pkts
  [drain] drained 0 pkts
  [frag0] off=8246 size=8256 icmp_hdr=0 header_skip=10
  dict_gpa=0x117a83000  actual_landing=0x0  reg_start=0x0  byte_shift=10  (1 candidates, 1 at target)
  dump → t23_p0.out  (dict_gpa=0x117a83000)
  registered 256 offsets: ['0x0', '0x10', '0x20', '0x30']...
[21:10:31] 
[build 25/30] token_idx=24 ' respiratory failure'  L=16B  phase=0/1  target_landing=0x0
  payload=[41531, 7901]
  [drain] drained 0 pkts
  [drain] drained 0 pkts
  [frag0] off=20534 size=8256 icmp_hdr=0 header_skip=10
  dict_gpa=0x117a86000  actual_landing=0x0  reg_start=0x0  byte_shift=10  (1 candidates, 1 at target)
  dump → t24_p0.out  (dict_gpa=0x117a86000)
  registered 256 offsets: ['0x0', '0x10', '0x20', '0x30']...
[21:10:38] 
[build 26/30] token_idx=25 ' pneumoth'  L=16B  phase=0/1  target_landing=0x0
  payload=[56123, 8767]
  [drain] drained 0 pkts
  [drain] drained 0 pkts
  [frag0] off=4150 size=8256 icmp_hdr=0 header_skip=10
  dict_gpa=0x11d2da000  actual_landing=0x0  reg_start=0x0  byte_shift=10  (1 candidates, 1 at target)
  dump → t25_p0.out  (dict_gpa=0x11d2da000)
  registered 256 offsets: ['0x0', '0x10', '0x20', '0x30']...
[21:10:45] 
[build 27/30] token_idx=26 ' Fever.'  L=16B  phase=0/1  target_landing=0x0
  payload=[83901, 13]
  [drain] drained 0 pkts
  [drain] drained 0 pkts
  [frag0] off=16438 size=8256 icmp_hdr=0 header_skip=10
  dict_gpa=0x11d2dd000  actual_landing=0x0  reg_start=0x0  byte_shift=10  (1 candidates, 1 at target)
  dump → t26_p0.out  (dict_gpa=0x11d2dd000)
  registered 256 offsets: ['0x0', '0x10', '0x20', '0x30']...
[21:10:52] 
[build 28/30] token_idx=27 ' Hypert'  L=16B  phase=0/1  target_landing=0x0
  payload=[38415, 529]
  [drain] drained 0 pkts
  [drain] drained 0 pkts
  [frag0] off=28726 size=4042 icmp_hdr=0 header_skip=10
  dict_gpa=0x117ae0000  actual_landing=0x0  reg_start=0x0  byte_shift=10  (1 candidates, 1 at target)
  dump → t27_p0.out  (dict_gpa=0x117ae0000)
  registered 256 offsets: ['0x0', '0x10', '0x20', '0x30']...
[21:10:59] 
[build 29/30] token_idx=28 ' catheter'  L=16B  phase=0/1  target_landing=0x0
  payload=[30647, 1404]
  [drain] drained 0 pkts
  [drain] drained 0 pkts
  [frag0] off=12342 size=8256 icmp_hdr=0 header_skip=10
  dict_gpa=0x117ae4000  actual_landing=0x0  reg_start=0x0  byte_shift=10  (1 candidates, 1 at target)
  dump → t28_p0.out  (dict_gpa=0x117ae4000)
  registered 256 offsets: ['0x0', '0x10', '0x20', '0x30']...
[21:11:07] 
[build 30/30] token_idx=29 ' Hypox'  L=16B  phase=0/1  target_landing=0x0
  payload=[38415, 5131]
  [drain] drained 0 pkts
  [drain] drained 0 pkts
  [frag0] off=28726 size=4042 icmp_hdr=0 header_skip=10
  dict_gpa=0x117600000  actual_landing=0x0  reg_start=0x0  byte_shift=10  (1 candidates, 1 at target)
  dump → t29_p0.out  (dict_gpa=0x117600000)
  registered 256 offsets: ['0x0', '0x10', '0x20', '0x30']...
[21:11:14] [build] Complete. 7680 (offset×token) entries in [path-redacted]
[21:11:14] [build] Draining guest ICMP receive buffer...
  [drain] drained 0 pkts
1.76user 0.77system 4:01.68elapsed 1%CPU (0avgtext+0avgdata 20576maxresident)k
0inputs+34072outputs (0major+107693minor)pagefaults 0swaps
[21:24:22] [mtu] host tap0 already 9000
[21:24:22] [mtu] guest enp0s4 already 9000
[21:24:22] [build] 30 labels  30 phases  ~30 sends (est.)
[21:24:22] [build] Removed existing dict_cache_v4.json
[21:24:22] [build] Cleared dict_pages_v4/ — QEMU dump only (no swap relocate)
[21:24:22] [mtu] host tap0 already 9000
[21:24:22] [mtu] guest enp0s4 already 9000
  [drain] drained 0 pkts
  [recover] ICMP frag probe OK
[21:24:29] 
[build 1/30] token_idx=0 ' of breath'  L=16B  phase=0/1  target_landing=0x0
  payload=[315, 11486]
  [drain] drained 0 pkts
  [drain] drained 0 pkts
  [frag0] off=24630 size=8138 icmp_hdr=0 header_skip=0
  [align-fix] actual_landing=0x6 (%8=6, off=24630, 1 candidates) → byte_shift=2, retrying
  [drain] drained 0 pkts
  [drain] drained 0 pkts
  [aim] actual_landing=0x8 want=0x0 (off=8246, 1 candidates) → byte_shift+=8 now 10, retrying
  [drain] drained 0 pkts
  [drain] drained 0 pkts
  dict_gpa=0x117e66000  actual_landing=0x0  reg_start=0x0  byte_shift=10  (1 candidates, 1 at target)
  dump → t0_p0.out  (dict_gpa=0x117e66000)
  registered 256 offsets: ['0x0', '0x10', '0x20', '0x30']...
[21:24:51] 
[build 2/30] token_idx=1 'ness of'  L=16B  phase=0/1  target_landing=0x0
  payload=[2090, 315]
  [drain] drained 0 pkts
  [drain] drained 0 pkts
  [frag0] off=54 size=8256 icmp_hdr=0 header_skip=10
  dict_gpa=0x1216c1000  actual_landing=0x0  reg_start=0x0  byte_shift=10  (1 candidates, 1 at target)
  dump → t1_p0.out  (dict_gpa=0x1216c1000)
  registered 256 offsets: ['0x0', '0x10', '0x20', '0x30']...
[21:24:58] 
[build 3/30] token_idx=2 ' Shortness'  L=16B  phase=0/1  target_landing=0x0
  payload=[10698, 2090]
  [drain] drained 0 pkts
  [drain] drained 0 pkts
  [frag0] off=12342 size=8256 icmp_hdr=0 header_skip=10
  dict_gpa=0x1216c4000  actual_landing=0x0  reg_start=0x0  byte_shift=10  (1 candidates, 1 at target)
  dump → t2_p0.out  (dict_gpa=0x1216c4000)
  registered 256 offsets: ['0x0', '0x10', '0x20', '0x30']...
[21:25:05] 
[build 4/30] token_idx=3 ' Cough'  L=16B  phase=0/1  target_landing=0x0
  payload=[356, 1384]
  [drain] drained 0 pkts
  [drain] drained 0 pkts
  [frag0] off=28726 size=4042 icmp_hdr=0 header_skip=10
  dict_gpa=0x117af0000  actual_landing=0x0  reg_start=0x0  byte_shift=10  (1 candidates, 1 at target)
  dump → t3_p0.out  (dict_gpa=0x117af0000)
  registered 256 offsets: ['0x0', '0x10', '0x20', '0x30']...
[21:25:12] 
[build 5/30] token_idx=4 ' shortness'  L=16B  phase=0/1  target_landing=0x0
  payload=[2805, 2090]
  [drain] drained 0 pkts
  [drain] drained 0 pkts
  [frag0] off=8246 size=8256 icmp_hdr=0 header_skip=10
  dict_gpa=0x117af3000  actual_landing=0x0  reg_start=0x0  byte_shift=10  (1 candidates, 1 at target)
  dump → t4_p0.out  (dict_gpa=0x117af3000)
  registered 256 offsets: ['0x0', '0x10', '0x20', '0x30']...
[21:25:19] 
[build 6/30] token_idx=5 ' breath.'  L=16B  phase=0/1  target_landing=0x0
  payload=[11486, 13]
  [drain] drained 0 pkts
  [drain] drained 0 pkts
  [frag0] off=20534 size=8256 icmp_hdr=0 header_skip=10
  dict_gpa=0x117af6000  actual_landing=0x0  reg_start=0x0  byte_shift=10  (1 candidates, 1 at target)
  dump → t5_p0.out  (dict_gpa=0x117af6000)
  registered 256 offsets: ['0x0', '0x10', '0x20', '0x30']...
[21:25:26] 
[build 7/30] token_idx=6 ' chest pain'  L=16B  phase=0/1  target_landing=0x0
  payload=[15138, 6646]
  [drain] drained 0 pkts
  [drain] drained 0 pkts
  [frag0] off=54 size=8256 icmp_hdr=0 header_skip=10
  dict_gpa=0x117c71000  actual_landing=0x0  reg_start=0x0  byte_shift=10  (1 candidates, 1 at target)
  dump → t6_p0.out  (dict_gpa=0x117c71000)
  registered 256 offsets: ['0x0', '0x10', '0x20', '0x30']...
[21:25:33] 
[build 8/30] token_idx=7 ' Chest pain'  L=16B  phase=0/1  target_landing=0x0
  payload=[41771, 6646]
  [drain] drained 0 pkts
  [drain] drained 0 pkts
  [frag0] off=16438 size=8256 icmp_hdr=0 header_skip=10
  dict_gpa=0x117c75000  actual_landing=0x0  reg_start=0x0  byte_shift=10  (1 candidates, 1 at target)
  dump → t7_p0.out  (dict_gpa=0x117c75000)
  registered 256 offsets: ['0x0', '0x10', '0x20', '0x30']...
[21:25:41] 
[build 9/30] token_idx=8 ' breath,'  L=16B  phase=0/1  target_landing=0x0
  payload=[11486, 11]
  [drain] drained 0 pkts
  [drain] drained 0 pkts
  [frag0] off=54 size=8256 icmp_hdr=0 header_skip=10
  dict_gpa=0x3e7889000  actual_landing=0x0  reg_start=0x0  byte_shift=10  (1 candidates, 1 at target)
  dump → t8_p0.out  (dict_gpa=0x3e7889000)
  registered 256 offsets: ['0x0', '0x10', '0x20', '0x30']...
[21:25:48] 
[build 10/30] token_idx=9 ' Respiratory'  L=16B  phase=0/1  target_landing=0x0
  payload=[76834, 5269]
  [drain] drained 0 pkts
  [drain] drained 0 pkts
  [frag0] off=12342 size=8256 icmp_hdr=0 header_skip=10
  dict_gpa=0x3e788c000  actual_landing=0x0  reg_start=0x0  byte_shift=10  (1 candidates, 1 at target)
  dump → t9_p0.out  (dict_gpa=0x3e788c000)
  registered 256 offsets: ['0x0', '0x10', '0x20', '0x30']...
[21:25:55] 
[build 11/30] token_idx=10 'ough and'  L=16B  phase=0/1  target_landing=0x0
  payload=[1384, 323]
  [drain] drained 0 pkts
  [drain] drained 0 pkts
  [frag0] off=24630 size=8138 icmp_hdr=0 header_skip=10
  dict_gpa=0x3e788f000  actual_landing=0x0  reg_start=0x0  byte_shift=10  (1 candidates, 1 at target)
  dump → t10_p0.out  (dict_gpa=0x3e788f000)
  registered 256 offsets: ['0x0', '0x10', '0x20', '0x30']...
[21:26:02] 
[build 12/30] token_idx=11 ', short'  L=16B  phase=0/1  target_landing=0x0
  payload=[11, 2805]
  [drain] drained 0 pkts
  [drain] drained 0 pkts
  [frag0] off=4150 size=8256 icmp_hdr=0 header_skip=10
  dict_gpa=0x117e42000  actual_landing=0x0  reg_start=0x0  byte_shift=10  (1 candidates, 1 at target)
  dump → t11_p0.out  (dict_gpa=0x117e42000)
  registered 256 offsets: ['0x0', '0x10', '0x20', '0x30']...
[21:26:09] 
[build 13/30] token_idx=12 ' cough.'  L=16B  phase=0/1  target_landing=0x0
  payload=[39600, 13]
  [drain] drained 0 pkts
  [drain] drained 0 pkts
  [frag0] off=16438 size=8256 icmp_hdr=0 header_skip=10
  dict_gpa=0x117e45000  actual_landing=0x0  reg_start=0x0  byte_shift=10  (1 candidates, 1 at target)
  dump → t12_p0.out  (dict_gpa=0x117e45000)
  registered 256 offsets: ['0x0', '0x10', '0x20', '0x30']...
[21:26:16] 
[build 14/30] token_idx=13 ' pneumonia.'  L=16B  phase=0/1  target_landing=0x0
  payload=[68229, 13]
  [drain] drained 0 pkts
  [drain] drained 0 pkts
  [frag0] off=54 size=8256 icmp_hdr=0 header_skip=10
  dict_gpa=0x11d2e9000  actual_landing=0x0  reg_start=0x0  byte_shift=10  (1 candidates, 1 at target)
  dump → t13_p0.out  (dict_gpa=0x11d2e9000)
  registered 256 offsets: ['0x0', '0x10', '0x20', '0x30']...
[21:26:23] 
[build 15/30] token_idx=14 ' cough,'  L=16B  phase=0/1  target_landing=0x0
  payload=[39600, 11]
  [drain] drained 0 pkts
  [drain] drained 0 pkts
  [frag0] off=12342 size=8256 icmp_hdr=0 header_skip=10
  dict_gpa=0x11d2ec000  actual_landing=0x0  reg_start=0x0  byte_shift=10  (1 candidates, 1 at target)
  dump → t14_p0.out  (dict_gpa=0x11d2ec000)
  registered 256 offsets: ['0x0', '0x10', '0x20', '0x30']...
[21:26:31] 
[build 16/30] token_idx=15 ' rib pain'  L=16B  phase=0/1  target_landing=0x0
  payload=[20131, 6646]
  [drain] drained 0 pkts
  [drain] drained 0 pkts
  [frag0] off=28726 size=4042 icmp_hdr=0 header_skip=10
  dict_gpa=0x11f040000  actual_landing=0x0  reg_start=0x0  byte_shift=10  (1 candidates, 1 at target)
  dump → t15_p0.out  (dict_gpa=0x11f040000)
  registered 256 offsets: ['0x0', '0x10', '0x20', '0x30']...
[21:26:38] 
[build 17/30] token_idx=16 ' COPD'  L=16B  phase=0/1  target_landing=0x0
  payload=[67572, 35]
  [drain] drained 0 pkts
  [drain] drained 0 pkts
  [frag0] off=8246 size=8256 icmp_hdr=0 header_skip=10
  dict_gpa=0x11f043000  actual_landing=0x0  reg_start=0x0  byte_shift=10  (1 candidates, 1 at target)
  dump → t16_p0.out  (dict_gpa=0x11f043000)
  registered 256 offsets: ['0x0', '0x10', '0x20', '0x30']...
[21:26:45] 
[build 18/30] token_idx=17 ' Follow-up'  L=16B  phase=0/1  target_landing=0x0
  payload=[11112, 5239]
  [drain] drained 0 pkts
  [pace] extra quiet after 20 sends...
  [pace] waiting 0.4s for guest mdelay hold (pace)
  [drain] drained 0 pkts
  [drain] drained 0 pkts
  [frag0] off=20534 size=8256 icmp_hdr=0 header_skip=10
  dict_gpa=0x11f046000  actual_landing=0x0  reg_start=0x0  byte_shift=10  (1 candidates, 1 at target)
  dump → t17_p0.out  (dict_gpa=0x11f046000)
  registered 256 offsets: ['0x0', '0x10', '0x20', '0x30']...
[21:26:56] 
[build 19/30] token_idx=18 ' Weakness'  L=16B  phase=0/1  target_landing=0x0
  payload=[41164, 2090]
  [drain] drained 0 pkts
  [drain] drained 0 pkts
  [frag0] off=4150 size=8256 icmp_hdr=0 header_skip=10
  dict_gpa=0x117aaa000  actual_landing=0x0  reg_start=0x0  byte_shift=10  (1 candidates, 1 at target)
  dump → t18_p0.out  (dict_gpa=0x117aaa000)
  registered 256 offsets: ['0x0', '0x10', '0x20', '0x30']...
[21:27:03] 
[build 20/30] token_idx=19 ' wheez'  L=16B  phase=0/1  target_landing=0x0
  payload=[14894, 10125]
  [drain] drained 0 pkts
  [drain] drained 0 pkts
  [frag0] off=16438 size=8256 icmp_hdr=0 header_skip=10
  dict_gpa=0x117aad000  actual_landing=0x0  reg_start=0x0  byte_shift=10  (1 candidates, 1 at target)
  dump → t19_p0.out  (dict_gpa=0x117aad000)
  registered 256 offsets: ['0x0', '0x10', '0x20', '0x30']...
[21:27:10] 
[build 21/30] token_idx=20 ' PICC'  L=16B  phase=0/1  target_landing=0x0
  payload=[60606, 34]
  [drain] drained 0 pkts
  [drain] drained 0 pkts
  [frag0] off=28726 size=4042 icmp_hdr=0 header_skip=10
  dict_gpa=0x1180a0000  actual_landing=0x0  reg_start=0x0  byte_shift=10  (1 candidates, 1 at target)
  dump → t20_p0.out  (dict_gpa=0x1180a0000)
  registered 256 offsets: ['0x0', '0x10', '0x20', '0x30']...
[21:27:17] 
[build 22/30] token_idx=21 ' CABG'  L=16B  phase=0/1  target_landing=0x0
  payload=[80117, 38]
  [drain] drained 0 pkts
  [drain] drained 0 pkts
  [frag0] off=8246 size=8256 icmp_hdr=0 header_skip=10
  dict_gpa=0x1180a3000  actual_landing=0x0  reg_start=0x0  byte_shift=10  (1 candidates, 1 at target)
  dump → t21_p0.out  (dict_gpa=0x1180a3000)
  registered 256 offsets: ['0x0', '0x10', '0x20', '0x30']...
[21:27:24] 
[build 23/30] token_idx=22 ' COVID-'  L=16B  phase=0/1  target_landing=0x0
  payload=[19966, 12]
  [drain] drained 0 pkts
  [drain] drained 0 pkts
  [frag0] off=24630 size=8138 icmp_hdr=0 header_skip=10
  dict_gpa=0x1180a7000  actual_landing=0x0  reg_start=0x0  byte_shift=10  (1 candidates, 1 at target)
  dump → t22_p0.out  (dict_gpa=0x1180a7000)
  registered 256 offsets: ['0x0', '0x10', '0x20', '0x30']...
[21:27:31] 
[build 24/30] token_idx=23 ' fever.'  L=16B  phase=0/1  target_landing=0x0
  payload=[33553, 13]
  [drain] drained 0 pkts
  [drain] drained 0 pkts
  [frag0] off=8246 size=8256 icmp_hdr=0 header_skip=10
  dict_gpa=0x11672b000  actual_landing=0x0  reg_start=0x0  byte_shift=10  (1 candidates, 1 at target)
  dump → t23_p0.out  (dict_gpa=0x11672b000)
  registered 256 offsets: ['0x0', '0x10', '0x20', '0x30']...
[21:27:38] 
[build 25/30] token_idx=24 ' respiratory failure'  L=16B  phase=0/1  target_landing=0x0
  payload=[41531, 7901]
  [drain] drained 0 pkts
  [drain] drained 0 pkts
  [frag0] off=20534 size=8256 icmp_hdr=0 header_skip=10
  dict_gpa=0x11672e000  actual_landing=0x0  reg_start=0x0  byte_shift=10  (1 candidates, 1 at target)
  dump → t24_p0.out  (dict_gpa=0x11672e000)
  registered 256 offsets: ['0x0', '0x10', '0x20', '0x30']...
[21:27:46] 
[build 26/30] token_idx=25 ' pneumoth'  L=16B  phase=0/1  target_landing=0x0
  payload=[56123, 8767]
  [drain] drained 0 pkts
  [drain] drained 0 pkts
  [frag0] off=54 size=8256 icmp_hdr=0 header_skip=10
  dict_gpa=0x11d2d1000  actual_landing=0x0  reg_start=0x0  byte_shift=10  (1 candidates, 1 at target)
  dump → t25_p0.out  (dict_gpa=0x11d2d1000)
  registered 256 offsets: ['0x0', '0x10', '0x20', '0x30']...
[21:27:53] 
[build 27/30] token_idx=26 ' Fever.'  L=16B  phase=0/1  target_landing=0x0
  payload=[83901, 13]
  [drain] drained 0 pkts
  [drain] drained 0 pkts
  [frag0] off=12342 size=8256 icmp_hdr=0 header_skip=10
  dict_gpa=0x11d2d4000  actual_landing=0x0  reg_start=0x0  byte_shift=10  (1 candidates, 1 at target)
  dump → t26_p0.out  (dict_gpa=0x11d2d4000)
  registered 256 offsets: ['0x0', '0x10', '0x20', '0x30']...
[21:28:00] 
[build 28/30] token_idx=27 ' Hypert'  L=16B  phase=0/1  target_landing=0x0
  payload=[38415, 529]
  [drain] drained 0 pkts
  [drain] drained 0 pkts
  [frag0] off=24630 size=8138 icmp_hdr=0 header_skip=10
  dict_gpa=0x11d2d7000  actual_landing=0x0  reg_start=0x0  byte_shift=10  (1 candidates, 1 at target)
  dump → t27_p0.out  (dict_gpa=0x11d2d7000)
  registered 256 offsets: ['0x0', '0x10', '0x20', '0x30']...
[21:28:07] 
[build 29/30] token_idx=28 ' catheter'  L=16B  phase=0/1  target_landing=0x0
  payload=[30647, 1404]
  [drain] drained 0 pkts
  [drain] drained 0 pkts
  [frag0] off=4150 size=8256 icmp_hdr=0 header_skip=10
  dict_gpa=0x117aca000  actual_landing=0x0  reg_start=0x0  byte_shift=10  (1 candidates, 1 at target)
  dump → t28_p0.out  (dict_gpa=0x117aca000)
  registered 256 offsets: ['0x0', '0x10', '0x20', '0x30']...
[21:28:14] 
[build 30/30] token_idx=29 ' Hypox'  L=16B  phase=0/1  target_landing=0x0
  payload=[38415, 5131]
  [drain] drained 0 pkts
  [drain] drained 0 pkts
  [frag0] off=16438 size=8256 icmp_hdr=0 header_skip=10
  dict_gpa=0x117acd000  actual_landing=0x0  reg_start=0x0  byte_shift=10  (1 candidates, 1 at target)
  dump → t29_p0.out  (dict_gpa=0x117acd000)
  registered 256 offsets: ['0x0', '0x10', '0x20', '0x30']...
[21:28:21] [build] Complete. 7680 (offset×token) entries in [path-redacted]
[21:28:21] [build] Draining guest ICMP receive buffer...
  [drain] drained 0 pkts
1.75user 0.62system 4:01.62elapsed 0%CPU (0avgtext+0avgdata 20568maxresident)k
0inputs+34024outputs (0major+107947minor)pagefaults 0swaps
